Influenza Hospitalization Rates (per 100,000 population) for the FluSurv-NET Network (transformed from CDC RESP-NET dataset kvib-3txy on 2026-05-18)
Source: https://data.cdc.gov/w/kvib-3txy; rows filtered to Surveillance Network == FluSurv-NET; Observed rows fill WEEKLY/CUMULATIVE RATE and Age-Adjusted rows fill age-adjusted columns.
CATCHMENT,NETWORK,YEAR,YEAR.1,WEEK,AGE CATEGORY,SEX CATEGORY,RACE CATEGORY,VIRUS TYPE CATEGORY,CUMULATIVE RATE,WEEKLY RATE,AGE ADJUSTED CUMULATIVE RATE,AGE ADJUSTED WEEKLY RATE
California,FluSurv-NET,2018-19,2018,40,Overall,Overall,Overall,Overall,0.0,0.2,,
Colorado,FluSurv-NET,2018-19,2018,40,Overall,Overall,Overall,Overall,0.0,0.0,,
Connecticut,FluSurv-NET,2018-19,2018,40,Overall,Overall,Overall,Overall,0.0,0.1,,
Entire Network,FluSurv-NET,2018-19,2018,40,0-4 yr,Overall,Overall,Overall,0.0,0.1,,
Entire Network,FluSurv-NET,2018-19,2018,40,0-<1 yr,Overall,Overall,Overall,0.0,0.3,,
Entire Network,FluSurv-NET,2018-19,2018,40,1-4 yr,Overall,Overall,Overall,0.0,0.1,,
Entire Network,FluSurv-NET,2018-19,2018,40,12-17 yr,Overall,Overall,Overall,0.0,0.0,,
Entire Network,FluSurv-NET,2018-19,2018,40,18-29 yr,Overall,Overall,Overall,0.0,0.0,,
Entire Network,FluSurv-NET,2018-19,2018,40,18-49 yr,Overall,Overall,Overall,0.0,0.1,,
Entire Network,FluSurv-NET,2018-19,2018,40,30-39 yr,Overall,Overall,Overall,0.0,0.0,,
Entire Network,FluSurv-NET,2018-19,2018,40,40-49 yr,Overall,Overall,Overall,0.0,0.1,,
Entire Network,FluSurv-NET,2018-19,2018,40,5-11 yr,Overall,Overall,Overall,0.0,0.0,,
Entire Network,FluSurv-NET,2018-19,2018,40,5-17 yr,Overall,Overall,Overall,0.0,0.0,,
Entire Network,FluSurv-NET,2018-19,2018,40,50-64 yr,Overall,Overall,Overall,0.0,0.1,,
Entire Network,FluSurv-NET,2018-19,2018,40,65-74 yr,Overall,Overall,Overall,0.0,0.2,,
Entire Network,FluSurv-NET,2018-19,2018,40,75-84 yr,Overall,Overall,Overall,0.0,0.3,,
Entire Network,FluSurv-NET,2018-19,2018,40,>= 65 yr,Overall,Overall,Overall,0.0,0.2,,
Entire Network,FluSurv-NET,2018-19,2018,40,>= 75,Overall,Overall,Overall,0.0,0.3,,
Entire Network,FluSurv-NET,2018-19,2018,40,>= 85,Overall,Overall,Overall,0.0,0.2,,
Entire Network,FluSurv-NET,2018-19,2018,40,Adults,Overall,Overall,Overall,0.0,0.1,,
Entire Network,FluSurv-NET,2018-19,2018,40,Overall,Female,Overall,Overall,0.0,0.1,,
Entire Network,FluSurv-NET,2018-19,2018,40,Overall,Male,Overall,Overall,0.0,0.1,,
Entire Network,FluSurv-NET,2018-19,2018,40,Overall,Overall,"American Indian/Alaska Native, NH",Overall,0.0,0.0,0.0,0.0
Entire Network,FluSurv-NET,2018-19,2018,40,Overall,Overall,"Asian/Pacific Islander, NH",Overall,0.0,0.2,0.22754272775767143,0.22754272775767143
Entire Network,FluSurv-NET,2018-19,2018,40,Overall,Overall,"Black, NH",Overall,0.0,0.2,0.20914662926659025,0.20914662926659025
Entire Network,FluSurv-NET,2018-19,2018,40,Overall,Overall,Hispanic,Overall,0.0,0.0,0.05937721387333089,0.05937721387333089
Entire Network,FluSurv-NET,2018-19,2018,40,Overall,Overall,Overall,Overall,0.0,0.1,,
Entire Network,FluSurv-NET,2018-19,2018,40,Overall,Overall,"White, NH",Overall,0.0,0.0,0.02743565997321374,0.02743565997321374
Entire Network,FluSurv-NET,2018-19,2018,40,Pediatrics,Overall,Overall,Overall,0.0,0.0,,
Georgia,FluSurv-NET,2018-19,2018,40,Overall,Overall,Overall,Overall,0.0,0.0,,
Maryland,FluSurv-NET,2018-19,2018,40,Overall,Overall,Overall,Overall,0.0,0.0,,
Michigan,FluSurv-NET,2018-19,2018,40,Overall,Overall,Overall,Overall,0.0,0.0,,
Minnesota,FluSurv-NET,2018-19,2018,40,Overall,Overall,Overall,Overall,0.0,0.1,,
New Mexico,FluSurv-NET,2018-19,2018,40,Overall,Overall,Overall,Overall,0.0,0.2,,
New York,FluSurv-NET,2018-19,2018,40,Overall,Overall,Overall,Overall,0.0,0.0,,
Ohio,FluSurv-NET,2018-19,2018,40,Overall,Overall,Overall,Overall,0.0,0.0,,
Oregon,FluSurv-NET,2018-19,2018,40,Overall,Overall,Overall,Overall,0.0,0.0,,
Tennessee,FluSurv-NET,2018-19,2018,40,Overall,Overall,Overall,Overall,0.0,0.2,,
Utah,FluSurv-NET,2018-19,2018,40,Overall,Overall,Overall,Overall,0.0,0.0,,
California,FluSurv-NET,2018-19,2018,41,Overall,Overall,Overall,Overall,0.0,0.2,,
Colorado,FluSurv-NET,2018-19,2018,41,Overall,Overall,Overall,Overall,0.0,0.1,,
Connecticut,FluSurv-NET,2018-19,2018,41,Overall,Overall,Overall,Overall,0.0,0.2,,
Entire Network,FluSurv-NET,2018-19,2018,41,0-4 yr,Overall,Overall,Overall,0.0,0.2,,
Entire Network,FluSurv-NET,2018-19,2018,41,0-<1 yr,Overall,Overall,Overall,1.0,0.3,,
Entire Network,FluSurv-NET,2018-19,2018,41,1-4 yr,Overall,Overall,Overall,0.0,0.1,,
Entire Network,FluSurv-NET,2018-19,2018,41,12-17 yr,Overall,Overall,Overall,0.0,0.0,,
Entire Network,FluSurv-NET,2018-19,2018,41,18-29 yr,Overall,Overall,Overall,0.0,0.1,,
Entire Network,FluSurv-NET,2018-19,2018,41,18-49 yr,Overall,Overall,Overall,0.0,0.1,,
Entire Network,FluSurv-NET,2018-19,2018,41,30-39 yr,Overall,Overall,Overall,0.0,0.0,,
Entire Network,FluSurv-NET,2018-19,2018,41,40-49 yr,Overall,Overall,Overall,0.0,0.1,,
Entire Network,FluSurv-NET,2018-19,2018,41,5-11 yr,Overall,Overall,Overall,0.0,0.0,,
Entire Network,FluSurv-NET,2018-19,2018,41,5-17 yr,Overall,Overall,Overall,0.0,0.0,,
Entire Network,FluSurv-NET,2018-19,2018,41,50-64 yr,Overall,Overall,Overall,0.0,0.1,,
Entire Network,FluSurv-NET,2018-19,2018,41,65-74 yr,Overall,Overall,Overall,0.0,0.2,,
Entire Network,FluSurv-NET,2018-19,2018,41,75-84 yr,Overall,Overall,Overall,1.0,0.3,,
Entire Network,FluSurv-NET,2018-19,2018,41,>= 65 yr,Overall,Overall,Overall,1.0,0.3,,
Entire Network,FluSurv-NET,2018-19,2018,41,>= 75,Overall,Overall,Overall,1.0,0.3,,
Entire Network,FluSurv-NET,2018-19,2018,41,>= 85,Overall,Overall,Overall,1.0,0.4,,
Entire Network,FluSurv-NET,2018-19,2018,41,Adults,Overall,Overall,Overall,0.0,0.1,,
Entire Network,FluSurv-NET,2018-19,2018,41,Overall,Female,Overall,Overall,0.0,0.1,,
Entire Network,FluSurv-NET,2018-19,2018,41,Overall,Male,Overall,Overall,0.0,0.1,,
Entire Network,FluSurv-NET,2018-19,2018,41,Overall,Overall,"American Indian/Alaska Native, NH",Overall,0.0,0.0,0.0,0.0
Entire Network,FluSurv-NET,2018-19,2018,41,Overall,Overall,"Asian/Pacific Islander, NH",Overall,0.0,0.0,0.2761895488423097,0.04864682108463826
Entire Network,FluSurv-NET,2018-19,2018,41,Overall,Overall,"Black, NH",Overall,0.0,0.1,0.2802913690781172,0.07114473981152691
Entire Network,FluSurv-NET,2018-19,2018,41,Overall,Overall,Hispanic,Overall,0.0,0.1,0.11578384306294713,0.05640662918961624
Entire Network,FluSurv-NET,2018-19,2018,41,Overall,Overall,Overall,Overall,0.0,0.1,,
Entire Network,FluSurv-NET,2018-19,2018,41,Overall,Overall,"White, NH",Overall,0.0,0.1,0.13909136663949923,0.11165570666628549
Entire Network,FluSurv-NET,2018-19,2018,41,Pediatrics,Overall,Overall,Overall,0.0,0.0,,
Georgia,FluSurv-NET,2018-19,2018,41,Overall,Overall,Overall,Overall,0.0,0.1,,
Maryland,FluSurv-NET,2018-19,2018,41,Overall,Overall,Overall,Overall,0.0,0.1,,
Michigan,FluSurv-NET,2018-19,2018,41,Overall,Overall,Overall,Overall,0.0,0.0,,
Minnesota,FluSurv-NET,2018-19,2018,41,Overall,Overall,Overall,Overall,0.0,0.1,,
New Mexico,FluSurv-NET,2018-19,2018,41,Overall,Overall,Overall,Overall,0.0,0.2,,
New York,FluSurv-NET,2018-19,2018,41,Overall,Overall,Overall,Overall,0.0,0.0,,
Ohio,FluSurv-NET,2018-19,2018,41,Overall,Overall,Overall,Overall,0.0,0.1,,
Oregon,FluSurv-NET,2018-19,2018,41,Overall,Overall,Overall,Overall,0.0,0.1,,
Tennessee,FluSurv-NET,2018-19,2018,41,Overall,Overall,Overall,Overall,0.0,0.1,,
Utah,FluSurv-NET,2018-19,2018,41,Overall,Overall,Overall,Overall,0.0,0.1,,
California,FluSurv-NET,2018-19,2018,42,Overall,Overall,Overall,Overall,1.0,0.2,,
Colorado,FluSurv-NET,2018-19,2018,42,Overall,Overall,Overall,Overall,0.0,0.2,,
Connecticut,FluSurv-NET,2018-19,2018,42,Overall,Overall,Overall,Overall,0.0,0.0,,
Entire Network,FluSurv-NET,2018-19,2018,42,0-4 yr,Overall,Overall,Overall,0.0,0.1,,
Entire Network,FluSurv-NET,2018-19,2018,42,0-<1 yr,Overall,Overall,Overall,1.0,0.3,,
Entire Network,FluSurv-NET,2018-19,2018,42,1-4 yr,Overall,Overall,Overall,0.0,0.0,,
Entire Network,FluSurv-NET,2018-19,2018,42,12-17 yr,Overall,Overall,Overall,0.0,0.0,,
Entire Network,FluSurv-NET,2018-19,2018,42,18-29 yr,Overall,Overall,Overall,0.0,0.0,,
Entire Network,FluSurv-NET,2018-19,2018,42,18-49 yr,Overall,Overall,Overall,0.0,0.0,,
Entire Network,FluSurv-NET,2018-19,2018,42,30-39 yr,Overall,Overall,Overall,0.0,0.0,,
Entire Network,FluSurv-NET,2018-19,2018,42,40-49 yr,Overall,Overall,Overall,0.0,0.1,,
Entire Network,FluSurv-NET,2018-19,2018,42,5-11 yr,Overall,Overall,Overall,0.0,0.1,,
Entire Network,FluSurv-NET,2018-19,2018,42,5-17 yr,Overall,Overall,Overall,0.0,0.1,,
Entire Network,FluSurv-NET,2018-19,2018,42,50-64 yr,Overall,Overall,Overall,0.0,0.2,,
Entire Network,FluSurv-NET,2018-19,2018,42,65-74 yr,Overall,Overall,Overall,1.0,0.2,,
Entire Network,FluSurv-NET,2018-19,2018,42,75-84 yr,Overall,Overall,Overall,1.0,0.3,,
Entire Network,FluSurv-NET,2018-19,2018,42,>= 65 yr,Overall,Overall,Overall,1.0,0.3,,
Entire Network,FluSurv-NET,2018-19,2018,42,>= 75,Overall,Overall,Overall,1.0,0.5,,
Entire Network,FluSurv-NET,2018-19,2018,42,>= 85,Overall,Overall,Overall,2.0,1.0,,
Entire Network,FluSurv-NET,2018-19,2018,42,Adults,Overall,Overall,Overall,0.0,0.1,,
Entire Network,FluSurv-NET,2018-19,2018,42,Overall,Female,Overall,Overall,0.0,0.1,,
Entire Network,FluSurv-NET,2018-19,2018,42,Overall,Male,Overall,Overall,0.0,0.1,,
Entire Network,FluSurv-NET,2018-19,2018,42,Overall,Overall,"American Indian/Alaska Native, NH",Overall,0.0,0.0,0.0,0.0
Entire Network,FluSurv-NET,2018-19,2018,42,Overall,Overall,"Asian/Pacific Islander, NH",Overall,0.0,0.1,0.42213001209622447,0.14594046325391483
Entire Network,FluSurv-NET,2018-19,2018,42,Overall,Overall,"Black, NH",Overall,0.0,0.1,0.3516902874672796,0.07139891838916239
Entire Network,FluSurv-NET,2018-19,2018,42,Overall,Overall,Hispanic,Overall,0.0,0.0,0.14962533453678958,0.03384149147384247
Entire Network,FluSurv-NET,2018-19,2018,42,Overall,Overall,Overall,Overall,0.0,0.1,,
Entire Network,FluSurv-NET,2018-19,2018,42,Overall,Overall,"White, NH",Overall,0.0,0.1,0.23564530840209102,0.09655394176259179
Entire Network,FluSurv-NET,2018-19,2018,42,Pediatrics,Overall,Overall,Overall,0.0,0.1,,
Georgia,FluSurv-NET,2018-19,2018,42,Overall,Overall,Overall,Overall,0.0,0.1,,
Maryland,FluSurv-NET,2018-19,2018,42,Overall,Overall,Overall,Overall,0.0,0.1,,
Michigan,FluSurv-NET,2018-19,2018,42,Overall,Overall,Overall,Overall,0.0,0.0,,
Minnesota,FluSurv-NET,2018-19,2018,42,Overall,Overall,Overall,Overall,0.0,0.2,,
New Mexico,FluSurv-NET,2018-19,2018,42,Overall,Overall,Overall,Overall,1.0,0.4,,
New York,FluSurv-NET,2018-19,2018,42,Overall,Overall,Overall,Overall,0.0,0.0,,
Ohio,FluSurv-NET,2018-19,2018,42,Overall,Overall,Overall,Overall,0.0,0.0,,
Oregon,FluSurv-NET,2018-19,2018,42,Overall,Overall,Overall,Overall,0.0,0.1,,
Tennessee,FluSurv-NET,2018-19,2018,42,Overall,Overall,Overall,Overall,0.0,0.0,,
Utah,FluSurv-NET,2018-19,2018,42,Overall,Overall,Overall,Overall,0.0,0.0,,
California,FluSurv-NET,2018-19,2018,43,Overall,Overall,Overall,Overall,1.0,0.2,,
Colorado,FluSurv-NET,2018-19,2018,43,Overall,Overall,Overall,Overall,0.0,0.0,,
Connecticut,FluSurv-NET,2018-19,2018,43,Overall,Overall,Overall,Overall,0.0,0.1,,
Entire Network,FluSurv-NET,2018-19,2018,43,0-4 yr,Overall,Overall,Overall,1.0,0.2,,
Entire Network,FluSurv-NET,2018-19,2018,43,0-<1 yr,Overall,Overall,Overall,1.0,0.0,,
Entire Network,FluSurv-NET,2018-19,2018,43,1-4 yr,Overall,Overall,Overall,0.0,0.2,,
Entire Network,FluSurv-NET,2018-19,2018,43,12-17 yr,Overall,Overall,Overall,0.0,0.0,,
Entire Network,FluSurv-NET,2018-19,2018,43,18-29 yr,Overall,Overall,Overall,0.0,0.0,,
Entire Network,FluSurv-NET,2018-19,2018,43,18-49 yr,Overall,Overall,Overall,0.0,0.0,,
Entire Network,FluSurv-NET,2018-19,2018,43,30-39 yr,Overall,Overall,Overall,0.0,0.0,,
Entire Network,FluSurv-NET,2018-19,2018,43,40-49 yr,Overall,Overall,Overall,0.0,0.1,,
Entire Network,FluSurv-NET,2018-19,2018,43,5-11 yr,Overall,Overall,Overall,0.0,0.0,,
Entire Network,FluSurv-NET,2018-19,2018,43,5-17 yr,Overall,Overall,Overall,0.0,0.0,,
Entire Network,FluSurv-NET,2018-19,2018,43,50-64 yr,Overall,Overall,Overall,1.0,0.1,,
Entire Network,FluSurv-NET,2018-19,2018,43,65-74 yr,Overall,Overall,Overall,1.0,0.2,,
Entire Network,FluSurv-NET,2018-19,2018,43,75-84 yr,Overall,Overall,Overall,1.0,0.4,,
Entire Network,FluSurv-NET,2018-19,2018,43,>= 65 yr,Overall,Overall,Overall,1.0,0.3,,
Entire Network,FluSurv-NET,2018-19,2018,43,>= 75,Overall,Overall,Overall,2.0,0.5,,
Entire Network,FluSurv-NET,2018-19,2018,43,>= 85,Overall,Overall,Overall,2.0,0.6,,
Entire Network,FluSurv-NET,2018-19,2018,43,Adults,Overall,Overall,Overall,0.0,0.1,,
Entire Network,FluSurv-NET,2018-19,2018,43,Overall,Female,Overall,Overall,0.0,0.1,,
Entire Network,FluSurv-NET,2018-19,2018,43,Overall,Male,Overall,Overall,0.0,0.1,,
Entire Network,FluSurv-NET,2018-19,2018,43,Overall,Overall,"American Indian/Alaska Native, NH",Overall,0.0,0.0,0.0,0.0
Entire Network,FluSurv-NET,2018-19,2018,43,Overall,Overall,"Asian/Pacific Islander, NH",Overall,1.0,0.1,0.5680704753501393,0.14594046325391483
Entire Network,FluSurv-NET,2018-19,2018,43,Overall,Overall,"Black, NH",Overall,0.0,0.1,0.5030253393967771,0.15133505192949756
Entire Network,FluSurv-NET,2018-19,2018,43,Overall,Overall,Hispanic,Overall,0.0,0.1,0.21167682217457934,0.06205148763778979
Entire Network,FluSurv-NET,2018-19,2018,43,Overall,Overall,Overall,Overall,0.0,0.1,,
Entire Network,FluSurv-NET,2018-19,2018,43,Overall,Overall,"White, NH",Overall,0.0,0.1,0.3088643310194463,0.07321902261735531
Entire Network,FluSurv-NET,2018-19,2018,43,Pediatrics,Overall,Overall,Overall,0.0,0.1,,
Georgia,FluSurv-NET,2018-19,2018,43,Overall,Overall,Overall,Overall,0.0,0.1,,
Maryland,FluSurv-NET,2018-19,2018,43,Overall,Overall,Overall,Overall,0.0,0.0,,
Michigan,FluSurv-NET,2018-19,2018,43,Overall,Overall,Overall,Overall,0.0,0.1,,
Minnesota,FluSurv-NET,2018-19,2018,43,Overall,Overall,Overall,Overall,1.0,0.1,,
New Mexico,FluSurv-NET,2018-19,2018,43,Overall,Overall,Overall,Overall,1.0,0.2,,
New York,FluSurv-NET,2018-19,2018,43,Overall,Overall,Overall,Overall,0.0,0.0,,
Ohio,FluSurv-NET,2018-19,2018,43,Overall,Overall,Overall,Overall,0.0,0.0,,
Oregon,FluSurv-NET,2018-19,2018,43,Overall,Overall,Overall,Overall,0.0,0.1,,
Tennessee,FluSurv-NET,2018-19,2018,43,Overall,Overall,Overall,Overall,1.0,0.3,,
Utah,FluSurv-NET,2018-19,2018,43,Overall,Overall,Overall,Overall,0.0,0.1,,
California,FluSurv-NET,2018-19,2018,44,Overall,Overall,Overall,Overall,1.0,0.1,,
Colorado,FluSurv-NET,2018-19,2018,44,Overall,Overall,Overall,Overall,1.0,0.2,,
Connecticut,FluSurv-NET,2018-19,2018,44,Overall,Overall,Overall,Overall,1.0,0.4,,
Entire Network,FluSurv-NET,2018-19,2018,44,0-4 yr,Overall,Overall,Overall,1.0,0.5,,
Entire Network,FluSurv-NET,2018-19,2018,44,0-<1 yr,Overall,Overall,Overall,2.0,0.9,,
Entire Network,FluSurv-NET,2018-19,2018,44,1-4 yr,Overall,Overall,Overall,1.0,0.4,,
Entire Network,FluSurv-NET,2018-19,2018,44,12-17 yr,Overall,Overall,Overall,0.0,0.0,,
Entire Network,FluSurv-NET,2018-19,2018,44,18-29 yr,Overall,Overall,Overall,0.0,0.1,,
Entire Network,FluSurv-NET,2018-19,2018,44,18-49 yr,Overall,Overall,Overall,0.0,0.1,,
Entire Network,FluSurv-NET,2018-19,2018,44,30-39 yr,Overall,Overall,Overall,0.0,0.0,,
Entire Network,FluSurv-NET,2018-19,2018,44,40-49 yr,Overall,Overall,Overall,1.0,0.2,,
Entire Network,FluSurv-NET,2018-19,2018,44,5-11 yr,Overall,Overall,Overall,0.0,0.1,,
Entire Network,FluSurv-NET,2018-19,2018,44,5-17 yr,Overall,Overall,Overall,0.0,0.1,,
Entire Network,FluSurv-NET,2018-19,2018,44,50-64 yr,Overall,Overall,Overall,1.0,0.1,,
Entire Network,FluSurv-NET,2018-19,2018,44,65-74 yr,Overall,Overall,Overall,1.0,0.3,,
Entire Network,FluSurv-NET,2018-19,2018,44,75-84 yr,Overall,Overall,Overall,2.0,0.3,,
Entire Network,FluSurv-NET,2018-19,2018,44,>= 65 yr,Overall,Overall,Overall,2.0,0.5,,
Entire Network,FluSurv-NET,2018-19,2018,44,>= 75,Overall,Overall,Overall,2.0,0.7,,
Entire Network,FluSurv-NET,2018-19,2018,44,>= 85,Overall,Overall,Overall,4.0,1.6,,
Entire Network,FluSurv-NET,2018-19,2018,44,Adults,Overall,Overall,Overall,1.0,0.2,,
Entire Network,FluSurv-NET,2018-19,2018,44,Overall,Female,Overall,Overall,1.0,0.2,,
Entire Network,FluSurv-NET,2018-19,2018,44,Overall,Male,Overall,Overall,1.0,0.1,,
Entire Network,FluSurv-NET,2018-19,2018,44,Overall,Overall,"American Indian/Alaska Native, NH",Overall,0.0,0.0,0.0,0.0
Entire Network,FluSurv-NET,2018-19,2018,44,Overall,Overall,"Asian/Pacific Islander, NH",Overall,1.0,0.2,0.7802419364586028,0.21217146110846352
Entire Network,FluSurv-NET,2018-19,2018,44,Overall,Overall,"Black, NH",Overall,1.0,0.3,0.7549521438681013,0.2519268044713242
Entire Network,FluSurv-NET,2018-19,2018,44,Overall,Overall,Hispanic,Overall,0.0,0.2,0.5238594721211608,0.31218264994658146
Entire Network,FluSurv-NET,2018-19,2018,44,Overall,Overall,Overall,Overall,1.0,0.2,,
Entire Network,FluSurv-NET,2018-19,2018,44,Overall,Overall,"White, NH",Overall,0.0,0.1,0.4060684500298028,0.09720411901035643
Entire Network,FluSurv-NET,2018-19,2018,44,Pediatrics,Overall,Overall,Overall,0.0,0.2,,
Georgia,FluSurv-NET,2018-19,2018,44,Overall,Overall,Overall,Overall,1.0,0.3,,
Maryland,FluSurv-NET,2018-19,2018,44,Overall,Overall,Overall,Overall,0.0,0.1,,
Michigan,FluSurv-NET,2018-19,2018,44,Overall,Overall,Overall,Overall,0.0,0.2,,
Minnesota,FluSurv-NET,2018-19,2018,44,Overall,Overall,Overall,Overall,1.0,0.1,,
New Mexico,FluSurv-NET,2018-19,2018,44,Overall,Overall,Overall,Overall,1.0,0.2,,
New York,FluSurv-NET,2018-19,2018,44,Overall,Overall,Overall,Overall,0.0,0.0,,
Ohio,FluSurv-NET,2018-19,2018,44,Overall,Overall,Overall,Overall,0.0,0.0,,
Oregon,FluSurv-NET,2018-19,2018,44,Overall,Overall,Overall,Overall,0.0,0.2,,
Tennessee,FluSurv-NET,2018-19,2018,44,Overall,Overall,Overall,Overall,1.0,0.2,,
Utah,FluSurv-NET,2018-19,2018,44,Overall,Overall,Overall,Overall,0.0,0.1,,
California,FluSurv-NET,2018-19,2018,45,Overall,Overall,Overall,Overall,1.0,0.2,,
Colorado,FluSurv-NET,2018-19,2018,45,Overall,Overall,Overall,Overall,1.0,0.1,,
Connecticut,FluSurv-NET,2018-19,2018,45,Overall,Overall,Overall,Overall,1.0,0.0,,
Entire Network,FluSurv-NET,2018-19,2018,45,0-4 yr,Overall,Overall,Overall,1.0,0.4,,
Entire Network,FluSurv-NET,2018-19,2018,45,0-<1 yr,Overall,Overall,Overall,3.0,0.9,,
Entire Network,FluSurv-NET,2018-19,2018,45,1-4 yr,Overall,Overall,Overall,1.0,0.3,,
Entire Network,FluSurv-NET,2018-19,2018,45,12-17 yr,Overall,Overall,Overall,0.0,0.0,,
Entire Network,FluSurv-NET,2018-19,2018,45,18-29 yr,Overall,Overall,Overall,0.0,0.1,,
Entire Network,FluSurv-NET,2018-19,2018,45,18-49 yr,Overall,Overall,Overall,0.0,0.1,,
Entire Network,FluSurv-NET,2018-19,2018,45,30-39 yr,Overall,Overall,Overall,0.0,0.1,,
Entire Network,FluSurv-NET,2018-19,2018,45,40-49 yr,Overall,Overall,Overall,1.0,0.1,,
Entire Network,FluSurv-NET,2018-19,2018,45,5-11 yr,Overall,Overall,Overall,0.0,0.1,,
Entire Network,FluSurv-NET,2018-19,2018,45,5-17 yr,Overall,Overall,Overall,0.0,0.1,,
Entire Network,FluSurv-NET,2018-19,2018,45,50-64 yr,Overall,Overall,Overall,1.0,0.2,,
Entire Network,FluSurv-NET,2018-19,2018,45,65-74 yr,Overall,Overall,Overall,2.0,0.5,,
Entire Network,FluSurv-NET,2018-19,2018,45,75-84 yr,Overall,Overall,Overall,2.0,0.4,,
Entire Network,FluSurv-NET,2018-19,2018,45,>= 65 yr,Overall,Overall,Overall,2.0,0.5,,
Entire Network,FluSurv-NET,2018-19,2018,45,>= 75,Overall,Overall,Overall,3.0,0.5,,
Entire Network,FluSurv-NET,2018-19,2018,45,>= 85,Overall,Overall,Overall,5.0,0.8,,
Entire Network,FluSurv-NET,2018-19,2018,45,Adults,Overall,Overall,Overall,1.0,0.2,,
Entire Network,FluSurv-NET,2018-19,2018,45,Overall,Female,Overall,Overall,1.0,0.2,,
Entire Network,FluSurv-NET,2018-19,2018,45,Overall,Male,Overall,Overall,1.0,0.2,,
Entire Network,FluSurv-NET,2018-19,2018,45,Overall,Overall,"American Indian/Alaska Native, NH",Overall,0.0,0.0,0.0,0.0
Entire Network,FluSurv-NET,2018-19,2018,45,Overall,Overall,"Asian/Pacific Islander, NH",Overall,1.0,0.2,1.0015414483274239,0.2212995118688213
Entire Network,FluSurv-NET,2018-19,2018,45,Overall,Overall,"Black, NH",Overall,1.0,0.4,1.1842332459042757,0.42928110203617453
Entire Network,FluSurv-NET,2018-19,2018,45,Overall,Overall,Hispanic,Overall,1.0,0.1,0.6897857925004346,0.16592632037927385
Entire Network,FluSurv-NET,2018-19,2018,45,Overall,Overall,Overall,Overall,1.0,0.2,,
Entire Network,FluSurv-NET,2018-19,2018,45,Overall,Overall,"White, NH",Overall,1.0,0.1,0.5067684467675183,0.10069999673771558
Entire Network,FluSurv-NET,2018-19,2018,45,Pediatrics,Overall,Overall,Overall,1.0,0.2,,
Georgia,FluSurv-NET,2018-19,2018,45,Overall,Overall,Overall,Overall,1.0,0.5,,
Maryland,FluSurv-NET,2018-19,2018,45,Overall,Overall,Overall,Overall,0.0,0.1,,
Michigan,FluSurv-NET,2018-19,2018,45,Overall,Overall,Overall,Overall,0.0,0.1,,
Minnesota,FluSurv-NET,2018-19,2018,45,Overall,Overall,Overall,Overall,1.0,0.2,,
New Mexico,FluSurv-NET,2018-19,2018,45,Overall,Overall,Overall,Overall,2.0,0.2,,
New York,FluSurv-NET,2018-19,2018,45,Overall,Overall,Overall,Overall,0.0,0.0,,
Ohio,FluSurv-NET,2018-19,2018,45,Overall,Overall,Overall,Overall,0.0,0.0,,
Oregon,FluSurv-NET,2018-19,2018,45,Overall,Overall,Overall,Overall,1.0,0.2,,
Tennessee,FluSurv-NET,2018-19,2018,45,Overall,Overall,Overall,Overall,1.0,0.3,,
Utah,FluSurv-NET,2018-19,2018,45,Overall,Overall,Overall,Overall,0.0,0.1,,
California,FluSurv-NET,2018-19,2018,46,Overall,Overall,Overall,Overall,1.0,0.2,,
Colorado,FluSurv-NET,2018-19,2018,46,Overall,Overall,Overall,Overall,1.0,0.2,,
Connecticut,FluSurv-NET,2018-19,2018,46,Overall,Overall,Overall,Overall,1.0,0.1,,
Entire Network,FluSurv-NET,2018-19,2018,46,0-4 yr,Overall,Overall,Overall,2.0,0.3,,
Entire Network,FluSurv-NET,2018-19,2018,46,0-<1 yr,Overall,Overall,Overall,3.0,0.3,,
Entire Network,FluSurv-NET,2018-19,2018,46,1-4 yr,Overall,Overall,Overall,1.0,0.4,,
Entire Network,FluSurv-NET,2018-19,2018,46,12-17 yr,Overall,Overall,Overall,0.0,0.2,,
Entire Network,FluSurv-NET,2018-19,2018,46,18-29 yr,Overall,Overall,Overall,0.0,0.0,,
Entire Network,FluSurv-NET,2018-19,2018,46,18-49 yr,Overall,Overall,Overall,1.0,0.1,,
Entire Network,FluSurv-NET,2018-19,2018,46,30-39 yr,Overall,Overall,Overall,0.0,0.2,,
Entire Network,FluSurv-NET,2018-19,2018,46,40-49 yr,Overall,Overall,Overall,1.0,0.2,,
Entire Network,FluSurv-NET,2018-19,2018,46,5-11 yr,Overall,Overall,Overall,1.0,0.2,,
Entire Network,FluSurv-NET,2018-19,2018,46,5-17 yr,Overall,Overall,Overall,0.0,0.2,,
Entire Network,FluSurv-NET,2018-19,2018,46,50-64 yr,Overall,Overall,Overall,1.0,0.3,,
Entire Network,FluSurv-NET,2018-19,2018,46,65-74 yr,Overall,Overall,Overall,2.0,0.3,,
Entire Network,FluSurv-NET,2018-19,2018,46,75-84 yr,Overall,Overall,Overall,3.0,0.4,,
Entire Network,FluSurv-NET,2018-19,2018,46,>= 65 yr,Overall,Overall,Overall,3.0,0.5,,
Entire Network,FluSurv-NET,2018-19,2018,46,>= 75,Overall,Overall,Overall,4.0,0.8,,
Entire Network,FluSurv-NET,2018-19,2018,46,>= 85,Overall,Overall,Overall,6.0,1.8,,
Entire Network,FluSurv-NET,2018-19,2018,46,Adults,Overall,Overall,Overall,1.0,0.2,,
Entire Network,FluSurv-NET,2018-19,2018,46,Overall,Female,Overall,Overall,1.0,0.3,,
Entire Network,FluSurv-NET,2018-19,2018,46,Overall,Male,Overall,Overall,1.0,0.2,,
Entire Network,FluSurv-NET,2018-19,2018,46,Overall,Overall,"American Indian/Alaska Native, NH",Overall,1.0,0.5,0.669009397653295,0.669009397653295
Entire Network,FluSurv-NET,2018-19,2018,46,Overall,Overall,"Asian/Pacific Islander, NH",Overall,1.0,0.0,1.0501882694120626,0.04864682108463826
Entire Network,FluSurv-NET,2018-19,2018,46,Overall,Overall,"Black, NH",Overall,2.0,0.6,1.7911701730877756,0.6069369271834998
Entire Network,FluSurv-NET,2018-19,2018,46,Overall,Overall,Hispanic,Overall,1.0,0.1,0.7943557296223986,0.10456993712196395
Entire Network,FluSurv-NET,2018-19,2018,46,Overall,Overall,Overall,Overall,1.0,0.2,,
Entire Network,FluSurv-NET,2018-19,2018,46,Overall,Overall,"White, NH",Overall,1.0,0.2,0.6613217150169296,0.15455326824941124
Entire Network,FluSurv-NET,2018-19,2018,46,Pediatrics,Overall,Overall,Overall,1.0,0.2,,
Georgia,FluSurv-NET,2018-19,2018,46,Overall,Overall,Overall,Overall,2.0,0.7,,
Maryland,FluSurv-NET,2018-19,2018,46,Overall,Overall,Overall,Overall,1.0,0.2,,
Michigan,FluSurv-NET,2018-19,2018,46,Overall,Overall,Overall,Overall,1.0,0.6,,
Minnesota,FluSurv-NET,2018-19,2018,46,Overall,Overall,Overall,Overall,1.0,0.0,,
New Mexico,FluSurv-NET,2018-19,2018,46,Overall,Overall,Overall,Overall,2.0,0.1,,
New York,FluSurv-NET,2018-19,2018,46,Overall,Overall,Overall,Overall,0.0,0.0,,
Ohio,FluSurv-NET,2018-19,2018,46,Overall,Overall,Overall,Overall,0.0,0.0,,
Oregon,FluSurv-NET,2018-19,2018,46,Overall,Overall,Overall,Overall,1.0,0.3,,
Tennessee,FluSurv-NET,2018-19,2018,46,Overall,Overall,Overall,Overall,1.0,0.3,,
Utah,FluSurv-NET,2018-19,2018,46,Overall,Overall,Overall,Overall,1.0,0.2,,
California,FluSurv-NET,2018-19,2018,47,Overall,Overall,Overall,Overall,2.0,0.4,,
Colorado,FluSurv-NET,2018-19,2018,47,Overall,Overall,Overall,Overall,1.0,0.4,,
Connecticut,FluSurv-NET,2018-19,2018,47,Overall,Overall,Overall,Overall,1.0,0.3,,
Entire Network,FluSurv-NET,2018-19,2018,47,0-4 yr,Overall,Overall,Overall,2.0,0.6,,
Entire Network,FluSurv-NET,2018-19,2018,47,0-<1 yr,Overall,Overall,Overall,4.0,1.5,,
Entire Network,FluSurv-NET,2018-19,2018,47,1-4 yr,Overall,Overall,Overall,2.0,0.4,,
Entire Network,FluSurv-NET,2018-19,2018,47,12-17 yr,Overall,Overall,Overall,0.0,0.0,,
Entire Network,FluSurv-NET,2018-19,2018,47,18-29 yr,Overall,Overall,Overall,0.0,0.1,,
Entire Network,FluSurv-NET,2018-19,2018,47,18-49 yr,Overall,Overall,Overall,1.0,0.2,,
Entire Network,FluSurv-NET,2018-19,2018,47,30-39 yr,Overall,Overall,Overall,1.0,0.2,,
Entire Network,FluSurv-NET,2018-19,2018,47,40-49 yr,Overall,Overall,Overall,1.0,0.2,,
Entire Network,FluSurv-NET,2018-19,2018,47,5-11 yr,Overall,Overall,Overall,1.0,0.3,,
Entire Network,FluSurv-NET,2018-19,2018,47,5-17 yr,Overall,Overall,Overall,1.0,0.1,,
Entire Network,FluSurv-NET,2018-19,2018,47,50-64 yr,Overall,Overall,Overall,1.0,0.4,,
Entire Network,FluSurv-NET,2018-19,2018,47,65-74 yr,Overall,Overall,Overall,3.0,0.6,,
Entire Network,FluSurv-NET,2018-19,2018,47,75-84 yr,Overall,Overall,Overall,3.0,0.8,,
Entire Network,FluSurv-NET,2018-19,2018,47,>= 65 yr,Overall,Overall,Overall,3.0,0.8,,
Entire Network,FluSurv-NET,2018-19,2018,47,>= 75,Overall,Overall,Overall,5.0,1.0,,
Entire Network,FluSurv-NET,2018-19,2018,47,>= 85,Overall,Overall,Overall,8.0,1.6,,
Entire Network,FluSurv-NET,2018-19,2018,47,Adults,Overall,Overall,Overall,1.0,0.3,,
Entire Network,FluSurv-NET,2018-19,2018,47,Overall,Female,Overall,Overall,1.0,0.4,,
Entire Network,FluSurv-NET,2018-19,2018,47,Overall,Male,Overall,Overall,1.0,0.3,,
Entire Network,FluSurv-NET,2018-19,2018,47,Overall,Overall,"American Indian/Alaska Native, NH",Overall,1.0,0.0,0.669009397653295,0.0
Entire Network,FluSurv-NET,2018-19,2018,47,Overall,Overall,"Asian/Pacific Islander, NH",Overall,1.0,0.3,1.3542482279452157,0.30405995853315343
Entire Network,FluSurv-NET,2018-19,2018,47,Overall,Overall,"Black, NH",Overall,2.0,0.7,2.536495975606768,0.7453258025189924
Entire Network,FluSurv-NET,2018-19,2018,47,Overall,Overall,Hispanic,Overall,1.0,0.3,1.1467194606960192,0.35236373107362057
Entire Network,FluSurv-NET,2018-19,2018,47,Overall,Overall,Overall,Overall,1.0,0.3,,
Entire Network,FluSurv-NET,2018-19,2018,47,Overall,Overall,"White, NH",Overall,1.0,0.2,0.8532422910564714,0.19192057603954182
Entire Network,FluSurv-NET,2018-19,2018,47,Pediatrics,Overall,Overall,Overall,1.0,0.3,,
Georgia,FluSurv-NET,2018-19,2018,47,Overall,Overall,Overall,Overall,3.0,0.8,,
Maryland,FluSurv-NET,2018-19,2018,47,Overall,Overall,Overall,Overall,1.0,0.1,,
Michigan,FluSurv-NET,2018-19,2018,47,Overall,Overall,Overall,Overall,2.0,0.6,,
Minnesota,FluSurv-NET,2018-19,2018,47,Overall,Overall,Overall,Overall,1.0,0.1,,
New Mexico,FluSurv-NET,2018-19,2018,47,Overall,Overall,Overall,Overall,2.0,0.2,,
New York,FluSurv-NET,2018-19,2018,47,Overall,Overall,Overall,Overall,0.0,0.1,,
Ohio,FluSurv-NET,2018-19,2018,47,Overall,Overall,Overall,Overall,1.0,0.2,,
Oregon,FluSurv-NET,2018-19,2018,47,Overall,Overall,Overall,Overall,1.0,0.2,,
Tennessee,FluSurv-NET,2018-19,2018,47,Overall,Overall,Overall,Overall,2.0,0.2,,
Utah,FluSurv-NET,2018-19,2018,47,Overall,Overall,Overall,Overall,1.0,0.3,,
California,FluSurv-NET,2018-19,2018,48,Overall,Overall,Overall,Overall,2.0,0.7,,
Colorado,FluSurv-NET,2018-19,2018,48,Overall,Overall,Overall,Overall,2.0,0.8,,
Connecticut,FluSurv-NET,2018-19,2018,48,Overall,Overall,Overall,Overall,1.0,0.2,,
Entire Network,FluSurv-NET,2018-19,2018,48,0-4 yr,Overall,Overall,Overall,4.0,1.3,,
Entire Network,FluSurv-NET,2018-19,2018,48,0-<1 yr,Overall,Overall,Overall,7.0,2.3,,
Entire Network,FluSurv-NET,2018-19,2018,48,1-4 yr,Overall,Overall,Overall,3.0,1.1,,
Entire Network,FluSurv-NET,2018-19,2018,48,12-17 yr,Overall,Overall,Overall,1.0,0.3,,
Entire Network,FluSurv-NET,2018-19,2018,48,18-29 yr,Overall,Overall,Overall,1.0,0.3,,
Entire Network,FluSurv-NET,2018-19,2018,48,18-49 yr,Overall,Overall,Overall,1.0,0.3,,
Entire Network,FluSurv-NET,2018-19,2018,48,30-39 yr,Overall,Overall,Overall,1.0,0.3,,
Entire Network,FluSurv-NET,2018-19,2018,48,40-49 yr,Overall,Overall,Overall,1.0,0.2,,
Entire Network,FluSurv-NET,2018-19,2018,48,5-11 yr,Overall,Overall,Overall,1.0,0.3,,
Entire Network,FluSurv-NET,2018-19,2018,48,5-17 yr,Overall,Overall,Overall,1.0,0.3,,
Entire Network,FluSurv-NET,2018-19,2018,48,50-64 yr,Overall,Overall,Overall,2.0,0.6,,
Entire Network,FluSurv-NET,2018-19,2018,48,65-74 yr,Overall,Overall,Overall,4.0,1.0,,
Entire Network,FluSurv-NET,2018-19,2018,48,75-84 yr,Overall,Overall,Overall,5.0,1.6,,
Entire Network,FluSurv-NET,2018-19,2018,48,>= 65 yr,Overall,Overall,Overall,5.0,1.4,,
Entire Network,FluSurv-NET,2018-19,2018,48,>= 75,Overall,Overall,Overall,7.0,1.9,,
Entire Network,FluSurv-NET,2018-19,2018,48,>= 85,Overall,Overall,Overall,11.0,2.6,,
Entire Network,FluSurv-NET,2018-19,2018,48,Adults,Overall,Overall,Overall,2.0,0.6,,
Entire Network,FluSurv-NET,2018-19,2018,48,Overall,Female,Overall,Overall,2.0,0.6,,
Entire Network,FluSurv-NET,2018-19,2018,48,Overall,Male,Overall,Overall,2.0,0.5,,
Entire Network,FluSurv-NET,2018-19,2018,48,Overall,Overall,"American Indian/Alaska Native, NH",Overall,1.0,0.0,0.669009397653295,0.0
Entire Network,FluSurv-NET,2018-19,2018,48,Overall,Overall,"Asian/Pacific Islander, NH",Overall,2.0,0.5,1.9441501919415063,0.5899019639962906
Entire Network,FluSurv-NET,2018-19,2018,48,Overall,Overall,"Black, NH",Overall,4.0,1.1,3.7252952585572117,1.1887992829504437
Entire Network,FluSurv-NET,2018-19,2018,48,Overall,Overall,Hispanic,Overall,2.0,0.6,1.6909438414218978,0.5442243807258786
Entire Network,FluSurv-NET,2018-19,2018,48,Overall,Overall,Overall,Overall,2.0,0.6,,
Entire Network,FluSurv-NET,2018-19,2018,48,Overall,Overall,"White, NH",Overall,1.0,0.3,1.161174322633927,0.3079320315774556
Entire Network,FluSurv-NET,2018-19,2018,48,Pediatrics,Overall,Overall,Overall,2.0,0.6,,
Georgia,FluSurv-NET,2018-19,2018,48,Overall,Overall,Overall,Overall,4.0,1.2,,
Maryland,FluSurv-NET,2018-19,2018,48,Overall,Overall,Overall,Overall,1.0,0.4,,
Michigan,FluSurv-NET,2018-19,2018,48,Overall,Overall,Overall,Overall,2.0,0.8,,
Minnesota,FluSurv-NET,2018-19,2018,48,Overall,Overall,Overall,Overall,1.0,0.2,,
New Mexico,FluSurv-NET,2018-19,2018,48,Overall,Overall,Overall,Overall,3.0,0.8,,
New York,FluSurv-NET,2018-19,2018,48,Overall,Overall,Overall,Overall,1.0,0.3,,
Ohio,FluSurv-NET,2018-19,2018,48,Overall,Overall,Overall,Overall,1.0,0.2,,
Oregon,FluSurv-NET,2018-19,2018,48,Overall,Overall,Overall,Overall,1.0,0.3,,
Tennessee,FluSurv-NET,2018-19,2018,48,Overall,Overall,Overall,Overall,2.0,0.5,,
Utah,FluSurv-NET,2018-19,2018,48,Overall,Overall,Overall,Overall,1.0,0.0,,
California,FluSurv-NET,2018-19,2018,49,Overall,Overall,Overall,Overall,3.0,0.4,,
Colorado,FluSurv-NET,2018-19,2018,49,Overall,Overall,Overall,Overall,4.0,2.0,,
Connecticut,FluSurv-NET,2018-19,2018,49,Overall,Overall,Overall,Overall,2.0,0.3,,
Entire Network,FluSurv-NET,2018-19,2018,49,0-4 yr,Overall,Overall,Overall,6.0,1.9,,
Entire Network,FluSurv-NET,2018-19,2018,49,0-<1 yr,Overall,Overall,Overall,8.0,1.7,,
Entire Network,FluSurv-NET,2018-19,2018,49,1-4 yr,Overall,Overall,Overall,5.0,1.9,,
Entire Network,FluSurv-NET,2018-19,2018,49,12-17 yr,Overall,Overall,Overall,1.0,0.1,,
Entire Network,FluSurv-NET,2018-19,2018,49,18-29 yr,Overall,Overall,Overall,1.0,0.3,,
Entire Network,FluSurv-NET,2018-19,2018,49,18-49 yr,Overall,Overall,Overall,1.0,0.3,,
Entire Network,FluSurv-NET,2018-19,2018,49,30-39 yr,Overall,Overall,Overall,1.0,0.3,,
Entire Network,FluSurv-NET,2018-19,2018,49,40-49 yr,Overall,Overall,Overall,2.0,0.3,,
Entire Network,FluSurv-NET,2018-19,2018,49,5-11 yr,Overall,Overall,Overall,2.0,0.5,,
Entire Network,FluSurv-NET,2018-19,2018,49,5-17 yr,Overall,Overall,Overall,1.0,0.3,,
Entire Network,FluSurv-NET,2018-19,2018,49,50-64 yr,Overall,Overall,Overall,3.0,0.8,,
Entire Network,FluSurv-NET,2018-19,2018,49,65-74 yr,Overall,Overall,Overall,5.0,1.6,,
Entire Network,FluSurv-NET,2018-19,2018,49,75-84 yr,Overall,Overall,Overall,7.0,1.6,,
Entire Network,FluSurv-NET,2018-19,2018,49,>= 65 yr,Overall,Overall,Overall,6.0,1.6,,
Entire Network,FluSurv-NET,2018-19,2018,49,>= 75,Overall,Overall,Overall,8.0,1.7,,
Entire Network,FluSurv-NET,2018-19,2018,49,>= 85,Overall,Overall,Overall,13.0,2.0,,
Entire Network,FluSurv-NET,2018-19,2018,49,Adults,Overall,Overall,Overall,3.0,0.7,,
Entire Network,FluSurv-NET,2018-19,2018,49,Overall,Female,Overall,Overall,3.0,0.7,,
Entire Network,FluSurv-NET,2018-19,2018,49,Overall,Male,Overall,Overall,2.0,0.6,,
Entire Network,FluSurv-NET,2018-19,2018,49,Overall,Overall,"American Indian/Alaska Native, NH",Overall,2.0,1.0,1.581766935456148,0.9127575378028532
Entire Network,FluSurv-NET,2018-19,2018,49,Overall,Overall,"Asian/Pacific Islander, NH",Overall,2.0,0.3,2.3409129786818728,0.39676278674036647
Entire Network,FluSurv-NET,2018-19,2018,49,Overall,Overall,"Black, NH",Overall,5.0,1.3,5.18656757390625,1.4612723153490386
Entire Network,FluSurv-NET,2018-19,2018,49,Overall,Overall,Hispanic,Overall,2.0,0.8,2.574871075514796,0.8839272340928983
Entire Network,FluSurv-NET,2018-19,2018,49,Overall,Overall,Overall,Overall,3.0,0.7,,
Entire Network,FluSurv-NET,2018-19,2018,49,Overall,Overall,"White, NH",Overall,2.0,0.5,1.5959677477469154,0.4347934251129886
Entire Network,FluSurv-NET,2018-19,2018,49,Pediatrics,Overall,Overall,Overall,2.0,0.7,,
Georgia,FluSurv-NET,2018-19,2018,49,Overall,Overall,Overall,Overall,5.0,1.6,,
Maryland,FluSurv-NET,2018-19,2018,49,Overall,Overall,Overall,Overall,1.0,0.3,,
Michigan,FluSurv-NET,2018-19,2018,49,Overall,Overall,Overall,Overall,3.0,0.4,,
Minnesota,FluSurv-NET,2018-19,2018,49,Overall,Overall,Overall,Overall,1.0,0.3,,
New Mexico,FluSurv-NET,2018-19,2018,49,Overall,Overall,Overall,Overall,3.0,0.9,,
New York,FluSurv-NET,2018-19,2018,49,Overall,Overall,Overall,Overall,1.0,0.5,,
Ohio,FluSurv-NET,2018-19,2018,49,Overall,Overall,Overall,Overall,1.0,0.1,,
Oregon,FluSurv-NET,2018-19,2018,49,Overall,Overall,Overall,Overall,1.0,0.1,,
Tennessee,FluSurv-NET,2018-19,2018,49,Overall,Overall,Overall,Overall,3.0,0.6,,
Utah,FluSurv-NET,2018-19,2018,49,Overall,Overall,Overall,Overall,1.0,0.3,,
California,FluSurv-NET,2018-19,2018,50,Overall,Overall,Overall,Overall,3.0,0.7,,
Colorado,FluSurv-NET,2018-19,2018,50,Overall,Overall,Overall,Overall,7.0,2.9,,
Connecticut,FluSurv-NET,2018-19,2018,50,Overall,Overall,Overall,Overall,3.0,1.1,,
Entire Network,FluSurv-NET,2018-19,2018,50,0-4 yr,Overall,Overall,Overall,9.0,3.0,,
Entire Network,FluSurv-NET,2018-19,2018,50,0-<1 yr,Overall,Overall,Overall,13.0,4.4,,
Entire Network,FluSurv-NET,2018-19,2018,50,1-4 yr,Overall,Overall,Overall,8.0,2.6,,
Entire Network,FluSurv-NET,2018-19,2018,50,12-17 yr,Overall,Overall,Overall,1.0,0.7,,
Entire Network,FluSurv-NET,2018-19,2018,50,18-29 yr,Overall,Overall,Overall,2.0,0.5,,
Entire Network,FluSurv-NET,2018-19,2018,50,18-49 yr,Overall,Overall,Overall,2.0,0.5,,
Entire Network,FluSurv-NET,2018-19,2018,50,30-39 yr,Overall,Overall,Overall,2.0,0.5,,
Entire Network,FluSurv-NET,2018-19,2018,50,40-49 yr,Overall,Overall,Overall,2.0,0.6,,
Entire Network,FluSurv-NET,2018-19,2018,50,5-11 yr,Overall,Overall,Overall,2.0,0.8,,
Entire Network,FluSurv-NET,2018-19,2018,50,5-17 yr,Overall,Overall,Overall,2.0,0.8,,
Entire Network,FluSurv-NET,2018-19,2018,50,50-64 yr,Overall,Overall,Overall,5.0,1.7,,
Entire Network,FluSurv-NET,2018-19,2018,50,65-74 yr,Overall,Overall,Overall,7.0,2.1,,
Entire Network,FluSurv-NET,2018-19,2018,50,75-84 yr,Overall,Overall,Overall,9.0,2.2,,
Entire Network,FluSurv-NET,2018-19,2018,50,>= 65 yr,Overall,Overall,Overall,9.0,2.4,,
Entire Network,FluSurv-NET,2018-19,2018,50,>= 75,Overall,Overall,Overall,11.0,2.8,,
Entire Network,FluSurv-NET,2018-19,2018,50,>= 85,Overall,Overall,Overall,17.0,4.4,,
Entire Network,FluSurv-NET,2018-19,2018,50,Adults,Overall,Overall,Overall,4.0,1.1,,
Entire Network,FluSurv-NET,2018-19,2018,50,Overall,Female,Overall,Overall,4.0,1.3,,
Entire Network,FluSurv-NET,2018-19,2018,50,Overall,Male,Overall,Overall,4.0,1.1,,
Entire Network,FluSurv-NET,2018-19,2018,50,Overall,Overall,"American Indian/Alaska Native, NH",Overall,4.0,2.5,3.935130087893541,2.3533631524373932
Entire Network,FluSurv-NET,2018-19,2018,50,Overall,Overall,"Asian/Pacific Islander, NH",Overall,3.0,0.6,3.0229933650249063,0.6820803863430338
Entire Network,FluSurv-NET,2018-19,2018,50,Overall,Overall,"Black, NH",Overall,7.0,2.6,7.918612624645022,2.7320450507387717
Entire Network,FluSurv-NET,2018-19,2018,50,Overall,Overall,Hispanic,Overall,4.0,1.4,4.208231460387344,1.633360384872548
Entire Network,FluSurv-NET,2018-19,2018,50,Overall,Overall,Overall,Overall,4.0,1.2,,
Entire Network,FluSurv-NET,2018-19,2018,50,Overall,Overall,"White, NH",Overall,3.0,0.7,2.2752689599836327,0.679301212236717
Entire Network,FluSurv-NET,2018-19,2018,50,Pediatrics,Overall,Overall,Overall,4.0,1.4,,
Georgia,FluSurv-NET,2018-19,2018,50,Overall,Overall,Overall,Overall,8.0,3.0,,
Maryland,FluSurv-NET,2018-19,2018,50,Overall,Overall,Overall,Overall,2.0,0.4,,
Michigan,FluSurv-NET,2018-19,2018,50,Overall,Overall,Overall,Overall,4.0,1.2,,
Minnesota,FluSurv-NET,2018-19,2018,50,Overall,Overall,Overall,Overall,2.0,0.2,,
New Mexico,FluSurv-NET,2018-19,2018,50,Overall,Overall,Overall,Overall,5.0,1.9,,
New York,FluSurv-NET,2018-19,2018,50,Overall,Overall,Overall,Overall,2.0,0.8,,
Ohio,FluSurv-NET,2018-19,2018,50,Overall,Overall,Overall,Overall,1.0,0.2,,
Oregon,FluSurv-NET,2018-19,2018,50,Overall,Overall,Overall,Overall,2.0,0.5,,
Tennessee,FluSurv-NET,2018-19,2018,50,Overall,Overall,Overall,Overall,4.0,0.9,,
Utah,FluSurv-NET,2018-19,2018,50,Overall,Overall,Overall,Overall,2.0,0.4,,
California,FluSurv-NET,2018-19,2018,51,Overall,Overall,Overall,Overall,5.0,1.3,,
Colorado,FluSurv-NET,2018-19,2018,51,Overall,Overall,Overall,Overall,12.0,5.0,,
Connecticut,FluSurv-NET,2018-19,2018,51,Overall,Overall,Overall,Overall,5.0,2.5,,
Entire Network,FluSurv-NET,2018-19,2018,51,0-4 yr,Overall,Overall,Overall,12.0,3.8,,
Entire Network,FluSurv-NET,2018-19,2018,51,0-<1 yr,Overall,Overall,Overall,18.0,4.7,,
Entire Network,FluSurv-NET,2018-19,2018,51,1-4 yr,Overall,Overall,Overall,11.0,3.6,,
Entire Network,FluSurv-NET,2018-19,2018,51,12-17 yr,Overall,Overall,Overall,2.0,0.8,,
Entire Network,FluSurv-NET,2018-19,2018,51,18-29 yr,Overall,Overall,Overall,2.0,0.7,,
Entire Network,FluSurv-NET,2018-19,2018,51,18-49 yr,Overall,Overall,Overall,3.0,1.1,,
Entire Network,FluSurv-NET,2018-19,2018,51,30-39 yr,Overall,Overall,Overall,3.0,1.2,,
Entire Network,FluSurv-NET,2018-19,2018,51,40-49 yr,Overall,Overall,Overall,4.0,1.4,,
Entire Network,FluSurv-NET,2018-19,2018,51,5-11 yr,Overall,Overall,Overall,4.0,1.9,,
Entire Network,FluSurv-NET,2018-19,2018,51,5-17 yr,Overall,Overall,Overall,3.0,1.4,,
Entire Network,FluSurv-NET,2018-19,2018,51,50-64 yr,Overall,Overall,Overall,7.0,2.1,,
Entire Network,FluSurv-NET,2018-19,2018,51,65-74 yr,Overall,Overall,Overall,10.0,3.2,,
Entire Network,FluSurv-NET,2018-19,2018,51,75-84 yr,Overall,Overall,Overall,15.0,5.8,,
Entire Network,FluSurv-NET,2018-19,2018,51,>= 65 yr,Overall,Overall,Overall,13.0,4.3,,
Entire Network,FluSurv-NET,2018-19,2018,51,>= 75,Overall,Overall,Overall,17.0,5.9,,
Entire Network,FluSurv-NET,2018-19,2018,51,>= 85,Overall,Overall,Overall,23.0,6.0,,
Entire Network,FluSurv-NET,2018-19,2018,51,Adults,Overall,Overall,Overall,6.0,1.9,,
Entire Network,FluSurv-NET,2018-19,2018,51,Overall,Female,Overall,Overall,6.0,2.1,,
Entire Network,FluSurv-NET,2018-19,2018,51,Overall,Male,Overall,Overall,5.0,1.7,,
Entire Network,FluSurv-NET,2018-19,2018,51,Overall,Overall,"American Indian/Alaska Native, NH",Overall,9.0,5.4,9.254938446268884,5.319808358375343
Entire Network,FluSurv-NET,2018-19,2018,51,Overall,Overall,"Asian/Pacific Islander, NH",Overall,3.0,0.8,3.9014192068344107,0.8784258418095038
Entire Network,FluSurv-NET,2018-19,2018,51,Overall,Overall,"Black, NH",Overall,11.0,3.3,11.548120208163946,3.629507583518926
Entire Network,FluSurv-NET,2018-19,2018,51,Overall,Overall,Hispanic,Overall,6.0,2.4,6.674499381995495,2.4662679216081522
Entire Network,FluSurv-NET,2018-19,2018,51,Overall,Overall,Overall,Overall,6.0,1.9,,
Entire Network,FluSurv-NET,2018-19,2018,51,Overall,Overall,"White, NH",Overall,4.0,1.4,3.5446182256740983,1.2693492656904652
Entire Network,FluSurv-NET,2018-19,2018,51,Pediatrics,Overall,Overall,Overall,6.0,2.0,,
Georgia,FluSurv-NET,2018-19,2018,51,Overall,Overall,Overall,Overall,13.0,4.4,,
Maryland,FluSurv-NET,2018-19,2018,51,Overall,Overall,Overall,Overall,2.0,0.5,,
Michigan,FluSurv-NET,2018-19,2018,51,Overall,Overall,Overall,Overall,6.0,1.6,,
Minnesota,FluSurv-NET,2018-19,2018,51,Overall,Overall,Overall,Overall,2.0,0.5,,
New Mexico,FluSurv-NET,2018-19,2018,51,Overall,Overall,Overall,Overall,9.0,3.8,,
New York,FluSurv-NET,2018-19,2018,51,Overall,Overall,Overall,Overall,3.0,0.9,,
Ohio,FluSurv-NET,2018-19,2018,51,Overall,Overall,Overall,Overall,2.0,0.6,,
Oregon,FluSurv-NET,2018-19,2018,51,Overall,Overall,Overall,Overall,2.0,0.1,,
Tennessee,FluSurv-NET,2018-19,2018,51,Overall,Overall,Overall,Overall,5.0,1.6,,
Utah,FluSurv-NET,2018-19,2018,51,Overall,Overall,Overall,Overall,2.0,0.8,,
California,FluSurv-NET,2018-19,2018,52,Overall,Overall,Overall,Overall,6.0,1.7,,
Colorado,FluSurv-NET,2018-19,2018,52,Overall,Overall,Overall,Overall,19.0,6.7,,
Connecticut,FluSurv-NET,2018-19,2018,52,Overall,Overall,Overall,Overall,10.0,5.0,,
Entire Network,FluSurv-NET,2018-19,2018,52,0-4 yr,Overall,Overall,Overall,18.0,5.4,,
Entire Network,FluSurv-NET,2018-19,2018,52,0-<1 yr,Overall,Overall,Overall,26.0,8.4,,
Entire Network,FluSurv-NET,2018-19,2018,52,1-4 yr,Overall,Overall,Overall,16.0,4.7,,
Entire Network,FluSurv-NET,2018-19,2018,52,12-17 yr,Overall,Overall,Overall,3.0,0.4,,
Entire Network,FluSurv-NET,2018-19,2018,52,18-29 yr,Overall,Overall,Overall,3.0,0.9,,
Entire Network,FluSurv-NET,2018-19,2018,52,18-49 yr,Overall,Overall,Overall,4.0,1.4,,
Entire Network,FluSurv-NET,2018-19,2018,52,30-39 yr,Overall,Overall,Overall,4.0,1.6,,
Entire Network,FluSurv-NET,2018-19,2018,52,40-49 yr,Overall,Overall,Overall,5.0,1.7,,
Entire Network,FluSurv-NET,2018-19,2018,52,5-11 yr,Overall,Overall,Overall,6.0,1.4,,
Entire Network,FluSurv-NET,2018-19,2018,52,5-17 yr,Overall,Overall,Overall,4.0,0.9,,
Entire Network,FluSurv-NET,2018-19,2018,52,50-64 yr,Overall,Overall,Overall,11.0,3.9,,
Entire Network,FluSurv-NET,2018-19,2018,52,65-74 yr,Overall,Overall,Overall,16.0,5.7,,
Entire Network,FluSurv-NET,2018-19,2018,52,75-84 yr,Overall,Overall,Overall,24.0,9.4,,
Entire Network,FluSurv-NET,2018-19,2018,52,>= 65 yr,Overall,Overall,Overall,21.0,7.7,,
Entire Network,FluSurv-NET,2018-19,2018,52,>= 75,Overall,Overall,Overall,28.0,10.7,,
Entire Network,FluSurv-NET,2018-19,2018,52,>= 85,Overall,Overall,Overall,37.0,13.7,,
Entire Network,FluSurv-NET,2018-19,2018,52,Adults,Overall,Overall,Overall,9.0,3.1,,
Entire Network,FluSurv-NET,2018-19,2018,52,Overall,Female,Overall,Overall,9.0,3.0,,
Entire Network,FluSurv-NET,2018-19,2018,52,Overall,Male,Overall,Overall,8.0,2.8,,
Entire Network,FluSurv-NET,2018-19,2018,52,Overall,Overall,"American Indian/Alaska Native, NH",Overall,15.0,5.4,14.659719188522418,5.404780742253531
Entire Network,FluSurv-NET,2018-19,2018,52,Overall,Overall,"Asian/Pacific Islander, NH",Overall,5.0,1.2,5.292692659736506,1.3912734529020958
Entire Network,FluSurv-NET,2018-19,2018,52,Overall,Overall,"Black, NH",Overall,15.0,4.3,16.253654326422062,4.705534118258116
Entire Network,FluSurv-NET,2018-19,2018,52,Overall,Overall,Hispanic,Overall,10.0,3.7,11.021854826651044,4.347355444655547
Entire Network,FluSurv-NET,2018-19,2018,52,Overall,Overall,Overall,Overall,9.0,2.9,,
Entire Network,FluSurv-NET,2018-19,2018,52,Overall,Overall,"White, NH",Overall,6.0,2.3,5.560877756849457,2.01625953117536
Entire Network,FluSurv-NET,2018-19,2018,52,Pediatrics,Overall,Overall,Overall,8.0,2.2,,
Georgia,FluSurv-NET,2018-19,2018,52,Overall,Overall,Overall,Overall,18.0,4.9,,
Maryland,FluSurv-NET,2018-19,2018,52,Overall,Overall,Overall,Overall,3.0,0.8,,
Michigan,FluSurv-NET,2018-19,2018,52,Overall,Overall,Overall,Overall,8.0,2.3,,
Minnesota,FluSurv-NET,2018-19,2018,52,Overall,Overall,Overall,Overall,3.0,0.9,,
New Mexico,FluSurv-NET,2018-19,2018,52,Overall,Overall,Overall,Overall,16.0,7.2,,
New York,FluSurv-NET,2018-19,2018,52,Overall,Overall,Overall,Overall,5.0,2.1,,
Ohio,FluSurv-NET,2018-19,2018,52,Overall,Overall,Overall,Overall,3.0,1.3,,
Oregon,FluSurv-NET,2018-19,2018,52,Overall,Overall,Overall,Overall,3.0,0.8,,
Tennessee,FluSurv-NET,2018-19,2018,52,Overall,Overall,Overall,Overall,9.0,3.7,,
Utah,FluSurv-NET,2018-19,2018,52,Overall,Overall,Overall,Overall,4.0,1.6,,
California,FluSurv-NET,2018-19,2019,1,Overall,Overall,Overall,Overall,10.0,3.6,,
Colorado,FluSurv-NET,2018-19,2019,1,Overall,Overall,Overall,Overall,24.0,5.9,,
Connecticut,FluSurv-NET,2018-19,2019,1,Overall,Overall,Overall,Overall,16.0,5.5,,
Entire Network,FluSurv-NET,2018-19,2019,1,0-4 yr,Overall,Overall,Overall,22.0,3.9,,
Entire Network,FluSurv-NET,2018-19,2019,1,0-<1 yr,Overall,Overall,Overall,36.0,10.5,,
Entire Network,FluSurv-NET,2018-19,2019,1,1-4 yr,Overall,Overall,Overall,18.0,2.3,,
Entire Network,FluSurv-NET,2018-19,2019,1,12-17 yr,Overall,Overall,Overall,3.0,0.0,,
Entire Network,FluSurv-NET,2018-19,2019,1,18-29 yr,Overall,Overall,Overall,4.0,1.1,,
Entire Network,FluSurv-NET,2018-19,2019,1,18-49 yr,Overall,Overall,Overall,6.0,1.5,,
Entire Network,FluSurv-NET,2018-19,2019,1,30-39 yr,Overall,Overall,Overall,6.0,1.2,,
Entire Network,FluSurv-NET,2018-19,2019,1,40-49 yr,Overall,Overall,Overall,8.0,2.4,,
Entire Network,FluSurv-NET,2018-19,2019,1,5-11 yr,Overall,Overall,Overall,6.0,0.5,,
Entire Network,FluSurv-NET,2018-19,2019,1,5-17 yr,Overall,Overall,Overall,5.0,0.3,,
Entire Network,FluSurv-NET,2018-19,2019,1,50-64 yr,Overall,Overall,Overall,15.0,4.3,,
Entire Network,FluSurv-NET,2018-19,2019,1,65-74 yr,Overall,Overall,Overall,23.0,6.5,,
Entire Network,FluSurv-NET,2018-19,2019,1,75-84 yr,Overall,Overall,Overall,35.0,10.9,,
Entire Network,FluSurv-NET,2018-19,2019,1,>= 65 yr,Overall,Overall,Overall,30.0,8.9,,
Entire Network,FluSurv-NET,2018-19,2019,1,>= 75,Overall,Overall,Overall,40.0,12.6,,
Entire Network,FluSurv-NET,2018-19,2019,1,>= 85,Overall,Overall,Overall,53.0,16.7,,
Entire Network,FluSurv-NET,2018-19,2019,1,Adults,Overall,Overall,Overall,12.0,3.5,,
Entire Network,FluSurv-NET,2018-19,2019,1,Overall,Female,Overall,Overall,12.0,3.2,,
Entire Network,FluSurv-NET,2018-19,2019,1,Overall,Male,Overall,Overall,11.0,2.9,,
Entire Network,FluSurv-NET,2018-19,2019,1,Overall,Overall,"American Indian/Alaska Native, NH",Overall,24.0,8.8,24.259429380125564,9.599710191603146
Entire Network,FluSurv-NET,2018-19,2019,1,Overall,Overall,"Asian/Pacific Islander, NH",Overall,6.0,1.6,7.028087874859628,1.7353952151231227
Entire Network,FluSurv-NET,2018-19,2019,1,Overall,Overall,"Black, NH",Overall,19.0,3.6,20.373080047230808,4.119425720808744
Entire Network,FluSurv-NET,2018-19,2019,1,Overall,Overall,Hispanic,Overall,14.0,3.6,15.883034719612265,4.8611798929612196
Entire Network,FluSurv-NET,2018-19,2019,1,Overall,Overall,Overall,Overall,12.0,3.0,,
Entire Network,FluSurv-NET,2018-19,2019,1,Overall,Overall,"White, NH",Overall,9.0,2.7,7.923996193649158,2.3631184367997005
Entire Network,FluSurv-NET,2018-19,2019,1,Pediatrics,Overall,Overall,Overall,9.0,1.3,,
Georgia,FluSurv-NET,2018-19,2019,1,Overall,Overall,Overall,Overall,21.0,3.5,,
Maryland,FluSurv-NET,2018-19,2019,1,Overall,Overall,Overall,Overall,5.0,1.5,,
Michigan,FluSurv-NET,2018-19,2019,1,Overall,Overall,Overall,Overall,10.0,2.2,,
Minnesota,FluSurv-NET,2018-19,2019,1,Overall,Overall,Overall,Overall,4.0,0.9,,
New Mexico,FluSurv-NET,2018-19,2019,1,Overall,Overall,Overall,Overall,23.0,6.4,,
New York,FluSurv-NET,2018-19,2019,1,Overall,Overall,Overall,Overall,8.0,2.8,,
Ohio,FluSurv-NET,2018-19,2019,1,Overall,Overall,Overall,Overall,4.0,0.9,,
Oregon,FluSurv-NET,2018-19,2019,1,Overall,Overall,Overall,Overall,4.0,1.4,,
Tennessee,FluSurv-NET,2018-19,2019,1,Overall,Overall,Overall,Overall,13.0,4.4,,
Utah,FluSurv-NET,2018-19,2019,1,Overall,Overall,Overall,Overall,6.0,2.5,,
California,FluSurv-NET,2018-19,2019,2,Overall,Overall,Overall,Overall,14.0,3.6,,
Colorado,FluSurv-NET,2018-19,2019,2,Overall,Overall,Overall,Overall,29.0,4.4,,
Connecticut,FluSurv-NET,2018-19,2019,2,Overall,Overall,Overall,Overall,21.0,5.3,,
Entire Network,FluSurv-NET,2018-19,2019,2,0-4 yr,Overall,Overall,Overall,25.0,3.2,,
Entire Network,FluSurv-NET,2018-19,2019,2,0-<1 yr,Overall,Overall,Overall,44.0,7.3,,
Entire Network,FluSurv-NET,2018-19,2019,2,1-4 yr,Overall,Overall,Overall,20.0,2.2,,
Entire Network,FluSurv-NET,2018-19,2019,2,12-17 yr,Overall,Overall,Overall,3.0,0.1,,
Entire Network,FluSurv-NET,2018-19,2019,2,18-29 yr,Overall,Overall,Overall,5.0,1.0,,
Entire Network,FluSurv-NET,2018-19,2019,2,18-49 yr,Overall,Overall,Overall,7.0,1.2,,
Entire Network,FluSurv-NET,2018-19,2019,2,30-39 yr,Overall,Overall,Overall,7.0,1.3,,
Entire Network,FluSurv-NET,2018-19,2019,2,40-49 yr,Overall,Overall,Overall,9.0,1.3,,
Entire Network,FluSurv-NET,2018-19,2019,2,5-11 yr,Overall,Overall,Overall,7.0,0.9,,
Entire Network,FluSurv-NET,2018-19,2019,2,5-17 yr,Overall,Overall,Overall,5.0,0.6,,
Entire Network,FluSurv-NET,2018-19,2019,2,50-64 yr,Overall,Overall,Overall,19.0,4.0,,
Entire Network,FluSurv-NET,2018-19,2019,2,65-74 yr,Overall,Overall,Overall,28.0,5.2,,
Entire Network,FluSurv-NET,2018-19,2019,2,75-84 yr,Overall,Overall,Overall,43.0,8.0,,
Entire Network,FluSurv-NET,2018-19,2019,2,>= 65 yr,Overall,Overall,Overall,37.0,6.9,,
Entire Network,FluSurv-NET,2018-19,2019,2,>= 75,Overall,Overall,Overall,50.0,9.3,,
Entire Network,FluSurv-NET,2018-19,2019,2,>= 85,Overall,Overall,Overall,66.0,12.3,,
Entire Network,FluSurv-NET,2018-19,2019,2,Adults,Overall,Overall,Overall,15.0,2.9,,
Entire Network,FluSurv-NET,2018-19,2019,2,Overall,Female,Overall,Overall,15.0,2.6,,
Entire Network,FluSurv-NET,2018-19,2019,2,Overall,Male,Overall,Overall,13.0,2.4,,
Entire Network,FluSurv-NET,2018-19,2019,2,Overall,Overall,"American Indian/Alaska Native, NH",Overall,31.0,6.9,31.82497143214694,7.565542052021374
Entire Network,FluSurv-NET,2018-19,2019,2,Overall,Overall,"Asian/Pacific Islander, NH",Overall,8.0,1.7,8.911093604639891,1.8830057297802623
Entire Network,FluSurv-NET,2018-19,2019,2,Overall,Overall,"Black, NH",Overall,21.0,2.4,23.048650242846477,2.675570195615668
Entire Network,FluSurv-NET,2018-19,2019,2,Overall,Overall,Hispanic,Overall,16.0,2.9,19.57642492313893,3.693390203526667
Entire Network,FluSurv-NET,2018-19,2019,2,Overall,Overall,Overall,Overall,14.0,2.5,,
Entire Network,FluSurv-NET,2018-19,2019,2,Overall,Overall,"White, NH",Overall,11.0,2.4,10.032334846279642,2.1083386526304864
Entire Network,FluSurv-NET,2018-19,2019,2,Pediatrics,Overall,Overall,Overall,11.0,1.3,,
Georgia,FluSurv-NET,2018-19,2019,2,Overall,Overall,Overall,Overall,22.0,1.2,,
Maryland,FluSurv-NET,2018-19,2019,2,Overall,Overall,Overall,Overall,6.0,1.4,,
Michigan,FluSurv-NET,2018-19,2019,2,Overall,Overall,Overall,Overall,12.0,2.0,,
Minnesota,FluSurv-NET,2018-19,2019,2,Overall,Overall,Overall,Overall,5.0,1.1,,
New Mexico,FluSurv-NET,2018-19,2019,2,Overall,Overall,Overall,Overall,30.0,6.9,,
New York,FluSurv-NET,2018-19,2019,2,Overall,Overall,Overall,Overall,11.0,3.1,,
Ohio,FluSurv-NET,2018-19,2019,2,Overall,Overall,Overall,Overall,5.0,1.1,,
Oregon,FluSurv-NET,2018-19,2019,2,Overall,Overall,Overall,Overall,5.0,1.2,,
Tennessee,FluSurv-NET,2018-19,2019,2,Overall,Overall,Overall,Overall,15.0,2.2,,
Utah,FluSurv-NET,2018-19,2019,2,Overall,Overall,Overall,Overall,10.0,3.3,,
California,FluSurv-NET,2018-19,2019,3,Overall,Overall,Overall,Overall,16.0,2.6,,
Colorado,FluSurv-NET,2018-19,2019,3,Overall,Overall,Overall,Overall,31.0,2.6,,
Connecticut,FluSurv-NET,2018-19,2019,3,Overall,Overall,Overall,Overall,27.0,5.8,,
Entire Network,FluSurv-NET,2018-19,2019,3,0-4 yr,Overall,Overall,Overall,27.0,2.5,,
Entire Network,FluSurv-NET,2018-19,2019,3,0-<1 yr,Overall,Overall,Overall,48.0,4.4,,
Entire Network,FluSurv-NET,2018-19,2019,3,1-4 yr,Overall,Overall,Overall,22.0,2.1,,
Entire Network,FluSurv-NET,2018-19,2019,3,12-17 yr,Overall,Overall,Overall,3.0,0.3,,
Entire Network,FluSurv-NET,2018-19,2019,3,18-29 yr,Overall,Overall,Overall,6.0,0.6,,
Entire Network,FluSurv-NET,2018-19,2019,3,18-49 yr,Overall,Overall,Overall,8.0,0.9,,
Entire Network,FluSurv-NET,2018-19,2019,3,30-39 yr,Overall,Overall,Overall,8.0,0.8,,
Entire Network,FluSurv-NET,2018-19,2019,3,40-49 yr,Overall,Overall,Overall,10.0,1.5,,
Entire Network,FluSurv-NET,2018-19,2019,3,5-11 yr,Overall,Overall,Overall,8.0,1.3,,
Entire Network,FluSurv-NET,2018-19,2019,3,5-17 yr,Overall,Overall,Overall,6.0,0.8,,
Entire Network,FluSurv-NET,2018-19,2019,3,50-64 yr,Overall,Overall,Overall,22.0,3.5,,
Entire Network,FluSurv-NET,2018-19,2019,3,65-74 yr,Overall,Overall,Overall,33.0,4.9,,
Entire Network,FluSurv-NET,2018-19,2019,3,75-84 yr,Overall,Overall,Overall,49.0,6.1,,
Entire Network,FluSurv-NET,2018-19,2019,3,>= 65 yr,Overall,Overall,Overall,42.0,5.5,,
Entire Network,FluSurv-NET,2018-19,2019,3,>= 75,Overall,Overall,Overall,56.0,6.5,,
Entire Network,FluSurv-NET,2018-19,2019,3,>= 85,Overall,Overall,Overall,73.0,7.5,,
Entire Network,FluSurv-NET,2018-19,2019,3,Adults,Overall,Overall,Overall,18.0,2.4,,
Entire Network,FluSurv-NET,2018-19,2019,3,Overall,Female,Overall,Overall,17.0,2.1,,
Entire Network,FluSurv-NET,2018-19,2019,3,Overall,Male,Overall,Overall,16.0,2.2,,
Entire Network,FluSurv-NET,2018-19,2019,3,Overall,Overall,"American Indian/Alaska Native, NH",Overall,34.0,3.4,35.24779540698631,3.4228239748393756
Entire Network,FluSurv-NET,2018-19,2019,3,Overall,Overall,"Asian/Pacific Islander, NH",Overall,9.0,1.3,10.314458947869305,1.4033653432294129
Entire Network,FluSurv-NET,2018-19,2019,3,Overall,Overall,"Black, NH",Overall,24.0,2.6,25.920245278642646,2.8715950357961724
Entire Network,FluSurv-NET,2018-19,2019,3,Overall,Overall,Hispanic,Overall,19.0,2.5,22.71986353911513,3.1434386159761996
Entire Network,FluSurv-NET,2018-19,2019,3,Overall,Overall,Overall,Overall,16.0,2.1,,
Entire Network,FluSurv-NET,2018-19,2019,3,Overall,Overall,"White, NH",Overall,13.0,1.9,11.742631086677818,1.7102962403981734
Entire Network,FluSurv-NET,2018-19,2019,3,Pediatrics,Overall,Overall,Overall,12.0,1.3,,
Georgia,FluSurv-NET,2018-19,2019,3,Overall,Overall,Overall,Overall,24.0,1.2,,
Maryland,FluSurv-NET,2018-19,2019,3,Overall,Overall,Overall,Overall,7.0,1.4,,
Michigan,FluSurv-NET,2018-19,2019,3,Overall,Overall,Overall,Overall,15.0,3.0,,
Minnesota,FluSurv-NET,2018-19,2019,3,Overall,Overall,Overall,Overall,6.0,0.7,,
New Mexico,FluSurv-NET,2018-19,2019,3,Overall,Overall,Overall,Overall,34.0,4.7,,
New York,FluSurv-NET,2018-19,2019,3,Overall,Overall,Overall,Overall,14.0,3.2,,
Ohio,FluSurv-NET,2018-19,2019,3,Overall,Overall,Overall,Overall,6.0,1.1,,
Oregon,FluSurv-NET,2018-19,2019,3,Overall,Overall,Overall,Overall,6.0,0.9,,
Tennessee,FluSurv-NET,2018-19,2019,3,Overall,Overall,Overall,Overall,17.0,1.4,,
Utah,FluSurv-NET,2018-19,2019,3,Overall,Overall,Overall,Overall,14.0,4.3,,
California,FluSurv-NET,2018-19,2019,4,Overall,Overall,Overall,Overall,18.0,2.2,,
Colorado,FluSurv-NET,2018-19,2019,4,Overall,Overall,Overall,Overall,34.0,2.3,,
Connecticut,FluSurv-NET,2018-19,2019,4,Overall,Overall,Overall,Overall,32.0,5.5,,
Entire Network,FluSurv-NET,2018-19,2019,4,0-4 yr,Overall,Overall,Overall,31.0,3.1,,
Entire Network,FluSurv-NET,2018-19,2019,4,0-<1 yr,Overall,Overall,Overall,54.0,6.4,,
Entire Network,FluSurv-NET,2018-19,2019,4,1-4 yr,Overall,Overall,Overall,25.0,2.3,,
Entire Network,FluSurv-NET,2018-19,2019,4,12-17 yr,Overall,Overall,Overall,4.0,0.5,,
Entire Network,FluSurv-NET,2018-19,2019,4,18-29 yr,Overall,Overall,Overall,7.0,0.8,,
Entire Network,FluSurv-NET,2018-19,2019,4,18-49 yr,Overall,Overall,Overall,9.0,1.2,,
Entire Network,FluSurv-NET,2018-19,2019,4,30-39 yr,Overall,Overall,Overall,9.0,1.3,,
Entire Network,FluSurv-NET,2018-19,2019,4,40-49 yr,Overall,Overall,Overall,12.0,1.7,,
Entire Network,FluSurv-NET,2018-19,2019,4,5-11 yr,Overall,Overall,Overall,10.0,1.4,,
Entire Network,FluSurv-NET,2018-19,2019,4,5-17 yr,Overall,Overall,Overall,7.0,1.0,,
Entire Network,FluSurv-NET,2018-19,2019,4,50-64 yr,Overall,Overall,Overall,25.0,3.0,,
Entire Network,FluSurv-NET,2018-19,2019,4,65-74 yr,Overall,Overall,Overall,37.0,4.4,,
Entire Network,FluSurv-NET,2018-19,2019,4,75-84 yr,Overall,Overall,Overall,57.0,7.9,,
Entire Network,FluSurv-NET,2018-19,2019,4,>= 65 yr,Overall,Overall,Overall,48.0,6.1,,
Entire Network,FluSurv-NET,2018-19,2019,4,>= 75,Overall,Overall,Overall,65.0,8.5,,
Entire Network,FluSurv-NET,2018-19,2019,4,>= 85,Overall,Overall,Overall,83.0,9.9,,
Entire Network,FluSurv-NET,2018-19,2019,4,Adults,Overall,Overall,Overall,20.0,2.5,,
Entire Network,FluSurv-NET,2018-19,2019,4,Overall,Female,Overall,Overall,20.0,2.5,,
Entire Network,FluSurv-NET,2018-19,2019,4,Overall,Male,Overall,Overall,18.0,2.2,,
Entire Network,FluSurv-NET,2018-19,2019,4,Overall,Overall,"American Indian/Alaska Native, NH",Overall,37.0,2.9,38.351424368970065,3.103628961983755
Entire Network,FluSurv-NET,2018-19,2019,4,Overall,Overall,"Asian/Pacific Islander, NH",Overall,11.0,1.6,12.207650882962442,1.893191935093138
Entire Network,FluSurv-NET,2018-19,2019,4,Overall,Overall,"Black, NH",Overall,26.0,2.6,28.78282084451671,2.8625755658740637
Entire Network,FluSurv-NET,2018-19,2019,4,Overall,Overall,Hispanic,Overall,21.0,2.3,25.620633551864447,2.900770012749317
Entire Network,FluSurv-NET,2018-19,2019,4,Overall,Overall,Overall,Overall,19.0,2.3,,
Entire Network,FluSurv-NET,2018-19,2019,4,Overall,Overall,"White, NH",Overall,15.0,2.1,13.685084949902901,1.9424538632250838
Entire Network,FluSurv-NET,2018-19,2019,4,Pediatrics,Overall,Overall,Overall,13.0,1.5,,
Georgia,FluSurv-NET,2018-19,2019,4,Overall,Overall,Overall,Overall,25.0,1.1,,
Maryland,FluSurv-NET,2018-19,2019,4,Overall,Overall,Overall,Overall,9.0,1.9,,
Michigan,FluSurv-NET,2018-19,2019,4,Overall,Overall,Overall,Overall,18.0,3.2,,
Minnesota,FluSurv-NET,2018-19,2019,4,Overall,Overall,Overall,Overall,7.0,1.3,,
New Mexico,FluSurv-NET,2018-19,2019,4,Overall,Overall,Overall,Overall,39.0,4.2,,
New York,FluSurv-NET,2018-19,2019,4,Overall,Overall,Overall,Overall,18.0,3.6,,
Ohio,FluSurv-NET,2018-19,2019,4,Overall,Overall,Overall,Overall,7.0,1.1,,
Oregon,FluSurv-NET,2018-19,2019,4,Overall,Overall,Overall,Overall,8.0,1.9,,
Tennessee,FluSurv-NET,2018-19,2019,4,Overall,Overall,Overall,Overall,20.0,2.7,,
Utah,FluSurv-NET,2018-19,2019,4,Overall,Overall,Overall,Overall,19.0,5.1,,
California,FluSurv-NET,2018-19,2019,5,Overall,Overall,Overall,Overall,21.0,2.5,,
Colorado,FluSurv-NET,2018-19,2019,5,Overall,Overall,Overall,Overall,36.0,1.9,,
Connecticut,FluSurv-NET,2018-19,2019,5,Overall,Overall,Overall,Overall,42.0,9.4,,
Entire Network,FluSurv-NET,2018-19,2019,5,0-4 yr,Overall,Overall,Overall,35.0,4.1,,
Entire Network,FluSurv-NET,2018-19,2019,5,0-<1 yr,Overall,Overall,Overall,61.0,6.1,,
Entire Network,FluSurv-NET,2018-19,2019,5,1-4 yr,Overall,Overall,Overall,28.0,3.6,,
Entire Network,FluSurv-NET,2018-19,2019,5,12-17 yr,Overall,Overall,Overall,4.0,0.6,,
Entire Network,FluSurv-NET,2018-19,2019,5,18-29 yr,Overall,Overall,Overall,7.0,0.8,,
Entire Network,FluSurv-NET,2018-19,2019,5,18-49 yr,Overall,Overall,Overall,10.0,1.1,,
Entire Network,FluSurv-NET,2018-19,2019,5,30-39 yr,Overall,Overall,Overall,10.0,1.1,,
Entire Network,FluSurv-NET,2018-19,2019,5,40-49 yr,Overall,Overall,Overall,14.0,1.5,,
Entire Network,FluSurv-NET,2018-19,2019,5,5-11 yr,Overall,Overall,Overall,12.0,1.7,,
Entire Network,FluSurv-NET,2018-19,2019,5,5-17 yr,Overall,Overall,Overall,8.0,1.2,,
Entire Network,FluSurv-NET,2018-19,2019,5,50-64 yr,Overall,Overall,Overall,30.0,4.4,,
Entire Network,FluSurv-NET,2018-19,2019,5,65-74 yr,Overall,Overall,Overall,43.0,6.2,,
Entire Network,FluSurv-NET,2018-19,2019,5,75-84 yr,Overall,Overall,Overall,68.0,11.2,,
Entire Network,FluSurv-NET,2018-19,2019,5,>= 65 yr,Overall,Overall,Overall,57.0,8.5,,
Entire Network,FluSurv-NET,2018-19,2019,5,>= 75,Overall,Overall,Overall,77.0,11.8,,
Entire Network,FluSurv-NET,2018-19,2019,5,>= 85,Overall,Overall,Overall,96.0,13.3,,
Entire Network,FluSurv-NET,2018-19,2019,5,Adults,Overall,Overall,Overall,23.0,3.2,,
Entire Network,FluSurv-NET,2018-19,2019,5,Overall,Female,Overall,Overall,22.0,2.8,,
Entire Network,FluSurv-NET,2018-19,2019,5,Overall,Male,Overall,Overall,21.0,3.1,,
Entire Network,FluSurv-NET,2018-19,2019,5,Overall,Overall,"American Indian/Alaska Native, NH",Overall,41.0,3.9,42.36011733199575,4.008692963025684
Entire Network,FluSurv-NET,2018-19,2019,5,Overall,Overall,"Asian/Pacific Islander, NH",Overall,12.0,1.5,13.886965377856562,1.6793144948941183
Entire Network,FluSurv-NET,2018-19,2019,5,Overall,Overall,"Black, NH",Overall,30.0,3.6,32.79659989786897,4.013779053352257
Entire Network,FluSurv-NET,2018-19,2019,5,Overall,Overall,Hispanic,Overall,23.0,2.2,28.312690266584557,2.692056714720112
Entire Network,FluSurv-NET,2018-19,2019,5,Overall,Overall,Overall,Overall,22.0,3.0,,
Entire Network,FluSurv-NET,2018-19,2019,5,Overall,Overall,"White, NH",Overall,18.0,2.9,16.29941898709091,2.6143340371880095
Entire Network,FluSurv-NET,2018-19,2019,5,Pediatrics,Overall,Overall,Overall,15.0,2.0,,
Georgia,FluSurv-NET,2018-19,2019,5,Overall,Overall,Overall,Overall,26.0,1.2,,
Maryland,FluSurv-NET,2018-19,2019,5,Overall,Overall,Overall,Overall,12.0,3.2,,
Michigan,FluSurv-NET,2018-19,2019,5,Overall,Overall,Overall,Overall,22.0,3.4,,
Minnesota,FluSurv-NET,2018-19,2019,5,Overall,Overall,Overall,Overall,9.0,2.1,,
New Mexico,FluSurv-NET,2018-19,2019,5,Overall,Overall,Overall,Overall,42.0,3.9,,
New York,FluSurv-NET,2018-19,2019,5,Overall,Overall,Overall,Overall,23.0,5.1,,
Ohio,FluSurv-NET,2018-19,2019,5,Overall,Overall,Overall,Overall,9.0,2.1,,
Oregon,FluSurv-NET,2018-19,2019,5,Overall,Overall,Overall,Overall,10.0,2.2,,
Tennessee,FluSurv-NET,2018-19,2019,5,Overall,Overall,Overall,Overall,23.0,3.7,,
Utah,FluSurv-NET,2018-19,2019,5,Overall,Overall,Overall,Overall,25.0,5.6,,
California,FluSurv-NET,2018-19,2019,6,Overall,Overall,Overall,Overall,23.0,2.2,,
Colorado,FluSurv-NET,2018-19,2019,6,Overall,Overall,Overall,Overall,38.0,2.5,,
Connecticut,FluSurv-NET,2018-19,2019,6,Overall,Overall,Overall,Overall,52.0,10.3,,
Entire Network,FluSurv-NET,2018-19,2019,6,0-4 yr,Overall,Overall,Overall,38.0,3.1,,
Entire Network,FluSurv-NET,2018-19,2019,6,0-<1 yr,Overall,Overall,Overall,66.0,4.9,,
Entire Network,FluSurv-NET,2018-19,2019,6,1-4 yr,Overall,Overall,Overall,31.0,2.6,,
Entire Network,FluSurv-NET,2018-19,2019,6,12-17 yr,Overall,Overall,Overall,5.0,0.7,,
Entire Network,FluSurv-NET,2018-19,2019,6,18-29 yr,Overall,Overall,Overall,8.0,0.8,,
Entire Network,FluSurv-NET,2018-19,2019,6,18-49 yr,Overall,Overall,Overall,12.0,1.4,,
Entire Network,FluSurv-NET,2018-19,2019,6,30-39 yr,Overall,Overall,Overall,11.0,1.4,,
Entire Network,FluSurv-NET,2018-19,2019,6,40-49 yr,Overall,Overall,Overall,16.0,2.2,,
Entire Network,FluSurv-NET,2018-19,2019,6,5-11 yr,Overall,Overall,Overall,13.0,1.7,,
Entire Network,FluSurv-NET,2018-19,2019,6,5-17 yr,Overall,Overall,Overall,9.0,1.2,,
Entire Network,FluSurv-NET,2018-19,2019,6,50-64 yr,Overall,Overall,Overall,35.0,4.8,,
Entire Network,FluSurv-NET,2018-19,2019,6,65-74 yr,Overall,Overall,Overall,52.0,8.5,,
Entire Network,FluSurv-NET,2018-19,2019,6,75-84 yr,Overall,Overall,Overall,82.0,14.0,,
Entire Network,FluSurv-NET,2018-19,2019,6,>= 65 yr,Overall,Overall,Overall,68.0,11.0,,
Entire Network,FluSurv-NET,2018-19,2019,6,>= 75,Overall,Overall,Overall,91.0,14.8,,
Entire Network,FluSurv-NET,2018-19,2019,6,>= 85,Overall,Overall,Overall,113.0,16.7,,
Entire Network,FluSurv-NET,2018-19,2019,6,Adults,Overall,Overall,Overall,27.0,4.0,,
Entire Network,FluSurv-NET,2018-19,2019,6,Overall,Female,Overall,Overall,26.0,3.6,,
Entire Network,FluSurv-NET,2018-19,2019,6,Overall,Male,Overall,Overall,24.0,3.3,,
Entire Network,FluSurv-NET,2018-19,2019,6,Overall,Overall,"American Indian/Alaska Native, NH",Overall,46.0,5.4,48.328481281178796,5.968363949183044
Entire Network,FluSurv-NET,2018-19,2019,6,Overall,Overall,"Asian/Pacific Islander, NH",Overall,13.0,1.1,15.200445102348564,1.3134797244920062
Entire Network,FluSurv-NET,2018-19,2019,6,Overall,Overall,"Black, NH",Overall,34.0,4.8,38.37040958960596,5.57380969173699
Entire Network,FluSurv-NET,2018-19,2019,6,Overall,Overall,Hispanic,Overall,26.0,2.6,31.517463046803243,3.2047727802186836
Entire Network,FluSurv-NET,2018-19,2019,6,Overall,Overall,Overall,Overall,25.0,3.5,,
Entire Network,FluSurv-NET,2018-19,2019,6,Overall,Overall,"White, NH",Overall,21.0,3.3,19.220704964617294,2.9212859775263804
Entire Network,FluSurv-NET,2018-19,2019,6,Pediatrics,Overall,Overall,Overall,17.0,1.7,,
Georgia,FluSurv-NET,2018-19,2019,6,Overall,Overall,Overall,Overall,28.0,1.8,,
Maryland,FluSurv-NET,2018-19,2019,6,Overall,Overall,Overall,Overall,17.0,4.5,,
Michigan,FluSurv-NET,2018-19,2019,6,Overall,Overall,Overall,Overall,24.0,2.1,,
Minnesota,FluSurv-NET,2018-19,2019,6,Overall,Overall,Overall,Overall,11.0,1.8,,
New Mexico,FluSurv-NET,2018-19,2019,6,Overall,Overall,Overall,Overall,47.0,4.7,,
New York,FluSurv-NET,2018-19,2019,6,Overall,Overall,Overall,Overall,29.0,6.6,,
Ohio,FluSurv-NET,2018-19,2019,6,Overall,Overall,Overall,Overall,11.0,1.9,,
Oregon,FluSurv-NET,2018-19,2019,6,Overall,Overall,Overall,Overall,14.0,3.3,,
Tennessee,FluSurv-NET,2018-19,2019,6,Overall,Overall,Overall,Overall,29.0,5.7,,
Utah,FluSurv-NET,2018-19,2019,6,Overall,Overall,Overall,Overall,31.0,5.7,,
California,FluSurv-NET,2018-19,2019,7,Overall,Overall,Overall,Overall,26.0,3.1,,
Colorado,FluSurv-NET,2018-19,2019,7,Overall,Overall,Overall,Overall,41.0,2.7,,
Connecticut,FluSurv-NET,2018-19,2019,7,Overall,Overall,Overall,Overall,60.0,8.3,,
Entire Network,FluSurv-NET,2018-19,2019,7,0-4 yr,Overall,Overall,Overall,42.0,4.0,,
Entire Network,FluSurv-NET,2018-19,2019,7,0-<1 yr,Overall,Overall,Overall,73.0,7.9,,
Entire Network,FluSurv-NET,2018-19,2019,7,1-4 yr,Overall,Overall,Overall,34.0,3.1,,
Entire Network,FluSurv-NET,2018-19,2019,7,12-17 yr,Overall,Overall,Overall,6.0,1.0,,
Entire Network,FluSurv-NET,2018-19,2019,7,18-29 yr,Overall,Overall,Overall,9.0,1.0,,
Entire Network,FluSurv-NET,2018-19,2019,7,18-49 yr,Overall,Overall,Overall,13.0,1.4,,
Entire Network,FluSurv-NET,2018-19,2019,7,30-39 yr,Overall,Overall,Overall,13.0,1.3,,
Entire Network,FluSurv-NET,2018-19,2019,7,40-49 yr,Overall,Overall,Overall,18.0,2.0,,
Entire Network,FluSurv-NET,2018-19,2019,7,5-11 yr,Overall,Overall,Overall,15.0,1.9,,
Entire Network,FluSurv-NET,2018-19,2019,7,5-17 yr,Overall,Overall,Overall,11.0,1.4,,
Entire Network,FluSurv-NET,2018-19,2019,7,50-64 yr,Overall,Overall,Overall,40.0,5.2,,
Entire Network,FluSurv-NET,2018-19,2019,7,65-74 yr,Overall,Overall,Overall,61.0,8.8,,
Entire Network,FluSurv-NET,2018-19,2019,7,75-84 yr,Overall,Overall,Overall,97.0,14.9,,
Entire Network,FluSurv-NET,2018-19,2019,7,>= 65 yr,Overall,Overall,Overall,80.0,12.5,,
Entire Network,FluSurv-NET,2018-19,2019,7,>= 75,Overall,Overall,Overall,109.0,18.1,,
Entire Network,FluSurv-NET,2018-19,2019,7,>= 85,Overall,Overall,Overall,138.0,25.2,,
Entire Network,FluSurv-NET,2018-19,2019,7,Adults,Overall,Overall,Overall,32.0,4.3,,
Entire Network,FluSurv-NET,2018-19,2019,7,Overall,Female,Overall,Overall,30.0,4.1,,
Entire Network,FluSurv-NET,2018-19,2019,7,Overall,Male,Overall,Overall,28.0,3.6,,
Entire Network,FluSurv-NET,2018-19,2019,7,Overall,Overall,"American Indian/Alaska Native, NH",Overall,52.0,5.4,54.182827806758205,5.854346525579407
Entire Network,FluSurv-NET,2018-19,2019,7,Overall,Overall,"Asian/Pacific Islander, NH",Overall,16.0,2.3,17.832883946861312,2.632438844512744
Entire Network,FluSurv-NET,2018-19,2019,7,Overall,Overall,"Black, NH",Overall,39.0,4.8,43.82783891121666,5.457429321610698
Entire Network,FluSurv-NET,2018-19,2019,7,Overall,Overall,Hispanic,Overall,28.0,2.4,34.49672173934027,2.9792586925370275
Entire Network,FluSurv-NET,2018-19,2019,7,Overall,Overall,Overall,Overall,29.0,3.8,,
Entire Network,FluSurv-NET,2018-19,2019,7,Overall,Overall,"White, NH",Overall,25.0,3.8,22.587112777752374,3.366407813135084
Entire Network,FluSurv-NET,2018-19,2019,7,Pediatrics,Overall,Overall,Overall,19.0,2.1,,
Georgia,FluSurv-NET,2018-19,2019,7,Overall,Overall,Overall,Overall,29.0,1.8,,
Maryland,FluSurv-NET,2018-19,2019,7,Overall,Overall,Overall,Overall,21.0,4.5,,
Michigan,FluSurv-NET,2018-19,2019,7,Overall,Overall,Overall,Overall,26.0,2.6,,
Minnesota,FluSurv-NET,2018-19,2019,7,Overall,Overall,Overall,Overall,13.0,2.3,,
New Mexico,FluSurv-NET,2018-19,2019,7,Overall,Overall,Overall,Overall,51.0,3.5,,
New York,FluSurv-NET,2018-19,2019,7,Overall,Overall,Overall,Overall,38.0,8.6,,
Ohio,FluSurv-NET,2018-19,2019,7,Overall,Overall,Overall,Overall,14.0,3.0,,
Oregon,FluSurv-NET,2018-19,2019,7,Overall,Overall,Overall,Overall,19.0,5.3,,
Tennessee,FluSurv-NET,2018-19,2019,7,Overall,Overall,Overall,Overall,34.0,4.6,,
Utah,FluSurv-NET,2018-19,2019,7,Overall,Overall,Overall,Overall,37.0,6.1,,
California,FluSurv-NET,2018-19,2019,8,Overall,Overall,Overall,Overall,30.0,4.0,,
Colorado,FluSurv-NET,2018-19,2019,8,Overall,Overall,Overall,Overall,45.0,3.8,,
Connecticut,FluSurv-NET,2018-19,2019,8,Overall,Overall,Overall,Overall,67.0,7.2,,
Entire Network,FluSurv-NET,2018-19,2019,8,0-4 yr,Overall,Overall,Overall,46.0,4.6,,
Entire Network,FluSurv-NET,2018-19,2019,8,0-<1 yr,Overall,Overall,Overall,81.0,7.9,,
Entire Network,FluSurv-NET,2018-19,2019,8,1-4 yr,Overall,Overall,Overall,38.0,3.8,,
Entire Network,FluSurv-NET,2018-19,2019,8,12-17 yr,Overall,Overall,Overall,7.0,1.1,,
Entire Network,FluSurv-NET,2018-19,2019,8,18-29 yr,Overall,Overall,Overall,10.0,0.9,,
Entire Network,FluSurv-NET,2018-19,2019,8,18-49 yr,Overall,Overall,Overall,15.0,1.8,,
Entire Network,FluSurv-NET,2018-19,2019,8,30-39 yr,Overall,Overall,Overall,15.0,1.9,,
Entire Network,FluSurv-NET,2018-19,2019,8,40-49 yr,Overall,Overall,Overall,21.0,2.9,,
Entire Network,FluSurv-NET,2018-19,2019,8,5-11 yr,Overall,Overall,Overall,17.0,1.9,,
Entire Network,FluSurv-NET,2018-19,2019,8,5-17 yr,Overall,Overall,Overall,12.0,1.5,,
Entire Network,FluSurv-NET,2018-19,2019,8,50-64 yr,Overall,Overall,Overall,45.0,5.4,,
Entire Network,FluSurv-NET,2018-19,2019,8,65-74 yr,Overall,Overall,Overall,72.0,11.0,,
Entire Network,FluSurv-NET,2018-19,2019,8,75-84 yr,Overall,Overall,Overall,117.0,19.6,,
Entire Network,FluSurv-NET,2018-19,2019,8,>= 65 yr,Overall,Overall,Overall,96.0,15.7,,
Entire Network,FluSurv-NET,2018-19,2019,8,>= 75,Overall,Overall,Overall,132.0,22.6,,
Entire Network,FluSurv-NET,2018-19,2019,8,>= 85,Overall,Overall,Overall,168.0,29.4,,
Entire Network,FluSurv-NET,2018-19,2019,8,Adults,Overall,Overall,Overall,37.0,5.2,,
Entire Network,FluSurv-NET,2018-19,2019,8,Overall,Female,Overall,Overall,35.0,4.8,,
Entire Network,FluSurv-NET,2018-19,2019,8,Overall,Male,Overall,Overall,32.0,4.4,,
Entire Network,FluSurv-NET,2018-19,2019,8,Overall,Overall,"American Indian/Alaska Native, NH",Overall,60.0,8.8,63.92199814116709,9.739170334408895
Entire Network,FluSurv-NET,2018-19,2019,8,Overall,Overall,"Asian/Pacific Islander, NH",Overall,18.0,2.2,20.313335444719005,2.4804514978576964
Entire Network,FluSurv-NET,2018-19,2019,8,Overall,Overall,"Black, NH",Overall,45.0,6.0,50.76808526875334,6.940246357536679
Entire Network,FluSurv-NET,2018-19,2019,8,Overall,Overall,Hispanic,Overall,31.0,2.7,37.98997251087806,3.4932507715377903
Entire Network,FluSurv-NET,2018-19,2019,8,Overall,Overall,Overall,Overall,34.0,4.6,,
Entire Network,FluSurv-NET,2018-19,2019,8,Overall,Overall,"White, NH",Overall,30.0,4.6,26.634040838583545,4.046928060831174
Entire Network,FluSurv-NET,2018-19,2019,8,Pediatrics,Overall,Overall,Overall,22.0,2.4,,
Georgia,FluSurv-NET,2018-19,2019,8,Overall,Overall,Overall,Overall,31.0,1.7,,
Maryland,FluSurv-NET,2018-19,2019,8,Overall,Overall,Overall,Overall,27.0,5.4,,
Michigan,FluSurv-NET,2018-19,2019,8,Overall,Overall,Overall,Overall,29.0,2.9,,
Minnesota,FluSurv-NET,2018-19,2019,8,Overall,Overall,Overall,Overall,17.0,3.9,,
New Mexico,FluSurv-NET,2018-19,2019,8,Overall,Overall,Overall,Overall,55.0,4.4,,
New York,FluSurv-NET,2018-19,2019,8,Overall,Overall,Overall,Overall,47.0,9.3,,
Ohio,FluSurv-NET,2018-19,2019,8,Overall,Overall,Overall,Overall,19.0,4.8,,
Oregon,FluSurv-NET,2018-19,2019,8,Overall,Overall,Overall,Overall,25.0,6.5,,
Tennessee,FluSurv-NET,2018-19,2019,8,Overall,Overall,Overall,Overall,38.0,4.4,,
Utah,FluSurv-NET,2018-19,2019,8,Overall,Overall,Overall,Overall,43.0,6.8,,
California,FluSurv-NET,2018-19,2019,9,Overall,Overall,Overall,Overall,36.0,5.5,,
Colorado,FluSurv-NET,2018-19,2019,9,Overall,Overall,Overall,Overall,49.0,4.4,,
Connecticut,FluSurv-NET,2018-19,2019,9,Overall,Overall,Overall,Overall,73.0,5.8,,
Entire Network,FluSurv-NET,2018-19,2019,9,0-4 yr,Overall,Overall,Overall,50.0,3.9,,
Entire Network,FluSurv-NET,2018-19,2019,9,0-<1 yr,Overall,Overall,Overall,91.0,9.9,,
Entire Network,FluSurv-NET,2018-19,2019,9,1-4 yr,Overall,Overall,Overall,40.0,2.5,,
Entire Network,FluSurv-NET,2018-19,2019,9,12-17 yr,Overall,Overall,Overall,8.0,0.8,,
Entire Network,FluSurv-NET,2018-19,2019,9,18-29 yr,Overall,Overall,Overall,12.0,1.4,,
Entire Network,FluSurv-NET,2018-19,2019,9,18-49 yr,Overall,Overall,Overall,16.0,1.5,,
Entire Network,FluSurv-NET,2018-19,2019,9,30-39 yr,Overall,Overall,Overall,16.0,1.4,,
Entire Network,FluSurv-NET,2018-19,2019,9,40-49 yr,Overall,Overall,Overall,22.0,1.8,,
Entire Network,FluSurv-NET,2018-19,2019,9,5-11 yr,Overall,Overall,Overall,19.0,1.8,,
Entire Network,FluSurv-NET,2018-19,2019,9,5-17 yr,Overall,Overall,Overall,14.0,1.3,,
Entire Network,FluSurv-NET,2018-19,2019,9,50-64 yr,Overall,Overall,Overall,51.0,5.5,,
Entire Network,FluSurv-NET,2018-19,2019,9,65-74 yr,Overall,Overall,Overall,83.0,11.2,,
Entire Network,FluSurv-NET,2018-19,2019,9,75-84 yr,Overall,Overall,Overall,139.0,22.7,,
Entire Network,FluSurv-NET,2018-19,2019,9,>= 65 yr,Overall,Overall,Overall,113.0,16.9,,
Entire Network,FluSurv-NET,2018-19,2019,9,>= 75,Overall,Overall,Overall,158.0,25.4,,
Entire Network,FluSurv-NET,2018-19,2019,9,>= 85,Overall,Overall,Overall,199.0,31.5,,
Entire Network,FluSurv-NET,2018-19,2019,9,Adults,Overall,Overall,Overall,42.0,5.3,,
Entire Network,FluSurv-NET,2018-19,2019,9,Overall,Female,Overall,Overall,39.0,4.6,,
Entire Network,FluSurv-NET,2018-19,2019,9,Overall,Male,Overall,Overall,37.0,4.6,,
Entire Network,FluSurv-NET,2018-19,2019,9,Overall,Overall,"American Indian/Alaska Native, NH",Overall,63.0,2.5,66.56640896285359,2.6444108216864968
Entire Network,FluSurv-NET,2018-19,2019,9,Overall,Overall,"Asian/Pacific Islander, NH",Overall,21.0,2.9,23.739628158883765,3.4262927141647572
Entire Network,FluSurv-NET,2018-19,2019,9,Overall,Overall,"Black, NH",Overall,51.0,5.3,56.84080997192916,6.072724703175815
Entire Network,FluSurv-NET,2018-19,2019,9,Overall,Overall,Hispanic,Overall,34.0,3.0,42.065301225979155,4.0753287151011
Entire Network,FluSurv-NET,2018-19,2019,9,Overall,Overall,Overall,Overall,38.0,4.6,,
Entire Network,FluSurv-NET,2018-19,2019,9,Overall,Overall,"White, NH",Overall,35.0,4.7,30.762325860185253,4.128285021601702
Entire Network,FluSurv-NET,2018-19,2019,9,Pediatrics,Overall,Overall,Overall,24.0,2.0,,
Georgia,FluSurv-NET,2018-19,2019,9,Overall,Overall,Overall,Overall,32.0,1.2,,
Maryland,FluSurv-NET,2018-19,2019,9,Overall,Overall,Overall,Overall,32.0,5.3,,
Michigan,FluSurv-NET,2018-19,2019,9,Overall,Overall,Overall,Overall,33.0,3.4,,
Minnesota,FluSurv-NET,2018-19,2019,9,Overall,Overall,Overall,Overall,20.0,3.0,,
New Mexico,FluSurv-NET,2018-19,2019,9,Overall,Overall,Overall,Overall,60.0,5.0,,
New York,FluSurv-NET,2018-19,2019,9,Overall,Overall,Overall,Overall,56.0,9.1,,
Ohio,FluSurv-NET,2018-19,2019,9,Overall,Overall,Overall,Overall,23.0,3.9,,
Oregon,FluSurv-NET,2018-19,2019,9,Overall,Overall,Overall,Overall,34.0,8.7,,
Tennessee,FluSurv-NET,2018-19,2019,9,Overall,Overall,Overall,Overall,41.0,2.6,,
Utah,FluSurv-NET,2018-19,2019,9,Overall,Overall,Overall,Overall,49.0,5.6,,
California,FluSurv-NET,2018-19,2019,10,Overall,Overall,Overall,Overall,40.0,4.6,,
Colorado,FluSurv-NET,2018-19,2019,10,Overall,Overall,Overall,Overall,55.0,5.5,,
Connecticut,FluSurv-NET,2018-19,2019,10,Overall,Overall,Overall,Overall,80.0,6.8,,
Entire Network,FluSurv-NET,2018-19,2019,10,0-4 yr,Overall,Overall,Overall,55.0,4.7,,
Entire Network,FluSurv-NET,2018-19,2019,10,0-<1 yr,Overall,Overall,Overall,100.0,8.7,,
Entire Network,FluSurv-NET,2018-19,2019,10,1-4 yr,Overall,Overall,Overall,44.0,3.7,,
Entire Network,FluSurv-NET,2018-19,2019,10,12-17 yr,Overall,Overall,Overall,9.0,0.9,,
Entire Network,FluSurv-NET,2018-19,2019,10,18-29 yr,Overall,Overall,Overall,13.0,1.2,,
Entire Network,FluSurv-NET,2018-19,2019,10,18-49 yr,Overall,Overall,Overall,18.0,1.8,,
Entire Network,FluSurv-NET,2018-19,2019,10,30-39 yr,Overall,Overall,Overall,18.0,2.0,,
Entire Network,FluSurv-NET,2018-19,2019,10,40-49 yr,Overall,Overall,Overall,25.0,2.4,,
Entire Network,FluSurv-NET,2018-19,2019,10,5-11 yr,Overall,Overall,Overall,20.0,1.7,,
Entire Network,FluSurv-NET,2018-19,2019,10,5-17 yr,Overall,Overall,Overall,15.0,1.3,,
Entire Network,FluSurv-NET,2018-19,2019,10,50-64 yr,Overall,Overall,Overall,57.0,6.3,,
Entire Network,FluSurv-NET,2018-19,2019,10,65-74 yr,Overall,Overall,Overall,96.0,13.6,,
Entire Network,FluSurv-NET,2018-19,2019,10,75-84 yr,Overall,Overall,Overall,163.0,23.9,,
Entire Network,FluSurv-NET,2018-19,2019,10,>= 65 yr,Overall,Overall,Overall,132.0,19.2,,
Entire Network,FluSurv-NET,2018-19,2019,10,>= 75,Overall,Overall,Overall,185.0,27.6,,
Entire Network,FluSurv-NET,2018-19,2019,10,>= 85,Overall,Overall,Overall,235.0,36.1,,
Entire Network,FluSurv-NET,2018-19,2019,10,Adults,Overall,Overall,Overall,48.0,6.1,,
Entire Network,FluSurv-NET,2018-19,2019,10,Overall,Female,Overall,Overall,45.0,5.2,,
Entire Network,FluSurv-NET,2018-19,2019,10,Overall,Male,Overall,Overall,42.0,5.3,,
Entire Network,FluSurv-NET,2018-19,2019,10,Overall,Overall,"American Indian/Alaska Native, NH",Overall,69.0,6.4,73.91818614333921,7.351777180485617
Entire Network,FluSurv-NET,2018-19,2019,10,Overall,Overall,"Asian/Pacific Islander, NH",Overall,24.0,2.8,26.96705283879319,3.227424679909428
Entire Network,FluSurv-NET,2018-19,2019,10,Overall,Overall,"Black, NH",Overall,57.0,6.5,64.41506820245849,7.574258230529335
Entire Network,FluSurv-NET,2018-19,2019,10,Overall,Overall,Hispanic,Overall,38.0,3.6,47.6568338183714,5.591532592392244
Entire Network,FluSurv-NET,2018-19,2019,10,Overall,Overall,Overall,Overall,43.0,5.2,,
Entire Network,FluSurv-NET,2018-19,2019,10,Overall,Overall,"White, NH",Overall,40.0,5.2,35.30115539921039,4.538829539025129
Entire Network,FluSurv-NET,2018-19,2019,10,Pediatrics,Overall,Overall,Overall,26.0,2.2,,
Georgia,FluSurv-NET,2018-19,2019,10,Overall,Overall,Overall,Overall,33.0,1.0,,
Maryland,FluSurv-NET,2018-19,2019,10,Overall,Overall,Overall,Overall,40.0,7.6,,
Michigan,FluSurv-NET,2018-19,2019,10,Overall,Overall,Overall,Overall,38.0,4.8,,
Minnesota,FluSurv-NET,2018-19,2019,10,Overall,Overall,Overall,Overall,25.0,4.5,,
New Mexico,FluSurv-NET,2018-19,2019,10,Overall,Overall,Overall,Overall,67.0,6.7,,
New York,FluSurv-NET,2018-19,2019,10,Overall,Overall,Overall,Overall,65.0,8.7,,
Ohio,FluSurv-NET,2018-19,2019,10,Overall,Overall,Overall,Overall,30.0,6.7,,
Oregon,FluSurv-NET,2018-19,2019,10,Overall,Overall,Overall,Overall,43.0,8.6,,
Tennessee,FluSurv-NET,2018-19,2019,10,Overall,Overall,Overall,Overall,44.0,3.2,,
Utah,FluSurv-NET,2018-19,2019,10,Overall,Overall,Overall,Overall,52.0,3.5,,
California,FluSurv-NET,2018-19,2019,11,Overall,Overall,Overall,Overall,44.0,3.6,,
Colorado,FluSurv-NET,2018-19,2019,11,Overall,Overall,Overall,Overall,59.0,4.2,,
Connecticut,FluSurv-NET,2018-19,2019,11,Overall,Overall,Overall,Overall,86.0,6.5,,
Entire Network,FluSurv-NET,2018-19,2019,11,0-4 yr,Overall,Overall,Overall,59.0,4.3,,
Entire Network,FluSurv-NET,2018-19,2019,11,0-<1 yr,Overall,Overall,Overall,108.0,8.1,,
Entire Network,FluSurv-NET,2018-19,2019,11,1-4 yr,Overall,Overall,Overall,47.0,3.4,,
Entire Network,FluSurv-NET,2018-19,2019,11,12-17 yr,Overall,Overall,Overall,10.0,1.0,,
Entire Network,FluSurv-NET,2018-19,2019,11,18-29 yr,Overall,Overall,Overall,14.0,1.2,,
Entire Network,FluSurv-NET,2018-19,2019,11,18-49 yr,Overall,Overall,Overall,20.0,1.8,,
Entire Network,FluSurv-NET,2018-19,2019,11,30-39 yr,Overall,Overall,Overall,20.0,1.9,,
Entire Network,FluSurv-NET,2018-19,2019,11,40-49 yr,Overall,Overall,Overall,27.0,2.3,,
Entire Network,FluSurv-NET,2018-19,2019,11,5-11 yr,Overall,Overall,Overall,22.0,1.6,,
Entire Network,FluSurv-NET,2018-19,2019,11,5-17 yr,Overall,Overall,Overall,16.0,1.3,,
Entire Network,FluSurv-NET,2018-19,2019,11,50-64 yr,Overall,Overall,Overall,64.0,6.6,,
Entire Network,FluSurv-NET,2018-19,2019,11,65-74 yr,Overall,Overall,Overall,110.0,14.0,,
Entire Network,FluSurv-NET,2018-19,2019,11,75-84 yr,Overall,Overall,Overall,190.0,27.0,,
Entire Network,FluSurv-NET,2018-19,2019,11,>= 65 yr,Overall,Overall,Overall,153.0,21.1,,
Entire Network,FluSurv-NET,2018-19,2019,11,>= 75,Overall,Overall,Overall,217.0,31.6,,
Entire Network,FluSurv-NET,2018-19,2019,11,>= 85,Overall,Overall,Overall,277.0,42.3,,
Entire Network,FluSurv-NET,2018-19,2019,11,Adults,Overall,Overall,Overall,55.0,6.5,,
Entire Network,FluSurv-NET,2018-19,2019,11,Overall,Female,Overall,Overall,50.0,5.8,,
Entire Network,FluSurv-NET,2018-19,2019,11,Overall,Male,Overall,Overall,47.0,5.2,,
Entire Network,FluSurv-NET,2018-19,2019,11,Overall,Overall,"American Indian/Alaska Native, NH",Overall,72.0,2.9,77.15615948997295,3.237973346633728
Entire Network,FluSurv-NET,2018-19,2019,11,Overall,Overall,"Asian/Pacific Islander, NH",Overall,26.0,2.5,29.958629256122077,2.9915764173288895
Entire Network,FluSurv-NET,2018-19,2019,11,Overall,Overall,"Black, NH",Overall,63.0,5.9,71.23462987807261,6.819561675614118
Entire Network,FluSurv-NET,2018-19,2019,11,Overall,Overall,Hispanic,Overall,41.0,3.0,51.874470785957826,4.217636967586421
Entire Network,FluSurv-NET,2018-19,2019,11,Overall,Overall,Overall,Overall,49.0,5.5,,
Entire Network,FluSurv-NET,2018-19,2019,11,Overall,Overall,"White, NH",Overall,46.0,5.9,40.4593975849241,5.158242185713718
Entire Network,FluSurv-NET,2018-19,2019,11,Pediatrics,Overall,Overall,Overall,28.0,2.2,,
Georgia,FluSurv-NET,2018-19,2019,11,Overall,Overall,Overall,Overall,35.0,1.3,,
Maryland,FluSurv-NET,2018-19,2019,11,Overall,Overall,Overall,Overall,47.0,7.5,,
Michigan,FluSurv-NET,2018-19,2019,11,Overall,Overall,Overall,Overall,46.0,8.3,,
Minnesota,FluSurv-NET,2018-19,2019,11,Overall,Overall,Overall,Overall,29.0,4.5,,
New Mexico,FluSurv-NET,2018-19,2019,11,Overall,Overall,Overall,Overall,73.0,6.3,,
New York,FluSurv-NET,2018-19,2019,11,Overall,Overall,Overall,Overall,76.0,10.5,,
Ohio,FluSurv-NET,2018-19,2019,11,Overall,Overall,Overall,Overall,37.0,7.5,,
Oregon,FluSurv-NET,2018-19,2019,11,Overall,Overall,Overall,Overall,54.0,11.0,,
Tennessee,FluSurv-NET,2018-19,2019,11,Overall,Overall,Overall,Overall,48.0,3.8,,
Utah,FluSurv-NET,2018-19,2019,11,Overall,Overall,Overall,Overall,56.0,3.5,,
California,FluSurv-NET,2018-19,2019,12,Overall,Overall,Overall,Overall,48.0,4.1,,
Colorado,FluSurv-NET,2018-19,2019,12,Overall,Overall,Overall,Overall,63.0,4.1,,
Connecticut,FluSurv-NET,2018-19,2019,12,Overall,Overall,Overall,Overall,91.0,4.8,,
Entire Network,FluSurv-NET,2018-19,2019,12,0-4 yr,Overall,Overall,Overall,63.0,3.4,,
Entire Network,FluSurv-NET,2018-19,2019,12,0-<1 yr,Overall,Overall,Overall,113.0,4.9,,
Entire Network,FluSurv-NET,2018-19,2019,12,1-4 yr,Overall,Overall,Overall,50.0,3.0,,
Entire Network,FluSurv-NET,2018-19,2019,12,12-17 yr,Overall,Overall,Overall,11.0,0.9,,
Entire Network,FluSurv-NET,2018-19,2019,12,18-29 yr,Overall,Overall,Overall,15.0,1.2,,
Entire Network,FluSurv-NET,2018-19,2019,12,18-49 yr,Overall,Overall,Overall,21.0,1.6,,
Entire Network,FluSurv-NET,2018-19,2019,12,30-39 yr,Overall,Overall,Overall,21.0,1.5,,
Entire Network,FluSurv-NET,2018-19,2019,12,40-49 yr,Overall,Overall,Overall,29.0,2.3,,
Entire Network,FluSurv-NET,2018-19,2019,12,5-11 yr,Overall,Overall,Overall,24.0,1.8,,
Entire Network,FluSurv-NET,2018-19,2019,12,5-17 yr,Overall,Overall,Overall,18.0,1.3,,
Entire Network,FluSurv-NET,2018-19,2019,12,50-64 yr,Overall,Overall,Overall,69.0,5.4,,
Entire Network,FluSurv-NET,2018-19,2019,12,65-74 yr,Overall,Overall,Overall,122.0,12.0,,
Entire Network,FluSurv-NET,2018-19,2019,12,75-84 yr,Overall,Overall,Overall,213.0,23.1,,
Entire Network,FluSurv-NET,2018-19,2019,12,>= 65 yr,Overall,Overall,Overall,172.0,18.7,,
Entire Network,FluSurv-NET,2018-19,2019,12,>= 75,Overall,Overall,Overall,246.0,28.7,,
Entire Network,FluSurv-NET,2018-19,2019,12,>= 85,Overall,Overall,Overall,319.0,41.7,,
Entire Network,FluSurv-NET,2018-19,2019,12,Adults,Overall,Overall,Overall,60.0,5.7,,
Entire Network,FluSurv-NET,2018-19,2019,12,Overall,Female,Overall,Overall,56.0,5.2,,
Entire Network,FluSurv-NET,2018-19,2019,12,Overall,Male,Overall,Overall,52.0,4.4,,
Entire Network,FluSurv-NET,2018-19,2019,12,Overall,Overall,"American Indian/Alaska Native, NH",Overall,78.0,5.9,84.37820595391264,7.222046463939695
Entire Network,FluSurv-NET,2018-19,2019,12,Overall,Overall,"Asian/Pacific Islander, NH",Overall,28.0,2.2,32.55466411035642,2.5960348542343383
Entire Network,FluSurv-NET,2018-19,2019,12,Overall,Overall,"Black, NH",Overall,68.0,5.3,77.30565840177073,6.071028523698125
Entire Network,FluSurv-NET,2018-19,2019,12,Overall,Overall,Hispanic,Overall,44.0,3.3,56.78266700629766,4.908196220339834
Entire Network,FluSurv-NET,2018-19,2019,12,Overall,Overall,Overall,Overall,54.0,4.8,,
Entire Network,FluSurv-NET,2018-19,2019,12,Overall,Overall,"White, NH",Overall,51.0,5.1,44.89615129328039,4.436753708356289
Entire Network,FluSurv-NET,2018-19,2019,12,Pediatrics,Overall,Overall,Overall,30.0,1.9,,
Georgia,FluSurv-NET,2018-19,2019,12,Overall,Overall,Overall,Overall,36.0,1.2,,
Maryland,FluSurv-NET,2018-19,2019,12,Overall,Overall,Overall,Overall,53.0,5.8,,
Michigan,FluSurv-NET,2018-19,2019,12,Overall,Overall,Overall,Overall,55.0,8.8,,
Minnesota,FluSurv-NET,2018-19,2019,12,Overall,Overall,Overall,Overall,32.0,3.1,,
New Mexico,FluSurv-NET,2018-19,2019,12,Overall,Overall,Overall,Overall,78.0,4.7,,
New York,FluSurv-NET,2018-19,2019,12,Overall,Overall,Overall,Overall,86.0,10.9,,
Ohio,FluSurv-NET,2018-19,2019,12,Overall,Overall,Overall,Overall,43.0,5.6,,
Oregon,FluSurv-NET,2018-19,2019,12,Overall,Overall,Overall,Overall,63.0,9.4,,
Tennessee,FluSurv-NET,2018-19,2019,12,Overall,Overall,Overall,Overall,50.0,2.4,,
Utah,FluSurv-NET,2018-19,2019,12,Overall,Overall,Overall,Overall,60.0,3.8,,
California,FluSurv-NET,2018-19,2019,13,Overall,Overall,Overall,Overall,51.0,2.8,,
Colorado,FluSurv-NET,2018-19,2019,13,Overall,Overall,Overall,Overall,65.0,2.4,,
Connecticut,FluSurv-NET,2018-19,2019,13,Overall,Overall,Overall,Overall,98.0,7.1,,
Entire Network,FluSurv-NET,2018-19,2019,13,0-4 yr,Overall,Overall,Overall,65.0,2.7,,
Entire Network,FluSurv-NET,2018-19,2019,13,0-<1 yr,Overall,Overall,Overall,118.0,4.9,,
Entire Network,FluSurv-NET,2018-19,2019,13,1-4 yr,Overall,Overall,Overall,53.0,2.1,,
Entire Network,FluSurv-NET,2018-19,2019,13,12-17 yr,Overall,Overall,Overall,11.0,0.5,,
Entire Network,FluSurv-NET,2018-19,2019,13,18-29 yr,Overall,Overall,Overall,16.0,0.9,,
Entire Network,FluSurv-NET,2018-19,2019,13,18-49 yr,Overall,Overall,Overall,23.0,1.1,,
Entire Network,FluSurv-NET,2018-19,2019,13,30-39 yr,Overall,Overall,Overall,23.0,1.1,,
Entire Network,FluSurv-NET,2018-19,2019,13,40-49 yr,Overall,Overall,Overall,31.0,1.4,,
Entire Network,FluSurv-NET,2018-19,2019,13,5-11 yr,Overall,Overall,Overall,25.0,1.2,,
Entire Network,FluSurv-NET,2018-19,2019,13,5-17 yr,Overall,Overall,Overall,18.0,0.8,,
Entire Network,FluSurv-NET,2018-19,2019,13,50-64 yr,Overall,Overall,Overall,73.0,4.0,,
Entire Network,FluSurv-NET,2018-19,2019,13,65-74 yr,Overall,Overall,Overall,131.0,8.7,,
Entire Network,FluSurv-NET,2018-19,2019,13,75-84 yr,Overall,Overall,Overall,231.0,18.1,,
Entire Network,FluSurv-NET,2018-19,2019,13,>= 65 yr,Overall,Overall,Overall,186.0,14.2,,
Entire Network,FluSurv-NET,2018-19,2019,13,>= 75,Overall,Overall,Overall,268.0,22.6,,
Entire Network,FluSurv-NET,2018-19,2019,13,>= 85,Overall,Overall,Overall,352.0,32.9,,
Entire Network,FluSurv-NET,2018-19,2019,13,Adults,Overall,Overall,Overall,65.0,4.2,,
Entire Network,FluSurv-NET,2018-19,2019,13,Overall,Female,Overall,Overall,60.0,3.9,,
Entire Network,FluSurv-NET,2018-19,2019,13,Overall,Male,Overall,Overall,55.0,3.2,,
Entire Network,FluSurv-NET,2018-19,2019,13,Overall,Overall,"American Indian/Alaska Native, NH",Overall,81.0,2.5,86.95101667127354,2.572810717360896
Entire Network,FluSurv-NET,2018-19,2019,13,Overall,Overall,"Asian/Pacific Islander, NH",Overall,29.0,1.1,33.87825694670123,1.323592836344807
Entire Network,FluSurv-NET,2018-19,2019,13,Overall,Overall,"Black, NH",Overall,73.0,4.7,82.88899589320822,5.583337491437493
Entire Network,FluSurv-NET,2018-19,2019,13,Overall,Overall,Hispanic,Overall,46.0,2.0,59.656110183935965,2.873443177638306
Entire Network,FluSurv-NET,2018-19,2019,13,Overall,Overall,Overall,Overall,57.0,3.6,,
Entire Network,FluSurv-NET,2018-19,2019,13,Overall,Overall,"White, NH",Overall,54.0,3.6,48.033347214859134,3.1371959215787504
Entire Network,FluSurv-NET,2018-19,2019,13,Pediatrics,Overall,Overall,Overall,31.0,1.3,,
Georgia,FluSurv-NET,2018-19,2019,13,Overall,Overall,Overall,Overall,37.0,0.8,,
Maryland,FluSurv-NET,2018-19,2019,13,Overall,Overall,Overall,Overall,58.0,5.1,,
Michigan,FluSurv-NET,2018-19,2019,13,Overall,Overall,Overall,Overall,62.0,6.9,,
Minnesota,FluSurv-NET,2018-19,2019,13,Overall,Overall,Overall,Overall,36.0,3.4,,
New Mexico,FluSurv-NET,2018-19,2019,13,Overall,Overall,Overall,Overall,81.0,2.9,,
New York,FluSurv-NET,2018-19,2019,13,Overall,Overall,Overall,Overall,95.0,8.1,,
Ohio,FluSurv-NET,2018-19,2019,13,Overall,Overall,Overall,Overall,46.0,3.2,,
Oregon,FluSurv-NET,2018-19,2019,13,Overall,Overall,Overall,Overall,68.0,5.1,,
Tennessee,FluSurv-NET,2018-19,2019,13,Overall,Overall,Overall,Overall,52.0,2.2,,
Utah,FluSurv-NET,2018-19,2019,13,Overall,Overall,Overall,Overall,61.0,1.3,,
California,FluSurv-NET,2018-19,2019,14,Overall,Overall,Overall,Overall,53.0,1.8,,
Colorado,FluSurv-NET,2018-19,2019,14,Overall,Overall,Overall,Overall,67.0,1.6,,
Connecticut,FluSurv-NET,2018-19,2019,14,Overall,Overall,Overall,Overall,104.0,5.2,,
Entire Network,FluSurv-NET,2018-19,2019,14,0-4 yr,Overall,Overall,Overall,68.0,2.3,,
Entire Network,FluSurv-NET,2018-19,2019,14,0-<1 yr,Overall,Overall,Overall,121.0,2.6,,
Entire Network,FluSurv-NET,2018-19,2019,14,1-4 yr,Overall,Overall,Overall,55.0,2.3,,
Entire Network,FluSurv-NET,2018-19,2019,14,12-17 yr,Overall,Overall,Overall,12.0,0.5,,
Entire Network,FluSurv-NET,2018-19,2019,14,18-29 yr,Overall,Overall,Overall,17.0,0.5,,
Entire Network,FluSurv-NET,2018-19,2019,14,18-49 yr,Overall,Overall,Overall,23.0,0.8,,
Entire Network,FluSurv-NET,2018-19,2019,14,30-39 yr,Overall,Overall,Overall,23.0,0.7,,
Entire Network,FluSurv-NET,2018-19,2019,14,40-49 yr,Overall,Overall,Overall,32.0,1.3,,
Entire Network,FluSurv-NET,2018-19,2019,14,5-11 yr,Overall,Overall,Overall,26.0,0.7,,
Entire Network,FluSurv-NET,2018-19,2019,14,5-17 yr,Overall,Overall,Overall,19.0,0.6,,
Entire Network,FluSurv-NET,2018-19,2019,14,50-64 yr,Overall,Overall,Overall,76.0,2.6,,
Entire Network,FluSurv-NET,2018-19,2019,14,65-74 yr,Overall,Overall,Overall,138.0,6.8,,
Entire Network,FluSurv-NET,2018-19,2019,14,75-84 yr,Overall,Overall,Overall,246.0,14.2,,
Entire Network,FluSurv-NET,2018-19,2019,14,>= 65 yr,Overall,Overall,Overall,197.0,11.1,,
Entire Network,FluSurv-NET,2018-19,2019,14,>= 75,Overall,Overall,Overall,286.0,17.5,,
Entire Network,FluSurv-NET,2018-19,2019,14,>= 85,Overall,Overall,Overall,377.0,25.2,,
Entire Network,FluSurv-NET,2018-19,2019,14,Adults,Overall,Overall,Overall,68.0,3.1,,
Entire Network,FluSurv-NET,2018-19,2019,14,Overall,Female,Overall,Overall,63.0,2.9,,
Entire Network,FluSurv-NET,2018-19,2019,14,Overall,Male,Overall,Overall,57.0,2.5,,
Entire Network,FluSurv-NET,2018-19,2019,14,Overall,Overall,"American Indian/Alaska Native, NH",Overall,83.0,2.0,88.83436718246622,1.8833505111926987
Entire Network,FluSurv-NET,2018-19,2019,14,Overall,Overall,"Asian/Pacific Islander, NH",Overall,30.0,1.0,35.03366466219246,1.1554077154912343
Entire Network,FluSurv-NET,2018-19,2019,14,Overall,Overall,"Black, NH",Overall,76.0,2.9,86.2836483819754,3.3946524887671767
Entire Network,FluSurv-NET,2018-19,2019,14,Overall,Overall,Hispanic,Overall,48.0,1.7,62.12928761109764,2.4731774271616733
Entire Network,FluSurv-NET,2018-19,2019,14,Overall,Overall,Overall,Overall,60.0,2.7,,
Entire Network,FluSurv-NET,2018-19,2019,14,Overall,Overall,"White, NH",Overall,57.0,2.8,50.501402270320675,2.468055055461542
Entire Network,FluSurv-NET,2018-19,2019,14,Pediatrics,Overall,Overall,Overall,32.0,1.1,,
Georgia,FluSurv-NET,2018-19,2019,14,Overall,Overall,Overall,Overall,38.0,1.0,,
Maryland,FluSurv-NET,2018-19,2019,14,Overall,Overall,Overall,Overall,62.0,3.4,,
Michigan,FluSurv-NET,2018-19,2019,14,Overall,Overall,Overall,Overall,67.0,5.7,,
Minnesota,FluSurv-NET,2018-19,2019,14,Overall,Overall,Overall,Overall,38.0,2.4,,
New Mexico,FluSurv-NET,2018-19,2019,14,Overall,Overall,Overall,Overall,83.0,2.0,,
New York,FluSurv-NET,2018-19,2019,14,Overall,Overall,Overall,Overall,102.0,7.6,,
Ohio,FluSurv-NET,2018-19,2019,14,Overall,Overall,Overall,Overall,48.0,2.3,,
Oregon,FluSurv-NET,2018-19,2019,14,Overall,Overall,Overall,Overall,70.0,2.2,,
Tennessee,FluSurv-NET,2018-19,2019,14,Overall,Overall,Overall,Overall,54.0,1.8,,
Utah,FluSurv-NET,2018-19,2019,14,Overall,Overall,Overall,Overall,63.0,1.9,,
California,FluSurv-NET,2018-19,2019,15,Overall,Overall,Overall,Overall,54.0,1.0,,
Colorado,FluSurv-NET,2018-19,2019,15,Overall,Overall,Overall,Overall,68.0,0.9,,
Connecticut,FluSurv-NET,2018-19,2019,15,Overall,Overall,Overall,Overall,107.0,3.9,,
Entire Network,FluSurv-NET,2018-19,2019,15,0-4 yr,Overall,Overall,Overall,69.0,1.3,,
Entire Network,FluSurv-NET,2018-19,2019,15,0-<1 yr,Overall,Overall,Overall,122.0,1.7,,
Entire Network,FluSurv-NET,2018-19,2019,15,1-4 yr,Overall,Overall,Overall,56.0,1.2,,
Entire Network,FluSurv-NET,2018-19,2019,15,12-17 yr,Overall,Overall,Overall,12.0,0.1,,
Entire Network,FluSurv-NET,2018-19,2019,15,18-29 yr,Overall,Overall,Overall,17.0,0.5,,
Entire Network,FluSurv-NET,2018-19,2019,15,18-49 yr,Overall,Overall,Overall,24.0,0.6,,
Entire Network,FluSurv-NET,2018-19,2019,15,30-39 yr,Overall,Overall,Overall,24.0,0.5,,
Entire Network,FluSurv-NET,2018-19,2019,15,40-49 yr,Overall,Overall,Overall,33.0,0.9,,
Entire Network,FluSurv-NET,2018-19,2019,15,5-11 yr,Overall,Overall,Overall,26.0,0.5,,
Entire Network,FluSurv-NET,2018-19,2019,15,5-17 yr,Overall,Overall,Overall,19.0,0.3,,
Entire Network,FluSurv-NET,2018-19,2019,15,50-64 yr,Overall,Overall,Overall,77.0,1.8,,
Entire Network,FluSurv-NET,2018-19,2019,15,65-74 yr,Overall,Overall,Overall,142.0,4.0,,
Entire Network,FluSurv-NET,2018-19,2019,15,75-84 yr,Overall,Overall,Overall,255.0,9.7,,
Entire Network,FluSurv-NET,2018-19,2019,15,>= 65 yr,Overall,Overall,Overall,205.0,7.4,,
Entire Network,FluSurv-NET,2018-19,2019,15,>= 75,Overall,Overall,Overall,298.0,12.4,,
Entire Network,FluSurv-NET,2018-19,2019,15,>= 85,Overall,Overall,Overall,396.0,18.7,,
Entire Network,FluSurv-NET,2018-19,2019,15,Adults,Overall,Overall,Overall,70.0,2.1,,
Entire Network,FluSurv-NET,2018-19,2019,15,Overall,Female,Overall,Overall,65.0,2.0,,
Entire Network,FluSurv-NET,2018-19,2019,15,Overall,Male,Overall,Overall,59.0,1.6,,
Entire Network,FluSurv-NET,2018-19,2019,15,Overall,Overall,"American Indian/Alaska Native, NH",Overall,84.0,1.5,90.27895036187655,1.4445831794103428
Entire Network,FluSurv-NET,2018-19,2019,15,Overall,Overall,"Asian/Pacific Islander, NH",Overall,31.0,0.5,35.631498346337835,0.5978336841453735
Entire Network,FluSurv-NET,2018-19,2019,15,Overall,Overall,"Black, NH",Overall,78.0,2.4,88.9780268210178,2.6943784390423935
Entire Network,FluSurv-NET,2018-19,2019,15,Overall,Overall,Hispanic,Overall,48.0,0.7,63.27232300725622,1.1430353961585826
Entire Network,FluSurv-NET,2018-19,2019,15,Overall,Overall,Overall,Overall,62.0,1.8,,
Entire Network,FluSurv-NET,2018-19,2019,15,Overall,Overall,"White, NH",Overall,59.0,1.9,52.12965305376959,1.6282507834489095
Entire Network,FluSurv-NET,2018-19,2019,15,Pediatrics,Overall,Overall,Overall,33.0,0.6,,
Georgia,FluSurv-NET,2018-19,2019,15,Overall,Overall,Overall,Overall,38.0,0.6,,
Maryland,FluSurv-NET,2018-19,2019,15,Overall,Overall,Overall,Overall,65.0,3.0,,
Michigan,FluSurv-NET,2018-19,2019,15,Overall,Overall,Overall,Overall,70.0,3.0,,
Minnesota,FluSurv-NET,2018-19,2019,15,Overall,Overall,Overall,Overall,40.0,1.9,,
New Mexico,FluSurv-NET,2018-19,2019,15,Overall,Overall,Overall,Overall,84.0,1.1,,
New York,FluSurv-NET,2018-19,2019,15,Overall,Overall,Overall,Overall,108.0,5.7,,
Ohio,FluSurv-NET,2018-19,2019,15,Overall,Overall,Overall,Overall,49.0,1.1,,
Oregon,FluSurv-NET,2018-19,2019,15,Overall,Overall,Overall,Overall,71.0,0.8,,
Tennessee,FluSurv-NET,2018-19,2019,15,Overall,Overall,Overall,Overall,55.0,1.2,,
Utah,FluSurv-NET,2018-19,2019,15,Overall,Overall,Overall,Overall,64.0,1.4,,
California,FluSurv-NET,2018-19,2019,16,Overall,Overall,Overall,Overall,54.0,0.7,,
Colorado,FluSurv-NET,2018-19,2019,16,Overall,Overall,Overall,Overall,69.0,0.8,,
Connecticut,FluSurv-NET,2018-19,2019,16,Overall,Overall,Overall,Overall,111.0,3.3,,
Entire Network,FluSurv-NET,2018-19,2019,16,0-4 yr,Overall,Overall,Overall,70.0,0.9,,
Entire Network,FluSurv-NET,2018-19,2019,16,0-<1 yr,Overall,Overall,Overall,123.0,1.2,,
Entire Network,FluSurv-NET,2018-19,2019,16,1-4 yr,Overall,Overall,Overall,57.0,0.9,,
Entire Network,FluSurv-NET,2018-19,2019,16,12-17 yr,Overall,Overall,Overall,12.0,0.1,,
Entire Network,FluSurv-NET,2018-19,2019,16,18-29 yr,Overall,Overall,Overall,17.0,0.3,,
Entire Network,FluSurv-NET,2018-19,2019,16,18-49 yr,Overall,Overall,Overall,24.0,0.4,,
Entire Network,FluSurv-NET,2018-19,2019,16,30-39 yr,Overall,Overall,Overall,24.0,0.3,,
Entire Network,FluSurv-NET,2018-19,2019,16,40-49 yr,Overall,Overall,Overall,33.0,0.5,,
Entire Network,FluSurv-NET,2018-19,2019,16,5-11 yr,Overall,Overall,Overall,27.0,0.5,,
Entire Network,FluSurv-NET,2018-19,2019,16,5-17 yr,Overall,Overall,Overall,20.0,0.3,,
Entire Network,FluSurv-NET,2018-19,2019,16,50-64 yr,Overall,Overall,Overall,79.0,1.3,,
Entire Network,FluSurv-NET,2018-19,2019,16,65-74 yr,Overall,Overall,Overall,144.0,2.5,,
Entire Network,FluSurv-NET,2018-19,2019,16,75-84 yr,Overall,Overall,Overall,261.0,5.5,,
Entire Network,FluSurv-NET,2018-19,2019,16,>= 65 yr,Overall,Overall,Overall,209.0,4.2,,
Entire Network,FluSurv-NET,2018-19,2019,16,>= 75,Overall,Overall,Overall,305.0,6.8,,
Entire Network,FluSurv-NET,2018-19,2019,16,>= 85,Overall,Overall,Overall,406.0,9.9,,
Entire Network,FluSurv-NET,2018-19,2019,16,Adults,Overall,Overall,Overall,71.0,1.3,,
Entire Network,FluSurv-NET,2018-19,2019,16,Overall,Female,Overall,Overall,66.0,1.2,,
Entire Network,FluSurv-NET,2018-19,2019,16,Overall,Male,Overall,Overall,60.0,1.0,,
Entire Network,FluSurv-NET,2018-19,2019,16,Overall,Overall,"American Indian/Alaska Native, NH",Overall,86.0,1.5,91.72252614430228,1.443575782425712
Entire Network,FluSurv-NET,2018-19,2019,16,Overall,Overall,"Asian/Pacific Islander, NH",Overall,31.0,0.4,36.13014558920953,0.4986472428717066
Entire Network,FluSurv-NET,2018-19,2019,16,Overall,Overall,"Black, NH",Overall,80.0,1.5,90.67406558612998,1.6960387651121933
Entire Network,FluSurv-NET,2018-19,2019,16,Overall,Overall,Hispanic,Overall,49.0,0.8,64.46625632243936,1.1939333151831362
Entire Network,FluSurv-NET,2018-19,2019,16,Overall,Overall,Overall,Overall,63.0,1.1,,
Entire Network,FluSurv-NET,2018-19,2019,16,Overall,Overall,"White, NH",Overall,60.0,1.1,53.071171703265534,0.9415186494959443
Entire Network,FluSurv-NET,2018-19,2019,16,Pediatrics,Overall,Overall,Overall,33.0,0.5,,
Georgia,FluSurv-NET,2018-19,2019,16,Overall,Overall,Overall,Overall,39.0,0.4,,
Maryland,FluSurv-NET,2018-19,2019,16,Overall,Overall,Overall,Overall,66.0,1.3,,
Michigan,FluSurv-NET,2018-19,2019,16,Overall,Overall,Overall,Overall,72.0,1.7,,
Minnesota,FluSurv-NET,2018-19,2019,16,Overall,Overall,Overall,Overall,41.0,1.1,,
New Mexico,FluSurv-NET,2018-19,2019,16,Overall,Overall,Overall,Overall,85.0,1.7,,
New York,FluSurv-NET,2018-19,2019,16,Overall,Overall,Overall,Overall,111.0,3.6,,
Ohio,FluSurv-NET,2018-19,2019,16,Overall,Overall,Overall,Overall,50.0,0.7,,
Oregon,FluSurv-NET,2018-19,2019,16,Overall,Overall,Overall,Overall,71.0,0.2,,
Tennessee,FluSurv-NET,2018-19,2019,16,Overall,Overall,Overall,Overall,56.0,0.7,,
Utah,FluSurv-NET,2018-19,2019,16,Overall,Overall,Overall,Overall,65.0,0.4,,
California,FluSurv-NET,2018-19,2019,17,Overall,Overall,Overall,Overall,55.0,0.6,,
Colorado,FluSurv-NET,2018-19,2019,17,Overall,Overall,Overall,Overall,69.0,0.5,,
Connecticut,FluSurv-NET,2018-19,2019,17,Overall,Overall,Overall,Overall,112.0,1.6,,
Entire Network,FluSurv-NET,2018-19,2019,17,0-4 yr,Overall,Overall,Overall,71.0,0.7,,
Entire Network,FluSurv-NET,2018-19,2019,17,0-<1 yr,Overall,Overall,Overall,125.0,1.7,,
Entire Network,FluSurv-NET,2018-19,2019,17,1-4 yr,Overall,Overall,Overall,57.0,0.5,,
Entire Network,FluSurv-NET,2018-19,2019,17,12-17 yr,Overall,Overall,Overall,12.0,0.3,,
Entire Network,FluSurv-NET,2018-19,2019,17,18-29 yr,Overall,Overall,Overall,18.0,0.0,,
Entire Network,FluSurv-NET,2018-19,2019,17,18-49 yr,Overall,Overall,Overall,24.0,0.2,,
Entire Network,FluSurv-NET,2018-19,2019,17,30-39 yr,Overall,Overall,Overall,24.0,0.3,,
Entire Network,FluSurv-NET,2018-19,2019,17,40-49 yr,Overall,Overall,Overall,34.0,0.2,,
Entire Network,FluSurv-NET,2018-19,2019,17,5-11 yr,Overall,Overall,Overall,27.0,0.2,,
Entire Network,FluSurv-NET,2018-19,2019,17,5-17 yr,Overall,Overall,Overall,20.0,0.2,,
Entire Network,FluSurv-NET,2018-19,2019,17,50-64 yr,Overall,Overall,Overall,79.0,0.6,,
Entire Network,FluSurv-NET,2018-19,2019,17,65-74 yr,Overall,Overall,Overall,146.0,1.5,,
Entire Network,FluSurv-NET,2018-19,2019,17,75-84 yr,Overall,Overall,Overall,264.0,2.9,,
Entire Network,FluSurv-NET,2018-19,2019,17,>= 65 yr,Overall,Overall,Overall,211.0,2.4,,
Entire Network,FluSurv-NET,2018-19,2019,17,>= 75,Overall,Overall,Overall,309.0,3.8,,
Entire Network,FluSurv-NET,2018-19,2019,17,>= 85,Overall,Overall,Overall,412.0,6.0,,
Entire Network,FluSurv-NET,2018-19,2019,17,Adults,Overall,Overall,Overall,72.0,0.7,,
Entire Network,FluSurv-NET,2018-19,2019,17,Overall,Female,Overall,Overall,66.0,0.7,,
Entire Network,FluSurv-NET,2018-19,2019,17,Overall,Male,Overall,Overall,60.0,0.5,,
Entire Network,FluSurv-NET,2018-19,2019,17,Overall,Overall,"American Indian/Alaska Native, NH",Overall,86.0,0.0,91.72252614430228,0.0
Entire Network,FluSurv-NET,2018-19,2019,17,Overall,Overall,"Asian/Pacific Islander, NH",Overall,32.0,0.4,36.639443240708374,0.5092976514988387
Entire Network,FluSurv-NET,2018-19,2019,17,Overall,Overall,"Black, NH",Overall,80.0,0.7,91.46735385056985,0.7932882644398674
Entire Network,FluSurv-NET,2018-19,2019,17,Overall,Overall,Hispanic,Overall,50.0,0.3,65.0161545335051,0.5498982110657353
Entire Network,FluSurv-NET,2018-19,2019,17,Overall,Overall,Overall,Overall,63.0,0.6,,
Entire Network,FluSurv-NET,2018-19,2019,17,Overall,Overall,"White, NH",Overall,61.0,0.6,53.620697636403484,0.5495259331379501
Entire Network,FluSurv-NET,2018-19,2019,17,Pediatrics,Overall,Overall,Overall,34.0,0.4,,
Georgia,FluSurv-NET,2018-19,2019,17,Overall,Overall,Overall,Overall,39.0,0.1,,
Maryland,FluSurv-NET,2018-19,2019,17,Overall,Overall,Overall,Overall,67.0,0.7,,
Michigan,FluSurv-NET,2018-19,2019,17,Overall,Overall,Overall,Overall,73.0,1.1,,
Minnesota,FluSurv-NET,2018-19,2019,17,Overall,Overall,Overall,Overall,42.0,0.7,,
New Mexico,FluSurv-NET,2018-19,2019,17,Overall,Overall,Overall,Overall,86.0,0.5,,
New York,FluSurv-NET,2018-19,2019,17,Overall,Overall,Overall,Overall,113.0,2.0,,
Ohio,FluSurv-NET,2018-19,2019,17,Overall,Overall,Overall,Overall,50.0,0.1,,
Oregon,FluSurv-NET,2018-19,2019,17,Overall,Overall,Overall,Overall,72.0,0.1,,
Tennessee,FluSurv-NET,2018-19,2019,17,Overall,Overall,Overall,Overall,56.0,0.3,,
Utah,FluSurv-NET,2018-19,2019,17,Overall,Overall,Overall,Overall,65.0,0.3,,
California,FluSurv-NET,2018-19,2019,18,Overall,Overall,Overall,Overall,55.0,0.1,,
Colorado,FluSurv-NET,2018-19,2019,18,Overall,Overall,Overall,Overall,69.0,0.3,,
Connecticut,FluSurv-NET,2018-19,2019,18,Overall,Overall,Overall,Overall,113.0,0.5,,
Entire Network,FluSurv-NET,2018-19,2019,18,0-4 yr,Overall,Overall,Overall,71.0,0.3,,
Entire Network,FluSurv-NET,2018-19,2019,18,0-<1 yr,Overall,Overall,Overall,125.0,0.3,,
Entire Network,FluSurv-NET,2018-19,2019,18,1-4 yr,Overall,Overall,Overall,58.0,0.3,,
Entire Network,FluSurv-NET,2018-19,2019,18,12-17 yr,Overall,Overall,Overall,12.0,0.1,,
Entire Network,FluSurv-NET,2018-19,2019,18,18-29 yr,Overall,Overall,Overall,18.0,0.1,,
Entire Network,FluSurv-NET,2018-19,2019,18,18-49 yr,Overall,Overall,Overall,25.0,0.1,,
Entire Network,FluSurv-NET,2018-19,2019,18,30-39 yr,Overall,Overall,Overall,24.0,0.1,,
Entire Network,FluSurv-NET,2018-19,2019,18,40-49 yr,Overall,Overall,Overall,34.0,0.1,,
Entire Network,FluSurv-NET,2018-19,2019,18,5-11 yr,Overall,Overall,Overall,27.0,0.1,,
Entire Network,FluSurv-NET,2018-19,2019,18,5-17 yr,Overall,Overall,Overall,20.0,0.1,,
Entire Network,FluSurv-NET,2018-19,2019,18,50-64 yr,Overall,Overall,Overall,79.0,0.1,,
Entire Network,FluSurv-NET,2018-19,2019,18,65-74 yr,Overall,Overall,Overall,146.0,0.4,,
Entire Network,FluSurv-NET,2018-19,2019,18,75-84 yr,Overall,Overall,Overall,265.0,1.0,,
Entire Network,FluSurv-NET,2018-19,2019,18,>= 65 yr,Overall,Overall,Overall,212.0,0.8,,
Entire Network,FluSurv-NET,2018-19,2019,18,>= 75,Overall,Overall,Overall,310.0,1.3,,
Entire Network,FluSurv-NET,2018-19,2019,18,>= 85,Overall,Overall,Overall,414.0,2.0,,
Entire Network,FluSurv-NET,2018-19,2019,18,Adults,Overall,Overall,Overall,72.0,0.2,,
Entire Network,FluSurv-NET,2018-19,2019,18,Overall,Female,Overall,Overall,67.0,0.3,,
Entire Network,FluSurv-NET,2018-19,2019,18,Overall,Male,Overall,Overall,61.0,0.2,,
Entire Network,FluSurv-NET,2018-19,2019,18,Overall,Overall,"American Indian/Alaska Native, NH",Overall,86.0,0.0,91.72252614430228,0.0
Entire Network,FluSurv-NET,2018-19,2019,18,Overall,Overall,"Asian/Pacific Islander, NH",Overall,32.0,0.1,36.76985238180493,0.1304091410965509
Entire Network,FluSurv-NET,2018-19,2019,18,Overall,Overall,"Black, NH",Overall,81.0,0.2,91.7216212821026,0.2542674315327487
Entire Network,FluSurv-NET,2018-19,2019,18,Overall,Overall,Hispanic,Overall,50.0,0.1,65.11212257722117,0.09596804371608257
Entire Network,FluSurv-NET,2018-19,2019,18,Overall,Overall,Overall,Overall,64.0,0.2,,
Entire Network,FluSurv-NET,2018-19,2019,18,Overall,Overall,"White, NH",Overall,61.0,0.2,53.80811650119474,0.1874188647912616
Entire Network,FluSurv-NET,2018-19,2019,18,Pediatrics,Overall,Overall,Overall,34.0,0.1,,
Georgia,FluSurv-NET,2018-19,2019,18,Overall,Overall,Overall,Overall,39.0,0.1,,
Maryland,FluSurv-NET,2018-19,2019,18,Overall,Overall,Overall,Overall,67.0,0.3,,
Michigan,FluSurv-NET,2018-19,2019,18,Overall,Overall,Overall,Overall,73.0,0.2,,
Minnesota,FluSurv-NET,2018-19,2019,18,Overall,Overall,Overall,Overall,42.0,0.3,,
New Mexico,FluSurv-NET,2018-19,2019,18,Overall,Overall,Overall,Overall,86.0,0.3,,
New York,FluSurv-NET,2018-19,2019,18,Overall,Overall,Overall,Overall,114.0,0.4,,
Ohio,FluSurv-NET,2018-19,2019,18,Overall,Overall,Overall,Overall,50.0,0.1,,
Oregon,FluSurv-NET,2018-19,2019,18,Overall,Overall,Overall,Overall,72.0,0.0,,
Tennessee,FluSurv-NET,2018-19,2019,18,Overall,Overall,Overall,Overall,56.0,0.1,,
Utah,FluSurv-NET,2018-19,2019,18,Overall,Overall,Overall,Overall,65.0,0.0,,
California,FluSurv-NET,2019-20,2019,40,Overall,Overall,Overall,Overall,0.0,0.2,,
Colorado,FluSurv-NET,2019-20,2019,40,Overall,Overall,Overall,Overall,0.0,0.1,,
Connecticut,FluSurv-NET,2019-20,2019,40,Overall,Overall,Overall,Overall,0.0,0.2,,
Entire Network,FluSurv-NET,2019-20,2019,40,0-4 yr,Overall,Overall,Overall,0.0,0.1,,
Entire Network,FluSurv-NET,2019-20,2019,40,0-<1 yr,Overall,Overall,Overall,0.0,0.0,,
Entire Network,FluSurv-NET,2019-20,2019,40,1-4 yr,Overall,Overall,Overall,0.0,0.1,,
Entire Network,FluSurv-NET,2019-20,2019,40,12-17 yr,Overall,Overall,Overall,0.0,0.0,,
Entire Network,FluSurv-NET,2019-20,2019,40,18-29 yr,Overall,Overall,Overall,0.0,0.1,,
Entire Network,FluSurv-NET,2019-20,2019,40,18-49 yr,Overall,Overall,Overall,0.0,0.0,,
Entire Network,FluSurv-NET,2019-20,2019,40,30-39 yr,Overall,Overall,Overall,0.0,0.0,,
Entire Network,FluSurv-NET,2019-20,2019,40,40-49 yr,Overall,Overall,Overall,0.0,0.0,,
Entire Network,FluSurv-NET,2019-20,2019,40,5-11 yr,Overall,Overall,Overall,0.0,0.0,,
Entire Network,FluSurv-NET,2019-20,2019,40,5-17 yr,Overall,Overall,Overall,0.0,0.0,,
Entire Network,FluSurv-NET,2019-20,2019,40,50-64 yr,Overall,Overall,Overall,0.0,0.1,,
Entire Network,FluSurv-NET,2019-20,2019,40,65-74 yr,Overall,Overall,Overall,0.0,0.2,,
Entire Network,FluSurv-NET,2019-20,2019,40,75-84 yr,Overall,Overall,Overall,1.0,0.5,,
Entire Network,FluSurv-NET,2019-20,2019,40,>= 65 yr,Overall,Overall,Overall,0.0,0.4,,
Entire Network,FluSurv-NET,2019-20,2019,40,>= 75,Overall,Overall,Overall,1.0,0.7,,
Entire Network,FluSurv-NET,2019-20,2019,40,>= 85,Overall,Overall,Overall,1.0,1.2,,
Entire Network,FluSurv-NET,2019-20,2019,40,Adults,Overall,Overall,Overall,0.0,0.1,,
Entire Network,FluSurv-NET,2019-20,2019,40,Overall,Female,Overall,Overall,0.0,0.1,,
Entire Network,FluSurv-NET,2019-20,2019,40,Overall,Male,Overall,Overall,0.0,0.1,,
Entire Network,FluSurv-NET,2019-20,2019,40,Overall,Overall,"American Indian/Alaska Native, NH",Overall,0.0,0.0,0.0,0.0
Entire Network,FluSurv-NET,2019-20,2019,40,Overall,Overall,"Asian/Pacific Islander, NH",Overall,0.0,0.2,0.1901806975395502,0.1901806975395502
Entire Network,FluSurv-NET,2019-20,2019,40,Overall,Overall,"Black, NH",Overall,0.0,0.1,0.06014862938215753,0.06014862938215753
Entire Network,FluSurv-NET,2019-20,2019,40,Overall,Overall,Hispanic,Overall,0.0,0.1,0.09671353749806808,0.09671353749806808
Entire Network,FluSurv-NET,2019-20,2019,40,Overall,Overall,Overall,Overall,0.0,0.1,,
Entire Network,FluSurv-NET,2019-20,2019,40,Overall,Overall,"White, NH",Overall,0.0,0.1,0.06771546850286118,0.06771546850286118
Entire Network,FluSurv-NET,2019-20,2019,40,Pediatrics,Overall,Overall,Overall,0.0,0.0,,
Georgia,FluSurv-NET,2019-20,2019,40,Overall,Overall,Overall,Overall,0.0,0.1,,
Iowa,FluSurv-NET,2019-20,2019,40,Overall,Overall,Overall,Overall,,,,
Maryland,FluSurv-NET,2019-20,2019,40,Overall,Overall,Overall,Overall,0.0,0.1,,
Michigan,FluSurv-NET,2019-20,2019,40,Overall,Overall,Overall,Overall,0.0,0.0,,
Minnesota,FluSurv-NET,2019-20,2019,40,Overall,Overall,Overall,Overall,0.0,0.0,,
New Mexico,FluSurv-NET,2019-20,2019,40,Overall,Overall,Overall,Overall,0.0,0.1,,
New York,FluSurv-NET,2019-20,2019,40,Overall,Overall,Overall,Overall,0.0,0.1,,
Ohio,FluSurv-NET,2019-20,2019,40,Overall,Overall,Overall,Overall,0.0,0.0,,
Oregon,FluSurv-NET,2019-20,2019,40,Overall,Overall,Overall,Overall,0.0,0.1,,
Tennessee,FluSurv-NET,2019-20,2019,40,Overall,Overall,Overall,Overall,0.0,0.1,,
Utah,FluSurv-NET,2019-20,2019,40,Overall,Overall,Overall,Overall,0.0,0.2,,
California,FluSurv-NET,2019-20,2019,41,Overall,Overall,Overall,Overall,0.0,0.1,,
Colorado,FluSurv-NET,2019-20,2019,41,Overall,Overall,Overall,Overall,0.0,0.1,,
Connecticut,FluSurv-NET,2019-20,2019,41,Overall,Overall,Overall,Overall,0.0,0.2,,
Entire Network,FluSurv-NET,2019-20,2019,41,0-4 yr,Overall,Overall,Overall,0.0,0.2,,
Entire Network,FluSurv-NET,2019-20,2019,41,0-<1 yr,Overall,Overall,Overall,0.0,0.0,,
Entire Network,FluSurv-NET,2019-20,2019,41,1-4 yr,Overall,Overall,Overall,0.0,0.2,,
Entire Network,FluSurv-NET,2019-20,2019,41,12-17 yr,Overall,Overall,Overall,0.0,0.0,,
Entire Network,FluSurv-NET,2019-20,2019,41,18-29 yr,Overall,Overall,Overall,0.0,0.0,,
Entire Network,FluSurv-NET,2019-20,2019,41,18-49 yr,Overall,Overall,Overall,0.0,0.1,,
Entire Network,FluSurv-NET,2019-20,2019,41,30-39 yr,Overall,Overall,Overall,0.0,0.0,,
Entire Network,FluSurv-NET,2019-20,2019,41,40-49 yr,Overall,Overall,Overall,0.0,0.1,,
Entire Network,FluSurv-NET,2019-20,2019,41,5-11 yr,Overall,Overall,Overall,0.0,0.1,,
Entire Network,FluSurv-NET,2019-20,2019,41,5-17 yr,Overall,Overall,Overall,0.0,0.1,,
Entire Network,FluSurv-NET,2019-20,2019,41,50-64 yr,Overall,Overall,Overall,0.0,0.2,,
Entire Network,FluSurv-NET,2019-20,2019,41,65-74 yr,Overall,Overall,Overall,0.0,0.1,,
Entire Network,FluSurv-NET,2019-20,2019,41,75-84 yr,Overall,Overall,Overall,1.0,0.5,,
Entire Network,FluSurv-NET,2019-20,2019,41,>= 65 yr,Overall,Overall,Overall,1.0,0.2,,
Entire Network,FluSurv-NET,2019-20,2019,41,>= 75,Overall,Overall,Overall,1.0,0.4,,
Entire Network,FluSurv-NET,2019-20,2019,41,>= 85,Overall,Overall,Overall,1.0,0.2,,
Entire Network,FluSurv-NET,2019-20,2019,41,Adults,Overall,Overall,Overall,0.0,0.1,,
Entire Network,FluSurv-NET,2019-20,2019,41,Overall,Female,Overall,Overall,0.0,0.1,,
Entire Network,FluSurv-NET,2019-20,2019,41,Overall,Male,Overall,Overall,0.0,0.1,,
Entire Network,FluSurv-NET,2019-20,2019,41,Overall,Overall,"American Indian/Alaska Native, NH",Overall,0.0,0.0,0.0,0.0
Entire Network,FluSurv-NET,2019-20,2019,41,Overall,Overall,"Asian/Pacific Islander, NH",Overall,0.0,0.1,0.2724405157029939,0.08225981816344369
Entire Network,FluSurv-NET,2019-20,2019,41,Overall,Overall,"Black, NH",Overall,0.0,0.3,0.35200744763638275,0.2918588182542253
Entire Network,FluSurv-NET,2019-20,2019,41,Overall,Overall,Hispanic,Overall,0.0,0.1,0.3138439024270963,0.21713036492902824
Entire Network,FluSurv-NET,2019-20,2019,41,Overall,Overall,Overall,Overall,0.0,0.1,,
Entire Network,FluSurv-NET,2019-20,2019,41,Overall,Overall,"White, NH",Overall,0.0,0.1,0.11736287094222612,0.04964740243936497
Entire Network,FluSurv-NET,2019-20,2019,41,Pediatrics,Overall,Overall,Overall,0.0,0.1,,
Georgia,FluSurv-NET,2019-20,2019,41,Overall,Overall,Overall,Overall,0.0,0.3,,
Iowa,FluSurv-NET,2019-20,2019,41,Overall,Overall,Overall,Overall,,,,
Maryland,FluSurv-NET,2019-20,2019,41,Overall,Overall,Overall,Overall,0.0,0.0,,
Michigan,FluSurv-NET,2019-20,2019,41,Overall,Overall,Overall,Overall,0.0,0.0,,
Minnesota,FluSurv-NET,2019-20,2019,41,Overall,Overall,Overall,Overall,0.0,0.1,,
New Mexico,FluSurv-NET,2019-20,2019,41,Overall,Overall,Overall,Overall,0.0,0.1,,
New York,FluSurv-NET,2019-20,2019,41,Overall,Overall,Overall,Overall,0.0,0.1,,
Ohio,FluSurv-NET,2019-20,2019,41,Overall,Overall,Overall,Overall,0.0,0.1,,
Oregon,FluSurv-NET,2019-20,2019,41,Overall,Overall,Overall,Overall,0.0,0.1,,
Tennessee,FluSurv-NET,2019-20,2019,41,Overall,Overall,Overall,Overall,0.0,0.1,,
Utah,FluSurv-NET,2019-20,2019,41,Overall,Overall,Overall,Overall,0.0,0.0,,
California,FluSurv-NET,2019-20,2019,42,Overall,Overall,Overall,Overall,0.0,0.1,,
Colorado,FluSurv-NET,2019-20,2019,42,Overall,Overall,Overall,Overall,1.0,0.3,,
Connecticut,FluSurv-NET,2019-20,2019,42,Overall,Overall,Overall,Overall,1.0,0.3,,
Entire Network,FluSurv-NET,2019-20,2019,42,0-4 yr,Overall,Overall,Overall,0.0,0.2,,
Entire Network,FluSurv-NET,2019-20,2019,42,0-<1 yr,Overall,Overall,Overall,0.0,0.3,,
Entire Network,FluSurv-NET,2019-20,2019,42,1-4 yr,Overall,Overall,Overall,0.0,0.1,,
Entire Network,FluSurv-NET,2019-20,2019,42,12-17 yr,Overall,Overall,Overall,0.0,0.0,,
Entire Network,FluSurv-NET,2019-20,2019,42,18-29 yr,Overall,Overall,Overall,0.0,0.0,,
Entire Network,FluSurv-NET,2019-20,2019,42,18-49 yr,Overall,Overall,Overall,0.0,0.1,,
Entire Network,FluSurv-NET,2019-20,2019,42,30-39 yr,Overall,Overall,Overall,0.0,0.1,,
Entire Network,FluSurv-NET,2019-20,2019,42,40-49 yr,Overall,Overall,Overall,0.0,0.1,,
Entire Network,FluSurv-NET,2019-20,2019,42,5-11 yr,Overall,Overall,Overall,0.0,0.2,,
Entire Network,FluSurv-NET,2019-20,2019,42,5-17 yr,Overall,Overall,Overall,0.0,0.1,,
Entire Network,FluSurv-NET,2019-20,2019,42,50-64 yr,Overall,Overall,Overall,0.0,0.1,,
Entire Network,FluSurv-NET,2019-20,2019,42,65-74 yr,Overall,Overall,Overall,1.0,0.5,,
Entire Network,FluSurv-NET,2019-20,2019,42,75-84 yr,Overall,Overall,Overall,2.0,0.7,,
Entire Network,FluSurv-NET,2019-20,2019,42,>= 65 yr,Overall,Overall,Overall,1.0,0.6,,
Entire Network,FluSurv-NET,2019-20,2019,42,>= 75,Overall,Overall,Overall,2.0,0.7,,
Entire Network,FluSurv-NET,2019-20,2019,42,>= 85,Overall,Overall,Overall,2.0,0.8,,
Entire Network,FluSurv-NET,2019-20,2019,42,Adults,Overall,Overall,Overall,0.0,0.2,,
Entire Network,FluSurv-NET,2019-20,2019,42,Overall,Female,Overall,Overall,0.0,0.2,,
Entire Network,FluSurv-NET,2019-20,2019,42,Overall,Male,Overall,Overall,0.0,0.2,,
Entire Network,FluSurv-NET,2019-20,2019,42,Overall,Overall,"American Indian/Alaska Native, NH",Overall,0.0,0.0,0.0,0.0
Entire Network,FluSurv-NET,2019-20,2019,42,Overall,Overall,"Asian/Pacific Islander, NH",Overall,0.0,0.1,0.34802072129162515,0.07558020558863131
Entire Network,FluSurv-NET,2019-20,2019,42,Overall,Overall,"Black, NH",Overall,1.0,0.3,0.6899336318902842,0.3379261842539016
Entire Network,FluSurv-NET,2019-20,2019,42,Overall,Overall,Hispanic,Overall,0.0,0.1,0.4547302489489393,0.140886346521843
Entire Network,FluSurv-NET,2019-20,2019,42,Overall,Overall,Overall,Overall,0.0,0.2,,
Entire Network,FluSurv-NET,2019-20,2019,42,Overall,Overall,"White, NH",Overall,0.0,0.2,0.24931693355245294,0.13195406261022677
Entire Network,FluSurv-NET,2019-20,2019,42,Pediatrics,Overall,Overall,Overall,0.0,0.1,,
Georgia,FluSurv-NET,2019-20,2019,42,Overall,Overall,Overall,Overall,1.0,0.1,,
Iowa,FluSurv-NET,2019-20,2019,42,Overall,Overall,Overall,Overall,,,,
Maryland,FluSurv-NET,2019-20,2019,42,Overall,Overall,Overall,Overall,0.0,0.3,,
Michigan,FluSurv-NET,2019-20,2019,42,Overall,Overall,Overall,Overall,0.0,0.1,,
Minnesota,FluSurv-NET,2019-20,2019,42,Overall,Overall,Overall,Overall,0.0,0.1,,
New Mexico,FluSurv-NET,2019-20,2019,42,Overall,Overall,Overall,Overall,0.0,0.2,,
New York,FluSurv-NET,2019-20,2019,42,Overall,Overall,Overall,Overall,0.0,0.1,,
Ohio,FluSurv-NET,2019-20,2019,42,Overall,Overall,Overall,Overall,0.0,0.2,,
Oregon,FluSurv-NET,2019-20,2019,42,Overall,Overall,Overall,Overall,0.0,0.1,,
Tennessee,FluSurv-NET,2019-20,2019,42,Overall,Overall,Overall,Overall,1.0,0.2,,
Utah,FluSurv-NET,2019-20,2019,42,Overall,Overall,Overall,Overall,0.0,0.1,,
California,FluSurv-NET,2019-20,2019,43,Overall,Overall,Overall,Overall,1.0,0.4,,
Colorado,FluSurv-NET,2019-20,2019,43,Overall,Overall,Overall,Overall,1.0,0.3,,
Connecticut,FluSurv-NET,2019-20,2019,43,Overall,Overall,Overall,Overall,1.0,0.0,,
Entire Network,FluSurv-NET,2019-20,2019,43,0-4 yr,Overall,Overall,Overall,1.0,0.5,,
Entire Network,FluSurv-NET,2019-20,2019,43,0-<1 yr,Overall,Overall,Overall,1.0,0.6,,
Entire Network,FluSurv-NET,2019-20,2019,43,1-4 yr,Overall,Overall,Overall,1.0,0.5,,
Entire Network,FluSurv-NET,2019-20,2019,43,12-17 yr,Overall,Overall,Overall,0.0,0.0,,
Entire Network,FluSurv-NET,2019-20,2019,43,18-29 yr,Overall,Overall,Overall,0.0,0.0,,
Entire Network,FluSurv-NET,2019-20,2019,43,18-49 yr,Overall,Overall,Overall,0.0,0.1,,
Entire Network,FluSurv-NET,2019-20,2019,43,30-39 yr,Overall,Overall,Overall,0.0,0.0,,
Entire Network,FluSurv-NET,2019-20,2019,43,40-49 yr,Overall,Overall,Overall,0.0,0.1,,
Entire Network,FluSurv-NET,2019-20,2019,43,5-11 yr,Overall,Overall,Overall,0.0,0.1,,
Entire Network,FluSurv-NET,2019-20,2019,43,5-17 yr,Overall,Overall,Overall,0.0,0.1,,
Entire Network,FluSurv-NET,2019-20,2019,43,50-64 yr,Overall,Overall,Overall,1.0,0.2,,
Entire Network,FluSurv-NET,2019-20,2019,43,65-74 yr,Overall,Overall,Overall,1.0,0.4,,
Entire Network,FluSurv-NET,2019-20,2019,43,75-84 yr,Overall,Overall,Overall,2.0,0.5,,
Entire Network,FluSurv-NET,2019-20,2019,43,>= 65 yr,Overall,Overall,Overall,2.0,0.6,,
Entire Network,FluSurv-NET,2019-20,2019,43,>= 75,Overall,Overall,Overall,3.0,0.8,,
Entire Network,FluSurv-NET,2019-20,2019,43,>= 85,Overall,Overall,Overall,4.0,1.4,,
Entire Network,FluSurv-NET,2019-20,2019,43,Adults,Overall,Overall,Overall,1.0,0.2,,
Entire Network,FluSurv-NET,2019-20,2019,43,Overall,Female,Overall,Overall,1.0,0.2,,
Entire Network,FluSurv-NET,2019-20,2019,43,Overall,Male,Overall,Overall,1.0,0.2,,
Entire Network,FluSurv-NET,2019-20,2019,43,Overall,Overall,"American Indian/Alaska Native, NH",Overall,1.0,0.5,0.45274100071571105,0.45274100071571105
Entire Network,FluSurv-NET,2019-20,2019,43,Overall,Overall,"Asian/Pacific Islander, NH",Overall,0.0,0.0,0.39556589567651274,0.04754517438488755
Entire Network,FluSurv-NET,2019-20,2019,43,Overall,Overall,"Black, NH",Overall,1.0,0.4,1.0947720266942345,0.4048383948039504
Entire Network,FluSurv-NET,2019-20,2019,43,Overall,Overall,Hispanic,Overall,1.0,0.2,0.7039430203486428,0.24921277139970346
Entire Network,FluSurv-NET,2019-20,2019,43,Overall,Overall,Overall,Overall,1.0,0.2,,
Entire Network,FluSurv-NET,2019-20,2019,43,Overall,Overall,"White, NH",Overall,0.0,0.1,0.3848345037843113,0.13551757023185837
Entire Network,FluSurv-NET,2019-20,2019,43,Pediatrics,Overall,Overall,Overall,1.0,0.2,,
Georgia,FluSurv-NET,2019-20,2019,43,Overall,Overall,Overall,Overall,1.0,0.2,,
Iowa,FluSurv-NET,2019-20,2019,43,Overall,Overall,Overall,Overall,,,,
Maryland,FluSurv-NET,2019-20,2019,43,Overall,Overall,Overall,Overall,1.0,0.1,,
Michigan,FluSurv-NET,2019-20,2019,43,Overall,Overall,Overall,Overall,0.0,0.2,,
Minnesota,FluSurv-NET,2019-20,2019,43,Overall,Overall,Overall,Overall,0.0,0.2,,
New Mexico,FluSurv-NET,2019-20,2019,43,Overall,Overall,Overall,Overall,0.0,0.1,,
New York,FluSurv-NET,2019-20,2019,43,Overall,Overall,Overall,Overall,0.0,0.0,,
Ohio,FluSurv-NET,2019-20,2019,43,Overall,Overall,Overall,Overall,0.0,0.1,,
Oregon,FluSurv-NET,2019-20,2019,43,Overall,Overall,Overall,Overall,0.0,0.1,,
Tennessee,FluSurv-NET,2019-20,2019,43,Overall,Overall,Overall,Overall,1.0,0.3,,
Utah,FluSurv-NET,2019-20,2019,43,Overall,Overall,Overall,Overall,0.0,0.2,,
California,FluSurv-NET,2019-20,2019,44,Overall,Overall,Overall,Overall,2.0,0.7,,
Colorado,FluSurv-NET,2019-20,2019,44,Overall,Overall,Overall,Overall,1.0,0.4,,
Connecticut,FluSurv-NET,2019-20,2019,44,Overall,Overall,Overall,Overall,1.0,0.0,,
Entire Network,FluSurv-NET,2019-20,2019,44,0-4 yr,Overall,Overall,Overall,1.0,0.4,,
Entire Network,FluSurv-NET,2019-20,2019,44,0-<1 yr,Overall,Overall,Overall,2.0,0.9,,
Entire Network,FluSurv-NET,2019-20,2019,44,1-4 yr,Overall,Overall,Overall,1.0,0.3,,
Entire Network,FluSurv-NET,2019-20,2019,44,12-17 yr,Overall,Overall,Overall,0.0,0.1,,
Entire Network,FluSurv-NET,2019-20,2019,44,18-29 yr,Overall,Overall,Overall,0.0,0.1,,
Entire Network,FluSurv-NET,2019-20,2019,44,18-49 yr,Overall,Overall,Overall,0.0,0.1,,
Entire Network,FluSurv-NET,2019-20,2019,44,30-39 yr,Overall,Overall,Overall,0.0,0.1,,
Entire Network,FluSurv-NET,2019-20,2019,44,40-49 yr,Overall,Overall,Overall,0.0,0.1,,
Entire Network,FluSurv-NET,2019-20,2019,44,5-11 yr,Overall,Overall,Overall,0.0,0.0,,
Entire Network,FluSurv-NET,2019-20,2019,44,5-17 yr,Overall,Overall,Overall,0.0,0.1,,
Entire Network,FluSurv-NET,2019-20,2019,44,50-64 yr,Overall,Overall,Overall,1.0,0.2,,
Entire Network,FluSurv-NET,2019-20,2019,44,65-74 yr,Overall,Overall,Overall,2.0,0.6,,
Entire Network,FluSurv-NET,2019-20,2019,44,75-84 yr,Overall,Overall,Overall,3.0,0.8,,
Entire Network,FluSurv-NET,2019-20,2019,44,>= 65 yr,Overall,Overall,Overall,3.0,0.8,,
Entire Network,FluSurv-NET,2019-20,2019,44,>= 75,Overall,Overall,Overall,4.0,1.1,,
Entire Network,FluSurv-NET,2019-20,2019,44,>= 85,Overall,Overall,Overall,5.0,1.6,,
Entire Network,FluSurv-NET,2019-20,2019,44,Adults,Overall,Overall,Overall,1.0,0.3,,
Entire Network,FluSurv-NET,2019-20,2019,44,Overall,Female,Overall,Overall,1.0,0.2,,
Entire Network,FluSurv-NET,2019-20,2019,44,Overall,Male,Overall,Overall,1.0,0.2,,
Entire Network,FluSurv-NET,2019-20,2019,44,Overall,Overall,"American Indian/Alaska Native, NH",Overall,1.0,0.0,0.45274100071571105,0.0
Entire Network,FluSurv-NET,2019-20,2019,44,Overall,Overall,"Asian/Pacific Islander, NH",Overall,1.0,0.3,0.7010906643729988,0.30552476869648615
Entire Network,FluSurv-NET,2019-20,2019,44,Overall,Overall,"Black, NH",Overall,1.0,0.3,1.3666265232822579,0.2718544965880233
Entire Network,FluSurv-NET,2019-20,2019,44,Overall,Overall,Hispanic,Overall,1.0,0.3,1.0398875391889848,0.3359445188403421
Entire Network,FluSurv-NET,2019-20,2019,44,Overall,Overall,Overall,Overall,1.0,0.2,,
Entire Network,FluSurv-NET,2019-20,2019,44,Overall,Overall,"White, NH",Overall,1.0,0.2,0.5613791899682941,0.17654468618398278
Entire Network,FluSurv-NET,2019-20,2019,44,Pediatrics,Overall,Overall,Overall,1.0,0.2,,
Georgia,FluSurv-NET,2019-20,2019,44,Overall,Overall,Overall,Overall,1.0,0.2,,
Iowa,FluSurv-NET,2019-20,2019,44,Overall,Overall,Overall,Overall,,,,
Maryland,FluSurv-NET,2019-20,2019,44,Overall,Overall,Overall,Overall,1.0,0.1,,
Michigan,FluSurv-NET,2019-20,2019,44,Overall,Overall,Overall,Overall,1.0,0.2,,
Minnesota,FluSurv-NET,2019-20,2019,44,Overall,Overall,Overall,Overall,1.0,0.2,,
New Mexico,FluSurv-NET,2019-20,2019,44,Overall,Overall,Overall,Overall,1.0,0.2,,
New York,FluSurv-NET,2019-20,2019,44,Overall,Overall,Overall,Overall,1.0,0.1,,
Ohio,FluSurv-NET,2019-20,2019,44,Overall,Overall,Overall,Overall,1.0,0.1,,
Oregon,FluSurv-NET,2019-20,2019,44,Overall,Overall,Overall,Overall,1.0,0.3,,
Tennessee,FluSurv-NET,2019-20,2019,44,Overall,Overall,Overall,Overall,1.0,0.1,,
Utah,FluSurv-NET,2019-20,2019,44,Overall,Overall,Overall,Overall,0.0,0.0,,
California,FluSurv-NET,2019-20,2019,45,Overall,Overall,Overall,Overall,2.0,0.9,,
Colorado,FluSurv-NET,2019-20,2019,45,Overall,Overall,Overall,Overall,2.0,0.5,,
Connecticut,FluSurv-NET,2019-20,2019,45,Overall,Overall,Overall,Overall,1.0,0.5,,
Entire Network,FluSurv-NET,2019-20,2019,45,0-4 yr,Overall,Overall,Overall,2.0,0.3,,
Entire Network,FluSurv-NET,2019-20,2019,45,0-<1 yr,Overall,Overall,Overall,3.0,0.9,,
Entire Network,FluSurv-NET,2019-20,2019,45,1-4 yr,Overall,Overall,Overall,1.0,0.2,,
Entire Network,FluSurv-NET,2019-20,2019,45,12-17 yr,Overall,Overall,Overall,0.0,0.0,,
Entire Network,FluSurv-NET,2019-20,2019,45,18-29 yr,Overall,Overall,Overall,1.0,0.2,,
Entire Network,FluSurv-NET,2019-20,2019,45,18-49 yr,Overall,Overall,Overall,1.0,0.2,,
Entire Network,FluSurv-NET,2019-20,2019,45,30-39 yr,Overall,Overall,Overall,1.0,0.2,,
Entire Network,FluSurv-NET,2019-20,2019,45,40-49 yr,Overall,Overall,Overall,1.0,0.3,,
Entire Network,FluSurv-NET,2019-20,2019,45,5-11 yr,Overall,Overall,Overall,1.0,0.2,,
Entire Network,FluSurv-NET,2019-20,2019,45,5-17 yr,Overall,Overall,Overall,1.0,0.1,,
Entire Network,FluSurv-NET,2019-20,2019,45,50-64 yr,Overall,Overall,Overall,1.0,0.4,,
Entire Network,FluSurv-NET,2019-20,2019,45,65-74 yr,Overall,Overall,Overall,2.0,0.4,,
Entire Network,FluSurv-NET,2019-20,2019,45,75-84 yr,Overall,Overall,Overall,4.0,0.6,,
Entire Network,FluSurv-NET,2019-20,2019,45,>= 65 yr,Overall,Overall,Overall,3.0,0.6,,
Entire Network,FluSurv-NET,2019-20,2019,45,>= 75,Overall,Overall,Overall,4.0,0.8,,
Entire Network,FluSurv-NET,2019-20,2019,45,>= 85,Overall,Overall,Overall,7.0,1.4,,
Entire Network,FluSurv-NET,2019-20,2019,45,Adults,Overall,Overall,Overall,1.0,0.3,,
Entire Network,FluSurv-NET,2019-20,2019,45,Overall,Female,Overall,Overall,1.0,0.3,,
Entire Network,FluSurv-NET,2019-20,2019,45,Overall,Male,Overall,Overall,1.0,0.3,,
Entire Network,FluSurv-NET,2019-20,2019,45,Overall,Overall,"American Indian/Alaska Native, NH",Overall,1.0,0.5,1.1139734959372436,0.6612324952215324
Entire Network,FluSurv-NET,2019-20,2019,45,Overall,Overall,"Asian/Pacific Islander, NH",Overall,1.0,0.4,1.1069783275659215,0.40588766319292274
Entire Network,FluSurv-NET,2019-20,2019,45,Overall,Overall,"Black, NH",Overall,2.0,0.5,1.9400333395990947,0.5734068163168367
Entire Network,FluSurv-NET,2019-20,2019,45,Overall,Overall,Hispanic,Overall,1.0,0.3,1.3683771969452285,0.32848965775624356
Entire Network,FluSurv-NET,2019-20,2019,45,Overall,Overall,Overall,Overall,1.0,0.3,,
Entire Network,FluSurv-NET,2019-20,2019,45,Overall,Overall,"White, NH",Overall,1.0,0.2,0.7492058951537349,0.18782670518544078
Entire Network,FluSurv-NET,2019-20,2019,45,Pediatrics,Overall,Overall,Overall,1.0,0.2,,
Georgia,FluSurv-NET,2019-20,2019,45,Overall,Overall,Overall,Overall,1.0,0.3,,
Iowa,FluSurv-NET,2019-20,2019,45,Overall,Overall,Overall,Overall,,,,
Maryland,FluSurv-NET,2019-20,2019,45,Overall,Overall,Overall,Overall,1.0,0.0,,
Michigan,FluSurv-NET,2019-20,2019,45,Overall,Overall,Overall,Overall,1.0,0.0,,
Minnesota,FluSurv-NET,2019-20,2019,45,Overall,Overall,Overall,Overall,1.0,0.3,,
New Mexico,FluSurv-NET,2019-20,2019,45,Overall,Overall,Overall,Overall,1.0,0.3,,
New York,FluSurv-NET,2019-20,2019,45,Overall,Overall,Overall,Overall,1.0,0.0,,
Ohio,FluSurv-NET,2019-20,2019,45,Overall,Overall,Overall,Overall,1.0,0.0,,
Oregon,FluSurv-NET,2019-20,2019,45,Overall,Overall,Overall,Overall,1.0,0.1,,
Tennessee,FluSurv-NET,2019-20,2019,45,Overall,Overall,Overall,Overall,1.0,0.2,,
Utah,FluSurv-NET,2019-20,2019,45,Overall,Overall,Overall,Overall,1.0,0.2,,
California,FluSurv-NET,2019-20,2019,46,Overall,Overall,Overall,Overall,3.0,1.0,,
Colorado,FluSurv-NET,2019-20,2019,46,Overall,Overall,Overall,Overall,2.0,0.4,,
Connecticut,FluSurv-NET,2019-20,2019,46,Overall,Overall,Overall,Overall,1.0,0.1,,
Entire Network,FluSurv-NET,2019-20,2019,46,0-4 yr,Overall,Overall,Overall,3.0,0.8,,
Entire Network,FluSurv-NET,2019-20,2019,46,0-<1 yr,Overall,Overall,Overall,5.0,2.1,,
Entire Network,FluSurv-NET,2019-20,2019,46,1-4 yr,Overall,Overall,Overall,2.0,0.5,,
Entire Network,FluSurv-NET,2019-20,2019,46,12-17 yr,Overall,Overall,Overall,0.0,0.1,,
Entire Network,FluSurv-NET,2019-20,2019,46,18-29 yr,Overall,Overall,Overall,1.0,0.2,,
Entire Network,FluSurv-NET,2019-20,2019,46,18-49 yr,Overall,Overall,Overall,1.0,0.2,,
Entire Network,FluSurv-NET,2019-20,2019,46,30-39 yr,Overall,Overall,Overall,1.0,0.3,,
Entire Network,FluSurv-NET,2019-20,2019,46,40-49 yr,Overall,Overall,Overall,1.0,0.2,,
Entire Network,FluSurv-NET,2019-20,2019,46,5-11 yr,Overall,Overall,Overall,1.0,0.7,,
Entire Network,FluSurv-NET,2019-20,2019,46,5-17 yr,Overall,Overall,Overall,1.0,0.4,,
Entire Network,FluSurv-NET,2019-20,2019,46,50-64 yr,Overall,Overall,Overall,2.0,0.5,,
Entire Network,FluSurv-NET,2019-20,2019,46,65-74 yr,Overall,Overall,Overall,3.0,0.4,,
Entire Network,FluSurv-NET,2019-20,2019,46,75-84 yr,Overall,Overall,Overall,5.0,1.1,,
Entire Network,FluSurv-NET,2019-20,2019,46,>= 65 yr,Overall,Overall,Overall,4.0,0.8,,
Entire Network,FluSurv-NET,2019-20,2019,46,>= 75,Overall,Overall,Overall,6.0,1.4,,
Entire Network,FluSurv-NET,2019-20,2019,46,>= 85,Overall,Overall,Overall,9.0,2.2,,
Entire Network,FluSurv-NET,2019-20,2019,46,Adults,Overall,Overall,Overall,2.0,0.4,,
Entire Network,FluSurv-NET,2019-20,2019,46,Overall,Female,Overall,Overall,2.0,0.4,,
Entire Network,FluSurv-NET,2019-20,2019,46,Overall,Male,Overall,Overall,2.0,0.4,,
Entire Network,FluSurv-NET,2019-20,2019,46,Overall,Overall,"American Indian/Alaska Native, NH",Overall,1.0,0.0,1.1139734959372436,0.0
Entire Network,FluSurv-NET,2019-20,2019,46,Overall,Overall,"Asian/Pacific Islander, NH",Overall,1.0,0.2,1.3455395693482881,0.23856124178236646
Entire Network,FluSurv-NET,2019-20,2019,46,Overall,Overall,"Black, NH",Overall,3.0,0.8,2.7256486769131123,0.7856153373140176
Entire Network,FluSurv-NET,2019-20,2019,46,Overall,Overall,Hispanic,Overall,2.0,0.7,2.093325862905697,0.7249486659604689
Entire Network,FluSurv-NET,2019-20,2019,46,Overall,Overall,Overall,Overall,2.0,0.4,,
Entire Network,FluSurv-NET,2019-20,2019,46,Overall,Overall,"White, NH",Overall,1.0,0.2,0.9649205897120451,0.21571469455831044
Entire Network,FluSurv-NET,2019-20,2019,46,Pediatrics,Overall,Overall,Overall,1.0,0.5,,
Georgia,FluSurv-NET,2019-20,2019,46,Overall,Overall,Overall,Overall,2.0,0.5,,
Iowa,FluSurv-NET,2019-20,2019,46,Overall,Overall,Overall,Overall,,,,
Maryland,FluSurv-NET,2019-20,2019,46,Overall,Overall,Overall,Overall,1.0,0.1,,
Michigan,FluSurv-NET,2019-20,2019,46,Overall,Overall,Overall,Overall,1.0,0.5,,
Minnesota,FluSurv-NET,2019-20,2019,46,Overall,Overall,Overall,Overall,1.0,0.5,,
New Mexico,FluSurv-NET,2019-20,2019,46,Overall,Overall,Overall,Overall,2.0,0.9,,
New York,FluSurv-NET,2019-20,2019,46,Overall,Overall,Overall,Overall,1.0,0.2,,
Ohio,FluSurv-NET,2019-20,2019,46,Overall,Overall,Overall,Overall,1.0,0.0,,
Oregon,FluSurv-NET,2019-20,2019,46,Overall,Overall,Overall,Overall,1.0,0.2,,
Tennessee,FluSurv-NET,2019-20,2019,46,Overall,Overall,Overall,Overall,1.0,0.2,,
Utah,FluSurv-NET,2019-20,2019,46,Overall,Overall,Overall,Overall,1.0,0.0,,
California,FluSurv-NET,2019-20,2019,47,Overall,Overall,Overall,Overall,4.0,0.8,,
Colorado,FluSurv-NET,2019-20,2019,47,Overall,Overall,Overall,Overall,3.0,0.8,,
Connecticut,FluSurv-NET,2019-20,2019,47,Overall,Overall,Overall,Overall,1.0,0.1,,
Entire Network,FluSurv-NET,2019-20,2019,47,0-4 yr,Overall,Overall,Overall,4.0,1.1,,
Entire Network,FluSurv-NET,2019-20,2019,47,0-<1 yr,Overall,Overall,Overall,7.0,1.8,,
Entire Network,FluSurv-NET,2019-20,2019,47,1-4 yr,Overall,Overall,Overall,3.0,0.9,,
Entire Network,FluSurv-NET,2019-20,2019,47,12-17 yr,Overall,Overall,Overall,1.0,0.3,,
Entire Network,FluSurv-NET,2019-20,2019,47,18-29 yr,Overall,Overall,Overall,1.0,0.4,,
Entire Network,FluSurv-NET,2019-20,2019,47,18-49 yr,Overall,Overall,Overall,1.0,0.4,,
Entire Network,FluSurv-NET,2019-20,2019,47,30-39 yr,Overall,Overall,Overall,1.0,0.4,,
Entire Network,FluSurv-NET,2019-20,2019,47,40-49 yr,Overall,Overall,Overall,1.0,0.4,,
Entire Network,FluSurv-NET,2019-20,2019,47,5-11 yr,Overall,Overall,Overall,2.0,0.5,,
Entire Network,FluSurv-NET,2019-20,2019,47,5-17 yr,Overall,Overall,Overall,1.0,0.4,,
Entire Network,FluSurv-NET,2019-20,2019,47,50-64 yr,Overall,Overall,Overall,2.0,0.6,,
Entire Network,FluSurv-NET,2019-20,2019,47,65-74 yr,Overall,Overall,Overall,4.0,1.1,,
Entire Network,FluSurv-NET,2019-20,2019,47,75-84 yr,Overall,Overall,Overall,6.0,1.7,,
Entire Network,FluSurv-NET,2019-20,2019,47,>= 65 yr,Overall,Overall,Overall,5.0,1.5,,
Entire Network,FluSurv-NET,2019-20,2019,47,>= 75,Overall,Overall,Overall,8.0,2.0,,
Entire Network,FluSurv-NET,2019-20,2019,47,>= 85,Overall,Overall,Overall,11.0,2.6,,
Entire Network,FluSurv-NET,2019-20,2019,47,Adults,Overall,Overall,Overall,2.0,0.6,,
Entire Network,FluSurv-NET,2019-20,2019,47,Overall,Female,Overall,Overall,2.0,0.7,,
Entire Network,FluSurv-NET,2019-20,2019,47,Overall,Male,Overall,Overall,2.0,0.6,,
Entire Network,FluSurv-NET,2019-20,2019,47,Overall,Overall,"American Indian/Alaska Native, NH",Overall,2.0,1.0,2.0138546097753847,0.8998811138381412
Entire Network,FluSurv-NET,2019-20,2019,47,Overall,Overall,"Asian/Pacific Islander, NH",Overall,2.0,0.5,1.90609669323509,0.5605571238868018
Entire Network,FluSurv-NET,2019-20,2019,47,Overall,Overall,"Black, NH",Overall,4.0,1.1,3.8958170351681085,1.1701683582549964
Entire Network,FluSurv-NET,2019-20,2019,47,Overall,Overall,Hispanic,Overall,3.0,0.7,2.925096963165825,0.8317711002601269
Entire Network,FluSurv-NET,2019-20,2019,47,Overall,Overall,Overall,Overall,2.0,0.6,,
Entire Network,FluSurv-NET,2019-20,2019,47,Overall,Overall,"White, NH",Overall,2.0,0.4,1.3444543441136856,0.37953375440164044
Entire Network,FluSurv-NET,2019-20,2019,47,Pediatrics,Overall,Overall,Overall,2.0,0.6,,
Georgia,FluSurv-NET,2019-20,2019,47,Overall,Overall,Overall,Overall,3.0,0.9,,
Iowa,FluSurv-NET,2019-20,2019,47,Overall,Overall,Overall,Overall,,,,
Maryland,FluSurv-NET,2019-20,2019,47,Overall,Overall,Overall,Overall,1.0,0.3,,
Michigan,FluSurv-NET,2019-20,2019,47,Overall,Overall,Overall,Overall,2.0,1.4,,
Minnesota,FluSurv-NET,2019-20,2019,47,Overall,Overall,Overall,Overall,2.0,0.6,,
New Mexico,FluSurv-NET,2019-20,2019,47,Overall,Overall,Overall,Overall,2.0,0.6,,
New York,FluSurv-NET,2019-20,2019,47,Overall,Overall,Overall,Overall,1.0,0.2,,
Ohio,FluSurv-NET,2019-20,2019,47,Overall,Overall,Overall,Overall,1.0,0.1,,
Oregon,FluSurv-NET,2019-20,2019,47,Overall,Overall,Overall,Overall,2.0,0.9,,
Tennessee,FluSurv-NET,2019-20,2019,47,Overall,Overall,Overall,Overall,2.0,0.7,,
Utah,FluSurv-NET,2019-20,2019,47,Overall,Overall,Overall,Overall,1.0,0.3,,
California,FluSurv-NET,2019-20,2019,48,Overall,Overall,Overall,Overall,5.0,0.9,,
Colorado,FluSurv-NET,2019-20,2019,48,Overall,Overall,Overall,Overall,4.0,0.8,,
Connecticut,FluSurv-NET,2019-20,2019,48,Overall,Overall,Overall,Overall,2.0,0.4,,
Entire Network,FluSurv-NET,2019-20,2019,48,0-4 yr,Overall,Overall,Overall,6.0,2.0,,
Entire Network,FluSurv-NET,2019-20,2019,48,0-<1 yr,Overall,Overall,Overall,11.0,4.7,,
Entire Network,FluSurv-NET,2019-20,2019,48,1-4 yr,Overall,Overall,Overall,4.0,1.4,,
Entire Network,FluSurv-NET,2019-20,2019,48,12-17 yr,Overall,Overall,Overall,1.0,0.2,,
Entire Network,FluSurv-NET,2019-20,2019,48,18-29 yr,Overall,Overall,Overall,2.0,0.4,,
Entire Network,FluSurv-NET,2019-20,2019,48,18-49 yr,Overall,Overall,Overall,2.0,0.5,,
Entire Network,FluSurv-NET,2019-20,2019,48,30-39 yr,Overall,Overall,Overall,2.0,0.5,,
Entire Network,FluSurv-NET,2019-20,2019,48,40-49 yr,Overall,Overall,Overall,2.0,0.5,,
Entire Network,FluSurv-NET,2019-20,2019,48,5-11 yr,Overall,Overall,Overall,3.0,0.8,,
Entire Network,FluSurv-NET,2019-20,2019,48,5-17 yr,Overall,Overall,Overall,2.0,0.5,,
Entire Network,FluSurv-NET,2019-20,2019,48,50-64 yr,Overall,Overall,Overall,3.0,1.1,,
Entire Network,FluSurv-NET,2019-20,2019,48,65-74 yr,Overall,Overall,Overall,5.0,1.4,,
Entire Network,FluSurv-NET,2019-20,2019,48,75-84 yr,Overall,Overall,Overall,10.0,3.1,,
Entire Network,FluSurv-NET,2019-20,2019,48,>= 65 yr,Overall,Overall,Overall,8.0,2.1,,
Entire Network,FluSurv-NET,2019-20,2019,48,>= 75,Overall,Overall,Overall,11.0,3.0,,
Entire Network,FluSurv-NET,2019-20,2019,48,>= 85,Overall,Overall,Overall,14.0,2.9,,
Entire Network,FluSurv-NET,2019-20,2019,48,Adults,Overall,Overall,Overall,3.0,0.9,,
Entire Network,FluSurv-NET,2019-20,2019,48,Overall,Female,Overall,Overall,3.0,1.1,,
Entire Network,FluSurv-NET,2019-20,2019,48,Overall,Male,Overall,Overall,3.0,0.8,,
Entire Network,FluSurv-NET,2019-20,2019,48,Overall,Overall,"American Indian/Alaska Native, NH",Overall,3.0,1.0,2.9122481096823005,0.8983934999069154
Entire Network,FluSurv-NET,2019-20,2019,48,Overall,Overall,"Asian/Pacific Islander, NH",Overall,2.0,0.3,2.290037003933822,0.3839403106987322
Entire Network,FluSurv-NET,2019-20,2019,48,Overall,Overall,"Black, NH",Overall,6.0,1.8,5.817441415108956,1.9216243799408477
Entire Network,FluSurv-NET,2019-20,2019,48,Overall,Overall,Hispanic,Overall,3.0,0.7,3.722243143708633,0.7971461805428086
Entire Network,FluSurv-NET,2019-20,2019,48,Overall,Overall,Overall,Overall,3.0,0.9,,
Entire Network,FluSurv-NET,2019-20,2019,48,Overall,Overall,"White, NH",Overall,2.0,0.8,2.0334873880388122,0.6890330439251265
Entire Network,FluSurv-NET,2019-20,2019,48,Pediatrics,Overall,Overall,Overall,3.0,0.9,,
Georgia,FluSurv-NET,2019-20,2019,48,Overall,Overall,Overall,Overall,4.0,1.3,,
Iowa,FluSurv-NET,2019-20,2019,48,Overall,Overall,Overall,Overall,,,,
Maryland,FluSurv-NET,2019-20,2019,48,Overall,Overall,Overall,Overall,2.0,0.8,,
Michigan,FluSurv-NET,2019-20,2019,48,Overall,Overall,Overall,Overall,3.0,1.1,,
Minnesota,FluSurv-NET,2019-20,2019,48,Overall,Overall,Overall,Overall,3.0,1.3,,
New Mexico,FluSurv-NET,2019-20,2019,48,Overall,Overall,Overall,Overall,4.0,1.2,,
New York,FluSurv-NET,2019-20,2019,48,Overall,Overall,Overall,Overall,1.0,0.5,,
Ohio,FluSurv-NET,2019-20,2019,48,Overall,Overall,Overall,Overall,1.0,0.1,,
Oregon,FluSurv-NET,2019-20,2019,48,Overall,Overall,Overall,Overall,3.0,1.0,,
Tennessee,FluSurv-NET,2019-20,2019,48,Overall,Overall,Overall,Overall,3.0,1.4,,
Utah,FluSurv-NET,2019-20,2019,48,Overall,Overall,Overall,Overall,1.0,0.4,,
California,FluSurv-NET,2019-20,2019,49,Overall,Overall,Overall,Overall,7.0,1.5,,
Colorado,FluSurv-NET,2019-20,2019,49,Overall,Overall,Overall,Overall,5.0,1.2,,
Connecticut,FluSurv-NET,2019-20,2019,49,Overall,Overall,Overall,Overall,2.0,0.4,,
Entire Network,FluSurv-NET,2019-20,2019,49,0-4 yr,Overall,Overall,Overall,8.0,2.5,,
Entire Network,FluSurv-NET,2019-20,2019,49,0-<1 yr,Overall,Overall,Overall,15.0,4.1,,
Entire Network,FluSurv-NET,2019-20,2019,49,1-4 yr,Overall,Overall,Overall,6.0,2.2,,
Entire Network,FluSurv-NET,2019-20,2019,49,12-17 yr,Overall,Overall,Overall,2.0,0.5,,
Entire Network,FluSurv-NET,2019-20,2019,49,18-29 yr,Overall,Overall,Overall,2.0,0.6,,
Entire Network,FluSurv-NET,2019-20,2019,49,18-49 yr,Overall,Overall,Overall,2.0,0.8,,
Entire Network,FluSurv-NET,2019-20,2019,49,30-39 yr,Overall,Overall,Overall,3.0,0.9,,
Entire Network,FluSurv-NET,2019-20,2019,49,40-49 yr,Overall,Overall,Overall,3.0,0.9,,
Entire Network,FluSurv-NET,2019-20,2019,49,5-11 yr,Overall,Overall,Overall,4.0,1.0,,
Entire Network,FluSurv-NET,2019-20,2019,49,5-17 yr,Overall,Overall,Overall,3.0,0.8,,
Entire Network,FluSurv-NET,2019-20,2019,49,50-64 yr,Overall,Overall,Overall,5.0,1.3,,
Entire Network,FluSurv-NET,2019-20,2019,49,65-74 yr,Overall,Overall,Overall,7.0,2.0,,
Entire Network,FluSurv-NET,2019-20,2019,49,75-84 yr,Overall,Overall,Overall,13.0,3.0,,
Entire Network,FluSurv-NET,2019-20,2019,49,>= 65 yr,Overall,Overall,Overall,10.0,2.6,,
Entire Network,FluSurv-NET,2019-20,2019,49,>= 75,Overall,Overall,Overall,14.0,3.4,,
Entire Network,FluSurv-NET,2019-20,2019,49,>= 85,Overall,Overall,Overall,19.0,4.5,,
Entire Network,FluSurv-NET,2019-20,2019,49,Adults,Overall,Overall,Overall,4.0,1.3,,
Entire Network,FluSurv-NET,2019-20,2019,49,Overall,Female,Overall,Overall,5.0,1.4,,
Entire Network,FluSurv-NET,2019-20,2019,49,Overall,Male,Overall,Overall,4.0,1.1,,
Entire Network,FluSurv-NET,2019-20,2019,49,Overall,Overall,"American Indian/Alaska Native, NH",Overall,5.0,2.4,5.458980665286317,2.546732555604017
Entire Network,FluSurv-NET,2019-20,2019,49,Overall,Overall,"Asian/Pacific Islander, NH",Overall,3.0,0.7,3.047697873927656,0.7576608699938338
Entire Network,FluSurv-NET,2019-20,2019,49,Overall,Overall,"Black, NH",Overall,8.0,2.5,8.482685849511993,2.665244434403038
Entire Network,FluSurv-NET,2019-20,2019,49,Overall,Overall,Hispanic,Overall,5.0,1.4,5.461021353247889,1.7387782095392563
Entire Network,FluSurv-NET,2019-20,2019,49,Overall,Overall,Overall,Overall,4.0,1.3,,
Entire Network,FluSurv-NET,2019-20,2019,49,Overall,Overall,"White, NH",Overall,3.0,0.8,2.790603999775296,0.7571166117364828
Entire Network,FluSurv-NET,2019-20,2019,49,Pediatrics,Overall,Overall,Overall,4.0,1.2,,
Georgia,FluSurv-NET,2019-20,2019,49,Overall,Overall,Overall,Overall,6.0,2.2,,
Iowa,FluSurv-NET,2019-20,2019,49,Overall,Overall,Overall,Overall,,,,
Maryland,FluSurv-NET,2019-20,2019,49,Overall,Overall,Overall,Overall,3.0,0.8,,
Michigan,FluSurv-NET,2019-20,2019,49,Overall,Overall,Overall,Overall,5.0,1.4,,
Minnesota,FluSurv-NET,2019-20,2019,49,Overall,Overall,Overall,Overall,4.0,1.0,,
New Mexico,FluSurv-NET,2019-20,2019,49,Overall,Overall,Overall,Overall,5.0,1.9,,
New York,FluSurv-NET,2019-20,2019,49,Overall,Overall,Overall,Overall,2.0,0.2,,
Ohio,FluSurv-NET,2019-20,2019,49,Overall,Overall,Overall,Overall,1.0,0.4,,
Oregon,FluSurv-NET,2019-20,2019,49,Overall,Overall,Overall,Overall,4.0,1.2,,
Tennessee,FluSurv-NET,2019-20,2019,49,Overall,Overall,Overall,Overall,6.0,2.2,,
Utah,FluSurv-NET,2019-20,2019,49,Overall,Overall,Overall,Overall,2.0,0.9,,
California,FluSurv-NET,2019-20,2019,50,Overall,Overall,Overall,Overall,8.0,1.6,,
Colorado,FluSurv-NET,2019-20,2019,50,Overall,Overall,Overall,Overall,6.0,1.3,,
Connecticut,FluSurv-NET,2019-20,2019,50,Overall,Overall,Overall,Overall,4.0,1.5,,
Entire Network,FluSurv-NET,2019-20,2019,50,0-4 yr,Overall,Overall,Overall,11.0,3.1,,
Entire Network,FluSurv-NET,2019-20,2019,50,0-<1 yr,Overall,Overall,Overall,20.0,4.1,,
Entire Network,FluSurv-NET,2019-20,2019,50,1-4 yr,Overall,Overall,Overall,9.0,2.8,,
Entire Network,FluSurv-NET,2019-20,2019,50,12-17 yr,Overall,Overall,Overall,2.0,0.6,,
Entire Network,FluSurv-NET,2019-20,2019,50,18-29 yr,Overall,Overall,Overall,3.0,1.1,,
Entire Network,FluSurv-NET,2019-20,2019,50,18-49 yr,Overall,Overall,Overall,3.0,1.0,,
Entire Network,FluSurv-NET,2019-20,2019,50,30-39 yr,Overall,Overall,Overall,4.0,1.0,,
Entire Network,FluSurv-NET,2019-20,2019,50,40-49 yr,Overall,Overall,Overall,4.0,1.0,,
Entire Network,FluSurv-NET,2019-20,2019,50,5-11 yr,Overall,Overall,Overall,5.0,1.7,,
Entire Network,FluSurv-NET,2019-20,2019,50,5-17 yr,Overall,Overall,Overall,4.0,1.2,,
Entire Network,FluSurv-NET,2019-20,2019,50,50-64 yr,Overall,Overall,Overall,7.0,1.9,,
Entire Network,FluSurv-NET,2019-20,2019,50,65-74 yr,Overall,Overall,Overall,10.0,2.9,,
Entire Network,FluSurv-NET,2019-20,2019,50,75-84 yr,Overall,Overall,Overall,17.0,4.4,,
Entire Network,FluSurv-NET,2019-20,2019,50,>= 65 yr,Overall,Overall,Overall,14.0,3.6,,
Entire Network,FluSurv-NET,2019-20,2019,50,>= 75,Overall,Overall,Overall,19.0,4.7,,
Entire Network,FluSurv-NET,2019-20,2019,50,>= 85,Overall,Overall,Overall,24.0,5.3,,
Entire Network,FluSurv-NET,2019-20,2019,50,Adults,Overall,Overall,Overall,6.0,1.7,,
Entire Network,FluSurv-NET,2019-20,2019,50,Overall,Female,Overall,Overall,7.0,1.7,,
Entire Network,FluSurv-NET,2019-20,2019,50,Overall,Male,Overall,Overall,6.0,1.7,,
Entire Network,FluSurv-NET,2019-20,2019,50,Overall,Overall,"American Indian/Alaska Native, NH",Overall,8.0,2.9,8.322715245314765,2.8637345800284493
Entire Network,FluSurv-NET,2019-20,2019,50,Overall,Overall,"Asian/Pacific Islander, NH",Overall,3.0,0.6,3.763862471455342,0.7161645975276858
Entire Network,FluSurv-NET,2019-20,2019,50,Overall,Overall,"Black, NH",Overall,11.0,3.3,11.949131507297416,3.4664456577854232
Entire Network,FluSurv-NET,2019-20,2019,50,Overall,Overall,Hispanic,Overall,6.0,1.7,7.204462683701342,1.7434413304534537
Entire Network,FluSurv-NET,2019-20,2019,50,Overall,Overall,Overall,Overall,6.0,1.7,,
Entire Network,FluSurv-NET,2019-20,2019,50,Overall,Overall,"White, NH",Overall,4.0,1.3,3.966236131615744,1.1756321318404488
Entire Network,FluSurv-NET,2019-20,2019,50,Pediatrics,Overall,Overall,Overall,6.0,1.7,,
Georgia,FluSurv-NET,2019-20,2019,50,Overall,Overall,Overall,Overall,9.0,3.0,,
Iowa,FluSurv-NET,2019-20,2019,50,Overall,Overall,Overall,Overall,,,,
Maryland,FluSurv-NET,2019-20,2019,50,Overall,Overall,Overall,Overall,4.0,1.1,,
Michigan,FluSurv-NET,2019-20,2019,50,Overall,Overall,Overall,Overall,7.0,1.7,,
Minnesota,FluSurv-NET,2019-20,2019,50,Overall,Overall,Overall,Overall,6.0,1.5,,
New Mexico,FluSurv-NET,2019-20,2019,50,Overall,Overall,Overall,Overall,8.0,2.5,,
New York,FluSurv-NET,2019-20,2019,50,Overall,Overall,Overall,Overall,2.0,0.7,,
Ohio,FluSurv-NET,2019-20,2019,50,Overall,Overall,Overall,Overall,2.0,0.8,,
Oregon,FluSurv-NET,2019-20,2019,50,Overall,Overall,Overall,Overall,6.0,2.1,,
Tennessee,FluSurv-NET,2019-20,2019,50,Overall,Overall,Overall,Overall,8.0,2.8,,
Utah,FluSurv-NET,2019-20,2019,50,Overall,Overall,Overall,Overall,3.0,0.9,,
California,FluSurv-NET,2019-20,2019,51,Overall,Overall,Overall,Overall,10.0,2.0,,
Colorado,FluSurv-NET,2019-20,2019,51,Overall,Overall,Overall,Overall,8.0,2.0,,
Connecticut,FluSurv-NET,2019-20,2019,51,Overall,Overall,Overall,Overall,6.0,2.3,,
Entire Network,FluSurv-NET,2019-20,2019,51,0-4 yr,Overall,Overall,Overall,15.0,4.2,,
Entire Network,FluSurv-NET,2019-20,2019,51,0-<1 yr,Overall,Overall,Overall,27.0,7.1,,
Entire Network,FluSurv-NET,2019-20,2019,51,1-4 yr,Overall,Overall,Overall,13.0,3.5,,
Entire Network,FluSurv-NET,2019-20,2019,51,12-17 yr,Overall,Overall,Overall,3.0,0.7,,
Entire Network,FluSurv-NET,2019-20,2019,51,18-29 yr,Overall,Overall,Overall,5.0,1.5,,
Entire Network,FluSurv-NET,2019-20,2019,51,18-49 yr,Overall,Overall,Overall,5.0,1.4,,
Entire Network,FluSurv-NET,2019-20,2019,51,30-39 yr,Overall,Overall,Overall,5.0,1.3,,
Entire Network,FluSurv-NET,2019-20,2019,51,40-49 yr,Overall,Overall,Overall,5.0,1.6,,
Entire Network,FluSurv-NET,2019-20,2019,51,5-11 yr,Overall,Overall,Overall,7.0,2.0,,
Entire Network,FluSurv-NET,2019-20,2019,51,5-17 yr,Overall,Overall,Overall,5.0,1.4,,
Entire Network,FluSurv-NET,2019-20,2019,51,50-64 yr,Overall,Overall,Overall,10.0,3.3,,
Entire Network,FluSurv-NET,2019-20,2019,51,65-74 yr,Overall,Overall,Overall,14.0,3.7,,
Entire Network,FluSurv-NET,2019-20,2019,51,75-84 yr,Overall,Overall,Overall,22.0,5.3,,
Entire Network,FluSurv-NET,2019-20,2019,51,>= 65 yr,Overall,Overall,Overall,18.0,4.6,,
Entire Network,FluSurv-NET,2019-20,2019,51,>= 75,Overall,Overall,Overall,25.0,5.9,,
Entire Network,FluSurv-NET,2019-20,2019,51,>= 85,Overall,Overall,Overall,31.0,7.3,,
Entire Network,FluSurv-NET,2019-20,2019,51,Adults,Overall,Overall,Overall,9.0,2.5,,
Entire Network,FluSurv-NET,2019-20,2019,51,Overall,Female,Overall,Overall,9.0,2.5,,
Entire Network,FluSurv-NET,2019-20,2019,51,Overall,Male,Overall,Overall,8.0,2.3,,
Entire Network,FluSurv-NET,2019-20,2019,51,Overall,Overall,"American Indian/Alaska Native, NH",Overall,11.0,2.9,11.113697307128673,2.790982061813907
Entire Network,FluSurv-NET,2019-20,2019,51,Overall,Overall,"Asian/Pacific Islander, NH",Overall,4.0,1.0,4.93171664722583,1.1678541757704881
Entire Network,FluSurv-NET,2019-20,2019,51,Overall,Overall,"Black, NH",Overall,17.0,5.1,17.411364127301056,5.462232620003641
Entire Network,FluSurv-NET,2019-20,2019,51,Overall,Overall,Hispanic,Overall,9.0,2.3,9.915451677147733,2.7109889934463896
Entire Network,FluSurv-NET,2019-20,2019,51,Overall,Overall,Overall,Overall,9.0,2.4,,
Entire Network,FluSurv-NET,2019-20,2019,51,Overall,Overall,"White, NH",Overall,6.0,1.6,5.462531293646398,1.496295162030654
Entire Network,FluSurv-NET,2019-20,2019,51,Pediatrics,Overall,Overall,Overall,8.0,2.1,,
Georgia,FluSurv-NET,2019-20,2019,51,Overall,Overall,Overall,Overall,13.0,4.2,,
Iowa,FluSurv-NET,2019-20,2019,51,Overall,Overall,Overall,Overall,,,,
Maryland,FluSurv-NET,2019-20,2019,51,Overall,Overall,Overall,Overall,6.0,2.0,,
Michigan,FluSurv-NET,2019-20,2019,51,Overall,Overall,Overall,Overall,9.0,2.1,,
Minnesota,FluSurv-NET,2019-20,2019,51,Overall,Overall,Overall,Overall,8.0,2.5,,
New Mexico,FluSurv-NET,2019-20,2019,51,Overall,Overall,Overall,Overall,11.0,3.3,,
New York,FluSurv-NET,2019-20,2019,51,Overall,Overall,Overall,Overall,4.0,1.8,,
Ohio,FluSurv-NET,2019-20,2019,51,Overall,Overall,Overall,Overall,4.0,1.9,,
Oregon,FluSurv-NET,2019-20,2019,51,Overall,Overall,Overall,Overall,8.0,1.8,,
Tennessee,FluSurv-NET,2019-20,2019,51,Overall,Overall,Overall,Overall,11.0,3.1,,
Utah,FluSurv-NET,2019-20,2019,51,Overall,Overall,Overall,Overall,4.0,0.9,,
California,FluSurv-NET,2019-20,2019,52,Overall,Overall,Overall,Overall,13.0,3.0,,
Colorado,FluSurv-NET,2019-20,2019,52,Overall,Overall,Overall,Overall,12.0,3.7,,
Connecticut,FluSurv-NET,2019-20,2019,52,Overall,Overall,Overall,Overall,10.0,4.4,,
Entire Network,FluSurv-NET,2019-20,2019,52,0-4 yr,Overall,Overall,Overall,22.0,7.0,,
Entire Network,FluSurv-NET,2019-20,2019,52,0-<1 yr,Overall,Overall,Overall,39.0,12.4,,
Entire Network,FluSurv-NET,2019-20,2019,52,1-4 yr,Overall,Overall,Overall,18.0,5.7,,
Entire Network,FluSurv-NET,2019-20,2019,52,12-17 yr,Overall,Overall,Overall,4.0,1.0,,
Entire Network,FluSurv-NET,2019-20,2019,52,18-29 yr,Overall,Overall,Overall,7.0,2.7,,
Entire Network,FluSurv-NET,2019-20,2019,52,18-49 yr,Overall,Overall,Overall,7.0,2.5,,
Entire Network,FluSurv-NET,2019-20,2019,52,30-39 yr,Overall,Overall,Overall,7.0,2.3,,
Entire Network,FluSurv-NET,2019-20,2019,52,40-49 yr,Overall,Overall,Overall,8.0,2.4,,
Entire Network,FluSurv-NET,2019-20,2019,52,5-11 yr,Overall,Overall,Overall,10.0,2.6,,
Entire Network,FluSurv-NET,2019-20,2019,52,5-17 yr,Overall,Overall,Overall,7.0,1.9,,
Entire Network,FluSurv-NET,2019-20,2019,52,50-64 yr,Overall,Overall,Overall,16.0,6.0,,
Entire Network,FluSurv-NET,2019-20,2019,52,65-74 yr,Overall,Overall,Overall,22.0,8.1,,
Entire Network,FluSurv-NET,2019-20,2019,52,75-84 yr,Overall,Overall,Overall,34.0,12.0,,
Entire Network,FluSurv-NET,2019-20,2019,52,>= 65 yr,Overall,Overall,Overall,29.0,10.2,,
Entire Network,FluSurv-NET,2019-20,2019,52,>= 75,Overall,Overall,Overall,38.0,13.3,,
Entire Network,FluSurv-NET,2019-20,2019,52,>= 85,Overall,Overall,Overall,48.0,16.5,,
Entire Network,FluSurv-NET,2019-20,2019,52,Adults,Overall,Overall,Overall,13.0,4.8,,
Entire Network,FluSurv-NET,2019-20,2019,52,Overall,Female,Overall,Overall,14.0,4.6,,
Entire Network,FluSurv-NET,2019-20,2019,52,Overall,Male,Overall,Overall,12.0,4.3,,
Entire Network,FluSurv-NET,2019-20,2019,52,Overall,Overall,"American Indian/Alaska Native, NH",Overall,17.0,5.4,16.35298470272261,5.239287395593934
Entire Network,FluSurv-NET,2019-20,2019,52,Overall,Overall,"Asian/Pacific Islander, NH",Overall,6.0,1.7,6.851848816695801,1.9201321694699722
Entire Network,FluSurv-NET,2019-20,2019,52,Overall,Overall,"Black, NH",Overall,25.0,8.3,26.323172644935514,8.911808517634459
Entire Network,FluSurv-NET,2019-20,2019,52,Overall,Overall,Hispanic,Overall,13.0,4.5,15.341740782861965,5.426289105714234
Entire Network,FluSurv-NET,2019-20,2019,52,Overall,Overall,Overall,Overall,13.0,4.5,,
Entire Network,FluSurv-NET,2019-20,2019,52,Overall,Overall,"White, NH",Overall,9.0,3.3,8.47081749150068,3.0082861978542814
Entire Network,FluSurv-NET,2019-20,2019,52,Pediatrics,Overall,Overall,Overall,11.0,3.3,,
Georgia,FluSurv-NET,2019-20,2019,52,Overall,Overall,Overall,Overall,20.0,7.0,,
Iowa,FluSurv-NET,2019-20,2019,52,Overall,Overall,Overall,Overall,,,,
Maryland,FluSurv-NET,2019-20,2019,52,Overall,Overall,Overall,Overall,10.0,4.5,,
Michigan,FluSurv-NET,2019-20,2019,52,Overall,Overall,Overall,Overall,13.0,4.6,,
Minnesota,FluSurv-NET,2019-20,2019,52,Overall,Overall,Overall,Overall,12.0,3.9,,
New Mexico,FluSurv-NET,2019-20,2019,52,Overall,Overall,Overall,Overall,19.0,7.9,,
New York,FluSurv-NET,2019-20,2019,52,Overall,Overall,Overall,Overall,8.0,3.6,,
Ohio,FluSurv-NET,2019-20,2019,52,Overall,Overall,Overall,Overall,7.0,3.4,,
Oregon,FluSurv-NET,2019-20,2019,52,Overall,Overall,Overall,Overall,11.0,3.2,,
Tennessee,FluSurv-NET,2019-20,2019,52,Overall,Overall,Overall,Overall,18.0,6.3,,
Utah,FluSurv-NET,2019-20,2019,52,Overall,Overall,Overall,Overall,6.0,1.9,,
California,FluSurv-NET,2019-20,2020,1,Overall,Overall,Overall,Overall,18.0,4.7,,
Colorado,FluSurv-NET,2019-20,2020,1,Overall,Overall,Overall,Overall,16.0,4.1,,
Connecticut,FluSurv-NET,2019-20,2020,1,Overall,Overall,Overall,Overall,17.0,7.1,,
Entire Network,FluSurv-NET,2019-20,2020,1,0-4 yr,Overall,Overall,Overall,32.0,9.0,,
Entire Network,FluSurv-NET,2019-20,2020,1,0-<1 yr,Overall,Overall,Overall,57.0,18.3,,
Entire Network,FluSurv-NET,2019-20,2020,1,1-4 yr,Overall,Overall,Overall,25.0,6.8,,
Entire Network,FluSurv-NET,2019-20,2020,1,12-17 yr,Overall,Overall,Overall,5.0,0.7,,
Entire Network,FluSurv-NET,2019-20,2020,1,18-29 yr,Overall,Overall,Overall,10.0,2.5,,
Entire Network,FluSurv-NET,2019-20,2020,1,18-49 yr,Overall,Overall,Overall,10.0,2.8,,
Entire Network,FluSurv-NET,2019-20,2020,1,30-39 yr,Overall,Overall,Overall,10.0,3.0,,
Entire Network,FluSurv-NET,2019-20,2020,1,40-49 yr,Overall,Overall,Overall,11.0,3.1,,
Entire Network,FluSurv-NET,2019-20,2020,1,5-11 yr,Overall,Overall,Overall,12.0,2.1,,
Entire Network,FluSurv-NET,2019-20,2020,1,5-17 yr,Overall,Overall,Overall,9.0,1.4,,
Entire Network,FluSurv-NET,2019-20,2020,1,50-64 yr,Overall,Overall,Overall,23.0,6.6,,
Entire Network,FluSurv-NET,2019-20,2020,1,65-74 yr,Overall,Overall,Overall,33.0,10.6,,
Entire Network,FluSurv-NET,2019-20,2020,1,75-84 yr,Overall,Overall,Overall,50.0,15.8,,
Entire Network,FluSurv-NET,2019-20,2020,1,>= 65 yr,Overall,Overall,Overall,42.0,13.9,,
Entire Network,FluSurv-NET,2019-20,2020,1,>= 75,Overall,Overall,Overall,57.0,18.7,,
Entire Network,FluSurv-NET,2019-20,2020,1,>= 85,Overall,Overall,Overall,73.0,25.7,,
Entire Network,FluSurv-NET,2019-20,2020,1,Adults,Overall,Overall,Overall,19.0,5.8,,
Entire Network,FluSurv-NET,2019-20,2020,1,Overall,Female,Overall,Overall,19.0,5.6,,
Entire Network,FluSurv-NET,2019-20,2020,1,Overall,Male,Overall,Overall,17.0,5.0,,
Entire Network,FluSurv-NET,2019-20,2020,1,Overall,Overall,"American Indian/Alaska Native, NH",Overall,24.0,7.3,24.524342904890183,8.171358202167578
Entire Network,FluSurv-NET,2019-20,2020,1,Overall,Overall,"Asian/Pacific Islander, NH",Overall,8.0,2.2,9.422331810109108,2.570482993413307
Entire Network,FluSurv-NET,2019-20,2020,1,Overall,Overall,"Black, NH",Overall,34.0,9.1,36.27015567286806,9.94698302793254
Entire Network,FluSurv-NET,2019-20,2020,1,Overall,Overall,Hispanic,Overall,19.0,5.6,22.494330011514684,7.152589228652717
Entire Network,FluSurv-NET,2019-20,2020,1,Overall,Overall,Overall,Overall,18.0,5.3,,
Entire Network,FluSurv-NET,2019-20,2020,1,Overall,Overall,"White, NH",Overall,14.0,4.1,12.187140949940241,3.7163234584395632
Entire Network,FluSurv-NET,2019-20,2020,1,Pediatrics,Overall,Overall,Overall,15.0,3.5,,
Georgia,FluSurv-NET,2019-20,2020,1,Overall,Overall,Overall,Overall,27.0,6.3,,
Iowa,FluSurv-NET,2019-20,2020,1,Overall,Overall,Overall,Overall,,,,
Maryland,FluSurv-NET,2019-20,2020,1,Overall,Overall,Overall,Overall,17.0,6.5,,
Michigan,FluSurv-NET,2019-20,2020,1,Overall,Overall,Overall,Overall,18.0,4.9,,
Minnesota,FluSurv-NET,2019-20,2020,1,Overall,Overall,Overall,Overall,18.0,5.3,,
New Mexico,FluSurv-NET,2019-20,2020,1,Overall,Overall,Overall,Overall,28.0,8.4,,
New York,FluSurv-NET,2019-20,2020,1,Overall,Overall,Overall,Overall,13.0,5.5,,
Ohio,FluSurv-NET,2019-20,2020,1,Overall,Overall,Overall,Overall,10.0,2.7,,
Oregon,FluSurv-NET,2019-20,2020,1,Overall,Overall,Overall,Overall,16.0,4.7,,
Tennessee,FluSurv-NET,2019-20,2020,1,Overall,Overall,Overall,Overall,24.0,6.6,,
Utah,FluSurv-NET,2019-20,2020,1,Overall,Overall,Overall,Overall,8.0,2.4,,
California,FluSurv-NET,2019-20,2020,2,Overall,Overall,Overall,Overall,23.0,4.6,,
Colorado,FluSurv-NET,2019-20,2020,2,Overall,Overall,Overall,Overall,20.0,4.3,,
Connecticut,FluSurv-NET,2019-20,2020,2,Overall,Overall,Overall,Overall,24.0,6.4,,
Entire Network,FluSurv-NET,2019-20,2020,2,0-4 yr,Overall,Overall,Overall,38.0,6.3,,
Entire Network,FluSurv-NET,2019-20,2020,2,0-<1 yr,Overall,Overall,Overall,70.0,12.4,,
Entire Network,FluSurv-NET,2019-20,2020,2,1-4 yr,Overall,Overall,Overall,30.0,4.8,,
Entire Network,FluSurv-NET,2019-20,2020,2,12-17 yr,Overall,Overall,Overall,5.0,0.9,,
Entire Network,FluSurv-NET,2019-20,2020,2,18-29 yr,Overall,Overall,Overall,12.0,2.4,,
Entire Network,FluSurv-NET,2019-20,2020,2,18-49 yr,Overall,Overall,Overall,13.0,2.5,,
Entire Network,FluSurv-NET,2019-20,2020,2,30-39 yr,Overall,Overall,Overall,13.0,2.5,,
Entire Network,FluSurv-NET,2019-20,2020,2,40-49 yr,Overall,Overall,Overall,14.0,2.8,,
Entire Network,FluSurv-NET,2019-20,2020,2,5-11 yr,Overall,Overall,Overall,13.0,1.2,,
Entire Network,FluSurv-NET,2019-20,2020,2,5-17 yr,Overall,Overall,Overall,10.0,1.0,,
Entire Network,FluSurv-NET,2019-20,2020,2,50-64 yr,Overall,Overall,Overall,28.0,5.6,,
Entire Network,FluSurv-NET,2019-20,2020,2,65-74 yr,Overall,Overall,Overall,42.0,9.4,,
Entire Network,FluSurv-NET,2019-20,2020,2,75-84 yr,Overall,Overall,Overall,64.0,14.2,,
Entire Network,FluSurv-NET,2019-20,2020,2,>= 65 yr,Overall,Overall,Overall,55.0,12.2,,
Entire Network,FluSurv-NET,2019-20,2020,2,>= 75,Overall,Overall,Overall,74.0,16.5,,
Entire Network,FluSurv-NET,2019-20,2020,2,>= 85,Overall,Overall,Overall,95.0,22.0,,
Entire Network,FluSurv-NET,2019-20,2020,2,Adults,Overall,Overall,Overall,24.0,5.1,,
Entire Network,FluSurv-NET,2019-20,2020,2,Overall,Female,Overall,Overall,24.0,4.6,,
Entire Network,FluSurv-NET,2019-20,2020,2,Overall,Male,Overall,Overall,22.0,4.5,,
Entire Network,FluSurv-NET,2019-20,2020,2,Overall,Overall,"American Indian/Alaska Native, NH",Overall,30.0,5.9,30.514122051326165,5.989779146435978
Entire Network,FluSurv-NET,2019-20,2020,2,Overall,Overall,"Asian/Pacific Islander, NH",Overall,11.0,2.6,12.4436389211438,3.0213071110346887
Entire Network,FluSurv-NET,2019-20,2020,2,Overall,Overall,"Black, NH",Overall,41.0,7.0,44.11617432737889,7.84601865451084
Entire Network,FluSurv-NET,2019-20,2020,2,Overall,Overall,Hispanic,Overall,23.0,4.1,27.767716680419007,5.273386668904324
Entire Network,FluSurv-NET,2019-20,2020,2,Overall,Overall,Overall,Overall,23.0,4.5,,
Entire Network,FluSurv-NET,2019-20,2020,2,Overall,Overall,"White, NH",Overall,17.0,3.9,15.661430702855844,3.4742897529156034
Entire Network,FluSurv-NET,2019-20,2020,2,Pediatrics,Overall,Overall,Overall,17.0,2.5,,
Georgia,FluSurv-NET,2019-20,2020,2,Overall,Overall,Overall,Overall,31.0,4.3,,
Iowa,FluSurv-NET,2019-20,2020,2,Overall,Overall,Overall,Overall,,,,
Maryland,FluSurv-NET,2019-20,2020,2,Overall,Overall,Overall,Overall,22.0,5.3,,
Michigan,FluSurv-NET,2019-20,2020,2,Overall,Overall,Overall,Overall,23.0,4.6,,
Minnesota,FluSurv-NET,2019-20,2020,2,Overall,Overall,Overall,Overall,21.0,3.7,,
New Mexico,FluSurv-NET,2019-20,2020,2,Overall,Overall,Overall,Overall,36.0,8.9,,
New York,FluSurv-NET,2019-20,2020,2,Overall,Overall,Overall,Overall,20.0,6.2,,
Ohio,FluSurv-NET,2019-20,2020,2,Overall,Overall,Overall,Overall,13.0,3.0,,
Oregon,FluSurv-NET,2019-20,2020,2,Overall,Overall,Overall,Overall,18.0,2.3,,
Tennessee,FluSurv-NET,2019-20,2020,2,Overall,Overall,Overall,Overall,28.0,3.9,,
Utah,FluSurv-NET,2019-20,2020,2,Overall,Overall,Overall,Overall,12.0,3.7,,
California,FluSurv-NET,2019-20,2020,3,Overall,Overall,Overall,Overall,27.0,4.3,,
Colorado,FluSurv-NET,2019-20,2020,3,Overall,Overall,Overall,Overall,24.0,4.0,,
Connecticut,FluSurv-NET,2019-20,2020,3,Overall,Overall,Overall,Overall,29.0,5.6,,
Entire Network,FluSurv-NET,2019-20,2020,3,0-4 yr,Overall,Overall,Overall,44.0,5.8,,
Entire Network,FluSurv-NET,2019-20,2020,3,0-<1 yr,Overall,Overall,Overall,78.0,8.3,,
Entire Network,FluSurv-NET,2019-20,2020,3,1-4 yr,Overall,Overall,Overall,35.0,5.2,,
Entire Network,FluSurv-NET,2019-20,2020,3,12-17 yr,Overall,Overall,Overall,6.0,0.7,,
Entire Network,FluSurv-NET,2019-20,2020,3,18-29 yr,Overall,Overall,Overall,14.0,2.0,,
Entire Network,FluSurv-NET,2019-20,2020,3,18-49 yr,Overall,Overall,Overall,15.0,2.3,,
Entire Network,FluSurv-NET,2019-20,2020,3,30-39 yr,Overall,Overall,Overall,15.0,2.0,,
Entire Network,FluSurv-NET,2019-20,2020,3,40-49 yr,Overall,Overall,Overall,17.0,3.0,,
Entire Network,FluSurv-NET,2019-20,2020,3,5-11 yr,Overall,Overall,Overall,15.0,2.0,,
Entire Network,FluSurv-NET,2019-20,2020,3,5-17 yr,Overall,Overall,Overall,11.0,1.4,,
Entire Network,FluSurv-NET,2019-20,2020,3,50-64 yr,Overall,Overall,Overall,35.0,6.2,,
Entire Network,FluSurv-NET,2019-20,2020,3,65-74 yr,Overall,Overall,Overall,50.0,7.4,,
Entire Network,FluSurv-NET,2019-20,2020,3,75-84 yr,Overall,Overall,Overall,74.0,10.1,,
Entire Network,FluSurv-NET,2019-20,2020,3,>= 65 yr,Overall,Overall,Overall,64.0,9.7,,
Entire Network,FluSurv-NET,2019-20,2020,3,>= 75,Overall,Overall,Overall,87.0,13.1,,
Entire Network,FluSurv-NET,2019-20,2020,3,>= 85,Overall,Overall,Overall,116.0,20.2,,
Entire Network,FluSurv-NET,2019-20,2020,3,Adults,Overall,Overall,Overall,29.0,4.6,,
Entire Network,FluSurv-NET,2019-20,2020,3,Overall,Female,Overall,Overall,28.0,4.3,,
Entire Network,FluSurv-NET,2019-20,2020,3,Overall,Male,Overall,Overall,26.0,4.1,,
Entire Network,FluSurv-NET,2019-20,2020,3,Overall,Overall,"American Indian/Alaska Native, NH",Overall,41.0,11.2,42.34396124717096,11.829839195844798
Entire Network,FluSurv-NET,2019-20,2020,3,Overall,Overall,"Asian/Pacific Islander, NH",Overall,13.0,2.5,15.297945791840615,2.85430687069682
Entire Network,FluSurv-NET,2019-20,2020,3,Overall,Overall,"Black, NH",Overall,48.0,6.9,51.61625108487811,7.50007675749921
Entire Network,FluSurv-NET,2019-20,2020,3,Overall,Overall,Hispanic,Overall,27.0,4.3,33.32122124282839,5.553504562409388
Entire Network,FluSurv-NET,2019-20,2020,3,Overall,Overall,Overall,Overall,27.0,4.2,,
Entire Network,FluSurv-NET,2019-20,2020,3,Overall,Overall,"White, NH",Overall,21.0,3.2,18.613261604721462,2.9518309018656153
Entire Network,FluSurv-NET,2019-20,2020,3,Pediatrics,Overall,Overall,Overall,20.0,2.6,,
Georgia,FluSurv-NET,2019-20,2020,3,Overall,Overall,Overall,Overall,35.0,3.6,,
Iowa,FluSurv-NET,2019-20,2020,3,Overall,Overall,Overall,Overall,,,,
Maryland,FluSurv-NET,2019-20,2020,3,Overall,Overall,Overall,Overall,28.0,6.1,,
Michigan,FluSurv-NET,2019-20,2020,3,Overall,Overall,Overall,Overall,25.0,2.1,,
Minnesota,FluSurv-NET,2019-20,2020,3,Overall,Overall,Overall,Overall,25.0,4.0,,
New Mexico,FluSurv-NET,2019-20,2020,3,Overall,Overall,Overall,Overall,45.0,8.7,,
New York,FluSurv-NET,2019-20,2020,3,Overall,Overall,Overall,Overall,25.0,5.4,,
Ohio,FluSurv-NET,2019-20,2020,3,Overall,Overall,Overall,Overall,16.0,3.2,,
Oregon,FluSurv-NET,2019-20,2020,3,Overall,Overall,Overall,Overall,21.0,2.3,,
Tennessee,FluSurv-NET,2019-20,2020,3,Overall,Overall,Overall,Overall,31.0,2.9,,
Utah,FluSurv-NET,2019-20,2020,3,Overall,Overall,Overall,Overall,15.0,3.3,,
California,FluSurv-NET,2019-20,2020,4,Overall,Overall,Overall,Overall,32.0,4.9,,
Colorado,FluSurv-NET,2019-20,2020,4,Overall,Overall,Overall,Overall,29.0,4.9,,
Connecticut,FluSurv-NET,2019-20,2020,4,Overall,Overall,Overall,Overall,39.0,9.6,,
Entire Network,FluSurv-NET,2019-20,2020,4,0-4 yr,Overall,Overall,Overall,50.0,6.8,,
Entire Network,FluSurv-NET,2019-20,2020,4,0-<1 yr,Overall,Overall,Overall,91.0,12.7,,
Entire Network,FluSurv-NET,2019-20,2020,4,1-4 yr,Overall,Overall,Overall,41.0,5.3,,
Entire Network,FluSurv-NET,2019-20,2020,4,12-17 yr,Overall,Overall,Overall,7.0,1.0,,
Entire Network,FluSurv-NET,2019-20,2020,4,18-29 yr,Overall,Overall,Overall,16.0,1.8,,
Entire Network,FluSurv-NET,2019-20,2020,4,18-49 yr,Overall,Overall,Overall,17.0,2.3,,
Entire Network,FluSurv-NET,2019-20,2020,4,30-39 yr,Overall,Overall,Overall,17.0,2.3,,
Entire Network,FluSurv-NET,2019-20,2020,4,40-49 yr,Overall,Overall,Overall,20.0,3.2,,
Entire Network,FluSurv-NET,2019-20,2020,4,5-11 yr,Overall,Overall,Overall,18.0,2.6,,
Entire Network,FluSurv-NET,2019-20,2020,4,5-17 yr,Overall,Overall,Overall,13.0,1.8,,
Entire Network,FluSurv-NET,2019-20,2020,4,50-64 yr,Overall,Overall,Overall,41.0,6.7,,
Entire Network,FluSurv-NET,2019-20,2020,4,65-74 yr,Overall,Overall,Overall,58.0,8.6,,
Entire Network,FluSurv-NET,2019-20,2020,4,75-84 yr,Overall,Overall,Overall,88.0,13.6,,
Entire Network,FluSurv-NET,2019-20,2020,4,>= 65 yr,Overall,Overall,Overall,75.0,11.0,,
Entire Network,FluSurv-NET,2019-20,2020,4,>= 75,Overall,Overall,Overall,101.0,14.6,,
Entire Network,FluSurv-NET,2019-20,2020,4,>= 85,Overall,Overall,Overall,133.0,17.1,,
Entire Network,FluSurv-NET,2019-20,2020,4,Adults,Overall,Overall,Overall,34.0,5.0,,
Entire Network,FluSurv-NET,2019-20,2020,4,Overall,Female,Overall,Overall,33.0,4.7,,
Entire Network,FluSurv-NET,2019-20,2020,4,Overall,Male,Overall,Overall,30.0,4.5,,
Entire Network,FluSurv-NET,2019-20,2020,4,Overall,Overall,"American Indian/Alaska Native, NH",Overall,46.0,5.4,47.7884689840344,5.444507736863431
Entire Network,FluSurv-NET,2019-20,2020,4,Overall,Overall,"Asian/Pacific Islander, NH",Overall,16.0,2.6,18.195844196035715,2.897898404195098
Entire Network,FluSurv-NET,2019-20,2020,4,Overall,Overall,"Black, NH",Overall,56.0,7.8,60.11027317611214,8.49402209123403
Entire Network,FluSurv-NET,2019-20,2020,4,Overall,Overall,Hispanic,Overall,31.0,4.3,38.79641167722371,5.475190434395317
Entire Network,FluSurv-NET,2019-20,2020,4,Overall,Overall,Overall,Overall,32.0,4.6,,
Entire Network,FluSurv-NET,2019-20,2020,4,Overall,Overall,"White, NH",Overall,24.0,3.6,21.908408855778877,3.2951472510574162
Entire Network,FluSurv-NET,2019-20,2020,4,Pediatrics,Overall,Overall,Overall,23.0,3.2,,
Georgia,FluSurv-NET,2019-20,2020,4,Overall,Overall,Overall,Overall,38.0,3.4,,
Iowa,FluSurv-NET,2019-20,2020,4,Overall,Overall,Overall,Overall,,,,
Maryland,FluSurv-NET,2019-20,2020,4,Overall,Overall,Overall,Overall,35.0,6.2,,
Michigan,FluSurv-NET,2019-20,2020,4,Overall,Overall,Overall,Overall,29.0,3.9,,
Minnesota,FluSurv-NET,2019-20,2020,4,Overall,Overall,Overall,Overall,30.0,5.0,,
New Mexico,FluSurv-NET,2019-20,2020,4,Overall,Overall,Overall,Overall,51.0,5.9,,
New York,FluSurv-NET,2019-20,2020,4,Overall,Overall,Overall,Overall,31.0,6.3,,
Ohio,FluSurv-NET,2019-20,2020,4,Overall,Overall,Overall,Overall,20.0,4.0,,
Oregon,FluSurv-NET,2019-20,2020,4,Overall,Overall,Overall,Overall,22.0,1.5,,
Tennessee,FluSurv-NET,2019-20,2020,4,Overall,Overall,Overall,Overall,34.0,2.5,,
Utah,FluSurv-NET,2019-20,2020,4,Overall,Overall,Overall,Overall,19.0,3.8,,
California,FluSurv-NET,2019-20,2020,5,Overall,Overall,Overall,Overall,36.0,4.2,,
Colorado,FluSurv-NET,2019-20,2020,5,Overall,Overall,Overall,Overall,34.0,4.9,,
Connecticut,FluSurv-NET,2019-20,2020,5,Overall,Overall,Overall,Overall,50.0,11.0,,
Entire Network,FluSurv-NET,2019-20,2020,5,0-4 yr,Overall,Overall,Overall,58.0,7.6,,
Entire Network,FluSurv-NET,2019-20,2020,5,0-<1 yr,Overall,Overall,Overall,103.0,12.4,,
Entire Network,FluSurv-NET,2019-20,2020,5,1-4 yr,Overall,Overall,Overall,47.0,6.5,,
Entire Network,FluSurv-NET,2019-20,2020,5,12-17 yr,Overall,Overall,Overall,8.0,1.0,,
Entire Network,FluSurv-NET,2019-20,2020,5,18-29 yr,Overall,Overall,Overall,18.0,2.0,,
Entire Network,FluSurv-NET,2019-20,2020,5,18-49 yr,Overall,Overall,Overall,20.0,2.8,,
Entire Network,FluSurv-NET,2019-20,2020,5,30-39 yr,Overall,Overall,Overall,20.0,2.8,,
Entire Network,FluSurv-NET,2019-20,2020,5,40-49 yr,Overall,Overall,Overall,24.0,3.9,,
Entire Network,FluSurv-NET,2019-20,2020,5,5-11 yr,Overall,Overall,Overall,21.0,2.7,,
Entire Network,FluSurv-NET,2019-20,2020,5,5-17 yr,Overall,Overall,Overall,15.0,1.9,,
Entire Network,FluSurv-NET,2019-20,2020,5,50-64 yr,Overall,Overall,Overall,49.0,7.7,,
Entire Network,FluSurv-NET,2019-20,2020,5,65-74 yr,Overall,Overall,Overall,68.0,9.5,,
Entire Network,FluSurv-NET,2019-20,2020,5,75-84 yr,Overall,Overall,Overall,103.0,15.0,,
Entire Network,FluSurv-NET,2019-20,2020,5,>= 65 yr,Overall,Overall,Overall,88.0,12.7,,
Entire Network,FluSurv-NET,2019-20,2020,5,>= 75,Overall,Overall,Overall,119.0,17.5,,
Entire Network,FluSurv-NET,2019-20,2020,5,>= 85,Overall,Overall,Overall,156.0,23.2,,
Entire Network,FluSurv-NET,2019-20,2020,5,Adults,Overall,Overall,Overall,40.0,5.9,,
Entire Network,FluSurv-NET,2019-20,2020,5,Overall,Female,Overall,Overall,38.0,5.4,,
Entire Network,FluSurv-NET,2019-20,2020,5,Overall,Male,Overall,Overall,36.0,5.2,,
Entire Network,FluSurv-NET,2019-20,2020,5,Overall,Overall,"American Indian/Alaska Native, NH",Overall,55.0,8.8,57.38839350785363,9.599924523819224
Entire Network,FluSurv-NET,2019-20,2020,5,Overall,Overall,"Asian/Pacific Islander, NH",Overall,19.0,2.7,21.275835652505123,3.079991456469409
Entire Network,FluSurv-NET,2019-20,2020,5,Overall,Overall,"Black, NH",Overall,64.0,8.5,69.36918338290245,9.258910206790313
Entire Network,FluSurv-NET,2019-20,2020,5,Overall,Overall,Hispanic,Overall,36.0,4.4,44.28668407122641,5.4902723940027025
Entire Network,FluSurv-NET,2019-20,2020,5,Overall,Overall,Overall,Overall,37.0,5.3,,
Entire Network,FluSurv-NET,2019-20,2020,5,Overall,Overall,"White, NH",Overall,29.0,4.6,26.118395330530348,4.209986474751467
Entire Network,FluSurv-NET,2019-20,2020,5,Pediatrics,Overall,Overall,Overall,26.0,3.5,,
Georgia,FluSurv-NET,2019-20,2020,5,Overall,Overall,Overall,Overall,43.0,4.8,,
Iowa,FluSurv-NET,2019-20,2020,5,Overall,Overall,Overall,Overall,,,,
Maryland,FluSurv-NET,2019-20,2020,5,Overall,Overall,Overall,Overall,43.0,8.3,,
Michigan,FluSurv-NET,2019-20,2020,5,Overall,Overall,Overall,Overall,32.0,3.6,,
Minnesota,FluSurv-NET,2019-20,2020,5,Overall,Overall,Overall,Overall,35.0,4.6,,
New Mexico,FluSurv-NET,2019-20,2020,5,Overall,Overall,Overall,Overall,57.0,5.8,,
New York,FluSurv-NET,2019-20,2020,5,Overall,Overall,Overall,Overall,40.0,8.7,,
Ohio,FluSurv-NET,2019-20,2020,5,Overall,Overall,Overall,Overall,25.0,4.9,,
Oregon,FluSurv-NET,2019-20,2020,5,Overall,Overall,Overall,Overall,24.0,2.1,,
Tennessee,FluSurv-NET,2019-20,2020,5,Overall,Overall,Overall,Overall,39.0,5.4,,
Utah,FluSurv-NET,2019-20,2020,5,Overall,Overall,Overall,Overall,22.0,2.6,,
California,FluSurv-NET,2019-20,2020,6,Overall,Overall,Overall,Overall,40.0,4.2,,
Colorado,FluSurv-NET,2019-20,2020,6,Overall,Overall,Overall,Overall,40.0,5.4,,
Connecticut,FluSurv-NET,2019-20,2020,6,Overall,Overall,Overall,Overall,64.0,14.2,,
Entire Network,FluSurv-NET,2019-20,2020,6,0-4 yr,Overall,Overall,Overall,67.0,8.4,,
Entire Network,FluSurv-NET,2019-20,2020,6,0-<1 yr,Overall,Overall,Overall,117.0,13.9,,
Entire Network,FluSurv-NET,2019-20,2020,6,1-4 yr,Overall,Overall,Overall,54.0,7.1,,
Entire Network,FluSurv-NET,2019-20,2020,6,12-17 yr,Overall,Overall,Overall,10.0,1.9,,
Entire Network,FluSurv-NET,2019-20,2020,6,18-29 yr,Overall,Overall,Overall,20.0,1.9,,
Entire Network,FluSurv-NET,2019-20,2020,6,18-49 yr,Overall,Overall,Overall,23.0,2.9,,
Entire Network,FluSurv-NET,2019-20,2020,6,30-39 yr,Overall,Overall,Overall,24.0,3.6,,
Entire Network,FluSurv-NET,2019-20,2020,6,40-49 yr,Overall,Overall,Overall,27.0,3.2,,
Entire Network,FluSurv-NET,2019-20,2020,6,5-11 yr,Overall,Overall,Overall,23.0,2.6,,
Entire Network,FluSurv-NET,2019-20,2020,6,5-17 yr,Overall,Overall,Overall,17.0,2.3,,
Entire Network,FluSurv-NET,2019-20,2020,6,50-64 yr,Overall,Overall,Overall,57.0,8.4,,
Entire Network,FluSurv-NET,2019-20,2020,6,65-74 yr,Overall,Overall,Overall,81.0,13.0,,
Entire Network,FluSurv-NET,2019-20,2020,6,75-84 yr,Overall,Overall,Overall,121.0,17.7,,
Entire Network,FluSurv-NET,2019-20,2020,6,>= 65 yr,Overall,Overall,Overall,104.0,15.7,,
Entire Network,FluSurv-NET,2019-20,2020,6,>= 75,Overall,Overall,Overall,138.0,19.7,,
Entire Network,FluSurv-NET,2019-20,2020,6,>= 85,Overall,Overall,Overall,181.0,24.5,,
Entire Network,FluSurv-NET,2019-20,2020,6,Adults,Overall,Overall,Overall,47.0,6.6,,
Entire Network,FluSurv-NET,2019-20,2020,6,Overall,Female,Overall,Overall,44.0,6.1,,
Entire Network,FluSurv-NET,2019-20,2020,6,Overall,Male,Overall,Overall,42.0,6.0,,
Entire Network,FluSurv-NET,2019-20,2020,6,Overall,Overall,"American Indian/Alaska Native, NH",Overall,65.0,10.2,68.02806473098539,10.63967122313178
Entire Network,FluSurv-NET,2019-20,2020,6,Overall,Overall,"Asian/Pacific Islander, NH",Overall,21.0,2.7,24.48937266461202,3.213537012106897
Entire Network,FluSurv-NET,2019-20,2020,6,Overall,Overall,"Black, NH",Overall,74.0,9.6,80.05213108593051,10.682947703028056
Entire Network,FluSurv-NET,2019-20,2020,6,Overall,Overall,Hispanic,Overall,40.0,4.6,50.012697428561786,5.726013357335368
Entire Network,FluSurv-NET,2019-20,2020,6,Overall,Overall,Overall,Overall,43.0,6.0,,
Entire Network,FluSurv-NET,2019-20,2020,6,Overall,Overall,"White, NH",Overall,34.0,5.2,30.852079821710927,4.733684491180578
Entire Network,FluSurv-NET,2019-20,2020,6,Pediatrics,Overall,Overall,Overall,30.0,4.0,,
Georgia,FluSurv-NET,2019-20,2020,6,Overall,Overall,Overall,Overall,48.0,4.8,,
Iowa,FluSurv-NET,2019-20,2020,6,Overall,Overall,Overall,Overall,,,,
Maryland,FluSurv-NET,2019-20,2020,6,Overall,Overall,Overall,Overall,51.0,7.9,,
Michigan,FluSurv-NET,2019-20,2020,6,Overall,Overall,Overall,Overall,38.0,5.3,,
Minnesota,FluSurv-NET,2019-20,2020,6,Overall,Overall,Overall,Overall,42.0,6.5,,
New Mexico,FluSurv-NET,2019-20,2020,6,Overall,Overall,Overall,Overall,62.0,5.4,,
New York,FluSurv-NET,2019-20,2020,6,Overall,Overall,Overall,Overall,50.0,10.0,,
Ohio,FluSurv-NET,2019-20,2020,6,Overall,Overall,Overall,Overall,32.0,6.9,,
Oregon,FluSurv-NET,2019-20,2020,6,Overall,Overall,Overall,Overall,26.0,1.5,,
Tennessee,FluSurv-NET,2019-20,2020,6,Overall,Overall,Overall,Overall,45.0,5.7,,
Utah,FluSurv-NET,2019-20,2020,6,Overall,Overall,Overall,Overall,27.0,5.2,,
California,FluSurv-NET,2019-20,2020,7,Overall,Overall,Overall,Overall,44.0,4.1,,
Colorado,FluSurv-NET,2019-20,2020,7,Overall,Overall,Overall,Overall,44.0,3.9,,
Connecticut,FluSurv-NET,2019-20,2020,7,Overall,Overall,Overall,Overall,74.0,10.2,,
Entire Network,FluSurv-NET,2019-20,2020,7,0-4 yr,Overall,Overall,Overall,72.0,5.5,,
Entire Network,FluSurv-NET,2019-20,2020,7,0-<1 yr,Overall,Overall,Overall,128.0,10.4,,
Entire Network,FluSurv-NET,2019-20,2020,7,1-4 yr,Overall,Overall,Overall,59.0,4.3,,
Entire Network,FluSurv-NET,2019-20,2020,7,12-17 yr,Overall,Overall,Overall,11.0,0.8,,
Entire Network,FluSurv-NET,2019-20,2020,7,18-29 yr,Overall,Overall,Overall,22.0,1.5,,
Entire Network,FluSurv-NET,2019-20,2020,7,18-49 yr,Overall,Overall,Overall,25.0,2.1,,
Entire Network,FluSurv-NET,2019-20,2020,7,30-39 yr,Overall,Overall,Overall,26.0,2.1,,
Entire Network,FluSurv-NET,2019-20,2020,7,40-49 yr,Overall,Overall,Overall,30.0,3.0,,
Entire Network,FluSurv-NET,2019-20,2020,7,5-11 yr,Overall,Overall,Overall,26.0,2.5,,
Entire Network,FluSurv-NET,2019-20,2020,7,5-17 yr,Overall,Overall,Overall,19.0,1.7,,
Entire Network,FluSurv-NET,2019-20,2020,7,50-64 yr,Overall,Overall,Overall,65.0,7.2,,
Entire Network,FluSurv-NET,2019-20,2020,7,65-74 yr,Overall,Overall,Overall,92.0,11.5,,
Entire Network,FluSurv-NET,2019-20,2020,7,75-84 yr,Overall,Overall,Overall,138.0,17.6,,
Entire Network,FluSurv-NET,2019-20,2020,7,>= 65 yr,Overall,Overall,Overall,118.0,14.4,,
Entire Network,FluSurv-NET,2019-20,2020,7,>= 75,Overall,Overall,Overall,157.0,18.7,,
Entire Network,FluSurv-NET,2019-20,2020,7,>= 85,Overall,Overall,Overall,202.0,21.2,,
Entire Network,FluSurv-NET,2019-20,2020,7,Adults,Overall,Overall,Overall,52.0,5.7,,
Entire Network,FluSurv-NET,2019-20,2020,7,Overall,Female,Overall,Overall,50.0,5.5,,
Entire Network,FluSurv-NET,2019-20,2020,7,Overall,Male,Overall,Overall,46.0,4.6,,
Entire Network,FluSurv-NET,2019-20,2020,7,Overall,Overall,"American Indian/Alaska Native, NH",Overall,70.0,4.9,73.07624181008002,5.0481770790946205
Entire Network,FluSurv-NET,2019-20,2020,7,Overall,Overall,"Asian/Pacific Islander, NH",Overall,24.0,2.1,26.946513731861767,2.4571410672497414
Entire Network,FluSurv-NET,2019-20,2020,7,Overall,Overall,"Black, NH",Overall,81.0,7.1,87.98773431037519,7.93560322444469
Entire Network,FluSurv-NET,2019-20,2020,7,Overall,Overall,Hispanic,Overall,44.0,4.1,55.33268796634682,5.319990537785031
Entire Network,FluSurv-NET,2019-20,2020,7,Overall,Overall,Overall,Overall,48.0,5.0,,
Entire Network,FluSurv-NET,2019-20,2020,7,Overall,Overall,"White, NH",Overall,39.0,4.7,35.036662748924186,4.184582927213269
Entire Network,FluSurv-NET,2019-20,2020,7,Pediatrics,Overall,Overall,Overall,33.0,2.7,,
Georgia,FluSurv-NET,2019-20,2020,7,Overall,Overall,Overall,Overall,50.0,2.9,,
Iowa,FluSurv-NET,2019-20,2020,7,Overall,Overall,Overall,Overall,,,,
Maryland,FluSurv-NET,2019-20,2020,7,Overall,Overall,Overall,Overall,57.0,6.4,,
Michigan,FluSurv-NET,2019-20,2020,7,Overall,Overall,Overall,Overall,44.0,6.6,,
Minnesota,FluSurv-NET,2019-20,2020,7,Overall,Overall,Overall,Overall,48.0,6.5,,
New Mexico,FluSurv-NET,2019-20,2020,7,Overall,Overall,Overall,Overall,67.0,5.1,,
New York,FluSurv-NET,2019-20,2020,7,Overall,Overall,Overall,Overall,58.0,8.2,,
Ohio,FluSurv-NET,2019-20,2020,7,Overall,Overall,Overall,Overall,38.0,6.1,,
Oregon,FluSurv-NET,2019-20,2020,7,Overall,Overall,Overall,Overall,26.0,0.8,,
Tennessee,FluSurv-NET,2019-20,2020,7,Overall,Overall,Overall,Overall,49.0,4.5,,
Utah,FluSurv-NET,2019-20,2020,7,Overall,Overall,Overall,Overall,31.0,4.1,,
California,FluSurv-NET,2019-20,2020,8,Overall,Overall,Overall,Overall,49.0,4.3,,
Colorado,FluSurv-NET,2019-20,2020,8,Overall,Overall,Overall,Overall,47.0,3.8,,
Connecticut,FluSurv-NET,2019-20,2020,8,Overall,Overall,Overall,Overall,83.0,8.6,,
Entire Network,FluSurv-NET,2019-20,2020,8,0-4 yr,Overall,Overall,Overall,79.0,6.9,,
Entire Network,FluSurv-NET,2019-20,2020,8,0-<1 yr,Overall,Overall,Overall,140.0,12.7,,
Entire Network,FluSurv-NET,2019-20,2020,8,1-4 yr,Overall,Overall,Overall,64.0,5.5,,
Entire Network,FluSurv-NET,2019-20,2020,8,12-17 yr,Overall,Overall,Overall,12.0,0.7,,
Entire Network,FluSurv-NET,2019-20,2020,8,18-29 yr,Overall,Overall,Overall,23.0,1.7,,
Entire Network,FluSurv-NET,2019-20,2020,8,18-49 yr,Overall,Overall,Overall,27.0,2.1,,
Entire Network,FluSurv-NET,2019-20,2020,8,30-39 yr,Overall,Overall,Overall,28.0,2.2,,
Entire Network,FluSurv-NET,2019-20,2020,8,40-49 yr,Overall,Overall,Overall,32.0,2.5,,
Entire Network,FluSurv-NET,2019-20,2020,8,5-11 yr,Overall,Overall,Overall,27.0,1.8,,
Entire Network,FluSurv-NET,2019-20,2020,8,5-17 yr,Overall,Overall,Overall,20.0,1.3,,
Entire Network,FluSurv-NET,2019-20,2020,8,50-64 yr,Overall,Overall,Overall,72.0,7.3,,
Entire Network,FluSurv-NET,2019-20,2020,8,65-74 yr,Overall,Overall,Overall,104.0,11.5,,
Entire Network,FluSurv-NET,2019-20,2020,8,75-84 yr,Overall,Overall,Overall,155.0,17.1,,
Entire Network,FluSurv-NET,2019-20,2020,8,>= 65 yr,Overall,Overall,Overall,132.0,14.3,,
Entire Network,FluSurv-NET,2019-20,2020,8,>= 75,Overall,Overall,Overall,176.0,18.5,,
Entire Network,FluSurv-NET,2019-20,2020,8,>= 85,Overall,Overall,Overall,223.0,21.6,,
Entire Network,FluSurv-NET,2019-20,2020,8,Adults,Overall,Overall,Overall,58.0,5.6,,
Entire Network,FluSurv-NET,2019-20,2020,8,Overall,Female,Overall,Overall,55.0,5.1,,
Entire Network,FluSurv-NET,2019-20,2020,8,Overall,Male,Overall,Overall,51.0,5.0,,
Entire Network,FluSurv-NET,2019-20,2020,8,Overall,Overall,"American Indian/Alaska Native, NH",Overall,76.0,5.4,78.78565138439617,5.709409574316153
Entire Network,FluSurv-NET,2019-20,2020,8,Overall,Overall,"Asian/Pacific Islander, NH",Overall,25.0,1.7,28.91134551384214,1.9648317819803771
Entire Network,FluSurv-NET,2019-20,2020,8,Overall,Overall,"Black, NH",Overall,88.0,6.8,95.68225299390168,7.69451868352648
Entire Network,FluSurv-NET,2019-20,2020,8,Overall,Overall,Hispanic,Overall,48.0,3.7,60.17388767201976,4.841199705672938
Entire Network,FluSurv-NET,2019-20,2020,8,Overall,Overall,Overall,Overall,53.0,5.0,,
Entire Network,FluSurv-NET,2019-20,2020,8,Overall,Overall,"White, NH",Overall,44.0,4.9,39.407498639527766,4.370835890603571
Entire Network,FluSurv-NET,2019-20,2020,8,Pediatrics,Overall,Overall,Overall,36.0,2.8,,
Georgia,FluSurv-NET,2019-20,2020,8,Overall,Overall,Overall,Overall,53.0,2.8,,
Iowa,FluSurv-NET,2019-20,2020,8,Overall,Overall,Overall,Overall,,,,
Maryland,FluSurv-NET,2019-20,2020,8,Overall,Overall,Overall,Overall,62.0,5.2,,
Michigan,FluSurv-NET,2019-20,2020,8,Overall,Overall,Overall,Overall,51.0,7.0,,
Minnesota,FluSurv-NET,2019-20,2020,8,Overall,Overall,Overall,Overall,56.0,7.9,,
New Mexico,FluSurv-NET,2019-20,2020,8,Overall,Overall,Overall,Overall,72.0,4.3,,
New York,FluSurv-NET,2019-20,2020,8,Overall,Overall,Overall,Overall,68.0,9.5,,
Ohio,FluSurv-NET,2019-20,2020,8,Overall,Overall,Overall,Overall,43.0,5.1,,
Oregon,FluSurv-NET,2019-20,2020,8,Overall,Overall,Overall,Overall,28.0,2.0,,
Tennessee,FluSurv-NET,2019-20,2020,8,Overall,Overall,Overall,Overall,53.0,3.9,,
Utah,FluSurv-NET,2019-20,2020,8,Overall,Overall,Overall,Overall,35.0,3.7,,
California,FluSurv-NET,2019-20,2020,9,Overall,Overall,Overall,Overall,52.0,3.5,,
Colorado,FluSurv-NET,2019-20,2020,9,Overall,Overall,Overall,Overall,50.0,3.0,,
Connecticut,FluSurv-NET,2019-20,2020,9,Overall,Overall,Overall,Overall,90.0,7.2,,
Entire Network,FluSurv-NET,2019-20,2020,9,0-4 yr,Overall,Overall,Overall,83.0,4.2,,
Entire Network,FluSurv-NET,2019-20,2020,9,0-<1 yr,Overall,Overall,Overall,146.0,5.6,,
Entire Network,FluSurv-NET,2019-20,2020,9,1-4 yr,Overall,Overall,Overall,68.0,3.9,,
Entire Network,FluSurv-NET,2019-20,2020,9,12-17 yr,Overall,Overall,Overall,12.0,0.5,,
Entire Network,FluSurv-NET,2019-20,2020,9,18-29 yr,Overall,Overall,Overall,24.0,1.2,,
Entire Network,FluSurv-NET,2019-20,2020,9,18-49 yr,Overall,Overall,Overall,29.0,2.0,,
Entire Network,FluSurv-NET,2019-20,2020,9,30-39 yr,Overall,Overall,Overall,30.0,2.0,,
Entire Network,FluSurv-NET,2019-20,2020,9,40-49 yr,Overall,Overall,Overall,35.0,3.1,,
Entire Network,FluSurv-NET,2019-20,2020,9,5-11 yr,Overall,Overall,Overall,29.0,1.2,,
Entire Network,FluSurv-NET,2019-20,2020,9,5-17 yr,Overall,Overall,Overall,21.0,0.9,,
Entire Network,FluSurv-NET,2019-20,2020,9,50-64 yr,Overall,Overall,Overall,77.0,5.6,,
Entire Network,FluSurv-NET,2019-20,2020,9,65-74 yr,Overall,Overall,Overall,115.0,11.4,,
Entire Network,FluSurv-NET,2019-20,2020,9,75-84 yr,Overall,Overall,Overall,172.0,16.5,,
Entire Network,FluSurv-NET,2019-20,2020,9,>= 65 yr,Overall,Overall,Overall,147.0,14.0,,
Entire Network,FluSurv-NET,2019-20,2020,9,>= 75,Overall,Overall,Overall,194.0,17.9,,
Entire Network,FluSurv-NET,2019-20,2020,9,>= 85,Overall,Overall,Overall,245.0,21.4,,
Entire Network,FluSurv-NET,2019-20,2020,9,Adults,Overall,Overall,Overall,63.0,5.1,,
Entire Network,FluSurv-NET,2019-20,2020,9,Overall,Female,Overall,Overall,59.0,4.4,,
Entire Network,FluSurv-NET,2019-20,2020,9,Overall,Male,Overall,Overall,56.0,4.4,,
Entire Network,FluSurv-NET,2019-20,2020,9,Overall,Overall,"American Indian/Alaska Native, NH",Overall,81.0,5.4,84.28805707813773,5.502405693741556
Entire Network,FluSurv-NET,2019-20,2020,9,Overall,Overall,"Asian/Pacific Islander, NH",Overall,27.0,1.7,30.79591681723846,1.8845713033963227
Entire Network,FluSurv-NET,2019-20,2020,9,Overall,Overall,"Black, NH",Overall,93.0,5.6,102.00858225109029,6.326329257188631
Entire Network,FluSurv-NET,2019-20,2020,9,Overall,Overall,Hispanic,Overall,51.0,2.9,64.09040571360548,3.9165180415857326
Entire Network,FluSurv-NET,2019-20,2020,9,Overall,Overall,Overall,Overall,57.0,4.4,,
Entire Network,FluSurv-NET,2019-20,2020,9,Overall,Overall,"White, NH",Overall,48.0,4.5,43.38905690076376,3.9815582612359925
Entire Network,FluSurv-NET,2019-20,2020,9,Pediatrics,Overall,Overall,Overall,38.0,1.8,,
Georgia,FluSurv-NET,2019-20,2020,9,Overall,Overall,Overall,Overall,55.0,2.1,,
Iowa,FluSurv-NET,2019-20,2020,9,Overall,Overall,Overall,Overall,,,,
Maryland,FluSurv-NET,2019-20,2020,9,Overall,Overall,Overall,Overall,67.0,5.0,,
Michigan,FluSurv-NET,2019-20,2020,9,Overall,Overall,Overall,Overall,59.0,8.2,,
Minnesota,FluSurv-NET,2019-20,2020,9,Overall,Overall,Overall,Overall,63.0,7.3,,
New Mexico,FluSurv-NET,2019-20,2020,9,Overall,Overall,Overall,Overall,74.0,2.1,,
New York,FluSurv-NET,2019-20,2020,9,Overall,Overall,Overall,Overall,75.0,7.0,,
Ohio,FluSurv-NET,2019-20,2020,9,Overall,Overall,Overall,Overall,48.0,4.9,,
Oregon,FluSurv-NET,2019-20,2020,9,Overall,Overall,Overall,Overall,31.0,2.5,,
Tennessee,FluSurv-NET,2019-20,2020,9,Overall,Overall,Overall,Overall,57.0,3.8,,
Utah,FluSurv-NET,2019-20,2020,9,Overall,Overall,Overall,Overall,38.0,3.8,,
California,FluSurv-NET,2019-20,2020,10,Overall,Overall,Overall,Overall,55.0,2.4,,
Colorado,FluSurv-NET,2019-20,2020,10,Overall,Overall,Overall,Overall,53.0,3.1,,
Connecticut,FluSurv-NET,2019-20,2020,10,Overall,Overall,Overall,Overall,97.0,6.8,,
Entire Network,FluSurv-NET,2019-20,2020,10,0-4 yr,Overall,Overall,Overall,88.0,4.7,,
Entire Network,FluSurv-NET,2019-20,2020,10,0-<1 yr,Overall,Overall,Overall,155.0,9.5,,
Entire Network,FluSurv-NET,2019-20,2020,10,1-4 yr,Overall,Overall,Overall,71.0,3.5,,
Entire Network,FluSurv-NET,2019-20,2020,10,12-17 yr,Overall,Overall,Overall,13.0,0.5,,
Entire Network,FluSurv-NET,2019-20,2020,10,18-29 yr,Overall,Overall,Overall,25.0,1.0,,
Entire Network,FluSurv-NET,2019-20,2020,10,18-49 yr,Overall,Overall,Overall,31.0,1.8,,
Entire Network,FluSurv-NET,2019-20,2020,10,30-39 yr,Overall,Overall,Overall,32.0,1.9,,
Entire Network,FluSurv-NET,2019-20,2020,10,40-49 yr,Overall,Overall,Overall,38.0,2.6,,
Entire Network,FluSurv-NET,2019-20,2020,10,5-11 yr,Overall,Overall,Overall,30.0,1.2,,
Entire Network,FluSurv-NET,2019-20,2020,10,5-17 yr,Overall,Overall,Overall,22.0,0.9,,
Entire Network,FluSurv-NET,2019-20,2020,10,50-64 yr,Overall,Overall,Overall,83.0,5.1,,
Entire Network,FluSurv-NET,2019-20,2020,10,65-74 yr,Overall,Overall,Overall,125.0,9.4,,
Entire Network,FluSurv-NET,2019-20,2020,10,75-84 yr,Overall,Overall,Overall,187.0,15.1,,
Entire Network,FluSurv-NET,2019-20,2020,10,>= 65 yr,Overall,Overall,Overall,159.0,12.1,,
Entire Network,FluSurv-NET,2019-20,2020,10,>= 75,Overall,Overall,Overall,210.0,16.2,,
Entire Network,FluSurv-NET,2019-20,2020,10,>= 85,Overall,Overall,Overall,263.0,18.7,,
Entire Network,FluSurv-NET,2019-20,2020,10,Adults,Overall,Overall,Overall,68.0,4.5,,
Entire Network,FluSurv-NET,2019-20,2020,10,Overall,Female,Overall,Overall,63.0,4.2,,
Entire Network,FluSurv-NET,2019-20,2020,10,Overall,Male,Overall,Overall,59.0,3.7,,
Entire Network,FluSurv-NET,2019-20,2020,10,Overall,Overall,"American Indian/Alaska Native, NH",Overall,85.0,4.4,89.30756464705279,5.019507568915059
Entire Network,FluSurv-NET,2019-20,2020,10,Overall,Overall,"Asian/Pacific Islander, NH",Overall,28.0,1.5,32.461313081371884,1.6653962641334241
Entire Network,FluSurv-NET,2019-20,2020,10,Overall,Overall,"Black, NH",Overall,99.0,6.0,108.75557475183055,6.746992500740236
Entire Network,FluSurv-NET,2019-20,2020,10,Overall,Overall,Hispanic,Overall,54.0,2.6,67.4414216169415,3.351015903335998
Entire Network,FluSurv-NET,2019-20,2020,10,Overall,Overall,Overall,Overall,61.0,4.0,,
Entire Network,FluSurv-NET,2019-20,2020,10,Overall,Overall,"White, NH",Overall,52.0,3.8,46.699741005055586,3.3106841042918256
Entire Network,FluSurv-NET,2019-20,2020,10,Pediatrics,Overall,Overall,Overall,40.0,1.9,,
Georgia,FluSurv-NET,2019-20,2020,10,Overall,Overall,Overall,Overall,57.0,2.0,,
Iowa,FluSurv-NET,2019-20,2020,10,Overall,Overall,Overall,Overall,,,,
Maryland,FluSurv-NET,2019-20,2020,10,Overall,Overall,Overall,Overall,71.0,3.8,,
Michigan,FluSurv-NET,2019-20,2020,10,Overall,Overall,Overall,Overall,67.0,7.6,,
Minnesota,FluSurv-NET,2019-20,2020,10,Overall,Overall,Overall,Overall,69.0,6.3,,
New Mexico,FluSurv-NET,2019-20,2020,10,Overall,Overall,Overall,Overall,75.0,1.7,,
New York,FluSurv-NET,2019-20,2020,10,Overall,Overall,Overall,Overall,81.0,6.3,,
Ohio,FluSurv-NET,2019-20,2020,10,Overall,Overall,Overall,Overall,52.0,3.7,,
Oregon,FluSurv-NET,2019-20,2020,10,Overall,Overall,Overall,Overall,34.0,3.5,,
Tennessee,FluSurv-NET,2019-20,2020,10,Overall,Overall,Overall,Overall,61.0,4.3,,
Utah,FluSurv-NET,2019-20,2020,10,Overall,Overall,Overall,Overall,43.0,4.5,,
California,FluSurv-NET,2019-20,2020,11,Overall,Overall,Overall,Overall,56.0,1.7,,
Colorado,FluSurv-NET,2019-20,2020,11,Overall,Overall,Overall,Overall,56.0,2.1,,
Connecticut,FluSurv-NET,2019-20,2020,11,Overall,Overall,Overall,Overall,101.0,3.9,,
Entire Network,FluSurv-NET,2019-20,2020,11,0-4 yr,Overall,Overall,Overall,90.0,2.5,,
Entire Network,FluSurv-NET,2019-20,2020,11,0-<1 yr,Overall,Overall,Overall,160.0,4.4,,
Entire Network,FluSurv-NET,2019-20,2020,11,1-4 yr,Overall,Overall,Overall,74.0,2.1,,
Entire Network,FluSurv-NET,2019-20,2020,11,12-17 yr,Overall,Overall,Overall,14.0,0.9,,
Entire Network,FluSurv-NET,2019-20,2020,11,18-29 yr,Overall,Overall,Overall,26.0,0.8,,
Entire Network,FluSurv-NET,2019-20,2020,11,18-49 yr,Overall,Overall,Overall,32.0,1.2,,
Entire Network,FluSurv-NET,2019-20,2020,11,30-39 yr,Overall,Overall,Overall,33.0,1.3,,
Entire Network,FluSurv-NET,2019-20,2020,11,40-49 yr,Overall,Overall,Overall,40.0,1.6,,
Entire Network,FluSurv-NET,2019-20,2020,11,5-11 yr,Overall,Overall,Overall,31.0,1.2,,
Entire Network,FluSurv-NET,2019-20,2020,11,5-17 yr,Overall,Overall,Overall,23.0,1.1,,
Entire Network,FluSurv-NET,2019-20,2020,11,50-64 yr,Overall,Overall,Overall,87.0,4.0,,
Entire Network,FluSurv-NET,2019-20,2020,11,65-74 yr,Overall,Overall,Overall,131.0,6.3,,
Entire Network,FluSurv-NET,2019-20,2020,11,75-84 yr,Overall,Overall,Overall,197.0,10.0,,
Entire Network,FluSurv-NET,2019-20,2020,11,>= 65 yr,Overall,Overall,Overall,167.0,8.4,,
Entire Network,FluSurv-NET,2019-20,2020,11,>= 75,Overall,Overall,Overall,221.0,11.5,,
Entire Network,FluSurv-NET,2019-20,2020,11,>= 85,Overall,Overall,Overall,279.0,15.1,,
Entire Network,FluSurv-NET,2019-20,2020,11,Adults,Overall,Overall,Overall,71.0,3.2,,
Entire Network,FluSurv-NET,2019-20,2020,11,Overall,Female,Overall,Overall,66.0,2.8,,
Entire Network,FluSurv-NET,2019-20,2020,11,Overall,Male,Overall,Overall,62.0,2.9,,
Entire Network,FluSurv-NET,2019-20,2020,11,Overall,Overall,"American Indian/Alaska Native, NH",Overall,89.0,3.4,93.31071763008606,4.003152983033263
Entire Network,FluSurv-NET,2019-20,2020,11,Overall,Overall,"Asian/Pacific Islander, NH",Overall,29.0,1.1,33.600060385735055,1.1387473043631748
Entire Network,FluSurv-NET,2019-20,2020,11,Overall,Overall,"Black, NH",Overall,103.0,3.7,112.79271653456269,4.037141782732131
Entire Network,FluSurv-NET,2019-20,2020,11,Overall,Overall,Hispanic,Overall,55.0,1.5,69.47732059871079,2.0358989817692965
Entire Network,FluSurv-NET,2019-20,2020,11,Overall,Overall,Overall,Overall,64.0,2.8,,
Entire Network,FluSurv-NET,2019-20,2020,11,Overall,Overall,"White, NH",Overall,55.0,3.0,49.35419949180941,2.654458486753828
Entire Network,FluSurv-NET,2019-20,2020,11,Pediatrics,Overall,Overall,Overall,41.0,1.5,,
Georgia,FluSurv-NET,2019-20,2020,11,Overall,Overall,Overall,Overall,59.0,1.6,,
Iowa,FluSurv-NET,2019-20,2020,11,Overall,Overall,Overall,Overall,,,,
Maryland,FluSurv-NET,2019-20,2020,11,Overall,Overall,Overall,Overall,75.0,3.3,,
Michigan,FluSurv-NET,2019-20,2020,11,Overall,Overall,Overall,Overall,72.0,5.2,,
Minnesota,FluSurv-NET,2019-20,2020,11,Overall,Overall,Overall,Overall,73.0,3.9,,
New Mexico,FluSurv-NET,2019-20,2020,11,Overall,Overall,Overall,Overall,77.0,1.4,,
New York,FluSurv-NET,2019-20,2020,11,Overall,Overall,Overall,Overall,86.0,5.3,,
Ohio,FluSurv-NET,2019-20,2020,11,Overall,Overall,Overall,Overall,54.0,2.5,,
Oregon,FluSurv-NET,2019-20,2020,11,Overall,Overall,Overall,Overall,36.0,2.1,,
Tennessee,FluSurv-NET,2019-20,2020,11,Overall,Overall,Overall,Overall,65.0,3.5,,
Utah,FluSurv-NET,2019-20,2020,11,Overall,Overall,Overall,Overall,46.0,3.0,,
California,FluSurv-NET,2019-20,2020,12,Overall,Overall,Overall,Overall,57.0,0.6,,
Colorado,FluSurv-NET,2019-20,2020,12,Overall,Overall,Overall,Overall,56.0,0.8,,
Connecticut,FluSurv-NET,2019-20,2020,12,Overall,Overall,Overall,Overall,102.0,1.4,,
Entire Network,FluSurv-NET,2019-20,2020,12,0-4 yr,Overall,Overall,Overall,91.0,0.8,,
Entire Network,FluSurv-NET,2019-20,2020,12,0-<1 yr,Overall,Overall,Overall,162.0,1.8,,
Entire Network,FluSurv-NET,2019-20,2020,12,1-4 yr,Overall,Overall,Overall,74.0,0.6,,
Entire Network,FluSurv-NET,2019-20,2020,12,12-17 yr,Overall,Overall,Overall,14.0,0.3,,
Entire Network,FluSurv-NET,2019-20,2020,12,18-29 yr,Overall,Overall,Overall,26.0,0.3,,
Entire Network,FluSurv-NET,2019-20,2020,12,18-49 yr,Overall,Overall,Overall,33.0,0.7,,
Entire Network,FluSurv-NET,2019-20,2020,12,30-39 yr,Overall,Overall,Overall,34.0,0.8,,
Entire Network,FluSurv-NET,2019-20,2020,12,40-49 yr,Overall,Overall,Overall,41.0,1.0,,
Entire Network,FluSurv-NET,2019-20,2020,12,5-11 yr,Overall,Overall,Overall,32.0,0.5,,
Entire Network,FluSurv-NET,2019-20,2020,12,5-17 yr,Overall,Overall,Overall,23.0,0.4,,
Entire Network,FluSurv-NET,2019-20,2020,12,50-64 yr,Overall,Overall,Overall,88.0,1.9,,
Entire Network,FluSurv-NET,2019-20,2020,12,65-74 yr,Overall,Overall,Overall,134.0,2.8,,
Entire Network,FluSurv-NET,2019-20,2020,12,75-84 yr,Overall,Overall,Overall,201.0,3.7,,
Entire Network,FluSurv-NET,2019-20,2020,12,>= 65 yr,Overall,Overall,Overall,170.0,3.3,,
Entire Network,FluSurv-NET,2019-20,2020,12,>= 75,Overall,Overall,Overall,225.0,4.1,,
Entire Network,FluSurv-NET,2019-20,2020,12,>= 85,Overall,Overall,Overall,284.0,5.1,,
Entire Network,FluSurv-NET,2019-20,2020,12,Adults,Overall,Overall,Overall,72.0,1.5,,
Entire Network,FluSurv-NET,2019-20,2020,12,Overall,Female,Overall,Overall,67.0,1.2,,
Entire Network,FluSurv-NET,2019-20,2020,12,Overall,Male,Overall,Overall,63.0,1.3,,
Entire Network,FluSurv-NET,2019-20,2020,12,Overall,Overall,"American Indian/Alaska Native, NH",Overall,91.0,2.4,96.02243718738758,2.7117195573015236
Entire Network,FluSurv-NET,2019-20,2020,12,Overall,Overall,"Asian/Pacific Islander, NH",Overall,30.0,0.3,33.966296086067345,0.3662357003322863
Entire Network,FluSurv-NET,2019-20,2020,12,Overall,Overall,"Black, NH",Overall,105.0,1.8,114.7303552701339,1.9376387355712292
Entire Network,FluSurv-NET,2019-20,2020,12,Overall,Overall,Hispanic,Overall,56.0,0.7,70.41379399544664,0.9364733967358677
Entire Network,FluSurv-NET,2019-20,2020,12,Overall,Overall,Overall,Overall,65.0,1.3,,
Entire Network,FluSurv-NET,2019-20,2020,12,Overall,Overall,"White, NH",Overall,56.0,1.2,50.46160054451121,1.107401052701798
Entire Network,FluSurv-NET,2019-20,2020,12,Pediatrics,Overall,Overall,Overall,42.0,0.5,,
Georgia,FluSurv-NET,2019-20,2020,12,Overall,Overall,Overall,Overall,60.0,0.9,,
Iowa,FluSurv-NET,2019-20,2020,12,Overall,Overall,Overall,Overall,,,,
Maryland,FluSurv-NET,2019-20,2020,12,Overall,Overall,Overall,Overall,76.0,1.2,,
Michigan,FluSurv-NET,2019-20,2020,12,Overall,Overall,Overall,Overall,75.0,2.5,,
Minnesota,FluSurv-NET,2019-20,2020,12,Overall,Overall,Overall,Overall,75.0,1.8,,
New Mexico,FluSurv-NET,2019-20,2020,12,Overall,Overall,Overall,Overall,78.0,0.9,,
New York,FluSurv-NET,2019-20,2020,12,Overall,Overall,Overall,Overall,88.0,2.1,,
Ohio,FluSurv-NET,2019-20,2020,12,Overall,Overall,Overall,Overall,56.0,1.4,,
Oregon,FluSurv-NET,2019-20,2020,12,Overall,Overall,Overall,Overall,38.0,1.3,,
Tennessee,FluSurv-NET,2019-20,2020,12,Overall,Overall,Overall,Overall,66.0,1.3,,
Utah,FluSurv-NET,2019-20,2020,12,Overall,Overall,Overall,Overall,47.0,1.6,,
California,FluSurv-NET,2019-20,2020,13,Overall,Overall,Overall,Overall,57.0,0.1,,
Colorado,FluSurv-NET,2019-20,2020,13,Overall,Overall,Overall,Overall,57.0,0.2,,
Connecticut,FluSurv-NET,2019-20,2020,13,Overall,Overall,Overall,Overall,103.0,0.3,,
Entire Network,FluSurv-NET,2019-20,2020,13,0-4 yr,Overall,Overall,Overall,91.0,0.2,,
Entire Network,FluSurv-NET,2019-20,2020,13,0-<1 yr,Overall,Overall,Overall,162.0,0.3,,
Entire Network,FluSurv-NET,2019-20,2020,13,1-4 yr,Overall,Overall,Overall,74.0,0.1,,
Entire Network,FluSurv-NET,2019-20,2020,13,12-17 yr,Overall,Overall,Overall,14.0,0.0,,
Entire Network,FluSurv-NET,2019-20,2020,13,18-29 yr,Overall,Overall,Overall,27.0,0.1,,
Entire Network,FluSurv-NET,2019-20,2020,13,18-49 yr,Overall,Overall,Overall,33.0,0.1,,
Entire Network,FluSurv-NET,2019-20,2020,13,30-39 yr,Overall,Overall,Overall,34.0,0.1,,
Entire Network,FluSurv-NET,2019-20,2020,13,40-49 yr,Overall,Overall,Overall,41.0,0.1,,
Entire Network,FluSurv-NET,2019-20,2020,13,5-11 yr,Overall,Overall,Overall,32.0,0.0,,
Entire Network,FluSurv-NET,2019-20,2020,13,5-17 yr,Overall,Overall,Overall,23.0,0.0,,
Entire Network,FluSurv-NET,2019-20,2020,13,50-64 yr,Overall,Overall,Overall,89.0,0.5,,
Entire Network,FluSurv-NET,2019-20,2020,13,65-74 yr,Overall,Overall,Overall,135.0,1.2,,
Entire Network,FluSurv-NET,2019-20,2020,13,75-84 yr,Overall,Overall,Overall,201.0,0.8,,
Entire Network,FluSurv-NET,2019-20,2020,13,>= 65 yr,Overall,Overall,Overall,171.0,1.1,,
Entire Network,FluSurv-NET,2019-20,2020,13,>= 75,Overall,Overall,Overall,226.0,0.9,,
Entire Network,FluSurv-NET,2019-20,2020,13,>= 85,Overall,Overall,Overall,285.0,1.0,,
Entire Network,FluSurv-NET,2019-20,2020,13,Adults,Overall,Overall,Overall,73.0,0.4,,
Entire Network,FluSurv-NET,2019-20,2020,13,Overall,Female,Overall,Overall,68.0,0.3,,
Entire Network,FluSurv-NET,2019-20,2020,13,Overall,Male,Overall,Overall,64.0,0.4,,
Entire Network,FluSurv-NET,2019-20,2020,13,Overall,Overall,"American Indian/Alaska Native, NH",Overall,92.0,0.5,96.55501920784234,0.5325820204547598
Entire Network,FluSurv-NET,2019-20,2020,13,Overall,Overall,"Asian/Pacific Islander, NH",Overall,30.0,0.1,34.05724570882215,0.09094962275480989
Entire Network,FluSurv-NET,2019-20,2020,13,Overall,Overall,"Black, NH",Overall,105.0,0.5,115.27541364354916,0.5450583734152296
Entire Network,FluSurv-NET,2019-20,2020,13,Overall,Overall,Hispanic,Overall,56.0,0.2,70.67396755845435,0.2601735630077048
Entire Network,FluSurv-NET,2019-20,2020,13,Overall,Overall,Overall,Overall,66.0,0.3,,
Entire Network,FluSurv-NET,2019-20,2020,13,Overall,Overall,"White, NH",Overall,56.0,0.3,50.718995051569934,0.25739450705873945
Entire Network,FluSurv-NET,2019-20,2020,13,Pediatrics,Overall,Overall,Overall,42.0,0.1,,
Georgia,FluSurv-NET,2019-20,2020,13,Overall,Overall,Overall,Overall,60.0,0.2,,
Iowa,FluSurv-NET,2019-20,2020,13,Overall,Overall,Overall,Overall,,,,
Maryland,FluSurv-NET,2019-20,2020,13,Overall,Overall,Overall,Overall,76.0,0.4,,
Michigan,FluSurv-NET,2019-20,2020,13,Overall,Overall,Overall,Overall,75.0,0.4,,
Minnesota,FluSurv-NET,2019-20,2020,13,Overall,Overall,Overall,Overall,76.0,0.5,,
New Mexico,FluSurv-NET,2019-20,2020,13,Overall,Overall,Overall,Overall,78.0,0.3,,
New York,FluSurv-NET,2019-20,2020,13,Overall,Overall,Overall,Overall,89.0,0.3,,
Ohio,FluSurv-NET,2019-20,2020,13,Overall,Overall,Overall,Overall,57.0,0.8,,
Oregon,FluSurv-NET,2019-20,2020,13,Overall,Overall,Overall,Overall,38.0,0.3,,
Tennessee,FluSurv-NET,2019-20,2020,13,Overall,Overall,Overall,Overall,67.0,0.3,,
Utah,FluSurv-NET,2019-20,2020,13,Overall,Overall,Overall,Overall,48.0,0.3,,
California,FluSurv-NET,2019-20,2020,14,Overall,Overall,Overall,Overall,57.0,0.1,,
Colorado,FluSurv-NET,2019-20,2020,14,Overall,Overall,Overall,Overall,57.0,0.1,,
Connecticut,FluSurv-NET,2019-20,2020,14,Overall,Overall,Overall,Overall,103.0,0.0,,
Entire Network,FluSurv-NET,2019-20,2020,14,0-4 yr,Overall,Overall,Overall,91.0,0.1,,
Entire Network,FluSurv-NET,2019-20,2020,14,0-<1 yr,Overall,Overall,Overall,162.0,0.3,,
Entire Network,FluSurv-NET,2019-20,2020,14,1-4 yr,Overall,Overall,Overall,74.0,0.1,,
Entire Network,FluSurv-NET,2019-20,2020,14,12-17 yr,Overall,Overall,Overall,14.0,0.0,,
Entire Network,FluSurv-NET,2019-20,2020,14,18-29 yr,Overall,Overall,Overall,27.0,0.1,,
Entire Network,FluSurv-NET,2019-20,2020,14,18-49 yr,Overall,Overall,Overall,33.0,0.1,,
Entire Network,FluSurv-NET,2019-20,2020,14,30-39 yr,Overall,Overall,Overall,34.0,0.0,,
Entire Network,FluSurv-NET,2019-20,2020,14,40-49 yr,Overall,Overall,Overall,41.0,0.2,,
Entire Network,FluSurv-NET,2019-20,2020,14,5-11 yr,Overall,Overall,Overall,32.0,0.0,,
Entire Network,FluSurv-NET,2019-20,2020,14,5-17 yr,Overall,Overall,Overall,23.0,0.0,,
Entire Network,FluSurv-NET,2019-20,2020,14,50-64 yr,Overall,Overall,Overall,89.0,0.1,,
Entire Network,FluSurv-NET,2019-20,2020,14,65-74 yr,Overall,Overall,Overall,135.0,0.1,,
Entire Network,FluSurv-NET,2019-20,2020,14,75-84 yr,Overall,Overall,Overall,202.0,0.6,,
Entire Network,FluSurv-NET,2019-20,2020,14,>= 65 yr,Overall,Overall,Overall,172.0,0.3,,
Entire Network,FluSurv-NET,2019-20,2020,14,>= 75,Overall,Overall,Overall,227.0,0.6,,
Entire Network,FluSurv-NET,2019-20,2020,14,>= 85,Overall,Overall,Overall,285.0,0.6,,
Entire Network,FluSurv-NET,2019-20,2020,14,Adults,Overall,Overall,Overall,73.0,0.1,,
Entire Network,FluSurv-NET,2019-20,2020,14,Overall,Female,Overall,Overall,68.0,0.1,,
Entire Network,FluSurv-NET,2019-20,2020,14,Overall,Male,Overall,Overall,64.0,0.1,,
Entire Network,FluSurv-NET,2019-20,2020,14,Overall,Overall,"American Indian/Alaska Native, NH",Overall,92.0,0.0,96.55501920784234,0.0
Entire Network,FluSurv-NET,2019-20,2020,14,Overall,Overall,"Asian/Pacific Islander, NH",Overall,30.0,0.0,34.05724570882215,0.0
Entire Network,FluSurv-NET,2019-20,2020,14,Overall,Overall,"Black, NH",Overall,105.0,0.2,115.48562133883495,0.21020769528581104
Entire Network,FluSurv-NET,2019-20,2020,14,Overall,Overall,Hispanic,Overall,56.0,0.0,70.71850682291543,0.04453926446106506
Entire Network,FluSurv-NET,2019-20,2020,14,Overall,Overall,Overall,Overall,66.0,0.1,,
Entire Network,FluSurv-NET,2019-20,2020,14,Overall,Overall,"White, NH",Overall,57.0,0.1,50.83342932073373,0.11443426916377723
Entire Network,FluSurv-NET,2019-20,2020,14,Pediatrics,Overall,Overall,Overall,42.0,0.0,,
Georgia,FluSurv-NET,2019-20,2020,14,Overall,Overall,Overall,Overall,60.0,0.1,,
Iowa,FluSurv-NET,2019-20,2020,14,Overall,Overall,Overall,Overall,,,,
Maryland,FluSurv-NET,2019-20,2020,14,Overall,Overall,Overall,Overall,76.0,0.1,,
Michigan,FluSurv-NET,2019-20,2020,14,Overall,Overall,Overall,Overall,75.0,0.0,,
Minnesota,FluSurv-NET,2019-20,2020,14,Overall,Overall,Overall,Overall,76.0,0.2,,
New Mexico,FluSurv-NET,2019-20,2020,14,Overall,Overall,Overall,Overall,78.0,0.0,,
New York,FluSurv-NET,2019-20,2020,14,Overall,Overall,Overall,Overall,89.0,0.1,,
Ohio,FluSurv-NET,2019-20,2020,14,Overall,Overall,Overall,Overall,57.0,0.1,,
Oregon,FluSurv-NET,2019-20,2020,14,Overall,Overall,Overall,Overall,38.0,0.1,,
Tennessee,FluSurv-NET,2019-20,2020,14,Overall,Overall,Overall,Overall,67.0,0.2,,
Utah,FluSurv-NET,2019-20,2020,14,Overall,Overall,Overall,Overall,48.0,0.5,,
California,FluSurv-NET,2019-20,2020,15,Overall,Overall,Overall,Overall,57.0,0.0,,
Colorado,FluSurv-NET,2019-20,2020,15,Overall,Overall,Overall,Overall,57.0,0.0,,
Connecticut,FluSurv-NET,2019-20,2020,15,Overall,Overall,Overall,Overall,103.0,0.1,,
Entire Network,FluSurv-NET,2019-20,2020,15,0-4 yr,Overall,Overall,Overall,91.0,0.0,,
Entire Network,FluSurv-NET,2019-20,2020,15,0-<1 yr,Overall,Overall,Overall,162.0,0.0,,
Entire Network,FluSurv-NET,2019-20,2020,15,1-4 yr,Overall,Overall,Overall,74.0,0.0,,
Entire Network,FluSurv-NET,2019-20,2020,15,12-17 yr,Overall,Overall,Overall,14.0,0.0,,
Entire Network,FluSurv-NET,2019-20,2020,15,18-29 yr,Overall,Overall,Overall,27.0,0.0,,
Entire Network,FluSurv-NET,2019-20,2020,15,18-49 yr,Overall,Overall,Overall,33.0,0.0,,
Entire Network,FluSurv-NET,2019-20,2020,15,30-39 yr,Overall,Overall,Overall,34.0,0.0,,
Entire Network,FluSurv-NET,2019-20,2020,15,40-49 yr,Overall,Overall,Overall,41.0,0.1,,
Entire Network,FluSurv-NET,2019-20,2020,15,5-11 yr,Overall,Overall,Overall,32.0,0.0,,
Entire Network,FluSurv-NET,2019-20,2020,15,5-17 yr,Overall,Overall,Overall,23.0,0.0,,
Entire Network,FluSurv-NET,2019-20,2020,15,50-64 yr,Overall,Overall,Overall,89.0,0.1,,
Entire Network,FluSurv-NET,2019-20,2020,15,65-74 yr,Overall,Overall,Overall,135.0,0.1,,
Entire Network,FluSurv-NET,2019-20,2020,15,75-84 yr,Overall,Overall,Overall,202.0,0.2,,
Entire Network,FluSurv-NET,2019-20,2020,15,>= 65 yr,Overall,Overall,Overall,172.0,0.1,,
Entire Network,FluSurv-NET,2019-20,2020,15,>= 75,Overall,Overall,Overall,227.0,0.1,,
Entire Network,FluSurv-NET,2019-20,2020,15,>= 85,Overall,Overall,Overall,285.0,0.0,,
Entire Network,FluSurv-NET,2019-20,2020,15,Adults,Overall,Overall,Overall,73.0,0.1,,
Entire Network,FluSurv-NET,2019-20,2020,15,Overall,Female,Overall,Overall,68.0,0.0,,
Entire Network,FluSurv-NET,2019-20,2020,15,Overall,Male,Overall,Overall,64.0,0.1,,
Entire Network,FluSurv-NET,2019-20,2020,15,Overall,Overall,"American Indian/Alaska Native, NH",Overall,92.0,0.0,96.55501920784234,0.0
Entire Network,FluSurv-NET,2019-20,2020,15,Overall,Overall,"Asian/Pacific Islander, NH",Overall,30.0,0.0,34.05724570882215,0.0
Entire Network,FluSurv-NET,2019-20,2020,15,Overall,Overall,"Black, NH",Overall,106.0,0.1,115.6111840068471,0.12556266801215157
Entire Network,FluSurv-NET,2019-20,2020,15,Overall,Overall,Hispanic,Overall,56.0,0.0,70.74077645514595,0.02226963223053253
Entire Network,FluSurv-NET,2019-20,2020,15,Overall,Overall,Overall,Overall,66.0,0.1,,
Entire Network,FluSurv-NET,2019-20,2020,15,Overall,Overall,"White, NH",Overall,57.0,0.1,50.881441978139335,0.04801265740561501
Entire Network,FluSurv-NET,2019-20,2020,15,Pediatrics,Overall,Overall,Overall,42.0,0.0,,
Georgia,FluSurv-NET,2019-20,2020,15,Overall,Overall,Overall,Overall,60.0,0.1,,
Iowa,FluSurv-NET,2019-20,2020,15,Overall,Overall,Overall,Overall,,,,
Maryland,FluSurv-NET,2019-20,2020,15,Overall,Overall,Overall,Overall,76.0,0.1,,
Michigan,FluSurv-NET,2019-20,2020,15,Overall,Overall,Overall,Overall,75.0,0.2,,
Minnesota,FluSurv-NET,2019-20,2020,15,Overall,Overall,Overall,Overall,76.0,0.1,,
New Mexico,FluSurv-NET,2019-20,2020,15,Overall,Overall,Overall,Overall,78.0,0.2,,
New York,FluSurv-NET,2019-20,2020,15,Overall,Overall,Overall,Overall,89.0,0.0,,
Ohio,FluSurv-NET,2019-20,2020,15,Overall,Overall,Overall,Overall,57.0,0.1,,
Oregon,FluSurv-NET,2019-20,2020,15,Overall,Overall,Overall,Overall,38.0,0.0,,
Tennessee,FluSurv-NET,2019-20,2020,15,Overall,Overall,Overall,Overall,67.0,0.0,,
Utah,FluSurv-NET,2019-20,2020,15,Overall,Overall,Overall,Overall,48.0,0.0,,
California,FluSurv-NET,2019-20,2020,16,Overall,Overall,Overall,Overall,57.0,0.1,,
Colorado,FluSurv-NET,2019-20,2020,16,Overall,Overall,Overall,Overall,57.0,0.0,,
Connecticut,FluSurv-NET,2019-20,2020,16,Overall,Overall,Overall,Overall,103.0,0.1,,
Entire Network,FluSurv-NET,2019-20,2020,16,0-4 yr,Overall,Overall,Overall,91.0,0.0,,
Entire Network,FluSurv-NET,2019-20,2020,16,0-<1 yr,Overall,Overall,Overall,162.0,0.0,,
Entire Network,FluSurv-NET,2019-20,2020,16,1-4 yr,Overall,Overall,Overall,74.0,0.0,,
Entire Network,FluSurv-NET,2019-20,2020,16,12-17 yr,Overall,Overall,Overall,14.0,0.0,,
Entire Network,FluSurv-NET,2019-20,2020,16,18-29 yr,Overall,Overall,Overall,27.0,0.0,,
Entire Network,FluSurv-NET,2019-20,2020,16,18-49 yr,Overall,Overall,Overall,33.0,0.0,,
Entire Network,FluSurv-NET,2019-20,2020,16,30-39 yr,Overall,Overall,Overall,34.0,0.1,,
Entire Network,FluSurv-NET,2019-20,2020,16,40-49 yr,Overall,Overall,Overall,41.0,0.0,,
Entire Network,FluSurv-NET,2019-20,2020,16,5-11 yr,Overall,Overall,Overall,32.0,0.0,,
Entire Network,FluSurv-NET,2019-20,2020,16,5-17 yr,Overall,Overall,Overall,23.0,0.0,,
Entire Network,FluSurv-NET,2019-20,2020,16,50-64 yr,Overall,Overall,Overall,89.0,0.1,,
Entire Network,FluSurv-NET,2019-20,2020,16,65-74 yr,Overall,Overall,Overall,135.0,0.2,,
Entire Network,FluSurv-NET,2019-20,2020,16,75-84 yr,Overall,Overall,Overall,202.0,0.2,,
Entire Network,FluSurv-NET,2019-20,2020,16,>= 65 yr,Overall,Overall,Overall,172.0,0.3,,
Entire Network,FluSurv-NET,2019-20,2020,16,>= 75,Overall,Overall,Overall,227.0,0.4,,
Entire Network,FluSurv-NET,2019-20,2020,16,>= 85,Overall,Overall,Overall,286.0,0.8,,
Entire Network,FluSurv-NET,2019-20,2020,16,Adults,Overall,Overall,Overall,73.0,0.1,,
Entire Network,FluSurv-NET,2019-20,2020,16,Overall,Female,Overall,Overall,68.0,0.1,,
Entire Network,FluSurv-NET,2019-20,2020,16,Overall,Male,Overall,Overall,64.0,0.1,,
Entire Network,FluSurv-NET,2019-20,2020,16,Overall,Overall,"American Indian/Alaska Native, NH",Overall,92.0,0.0,96.55501920784234,0.0
Entire Network,FluSurv-NET,2019-20,2020,16,Overall,Overall,"Asian/Pacific Islander, NH",Overall,30.0,0.0,34.104790883207045,0.04754517438488755
Entire Network,FluSurv-NET,2019-20,2020,16,Overall,Overall,"Black, NH",Overall,106.0,0.1,115.75679621798663,0.14561221113953743
Entire Network,FluSurv-NET,2019-20,2020,16,Overall,Overall,Hispanic,Overall,56.0,0.1,70.83380443906921,0.09302798392326792
Entire Network,FluSurv-NET,2019-20,2020,16,Overall,Overall,Overall,Overall,66.0,0.1,,
Entire Network,FluSurv-NET,2019-20,2020,16,Overall,Overall,"White, NH",Overall,57.0,0.1,50.92394582134914,0.04250384320981051
Entire Network,FluSurv-NET,2019-20,2020,16,Pediatrics,Overall,Overall,Overall,42.0,0.0,,
Georgia,FluSurv-NET,2019-20,2020,16,Overall,Overall,Overall,Overall,60.0,0.1,,
Iowa,FluSurv-NET,2019-20,2020,16,Overall,Overall,Overall,Overall,,,,
Maryland,FluSurv-NET,2019-20,2020,16,Overall,Overall,Overall,Overall,76.0,0.1,,
Michigan,FluSurv-NET,2019-20,2020,16,Overall,Overall,Overall,Overall,75.0,0.0,,
Minnesota,FluSurv-NET,2019-20,2020,16,Overall,Overall,Overall,Overall,76.0,0.1,,
New Mexico,FluSurv-NET,2019-20,2020,16,Overall,Overall,Overall,Overall,78.0,0.2,,
New York,FluSurv-NET,2019-20,2020,16,Overall,Overall,Overall,Overall,89.0,0.0,,
Ohio,FluSurv-NET,2019-20,2020,16,Overall,Overall,Overall,Overall,57.0,0.0,,
Oregon,FluSurv-NET,2019-20,2020,16,Overall,Overall,Overall,Overall,38.0,0.0,,
Tennessee,FluSurv-NET,2019-20,2020,16,Overall,Overall,Overall,Overall,67.0,0.2,,
Utah,FluSurv-NET,2019-20,2020,16,Overall,Overall,Overall,Overall,48.0,0.1,,
California,FluSurv-NET,2019-20,2020,17,Overall,Overall,Overall,Overall,57.0,0.0,,
Colorado,FluSurv-NET,2019-20,2020,17,Overall,Overall,Overall,Overall,57.0,0.0,,
Connecticut,FluSurv-NET,2019-20,2020,17,Overall,Overall,Overall,Overall,103.0,0.0,,
Entire Network,FluSurv-NET,2019-20,2020,17,0-4 yr,Overall,Overall,Overall,91.0,0.0,,
Entire Network,FluSurv-NET,2019-20,2020,17,0-<1 yr,Overall,Overall,Overall,162.0,0.0,,
Entire Network,FluSurv-NET,2019-20,2020,17,1-4 yr,Overall,Overall,Overall,74.0,0.0,,
Entire Network,FluSurv-NET,2019-20,2020,17,12-17 yr,Overall,Overall,Overall,14.0,0.0,,
Entire Network,FluSurv-NET,2019-20,2020,17,18-29 yr,Overall,Overall,Overall,27.0,0.0,,
Entire Network,FluSurv-NET,2019-20,2020,17,18-49 yr,Overall,Overall,Overall,33.0,0.0,,
Entire Network,FluSurv-NET,2019-20,2020,17,30-39 yr,Overall,Overall,Overall,34.0,0.0,,
Entire Network,FluSurv-NET,2019-20,2020,17,40-49 yr,Overall,Overall,Overall,41.0,0.0,,
Entire Network,FluSurv-NET,2019-20,2020,17,5-11 yr,Overall,Overall,Overall,32.0,0.0,,
Entire Network,FluSurv-NET,2019-20,2020,17,5-17 yr,Overall,Overall,Overall,23.0,0.0,,
Entire Network,FluSurv-NET,2019-20,2020,17,50-64 yr,Overall,Overall,Overall,89.0,0.0,,
Entire Network,FluSurv-NET,2019-20,2020,17,65-74 yr,Overall,Overall,Overall,135.0,0.1,,
Entire Network,FluSurv-NET,2019-20,2020,17,75-84 yr,Overall,Overall,Overall,203.0,0.2,,
Entire Network,FluSurv-NET,2019-20,2020,17,>= 65 yr,Overall,Overall,Overall,172.0,0.1,,
Entire Network,FluSurv-NET,2019-20,2020,17,>= 75,Overall,Overall,Overall,227.0,0.1,,
Entire Network,FluSurv-NET,2019-20,2020,17,>= 85,Overall,Overall,Overall,286.0,0.0,,
Entire Network,FluSurv-NET,2019-20,2020,17,Adults,Overall,Overall,Overall,73.0,0.0,,
Entire Network,FluSurv-NET,2019-20,2020,17,Overall,Female,Overall,Overall,68.0,0.0,,
Entire Network,FluSurv-NET,2019-20,2020,17,Overall,Male,Overall,Overall,64.0,0.0,,
Entire Network,FluSurv-NET,2019-20,2020,17,Overall,Overall,"American Indian/Alaska Native, NH",Overall,92.0,0.0,96.55501920784234,0.0
Entire Network,FluSurv-NET,2019-20,2020,17,Overall,Overall,"Asian/Pacific Islander, NH",Overall,30.0,0.0,34.104790883207045,0.0
Entire Network,FluSurv-NET,2019-20,2020,17,Overall,Overall,"Black, NH",Overall,106.0,0.1,115.83943771441471,0.08264149642808348
Entire Network,FluSurv-NET,2019-20,2020,17,Overall,Overall,Hispanic,Overall,56.0,0.0,70.83380443906921,0.0
Entire Network,FluSurv-NET,2019-20,2020,17,Overall,Overall,Overall,Overall,66.0,0.0,,
Entire Network,FluSurv-NET,2019-20,2020,17,Overall,Overall,"White, NH",Overall,57.0,0.0,50.93828916066139,0.014343339312229041
Entire Network,FluSurv-NET,2019-20,2020,17,Pediatrics,Overall,Overall,Overall,42.0,0.0,,
Georgia,FluSurv-NET,2019-20,2020,17,Overall,Overall,Overall,Overall,60.0,0.0,,
Iowa,FluSurv-NET,2019-20,2020,17,Overall,Overall,Overall,Overall,,,,
Maryland,FluSurv-NET,2019-20,2020,17,Overall,Overall,Overall,Overall,76.0,0.1,,
Michigan,FluSurv-NET,2019-20,2020,17,Overall,Overall,Overall,Overall,75.0,0.0,,
Minnesota,FluSurv-NET,2019-20,2020,17,Overall,Overall,Overall,Overall,76.0,0.0,,
New Mexico,FluSurv-NET,2019-20,2020,17,Overall,Overall,Overall,Overall,78.0,0.0,,
New York,FluSurv-NET,2019-20,2020,17,Overall,Overall,Overall,Overall,89.0,0.0,,
Ohio,FluSurv-NET,2019-20,2020,17,Overall,Overall,Overall,Overall,57.0,0.0,,
Oregon,FluSurv-NET,2019-20,2020,17,Overall,Overall,Overall,Overall,38.0,0.0,,
Tennessee,FluSurv-NET,2019-20,2020,17,Overall,Overall,Overall,Overall,67.0,0.0,,
Utah,FluSurv-NET,2019-20,2020,17,Overall,Overall,Overall,Overall,48.0,0.0,,
California,FluSurv-NET,2019-20,2020,18,Overall,Overall,Overall,Overall,57.0,0.0,,
Colorado,FluSurv-NET,2019-20,2020,18,Overall,Overall,Overall,Overall,57.0,0.0,,
Connecticut,FluSurv-NET,2019-20,2020,18,Overall,Overall,Overall,Overall,103.0,0.0,,
Entire Network,FluSurv-NET,2019-20,2020,18,0-4 yr,Overall,Overall,Overall,91.0,0.0,,
Entire Network,FluSurv-NET,2019-20,2020,18,0-<1 yr,Overall,Overall,Overall,162.0,0.0,,
Entire Network,FluSurv-NET,2019-20,2020,18,1-4 yr,Overall,Overall,Overall,74.0,0.0,,
Entire Network,FluSurv-NET,2019-20,2020,18,12-17 yr,Overall,Overall,Overall,14.0,0.0,,
Entire Network,FluSurv-NET,2019-20,2020,18,18-29 yr,Overall,Overall,Overall,27.0,0.0,,
Entire Network,FluSurv-NET,2019-20,2020,18,18-49 yr,Overall,Overall,Overall,33.0,0.0,,
Entire Network,FluSurv-NET,2019-20,2020,18,30-39 yr,Overall,Overall,Overall,34.0,0.0,,
Entire Network,FluSurv-NET,2019-20,2020,18,40-49 yr,Overall,Overall,Overall,41.0,0.0,,
Entire Network,FluSurv-NET,2019-20,2020,18,5-11 yr,Overall,Overall,Overall,32.0,0.0,,
Entire Network,FluSurv-NET,2019-20,2020,18,5-17 yr,Overall,Overall,Overall,23.0,0.0,,
Entire Network,FluSurv-NET,2019-20,2020,18,50-64 yr,Overall,Overall,Overall,89.0,0.0,,
Entire Network,FluSurv-NET,2019-20,2020,18,65-74 yr,Overall,Overall,Overall,135.0,0.0,,
Entire Network,FluSurv-NET,2019-20,2020,18,75-84 yr,Overall,Overall,Overall,203.0,0.0,,
Entire Network,FluSurv-NET,2019-20,2020,18,>= 65 yr,Overall,Overall,Overall,172.0,0.0,,
Entire Network,FluSurv-NET,2019-20,2020,18,>= 75,Overall,Overall,Overall,227.0,0.1,,
Entire Network,FluSurv-NET,2019-20,2020,18,>= 85,Overall,Overall,Overall,286.0,0.2,,
Entire Network,FluSurv-NET,2019-20,2020,18,Adults,Overall,Overall,Overall,73.0,0.0,,
Entire Network,FluSurv-NET,2019-20,2020,18,Overall,Female,Overall,Overall,68.0,0.0,,
Entire Network,FluSurv-NET,2019-20,2020,18,Overall,Male,Overall,Overall,64.0,0.0,,
Entire Network,FluSurv-NET,2019-20,2020,18,Overall,Overall,"American Indian/Alaska Native, NH",Overall,92.0,0.0,96.55501920784234,0.0
Entire Network,FluSurv-NET,2019-20,2020,18,Overall,Overall,"Asian/Pacific Islander, NH",Overall,30.0,0.0,34.104790883207045,0.0
Entire Network,FluSurv-NET,2019-20,2020,18,Overall,Overall,"Black, NH",Overall,106.0,0.0,115.86932264840043,0.029884933985700617
Entire Network,FluSurv-NET,2019-20,2020,18,Overall,Overall,Hispanic,Overall,56.0,0.0,70.83380443906921,0.0
Entire Network,FluSurv-NET,2019-20,2020,18,Overall,Overall,Overall,Overall,66.0,0.0,,
Entire Network,FluSurv-NET,2019-20,2020,18,Overall,Overall,"White, NH",Overall,57.0,0.0,50.9495122666925,0.011223106031128654
Entire Network,FluSurv-NET,2019-20,2020,18,Pediatrics,Overall,Overall,Overall,42.0,0.0,,
Georgia,FluSurv-NET,2019-20,2020,18,Overall,Overall,Overall,Overall,60.0,0.0,,
Iowa,FluSurv-NET,2019-20,2020,18,Overall,Overall,Overall,Overall,,,,
Maryland,FluSurv-NET,2019-20,2020,18,Overall,Overall,Overall,Overall,76.0,0.0,,
Michigan,FluSurv-NET,2019-20,2020,18,Overall,Overall,Overall,Overall,75.0,0.0,,
Minnesota,FluSurv-NET,2019-20,2020,18,Overall,Overall,Overall,Overall,76.0,0.0,,
New Mexico,FluSurv-NET,2019-20,2020,18,Overall,Overall,Overall,Overall,78.0,0.0,,
New York,FluSurv-NET,2019-20,2020,18,Overall,Overall,Overall,Overall,89.0,0.0,,
Ohio,FluSurv-NET,2019-20,2020,18,Overall,Overall,Overall,Overall,57.0,0.0,,
Oregon,FluSurv-NET,2019-20,2020,18,Overall,Overall,Overall,Overall,38.0,0.1,,
Tennessee,FluSurv-NET,2019-20,2020,18,Overall,Overall,Overall,Overall,67.0,0.1,,
Utah,FluSurv-NET,2019-20,2020,18,Overall,Overall,Overall,Overall,48.0,0.0,,
Entire Network,FluSurv-NET,2020-21,2020,40,Overall,Overall,"American Indian/Alaska Native, NH",Overall,,,0.0,0.0
Entire Network,FluSurv-NET,2020-21,2020,40,Overall,Overall,"Asian/Pacific Islander, NH",Overall,,,0.0,0.0
Entire Network,FluSurv-NET,2020-21,2020,40,Overall,Overall,"Black, NH",Overall,,,0.0,0.0
Entire Network,FluSurv-NET,2020-21,2020,40,Overall,Overall,Hispanic,Overall,,,0.0,0.0
Entire Network,FluSurv-NET,2020-21,2020,40,Overall,Overall,Overall,Overall,0.0,0.0,,
Entire Network,FluSurv-NET,2020-21,2020,40,Overall,Overall,"White, NH",Overall,,,0.004616931802814848,0.004616931802814848
Entire Network,FluSurv-NET,2020-21,2020,41,Overall,Overall,"American Indian/Alaska Native, NH",Overall,,,0.0,0.0
Entire Network,FluSurv-NET,2020-21,2020,41,Overall,Overall,"Asian/Pacific Islander, NH",Overall,,,0.0,0.0
Entire Network,FluSurv-NET,2020-21,2020,41,Overall,Overall,"Black, NH",Overall,,,0.0,0.0
Entire Network,FluSurv-NET,2020-21,2020,41,Overall,Overall,Hispanic,Overall,,,0.021921153485732703,0.021921153485732703
Entire Network,FluSurv-NET,2020-21,2020,41,Overall,Overall,Overall,Overall,0.0,0.0,,
Entire Network,FluSurv-NET,2020-21,2020,41,Overall,Overall,"White, NH",Overall,,,0.01082299106757534,0.006206059264760492
Entire Network,FluSurv-NET,2020-21,2020,42,Overall,Overall,"American Indian/Alaska Native, NH",Overall,,,0.0,0.0
Entire Network,FluSurv-NET,2020-21,2020,42,Overall,Overall,"Asian/Pacific Islander, NH",Overall,,,0.0,0.0
Entire Network,FluSurv-NET,2020-21,2020,42,Overall,Overall,"Black, NH",Overall,,,0.0732872004210117,0.0732872004210117
Entire Network,FluSurv-NET,2020-21,2020,42,Overall,Overall,Hispanic,Overall,,,0.043842306971465406,0.021921153485732703
Entire Network,FluSurv-NET,2020-21,2020,42,Overall,Overall,Overall,Overall,0.0,0.0,,
Entire Network,FluSurv-NET,2020-21,2020,42,Overall,Overall,"White, NH",Overall,,,0.020629538260565877,0.009806547192990539
Entire Network,FluSurv-NET,2020-21,2020,43,Overall,Overall,"American Indian/Alaska Native, NH",Overall,,,0.0,0.0
Entire Network,FluSurv-NET,2020-21,2020,43,Overall,Overall,"Asian/Pacific Islander, NH",Overall,,,0.0,0.0
Entire Network,FluSurv-NET,2020-21,2020,43,Overall,Overall,"Black, NH",Overall,,,0.13276982367398918,0.059482623252977485
Entire Network,FluSurv-NET,2020-21,2020,43,Overall,Overall,Hispanic,Overall,,,0.043842306971465406,0.0
Entire Network,FluSurv-NET,2020-21,2020,43,Overall,Overall,Overall,Overall,0.0,0.0,,
Entire Network,FluSurv-NET,2020-21,2020,43,Overall,Overall,"White, NH",Overall,,,0.04371419727464012,0.023084659014074242
Entire Network,FluSurv-NET,2020-21,2020,44,Overall,Overall,"American Indian/Alaska Native, NH",Overall,,,0.0,0.0
Entire Network,FluSurv-NET,2020-21,2020,44,Overall,Overall,"Asian/Pacific Islander, NH",Overall,,,0.0,0.0
Entire Network,FluSurv-NET,2020-21,2020,44,Overall,Overall,"Black, NH",Overall,,,0.2081490292176794,0.0753792055436902
Entire Network,FluSurv-NET,2020-21,2020,44,Overall,Overall,Hispanic,Overall,,,0.09637682816061185,0.052534521189146456
Entire Network,FluSurv-NET,2020-21,2020,44,Overall,Overall,Overall,Overall,0.0,0.0,,
Entire Network,FluSurv-NET,2020-21,2020,44,Overall,Overall,"White, NH",Overall,,,0.054537188342215465,0.01082299106757534
Entire Network,FluSurv-NET,2020-21,2020,45,Overall,Overall,"American Indian/Alaska Native, NH",Overall,,,0.0,0.0
Entire Network,FluSurv-NET,2020-21,2020,45,Overall,Overall,"Asian/Pacific Islander, NH",Overall,,,0.0,0.0
Entire Network,FluSurv-NET,2020-21,2020,45,Overall,Overall,"Black, NH",Overall,,,0.22887597105360158,0.02072694183592223
Entire Network,FluSurv-NET,2020-21,2020,45,Overall,Overall,Hispanic,Overall,,,0.217027540789855,0.12065071262924316
Entire Network,FluSurv-NET,2020-21,2020,45,Overall,Overall,Overall,Overall,0.0,0.0,,
Entire Network,FluSurv-NET,2020-21,2020,45,Overall,Overall,"White, NH",Overall,,,0.08281146274646539,0.028274274404249934
Entire Network,FluSurv-NET,2020-21,2020,46,Overall,Overall,"American Indian/Alaska Native, NH",Overall,,,0.0,0.0
Entire Network,FluSurv-NET,2020-21,2020,46,Overall,Overall,"Asian/Pacific Islander, NH",Overall,,,0.0,0.0
Entire Network,FluSurv-NET,2020-21,2020,46,Overall,Overall,"Black, NH",Overall,,,0.33190448310110204,0.10302851204750044
Entire Network,FluSurv-NET,2020-21,2020,46,Overall,Overall,Hispanic,Overall,,,0.3376782534190982,0.12065071262924316
Entire Network,FluSurv-NET,2020-21,2020,46,Overall,Overall,Overall,Overall,0.0,0.0,,
Entire Network,FluSurv-NET,2020-21,2020,46,Overall,Overall,"White, NH",Overall,,,0.11642580312391311,0.0336143403774477
Entire Network,FluSurv-NET,2020-21,2020,47,Overall,Overall,"American Indian/Alaska Native, NH",Overall,,,0.0,0.0
Entire Network,FluSurv-NET,2020-21,2020,47,Overall,Overall,"Asian/Pacific Islander, NH",Overall,,,0.0,0.0
Entire Network,FluSurv-NET,2020-21,2020,47,Overall,Overall,"Black, NH",Overall,,,0.382372736563513,0.050468253462410975
Entire Network,FluSurv-NET,2020-21,2020,47,Overall,Overall,Hispanic,Overall,,,0.3717363491391465,0.03405809572004835
Entire Network,FluSurv-NET,2020-21,2020,47,Overall,Overall,Overall,Overall,0.0,0.0,,
Entire Network,FluSurv-NET,2020-21,2020,47,Overall,Overall,"White, NH",Overall,,,0.15565199189587528,0.039226188771962156
Entire Network,FluSurv-NET,2020-21,2020,48,Overall,Overall,"American Indian/Alaska Native, NH",Overall,,,0.0,0.0
Entire Network,FluSurv-NET,2020-21,2020,48,Overall,Overall,"Asian/Pacific Islander, NH",Overall,,,0.0,0.0
Entire Network,FluSurv-NET,2020-21,2020,48,Overall,Overall,"Black, NH",Overall,,,0.48749325373369196,0.10512051717017895
Entire Network,FluSurv-NET,2020-21,2020,48,Overall,Overall,Hispanic,Overall,,,0.4057944448591949,0.03405809572004835
Entire Network,FluSurv-NET,2020-21,2020,48,Overall,Overall,Overall,Overall,0.0,0.0,,
Entire Network,FluSurv-NET,2020-21,2020,48,Overall,Overall,"White, NH",Overall,,,0.1654585390888658,0.009806547192990539
Entire Network,FluSurv-NET,2020-21,2020,49,Overall,Overall,"American Indian/Alaska Native, NH",Overall,,,0.0,0.0
Entire Network,FluSurv-NET,2020-21,2020,49,Overall,Overall,"Asian/Pacific Islander, NH",Overall,,,0.13887052889557167,0.13887052889557167
Entire Network,FluSurv-NET,2020-21,2020,49,Overall,Overall,"Black, NH",Overall,,,0.6064183480719051,0.11892509433821313
Entire Network,FluSurv-NET,2020-21,2020,49,Overall,Overall,Hispanic,Overall,,,0.46177369406497604,0.055979249205781054
Entire Network,FluSurv-NET,2020-21,2020,49,Overall,Overall,Overall,Overall,0.0,0.1,,
Entire Network,FluSurv-NET,2020-21,2020,49,Overall,Overall,"White, NH",Overall,,,0.20309282184646424,0.03763428275759842
Entire Network,FluSurv-NET,2020-21,2020,50,Overall,Overall,"American Indian/Alaska Native, NH",Overall,,,0.0,0.0
Entire Network,FluSurv-NET,2020-21,2020,50,Overall,Overall,"Asian/Pacific Islander, NH",Overall,,,0.1864554265604288,0.047584897664857115
Entire Network,FluSurv-NET,2020-21,2020,50,Overall,Overall,"Black, NH",Overall,,,0.707354854996727,0.10093650692482195
Entire Network,FluSurv-NET,2020-21,2020,50,Overall,Overall,Hispanic,Overall,,,0.5143082152541224,0.052534521189146456
Entire Network,FluSurv-NET,2020-21,2020,50,Overall,Overall,Overall,Overall,0.0,0.0,,
Entire Network,FluSurv-NET,2020-21,2020,50,Overall,Overall,"White, NH",Overall,,,0.23971938635664283,0.036626564510178615
Entire Network,FluSurv-NET,2020-21,2020,51,Overall,Overall,"American Indian/Alaska Native, NH",Overall,,,0.0,0.0
Entire Network,FluSurv-NET,2020-21,2020,51,Overall,Overall,"Asian/Pacific Islander, NH",Overall,,,0.1864554265604288,0.0
Entire Network,FluSurv-NET,2020-21,2020,51,Overall,Overall,"Black, NH",Overall,,,0.8332023140028282,0.12584745900610117
Entire Network,FluSurv-NET,2020-21,2020,51,Overall,Overall,Hispanic,Overall,,,0.5143082152541224,0.0
Entire Network,FluSurv-NET,2020-21,2020,51,Overall,Overall,Overall,Overall,0.0,0.0,,
Entire Network,FluSurv-NET,2020-21,2020,51,Overall,Overall,"White, NH",Overall,,,0.2679936607608927,0.028274274404249934
Entire Network,FluSurv-NET,2020-21,2020,52,Overall,Overall,"American Indian/Alaska Native, NH",Overall,,,0.0,0.0
Entire Network,FluSurv-NET,2020-21,2020,52,Overall,Overall,"Asian/Pacific Islander, NH",Overall,,,0.2340403242252859,0.047584897664857115
Entire Network,FluSurv-NET,2020-21,2020,52,Overall,Overall,"Black, NH",Overall,,,0.9553081643483158,0.1221058503454876
Entire Network,FluSurv-NET,2020-21,2020,52,Overall,Overall,Hispanic,Overall,,,0.5143082152541224,0.0
Entire Network,FluSurv-NET,2020-21,2020,52,Overall,Overall,Overall,Overall,0.0,0.0,,
Entire Network,FluSurv-NET,2020-21,2020,52,Overall,Overall,"White, NH",Overall,,,0.29798598592722525,0.029992325166332462
Entire Network,FluSurv-NET,2020-21,2020,53,Overall,Overall,"American Indian/Alaska Native, NH",Overall,,,0.0,0.0
Entire Network,FluSurv-NET,2020-21,2020,53,Overall,Overall,"Asian/Pacific Islander, NH",Overall,,,0.2340403242252859,0.0
Entire Network,FluSurv-NET,2020-21,2020,53,Overall,Overall,"Black, NH",Overall,,,1.0966986471961508,0.14139048284783495
Entire Network,FluSurv-NET,2020-21,2020,53,Overall,Overall,Hispanic,Overall,,,0.5702874644599034,0.055979249205781054
Entire Network,FluSurv-NET,2020-21,2020,53,Overall,Overall,Overall,Overall,1.0,0.1,,
Entire Network,FluSurv-NET,2020-21,2020,53,Overall,Overall,"White, NH",Overall,,,0.33348276347082045,0.035496777543595225
Entire Network,FluSurv-NET,2020-21,2021,1,Overall,Overall,"American Indian/Alaska Native, NH",Overall,,,0.0,0.0
Entire Network,FluSurv-NET,2020-21,2021,1,Overall,Overall,"Asian/Pacific Islander, NH",Overall,,,0.2340403242252859,0.0
Entire Network,FluSurv-NET,2020-21,2021,1,Overall,Overall,"Black, NH",Overall,,,1.1976351541209727,0.10093650692482195
Entire Network,FluSurv-NET,2020-21,2021,1,Overall,Overall,Hispanic,Overall,,,0.6384036559000001,0.0681161914400967
Entire Network,FluSurv-NET,2020-21,2021,1,Overall,Overall,Overall,Overall,1.0,0.0,,
Entire Network,FluSurv-NET,2020-21,2021,1,Overall,Overall,"White, NH",Overall,,,0.359745677408786,0.026262913937965527
Entire Network,FluSurv-NET,2020-21,2021,2,Overall,Overall,"American Indian/Alaska Native, NH",Overall,,,0.0,0.0
Entire Network,FluSurv-NET,2020-21,2021,2,Overall,Overall,"Asian/Pacific Islander, NH",Overall,,,0.2340403242252859,0.0
Entire Network,FluSurv-NET,2020-21,2021,2,Overall,Overall,"Black, NH",Overall,,,1.3027556712911517,0.10512051717017895
Entire Network,FluSurv-NET,2020-21,2021,2,Overall,Overall,Hispanic,Overall,,,0.6384036559000001,0.0
Entire Network,FluSurv-NET,2020-21,2021,2,Overall,Overall,Overall,Overall,1.0,0.0,,
Entire Network,FluSurv-NET,2020-21,2021,2,Overall,Overall,"White, NH",Overall,,,0.3735964728172305,0.013850795408444543
Entire Network,FluSurv-NET,2020-21,2021,3,Overall,Overall,"American Indian/Alaska Native, NH",Overall,,,0.0,0.0
Entire Network,FluSurv-NET,2020-21,2021,3,Overall,Overall,"Asian/Pacific Islander, NH",Overall,,,0.2340403242252859,0.0
Entire Network,FluSurv-NET,2020-21,2021,3,Overall,Overall,"Black, NH",Overall,,,1.362238294544129,0.059482623252977485
Entire Network,FluSurv-NET,2020-21,2021,3,Overall,Overall,Hispanic,Overall,,,0.6384036559000001,0.0
Entire Network,FluSurv-NET,2020-21,2021,3,Overall,Overall,Overall,Overall,1.0,0.0,,
Entire Network,FluSurv-NET,2020-21,2021,3,Overall,Overall,"White, NH",Overall,,,0.3880199518130359,0.014423478995805388
Entire Network,FluSurv-NET,2020-21,2021,4,Overall,Overall,"American Indian/Alaska Native, NH",Overall,,,0.0,0.0
Entire Network,FluSurv-NET,2020-21,2021,4,Overall,Overall,"Asian/Pacific Islander, NH",Overall,,,0.2340403242252859,0.0
Entire Network,FluSurv-NET,2020-21,2021,4,Overall,Overall,"Black, NH",Overall,,,1.3850572415027298,0.022818946958600726
Entire Network,FluSurv-NET,2020-21,2021,4,Overall,Overall,Hispanic,Overall,,,0.6603248093857328,0.021921153485732703
Entire Network,FluSurv-NET,2020-21,2021,4,Overall,Overall,Overall,Overall,1.0,0.0,,
Entire Network,FluSurv-NET,2020-21,2021,4,Overall,Overall,"White, NH",Overall,,,0.42148384160746155,0.033463889794425626
Entire Network,FluSurv-NET,2020-21,2021,5,Overall,Overall,"American Indian/Alaska Native, NH",Overall,,,0.0,0.0
Entire Network,FluSurv-NET,2020-21,2021,5,Overall,Overall,"Asian/Pacific Islander, NH",Overall,,,0.2340403242252859,0.0
Entire Network,FluSurv-NET,2020-21,2021,5,Overall,Overall,"Black, NH",Overall,,,1.4583444419237415,0.0732872004210117
Entire Network,FluSurv-NET,2020-21,2021,5,Overall,Overall,Hispanic,Overall,,,0.6603248093857328,0.0
Entire Network,FluSurv-NET,2020-21,2021,5,Overall,Overall,Overall,Overall,1.0,0.0,,
Entire Network,FluSurv-NET,2020-21,2021,5,Overall,Overall,"White, NH",Overall,,,0.46058110707928684,0.03909726547182527
Entire Network,FluSurv-NET,2020-21,2021,6,Overall,Overall,"American Indian/Alaska Native, NH",Overall,,,0.0,0.0
Entire Network,FluSurv-NET,2020-21,2021,6,Overall,Overall,"Asian/Pacific Islander, NH",Overall,,,0.2340403242252859,0.0
Entire Network,FluSurv-NET,2020-21,2021,6,Overall,Overall,"Black, NH",Overall,,,1.517827065176719,0.059482623252977485
Entire Network,FluSurv-NET,2020-21,2021,6,Overall,Overall,Hispanic,Overall,,,0.6770247748506505,0.016699965464917536
Entire Network,FluSurv-NET,2020-21,2021,6,Overall,Overall,Overall,Overall,1.0,0.0,,
Entire Network,FluSurv-NET,2020-21,2021,6,Overall,Overall,"White, NH",Overall,,,0.47443190248773137,0.013850795408444543
Entire Network,FluSurv-NET,2020-21,2021,7,Overall,Overall,"American Indian/Alaska Native, NH",Overall,,,0.0,0.0
Entire Network,FluSurv-NET,2020-21,2021,7,Overall,Overall,"Asian/Pacific Islander, NH",Overall,,,0.2340403242252859,0.0
Entire Network,FluSurv-NET,2020-21,2021,7,Overall,Overall,"Black, NH",Overall,,,1.517827065176719,0.0
Entire Network,FluSurv-NET,2020-21,2021,7,Overall,Overall,Hispanic,Overall,,,0.6770247748506505,0.0
Entire Network,FluSurv-NET,2020-21,2021,7,Overall,Overall,Overall,Overall,1.0,0.0,,
Entire Network,FluSurv-NET,2020-21,2021,7,Overall,Overall,"White, NH",Overall,,,0.49347231328635155,0.019040410798620237
Entire Network,FluSurv-NET,2020-21,2021,8,Overall,Overall,"American Indian/Alaska Native, NH",Overall,,,0.6565186803343758,0.6565186803343758
Entire Network,FluSurv-NET,2020-21,2021,8,Overall,Overall,"Asian/Pacific Islander, NH",Overall,,,0.2340403242252859,0.0
Entire Network,FluSurv-NET,2020-21,2021,8,Overall,Overall,"Black, NH",Overall,,,1.5406460121353196,0.022818946958600726
Entire Network,FluSurv-NET,2020-21,2021,8,Overall,Overall,Hispanic,Overall,,,0.693724740315568,0.016699965464917536
Entire Network,FluSurv-NET,2020-21,2021,8,Overall,Overall,Overall,Overall,1.0,0.0,,
Entire Network,FluSurv-NET,2020-21,2021,8,Overall,Overall,"White, NH",Overall,,,0.5027061768919813,0.009233863605629696
Entire Network,FluSurv-NET,2020-21,2021,9,Overall,Overall,"American Indian/Alaska Native, NH",Overall,,,0.6565186803343758,0.0
Entire Network,FluSurv-NET,2020-21,2021,9,Overall,Overall,"Asian/Pacific Islander, NH",Overall,,,0.2340403242252859,0.0
Entire Network,FluSurv-NET,2020-21,2021,9,Overall,Overall,"Black, NH",Overall,,,1.5634649590939205,0.022818946958600726
Entire Network,FluSurv-NET,2020-21,2021,9,Overall,Overall,Hispanic,Overall,,,0.7323458592662182,0.03862111895065024
Entire Network,FluSurv-NET,2020-21,2021,9,Overall,Overall,Overall,Overall,1.0,0.0,,
Entire Network,FluSurv-NET,2020-21,2021,9,Overall,Overall,"White, NH",Overall,,,0.5337149459328985,0.031008769040917258
Entire Network,FluSurv-NET,2020-21,2021,10,Overall,Overall,"American Indian/Alaska Native, NH",Overall,,,0.6565186803343758,0.0
Entire Network,FluSurv-NET,2020-21,2021,10,Overall,Overall,"Asian/Pacific Islander, NH",Overall,,,0.2340403242252859,0.0
Entire Network,FluSurv-NET,2020-21,2021,10,Overall,Overall,"Black, NH",Overall,,,1.6298297948470444,0.06636483575312369
Entire Network,FluSurv-NET,2020-21,2021,10,Overall,Overall,Hispanic,Overall,,,0.7323458592662182,0.0
Entire Network,FluSurv-NET,2020-21,2021,10,Overall,Overall,Overall,Overall,1.0,0.0,,
Entire Network,FluSurv-NET,2020-21,2021,10,Overall,Overall,"White, NH",Overall,,,0.5523331237271801,0.018618177794281474
Entire Network,FluSurv-NET,2020-21,2021,11,Overall,Overall,"American Indian/Alaska Native, NH",Overall,,,0.6565186803343758,0.0
Entire Network,FluSurv-NET,2020-21,2021,11,Overall,Overall,"Asian/Pacific Islander, NH",Overall,,,0.28162522189014305,0.047584897664857115
Entire Network,FluSurv-NET,2020-21,2021,11,Overall,Overall,"Black, NH",Overall,,,1.659571106473533,0.029741311626488742
Entire Network,FluSurv-NET,2020-21,2021,11,Overall,Overall,Hispanic,Overall,,,0.7323458592662182,0.0
Entire Network,FluSurv-NET,2020-21,2021,11,Overall,Overall,Overall,Overall,1.0,0.0,,
Entire Network,FluSurv-NET,2020-21,2021,11,Overall,Overall,"White, NH",Overall,,,0.5569500555299949,0.004616931802814848
Entire Network,FluSurv-NET,2020-21,2021,12,Overall,Overall,"American Indian/Alaska Native, NH",Overall,,,0.6565186803343758,0.0
Entire Network,FluSurv-NET,2020-21,2021,12,Overall,Overall,"Asian/Pacific Islander, NH",Overall,,,0.28162522189014305,0.0
Entire Network,FluSurv-NET,2020-21,2021,12,Overall,Overall,"Black, NH",Overall,,,1.7190537297265103,0.059482623252977485
Entire Network,FluSurv-NET,2020-21,2021,12,Overall,Overall,Hispanic,Overall,,,0.754267012751951,0.021921153485732703
Entire Network,FluSurv-NET,2020-21,2021,12,Overall,Overall,Overall,Overall,1.0,0.0,,
Entire Network,FluSurv-NET,2020-21,2021,12,Overall,Overall,"White, NH",Overall,,,0.5621396709201705,0.005189615390175692
Entire Network,FluSurv-NET,2020-21,2021,13,Overall,Overall,"American Indian/Alaska Native, NH",Overall,,,0.6565186803343758,0.0
Entire Network,FluSurv-NET,2020-21,2021,13,Overall,Overall,"Asian/Pacific Islander, NH",Overall,,,0.28162522189014305,0.0
Entire Network,FluSurv-NET,2020-21,2021,13,Overall,Overall,"Black, NH",Overall,,,1.7190537297265103,0.0
Entire Network,FluSurv-NET,2020-21,2021,13,Overall,Overall,Hispanic,Overall,,,0.754267012751951,0.0
Entire Network,FluSurv-NET,2020-21,2021,13,Overall,Overall,Overall,Overall,1.0,0.0,,
Entire Network,FluSurv-NET,2020-21,2021,13,Overall,Overall,"White, NH",Overall,,,0.5821965255933756,0.020056854673205032
Entire Network,FluSurv-NET,2020-21,2021,14,Overall,Overall,"American Indian/Alaska Native, NH",Overall,,,0.6565186803343758,0.0
Entire Network,FluSurv-NET,2020-21,2021,14,Overall,Overall,"Asian/Pacific Islander, NH",Overall,,,0.3292101195550002,0.047584897664857115
Entire Network,FluSurv-NET,2020-21,2021,14,Overall,Overall,"Black, NH",Overall,,,1.7418726766851111,0.022818946958600726
Entire Network,FluSurv-NET,2020-21,2021,14,Overall,Overall,Hispanic,Overall,,,0.754267012751951,0.0
Entire Network,FluSurv-NET,2020-21,2021,14,Overall,Overall,Overall,Overall,1.0,0.0,,
Entire Network,FluSurv-NET,2020-21,2021,14,Overall,Overall,"White, NH",Overall,,,0.5920030727863661,0.009806547192990539
Entire Network,FluSurv-NET,2020-21,2021,15,Overall,Overall,"American Indian/Alaska Native, NH",Overall,,,0.6565186803343758,0.0
Entire Network,FluSurv-NET,2020-21,2021,15,Overall,Overall,"Asian/Pacific Islander, NH",Overall,,,0.3633621638896029,0.034152044334602685
Entire Network,FluSurv-NET,2020-21,2021,15,Overall,Overall,"Black, NH",Overall,,,1.7418726766851111,0.0
Entire Network,FluSurv-NET,2020-21,2021,15,Overall,Overall,Hispanic,Overall,,,0.754267012751951,0.0
Entire Network,FluSurv-NET,2020-21,2021,15,Overall,Overall,Overall,Overall,1.0,0.0,,
Entire Network,FluSurv-NET,2020-21,2021,15,Overall,Overall,"White, NH",Overall,,,0.6018096199793566,0.009806547192990539
Entire Network,FluSurv-NET,2020-21,2021,16,Overall,Overall,"American Indian/Alaska Native, NH",Overall,,,0.6565186803343758,0.0
Entire Network,FluSurv-NET,2020-21,2021,16,Overall,Overall,"Asian/Pacific Islander, NH",Overall,,,0.3633621638896029,0.0
Entire Network,FluSurv-NET,2020-21,2021,16,Overall,Overall,"Black, NH",Overall,,,1.7716139883115996,0.029741311626488742
Entire Network,FluSurv-NET,2020-21,2021,16,Overall,Overall,Hispanic,Overall,,,0.754267012751951,0.0
Entire Network,FluSurv-NET,2020-21,2021,16,Overall,Overall,Overall,Overall,1.0,0.0,,
Entire Network,FluSurv-NET,2020-21,2021,16,Overall,Overall,"White, NH",Overall,,,0.6064265517821715,0.004616931802814848
Entire Network,FluSurv-NET,2020-21,2021,17,Overall,Overall,"American Indian/Alaska Native, NH",Overall,,,0.6565186803343758,0.0
Entire Network,FluSurv-NET,2020-21,2021,17,Overall,Overall,"Asian/Pacific Islander, NH",Overall,,,0.4070628974554603,0.043700733565857436
Entire Network,FluSurv-NET,2020-21,2021,17,Overall,Overall,"Black, NH",Overall,,,1.7716139883115996,0.0
Entire Network,FluSurv-NET,2020-21,2021,17,Overall,Overall,Hispanic,Overall,,,0.754267012751951,0.0
Entire Network,FluSurv-NET,2020-21,2021,17,Overall,Overall,Overall,Overall,1.0,0.0,,
Entire Network,FluSurv-NET,2020-21,2021,17,Overall,Overall,"White, NH",Overall,,,0.6172495428497469,0.01082299106757534
California,FluSurv-NET,2021-22,2021,40,Overall,Overall,Overall,Overall,0.0,0.0,,
Colorado,FluSurv-NET,2021-22,2021,40,Overall,Overall,Overall,Overall,0.0,0.0,,
Connecticut,FluSurv-NET,2021-22,2021,40,Overall,Overall,Overall,Overall,0.0,0.0,,
Entire Network,FluSurv-NET,2021-22,2021,40,0-4 yr,Overall,Overall,Overall,0.0,0.0,,
Entire Network,FluSurv-NET,2021-22,2021,40,0-<1 yr,Overall,Overall,Overall,0.0,0.0,,
Entire Network,FluSurv-NET,2021-22,2021,40,1-4 yr,Overall,Overall,Overall,0.0,0.0,,
Entire Network,FluSurv-NET,2021-22,2021,40,12-17 yr,Overall,Overall,Overall,0.0,0.0,,
Entire Network,FluSurv-NET,2021-22,2021,40,18-29 yr,Overall,Overall,Overall,0.0,0.0,,
Entire Network,FluSurv-NET,2021-22,2021,40,18-49 yr,Overall,Overall,Overall,0.0,0.0,,
Entire Network,FluSurv-NET,2021-22,2021,40,30-39 yr,Overall,Overall,Overall,0.0,0.0,,
Entire Network,FluSurv-NET,2021-22,2021,40,40-49 yr,Overall,Overall,Overall,0.0,0.0,,
Entire Network,FluSurv-NET,2021-22,2021,40,5-11 yr,Overall,Overall,Overall,0.0,0.0,,
Entire Network,FluSurv-NET,2021-22,2021,40,5-17 yr,Overall,Overall,Overall,0.0,0.0,,
Entire Network,FluSurv-NET,2021-22,2021,40,50-64 yr,Overall,Overall,Overall,0.0,0.0,,
Entire Network,FluSurv-NET,2021-22,2021,40,65-74 yr,Overall,Overall,Overall,0.0,0.0,,
Entire Network,FluSurv-NET,2021-22,2021,40,75-84 yr,Overall,Overall,Overall,0.0,0.1,,
Entire Network,FluSurv-NET,2021-22,2021,40,>= 65 yr,Overall,Overall,Overall,0.0,0.0,,
Entire Network,FluSurv-NET,2021-22,2021,40,>= 75,Overall,Overall,Overall,0.0,0.1,,
Entire Network,FluSurv-NET,2021-22,2021,40,>= 85,Overall,Overall,Overall,0.0,0.0,,
Entire Network,FluSurv-NET,2021-22,2021,40,Adults,Overall,Overall,Overall,0.0,0.0,,
Entire Network,FluSurv-NET,2021-22,2021,40,Overall,Female,Overall,Overall,0.0,0.0,,
Entire Network,FluSurv-NET,2021-22,2021,40,Overall,Male,Overall,Overall,0.0,0.0,,
Entire Network,FluSurv-NET,2021-22,2021,40,Overall,Overall,"American Indian/Alaska Native, NH",Overall,0.0,0.0,0.0,0.0
Entire Network,FluSurv-NET,2021-22,2021,40,Overall,Overall,"Asian/Pacific Islander, NH",Overall,0.0,0.0,0.0,0.0
Entire Network,FluSurv-NET,2021-22,2021,40,Overall,Overall,"Black, NH",Overall,0.0,0.0,0.018775585407530136,0.018775585407530136
Entire Network,FluSurv-NET,2021-22,2021,40,Overall,Overall,Hispanic,Overall,0.0,0.0,0.03268404734821729,0.03268404734821729
Entire Network,FluSurv-NET,2021-22,2021,40,Overall,Overall,Overall,Overall,0.0,0.0,,
Entire Network,FluSurv-NET,2021-22,2021,40,Overall,Overall,"White, NH",Overall,0.0,0.0,0.020708699966843342,0.015483311678929901
Entire Network,FluSurv-NET,2021-22,2021,40,Pediatrics,Overall,Overall,Overall,0.0,0.0,,
Georgia,FluSurv-NET,2021-22,2021,40,Overall,Overall,Overall,Overall,0.0,0.0,,
Iowa,FluSurv-NET,2021-22,2021,40,Overall,Overall,Overall,Overall,0.0,0.0,,
Maryland,FluSurv-NET,2021-22,2021,40,Overall,Overall,Overall,Overall,0.0,0.0,,
Michigan,FluSurv-NET,2021-22,2021,40,Overall,Overall,Overall,Overall,0.0,0.0,,
Minnesota,FluSurv-NET,2021-22,2021,40,Overall,Overall,Overall,Overall,0.0,0.0,,
New Mexico,FluSurv-NET,2021-22,2021,40,Overall,Overall,Overall,Overall,0.0,0.1,,
New York,FluSurv-NET,2021-22,2021,40,Overall,Overall,Overall,Overall,0.0,0.0,,
Ohio,FluSurv-NET,2021-22,2021,40,Overall,Overall,Overall,Overall,0.0,0.0,,
Oregon,FluSurv-NET,2021-22,2021,40,Overall,Overall,Overall,Overall,0.0,0.0,,
Tennessee,FluSurv-NET,2021-22,2021,40,Overall,Overall,Overall,Overall,0.0,0.0,,
Utah,FluSurv-NET,2021-22,2021,40,Overall,Overall,Overall,Overall,0.0,0.1,,
California,FluSurv-NET,2021-22,2021,41,Overall,Overall,Overall,Overall,0.0,0.1,,
Colorado,FluSurv-NET,2021-22,2021,41,Overall,Overall,Overall,Overall,0.0,0.0,,
Connecticut,FluSurv-NET,2021-22,2021,41,Overall,Overall,Overall,Overall,0.0,0.0,,
Entire Network,FluSurv-NET,2021-22,2021,41,0-4 yr,Overall,Overall,Overall,0.0,0.1,,
Entire Network,FluSurv-NET,2021-22,2021,41,0-<1 yr,Overall,Overall,Overall,0.0,0.0,,
Entire Network,FluSurv-NET,2021-22,2021,41,1-4 yr,Overall,Overall,Overall,0.0,0.1,,
Entire Network,FluSurv-NET,2021-22,2021,41,12-17 yr,Overall,Overall,Overall,0.0,0.0,,
Entire Network,FluSurv-NET,2021-22,2021,41,18-29 yr,Overall,Overall,Overall,0.0,0.0,,
Entire Network,FluSurv-NET,2021-22,2021,41,18-49 yr,Overall,Overall,Overall,0.0,0.0,,
Entire Network,FluSurv-NET,2021-22,2021,41,30-39 yr,Overall,Overall,Overall,0.0,0.0,,
Entire Network,FluSurv-NET,2021-22,2021,41,40-49 yr,Overall,Overall,Overall,0.0,0.0,,
Entire Network,FluSurv-NET,2021-22,2021,41,5-11 yr,Overall,Overall,Overall,0.0,0.0,,
Entire Network,FluSurv-NET,2021-22,2021,41,5-17 yr,Overall,Overall,Overall,0.0,0.0,,
Entire Network,FluSurv-NET,2021-22,2021,41,50-64 yr,Overall,Overall,Overall,0.0,0.0,,
Entire Network,FluSurv-NET,2021-22,2021,41,65-74 yr,Overall,Overall,Overall,0.0,0.1,,
Entire Network,FluSurv-NET,2021-22,2021,41,75-84 yr,Overall,Overall,Overall,0.0,0.2,,
Entire Network,FluSurv-NET,2021-22,2021,41,>= 65 yr,Overall,Overall,Overall,0.0,0.1,,
Entire Network,FluSurv-NET,2021-22,2021,41,>= 75,Overall,Overall,Overall,0.0,0.1,,
Entire Network,FluSurv-NET,2021-22,2021,41,>= 85,Overall,Overall,Overall,0.0,0.0,,
Entire Network,FluSurv-NET,2021-22,2021,41,Adults,Overall,Overall,Overall,0.0,0.0,,
Entire Network,FluSurv-NET,2021-22,2021,41,Overall,Female,Overall,Overall,0.0,0.0,,
Entire Network,FluSurv-NET,2021-22,2021,41,Overall,Male,Overall,Overall,0.0,0.0,,
Entire Network,FluSurv-NET,2021-22,2021,41,Overall,Overall,"American Indian/Alaska Native, NH",Overall,1.0,0.6,0.5101816881871262,0.5101816881871262
Entire Network,FluSurv-NET,2021-22,2021,41,Overall,Overall,"Asian/Pacific Islander, NH",Overall,0.0,0.1,0.07663201568972391,0.07663201568972391
Entire Network,FluSurv-NET,2021-22,2021,41,Overall,Overall,"Black, NH",Overall,0.0,0.0,0.03755117081506027,0.018775585407530136
Entire Network,FluSurv-NET,2021-22,2021,41,Overall,Overall,Hispanic,Overall,0.0,0.0,0.03268404734821729,0.0
Entire Network,FluSurv-NET,2021-22,2021,41,Overall,Overall,Overall,Overall,0.0,0.0,,
Entire Network,FluSurv-NET,2021-22,2021,41,Overall,Overall,"White, NH",Overall,0.0,0.0,0.06425080867967191,0.043542108712828556
Entire Network,FluSurv-NET,2021-22,2021,41,Pediatrics,Overall,Overall,Overall,0.0,0.0,,
Georgia,FluSurv-NET,2021-22,2021,41,Overall,Overall,Overall,Overall,0.0,0.0,,
Iowa,FluSurv-NET,2021-22,2021,41,Overall,Overall,Overall,Overall,0.0,0.0,,
Maryland,FluSurv-NET,2021-22,2021,41,Overall,Overall,Overall,Overall,0.0,0.1,,
Michigan,FluSurv-NET,2021-22,2021,41,Overall,Overall,Overall,Overall,0.0,0.1,,
Minnesota,FluSurv-NET,2021-22,2021,41,Overall,Overall,Overall,Overall,0.0,0.0,,
New Mexico,FluSurv-NET,2021-22,2021,41,Overall,Overall,Overall,Overall,0.0,0.1,,
New York,FluSurv-NET,2021-22,2021,41,Overall,Overall,Overall,Overall,0.0,0.1,,
Ohio,FluSurv-NET,2021-22,2021,41,Overall,Overall,Overall,Overall,0.0,0.0,,
Oregon,FluSurv-NET,2021-22,2021,41,Overall,Overall,Overall,Overall,0.0,0.0,,
Tennessee,FluSurv-NET,2021-22,2021,41,Overall,Overall,Overall,Overall,0.0,0.1,,
Utah,FluSurv-NET,2021-22,2021,41,Overall,Overall,Overall,Overall,0.0,0.1,,
California,FluSurv-NET,2021-22,2021,42,Overall,Overall,Overall,Overall,0.0,0.0,,
Colorado,FluSurv-NET,2021-22,2021,42,Overall,Overall,Overall,Overall,0.0,0.1,,
Connecticut,FluSurv-NET,2021-22,2021,42,Overall,Overall,Overall,Overall,0.0,0.0,,
Entire Network,FluSurv-NET,2021-22,2021,42,0-4 yr,Overall,Overall,Overall,0.0,0.2,,
Entire Network,FluSurv-NET,2021-22,2021,42,0-<1 yr,Overall,Overall,Overall,0.0,0.3,,
Entire Network,FluSurv-NET,2021-22,2021,42,1-4 yr,Overall,Overall,Overall,0.0,0.1,,
Entire Network,FluSurv-NET,2021-22,2021,42,12-17 yr,Overall,Overall,Overall,0.0,0.0,,
Entire Network,FluSurv-NET,2021-22,2021,42,18-29 yr,Overall,Overall,Overall,0.0,0.0,,
Entire Network,FluSurv-NET,2021-22,2021,42,18-49 yr,Overall,Overall,Overall,0.0,0.0,,
Entire Network,FluSurv-NET,2021-22,2021,42,30-39 yr,Overall,Overall,Overall,0.0,0.0,,
Entire Network,FluSurv-NET,2021-22,2021,42,40-49 yr,Overall,Overall,Overall,0.0,0.0,,
Entire Network,FluSurv-NET,2021-22,2021,42,5-11 yr,Overall,Overall,Overall,0.0,0.0,,
Entire Network,FluSurv-NET,2021-22,2021,42,5-17 yr,Overall,Overall,Overall,0.0,0.0,,
Entire Network,FluSurv-NET,2021-22,2021,42,50-64 yr,Overall,Overall,Overall,0.0,0.0,,
Entire Network,FluSurv-NET,2021-22,2021,42,65-74 yr,Overall,Overall,Overall,0.0,0.0,,
Entire Network,FluSurv-NET,2021-22,2021,42,75-84 yr,Overall,Overall,Overall,0.0,0.0,,
Entire Network,FluSurv-NET,2021-22,2021,42,>= 65 yr,Overall,Overall,Overall,0.0,0.0,,
Entire Network,FluSurv-NET,2021-22,2021,42,>= 75,Overall,Overall,Overall,0.0,0.0,,
Entire Network,FluSurv-NET,2021-22,2021,42,>= 85,Overall,Overall,Overall,0.0,0.0,,
Entire Network,FluSurv-NET,2021-22,2021,42,Adults,Overall,Overall,Overall,0.0,0.0,,
Entire Network,FluSurv-NET,2021-22,2021,42,Overall,Female,Overall,Overall,0.0,0.0,,
Entire Network,FluSurv-NET,2021-22,2021,42,Overall,Male,Overall,Overall,0.0,0.0,,
Entire Network,FluSurv-NET,2021-22,2021,42,Overall,Overall,"American Indian/Alaska Native, NH",Overall,1.0,0.6,1.2067167054626868,0.6965350172755608
Entire Network,FluSurv-NET,2021-22,2021,42,Overall,Overall,"Asian/Pacific Islander, NH",Overall,0.0,0.0,0.07663201568972391,0.0
Entire Network,FluSurv-NET,2021-22,2021,42,Overall,Overall,"Black, NH",Overall,0.0,0.0,0.03755117081506027,0.0
Entire Network,FluSurv-NET,2021-22,2021,42,Overall,Overall,Hispanic,Overall,0.0,0.1,0.08723317693648631,0.054549129588269026
Entire Network,FluSurv-NET,2021-22,2021,42,Overall,Overall,Overall,Overall,0.0,0.0,,
Entire Network,FluSurv-NET,2021-22,2021,42,Overall,Overall,"White, NH",Overall,0.0,0.0,0.09554114703094858,0.03129033835127668
Entire Network,FluSurv-NET,2021-22,2021,42,Pediatrics,Overall,Overall,Overall,0.0,0.1,,
Georgia,FluSurv-NET,2021-22,2021,42,Overall,Overall,Overall,Overall,0.0,0.0,,
Iowa,FluSurv-NET,2021-22,2021,42,Overall,Overall,Overall,Overall,0.0,0.0,,
Maryland,FluSurv-NET,2021-22,2021,42,Overall,Overall,Overall,Overall,0.0,0.0,,
Michigan,FluSurv-NET,2021-22,2021,42,Overall,Overall,Overall,Overall,0.0,0.0,,
Minnesota,FluSurv-NET,2021-22,2021,42,Overall,Overall,Overall,Overall,0.0,0.0,,
New Mexico,FluSurv-NET,2021-22,2021,42,Overall,Overall,Overall,Overall,1.0,0.3,,
New York,FluSurv-NET,2021-22,2021,42,Overall,Overall,Overall,Overall,0.0,0.0,,
Ohio,FluSurv-NET,2021-22,2021,42,Overall,Overall,Overall,Overall,0.0,0.0,,
Oregon,FluSurv-NET,2021-22,2021,42,Overall,Overall,Overall,Overall,0.0,0.0,,
Tennessee,FluSurv-NET,2021-22,2021,42,Overall,Overall,Overall,Overall,0.0,0.1,,
Utah,FluSurv-NET,2021-22,2021,42,Overall,Overall,Overall,Overall,0.0,0.0,,
California,FluSurv-NET,2021-22,2021,43,Overall,Overall,Overall,Overall,0.0,0.0,,
Colorado,FluSurv-NET,2021-22,2021,43,Overall,Overall,Overall,Overall,0.0,0.1,,
Connecticut,FluSurv-NET,2021-22,2021,43,Overall,Overall,Overall,Overall,0.0,0.0,,
Entire Network,FluSurv-NET,2021-22,2021,43,0-4 yr,Overall,Overall,Overall,0.0,0.1,,
Entire Network,FluSurv-NET,2021-22,2021,43,0-<1 yr,Overall,Overall,Overall,0.0,0.0,,
Entire Network,FluSurv-NET,2021-22,2021,43,1-4 yr,Overall,Overall,Overall,0.0,0.1,,
Entire Network,FluSurv-NET,2021-22,2021,43,12-17 yr,Overall,Overall,Overall,0.0,0.0,,
Entire Network,FluSurv-NET,2021-22,2021,43,18-29 yr,Overall,Overall,Overall,0.0,0.0,,
Entire Network,FluSurv-NET,2021-22,2021,43,18-49 yr,Overall,Overall,Overall,0.0,0.0,,
Entire Network,FluSurv-NET,2021-22,2021,43,30-39 yr,Overall,Overall,Overall,0.0,0.0,,
Entire Network,FluSurv-NET,2021-22,2021,43,40-49 yr,Overall,Overall,Overall,0.0,0.0,,
Entire Network,FluSurv-NET,2021-22,2021,43,5-11 yr,Overall,Overall,Overall,0.0,0.0,,
Entire Network,FluSurv-NET,2021-22,2021,43,5-17 yr,Overall,Overall,Overall,0.0,0.0,,
Entire Network,FluSurv-NET,2021-22,2021,43,50-64 yr,Overall,Overall,Overall,0.0,0.0,,
Entire Network,FluSurv-NET,2021-22,2021,43,65-74 yr,Overall,Overall,Overall,0.0,0.0,,
Entire Network,FluSurv-NET,2021-22,2021,43,75-84 yr,Overall,Overall,Overall,0.0,0.1,,
Entire Network,FluSurv-NET,2021-22,2021,43,>= 65 yr,Overall,Overall,Overall,0.0,0.1,,
Entire Network,FluSurv-NET,2021-22,2021,43,>= 75,Overall,Overall,Overall,0.0,0.1,,
Entire Network,FluSurv-NET,2021-22,2021,43,>= 85,Overall,Overall,Overall,0.0,0.2,,
Entire Network,FluSurv-NET,2021-22,2021,43,Adults,Overall,Overall,Overall,0.0,0.0,,
Entire Network,FluSurv-NET,2021-22,2021,43,Overall,Female,Overall,Overall,0.0,0.0,,
Entire Network,FluSurv-NET,2021-22,2021,43,Overall,Male,Overall,Overall,0.0,0.0,,
Entire Network,FluSurv-NET,2021-22,2021,43,Overall,Overall,"American Indian/Alaska Native, NH",Overall,1.0,0.0,1.2067167054626868,0.0
Entire Network,FluSurv-NET,2021-22,2021,43,Overall,Overall,"Asian/Pacific Islander, NH",Overall,0.0,0.0,0.07663201568972391,0.0
Entire Network,FluSurv-NET,2021-22,2021,43,Overall,Overall,"Black, NH",Overall,0.0,0.0,0.08062826406775478,0.0430770932526945
Entire Network,FluSurv-NET,2021-22,2021,43,Overall,Overall,Hispanic,Overall,0.0,0.0,0.08723317693648631,0.0
Entire Network,FluSurv-NET,2021-22,2021,43,Overall,Overall,Overall,Overall,0.0,0.0,,
Entire Network,FluSurv-NET,2021-22,2021,43,Overall,Overall,"White, NH",Overall,0.0,0.0,0.13445373871877742,0.03891259168782882
Entire Network,FluSurv-NET,2021-22,2021,43,Pediatrics,Overall,Overall,Overall,0.0,0.0,,
Georgia,FluSurv-NET,2021-22,2021,43,Overall,Overall,Overall,Overall,0.0,0.0,,
Iowa,FluSurv-NET,2021-22,2021,43,Overall,Overall,Overall,Overall,0.0,0.0,,
Maryland,FluSurv-NET,2021-22,2021,43,Overall,Overall,Overall,Overall,0.0,0.0,,
Michigan,FluSurv-NET,2021-22,2021,43,Overall,Overall,Overall,Overall,0.0,0.0,,
Minnesota,FluSurv-NET,2021-22,2021,43,Overall,Overall,Overall,Overall,0.0,0.1,,
New Mexico,FluSurv-NET,2021-22,2021,43,Overall,Overall,Overall,Overall,1.0,0.1,,
New York,FluSurv-NET,2021-22,2021,43,Overall,Overall,Overall,Overall,0.0,0.0,,
Ohio,FluSurv-NET,2021-22,2021,43,Overall,Overall,Overall,Overall,0.0,0.0,,
Oregon,FluSurv-NET,2021-22,2021,43,Overall,Overall,Overall,Overall,0.0,0.0,,
Tennessee,FluSurv-NET,2021-22,2021,43,Overall,Overall,Overall,Overall,0.0,0.1,,
Utah,FluSurv-NET,2021-22,2021,43,Overall,Overall,Overall,Overall,0.0,0.0,,
California,FluSurv-NET,2021-22,2021,44,Overall,Overall,Overall,Overall,0.0,0.0,,
Colorado,FluSurv-NET,2021-22,2021,44,Overall,Overall,Overall,Overall,0.0,0.0,,
Connecticut,FluSurv-NET,2021-22,2021,44,Overall,Overall,Overall,Overall,0.0,0.0,,
Entire Network,FluSurv-NET,2021-22,2021,44,0-4 yr,Overall,Overall,Overall,0.0,0.0,,
Entire Network,FluSurv-NET,2021-22,2021,44,0-<1 yr,Overall,Overall,Overall,0.0,0.0,,
Entire Network,FluSurv-NET,2021-22,2021,44,1-4 yr,Overall,Overall,Overall,0.0,0.0,,
Entire Network,FluSurv-NET,2021-22,2021,44,12-17 yr,Overall,Overall,Overall,0.0,0.0,,
Entire Network,FluSurv-NET,2021-22,2021,44,18-29 yr,Overall,Overall,Overall,0.0,0.1,,
Entire Network,FluSurv-NET,2021-22,2021,44,18-49 yr,Overall,Overall,Overall,0.0,0.0,,
Entire Network,FluSurv-NET,2021-22,2021,44,30-39 yr,Overall,Overall,Overall,0.0,0.0,,
Entire Network,FluSurv-NET,2021-22,2021,44,40-49 yr,Overall,Overall,Overall,0.0,0.0,,
Entire Network,FluSurv-NET,2021-22,2021,44,5-11 yr,Overall,Overall,Overall,0.0,0.0,,
Entire Network,FluSurv-NET,2021-22,2021,44,5-17 yr,Overall,Overall,Overall,0.0,0.0,,
Entire Network,FluSurv-NET,2021-22,2021,44,50-64 yr,Overall,Overall,Overall,0.0,0.0,,
Entire Network,FluSurv-NET,2021-22,2021,44,65-74 yr,Overall,Overall,Overall,0.0,0.0,,
Entire Network,FluSurv-NET,2021-22,2021,44,75-84 yr,Overall,Overall,Overall,0.0,0.1,,
Entire Network,FluSurv-NET,2021-22,2021,44,>= 65 yr,Overall,Overall,Overall,0.0,0.0,,
Entire Network,FluSurv-NET,2021-22,2021,44,>= 75,Overall,Overall,Overall,0.0,0.1,,
Entire Network,FluSurv-NET,2021-22,2021,44,>= 85,Overall,Overall,Overall,0.0,0.2,,
Entire Network,FluSurv-NET,2021-22,2021,44,Adults,Overall,Overall,Overall,0.0,0.0,,
Entire Network,FluSurv-NET,2021-22,2021,44,Overall,Female,Overall,Overall,0.0,0.1,,
Entire Network,FluSurv-NET,2021-22,2021,44,Overall,Male,Overall,Overall,0.0,0.0,,
Entire Network,FluSurv-NET,2021-22,2021,44,Overall,Overall,"American Indian/Alaska Native, NH",Overall,1.0,0.0,1.2067167054626868,0.0
Entire Network,FluSurv-NET,2021-22,2021,44,Overall,Overall,"Asian/Pacific Islander, NH",Overall,0.0,0.0,0.07663201568972391,0.0
Entire Network,FluSurv-NET,2021-22,2021,44,Overall,Overall,"Black, NH",Overall,0.0,0.1,0.15092035869293904,0.07029209462518424
Entire Network,FluSurv-NET,2021-22,2021,44,Overall,Overall,Hispanic,Overall,0.0,0.0,0.10875746293238361,0.02152428599589731
Entire Network,FluSurv-NET,2021-22,2021,44,Overall,Overall,Overall,Overall,0.0,0.0,,
Entire Network,FluSurv-NET,2021-22,2021,44,Overall,Overall,"White, NH",Overall,0.0,0.0,0.15212768226455173,0.017673943545774302
Entire Network,FluSurv-NET,2021-22,2021,44,Pediatrics,Overall,Overall,Overall,0.0,0.0,,
Georgia,FluSurv-NET,2021-22,2021,44,Overall,Overall,Overall,Overall,0.0,0.0,,
Iowa,FluSurv-NET,2021-22,2021,44,Overall,Overall,Overall,Overall,0.0,0.0,,
Maryland,FluSurv-NET,2021-22,2021,44,Overall,Overall,Overall,Overall,0.0,0.1,,
Michigan,FluSurv-NET,2021-22,2021,44,Overall,Overall,Overall,Overall,0.0,0.1,,
Minnesota,FluSurv-NET,2021-22,2021,44,Overall,Overall,Overall,Overall,0.0,0.0,,
New Mexico,FluSurv-NET,2021-22,2021,44,Overall,Overall,Overall,Overall,1.0,0.0,,
New York,FluSurv-NET,2021-22,2021,44,Overall,Overall,Overall,Overall,0.0,0.0,,
Ohio,FluSurv-NET,2021-22,2021,44,Overall,Overall,Overall,Overall,0.0,0.0,,
Oregon,FluSurv-NET,2021-22,2021,44,Overall,Overall,Overall,Overall,0.0,0.0,,
Tennessee,FluSurv-NET,2021-22,2021,44,Overall,Overall,Overall,Overall,0.0,0.1,,
Utah,FluSurv-NET,2021-22,2021,44,Overall,Overall,Overall,Overall,0.0,0.1,,
California,FluSurv-NET,2021-22,2021,45,Overall,Overall,Overall,Overall,0.0,0.0,,
Colorado,FluSurv-NET,2021-22,2021,45,Overall,Overall,Overall,Overall,0.0,0.1,,
Connecticut,FluSurv-NET,2021-22,2021,45,Overall,Overall,Overall,Overall,0.0,0.1,,
Entire Network,FluSurv-NET,2021-22,2021,45,0-4 yr,Overall,Overall,Overall,1.0,0.2,,
Entire Network,FluSurv-NET,2021-22,2021,45,0-<1 yr,Overall,Overall,Overall,1.0,0.3,,
Entire Network,FluSurv-NET,2021-22,2021,45,1-4 yr,Overall,Overall,Overall,0.0,0.1,,
Entire Network,FluSurv-NET,2021-22,2021,45,12-17 yr,Overall,Overall,Overall,0.0,0.1,,
Entire Network,FluSurv-NET,2021-22,2021,45,18-29 yr,Overall,Overall,Overall,0.0,0.1,,
Entire Network,FluSurv-NET,2021-22,2021,45,18-49 yr,Overall,Overall,Overall,0.0,0.0,,
Entire Network,FluSurv-NET,2021-22,2021,45,30-39 yr,Overall,Overall,Overall,0.0,0.0,,
Entire Network,FluSurv-NET,2021-22,2021,45,40-49 yr,Overall,Overall,Overall,0.0,0.0,,
Entire Network,FluSurv-NET,2021-22,2021,45,5-11 yr,Overall,Overall,Overall,0.0,0.0,,
Entire Network,FluSurv-NET,2021-22,2021,45,5-17 yr,Overall,Overall,Overall,0.0,0.0,,
Entire Network,FluSurv-NET,2021-22,2021,45,50-64 yr,Overall,Overall,Overall,0.0,0.1,,
Entire Network,FluSurv-NET,2021-22,2021,45,65-74 yr,Overall,Overall,Overall,0.0,0.0,,
Entire Network,FluSurv-NET,2021-22,2021,45,75-84 yr,Overall,Overall,Overall,1.0,0.2,,
Entire Network,FluSurv-NET,2021-22,2021,45,>= 65 yr,Overall,Overall,Overall,0.0,0.1,,
Entire Network,FluSurv-NET,2021-22,2021,45,>= 75,Overall,Overall,Overall,1.0,0.2,,
Entire Network,FluSurv-NET,2021-22,2021,45,>= 85,Overall,Overall,Overall,1.0,0.2,,
Entire Network,FluSurv-NET,2021-22,2021,45,Adults,Overall,Overall,Overall,0.0,0.1,,
Entire Network,FluSurv-NET,2021-22,2021,45,Overall,Female,Overall,Overall,0.0,0.1,,
Entire Network,FluSurv-NET,2021-22,2021,45,Overall,Male,Overall,Overall,0.0,0.1,,
Entire Network,FluSurv-NET,2021-22,2021,45,Overall,Overall,"American Indian/Alaska Native, NH",Overall,1.0,0.0,1.2067167054626868,0.0
Entire Network,FluSurv-NET,2021-22,2021,45,Overall,Overall,"Asian/Pacific Islander, NH",Overall,0.0,0.0,0.11072546632695884,0.034093450637234936
Entire Network,FluSurv-NET,2021-22,2021,45,Overall,Overall,"Black, NH",Overall,0.0,0.0,0.19294735308851366,0.04202699439557467
Entire Network,FluSurv-NET,2021-22,2021,45,Overall,Overall,Hispanic,Overall,0.0,0.0,0.10875746293238361,0.0
Entire Network,FluSurv-NET,2021-22,2021,45,Overall,Overall,Overall,Overall,0.0,0.1,,
Entire Network,FluSurv-NET,2021-22,2021,45,Overall,Overall,"White, NH",Overall,0.0,0.1,0.2079004465159069,0.0557727642513552
Entire Network,FluSurv-NET,2021-22,2021,45,Pediatrics,Overall,Overall,Overall,0.0,0.1,,
Georgia,FluSurv-NET,2021-22,2021,45,Overall,Overall,Overall,Overall,0.0,0.1,,
Iowa,FluSurv-NET,2021-22,2021,45,Overall,Overall,Overall,Overall,0.0,0.0,,
Maryland,FluSurv-NET,2021-22,2021,45,Overall,Overall,Overall,Overall,0.0,0.0,,
Michigan,FluSurv-NET,2021-22,2021,45,Overall,Overall,Overall,Overall,0.0,0.0,,
Minnesota,FluSurv-NET,2021-22,2021,45,Overall,Overall,Overall,Overall,0.0,0.0,,
New Mexico,FluSurv-NET,2021-22,2021,45,Overall,Overall,Overall,Overall,1.0,0.1,,
New York,FluSurv-NET,2021-22,2021,45,Overall,Overall,Overall,Overall,0.0,0.1,,
Ohio,FluSurv-NET,2021-22,2021,45,Overall,Overall,Overall,Overall,0.0,0.0,,
Oregon,FluSurv-NET,2021-22,2021,45,Overall,Overall,Overall,Overall,0.0,0.0,,
Tennessee,FluSurv-NET,2021-22,2021,45,Overall,Overall,Overall,Overall,1.0,0.2,,
Utah,FluSurv-NET,2021-22,2021,45,Overall,Overall,Overall,Overall,0.0,0.0,,
California,FluSurv-NET,2021-22,2021,46,Overall,Overall,Overall,Overall,0.0,0.0,,
Colorado,FluSurv-NET,2021-22,2021,46,Overall,Overall,Overall,Overall,0.0,0.0,,
Connecticut,FluSurv-NET,2021-22,2021,46,Overall,Overall,Overall,Overall,0.0,0.0,,
Entire Network,FluSurv-NET,2021-22,2021,46,0-4 yr,Overall,Overall,Overall,1.0,0.1,,
Entire Network,FluSurv-NET,2021-22,2021,46,0-<1 yr,Overall,Overall,Overall,1.0,0.0,,
Entire Network,FluSurv-NET,2021-22,2021,46,1-4 yr,Overall,Overall,Overall,1.0,0.1,,
Entire Network,FluSurv-NET,2021-22,2021,46,12-17 yr,Overall,Overall,Overall,0.0,0.1,,
Entire Network,FluSurv-NET,2021-22,2021,46,18-29 yr,Overall,Overall,Overall,0.0,0.1,,
Entire Network,FluSurv-NET,2021-22,2021,46,18-49 yr,Overall,Overall,Overall,0.0,0.1,,
Entire Network,FluSurv-NET,2021-22,2021,46,30-39 yr,Overall,Overall,Overall,0.0,0.0,,
Entire Network,FluSurv-NET,2021-22,2021,46,40-49 yr,Overall,Overall,Overall,0.0,0.1,,
Entire Network,FluSurv-NET,2021-22,2021,46,5-11 yr,Overall,Overall,Overall,0.0,0.0,,
Entire Network,FluSurv-NET,2021-22,2021,46,5-17 yr,Overall,Overall,Overall,0.0,0.0,,
Entire Network,FluSurv-NET,2021-22,2021,46,50-64 yr,Overall,Overall,Overall,0.0,0.0,,
Entire Network,FluSurv-NET,2021-22,2021,46,65-74 yr,Overall,Overall,Overall,0.0,0.1,,
Entire Network,FluSurv-NET,2021-22,2021,46,75-84 yr,Overall,Overall,Overall,1.0,0.2,,
Entire Network,FluSurv-NET,2021-22,2021,46,>= 65 yr,Overall,Overall,Overall,1.0,0.2,,
Entire Network,FluSurv-NET,2021-22,2021,46,>= 75,Overall,Overall,Overall,1.0,0.3,,
Entire Network,FluSurv-NET,2021-22,2021,46,>= 85,Overall,Overall,Overall,1.0,0.6,,
Entire Network,FluSurv-NET,2021-22,2021,46,Adults,Overall,Overall,Overall,0.0,0.1,,
Entire Network,FluSurv-NET,2021-22,2021,46,Overall,Female,Overall,Overall,0.0,0.1,,
Entire Network,FluSurv-NET,2021-22,2021,46,Overall,Male,Overall,Overall,0.0,0.1,,
Entire Network,FluSurv-NET,2021-22,2021,46,Overall,Overall,"American Indian/Alaska Native, NH",Overall,1.0,0.0,1.2067167054626868,0.0
Entire Network,FluSurv-NET,2021-22,2021,46,Overall,Overall,"Asian/Pacific Islander, NH",Overall,0.0,0.0,0.15227454349618347,0.04154907716922464
Entire Network,FluSurv-NET,2021-22,2021,46,Overall,Overall,"Black, NH",Overall,0.0,0.2,0.3661549495910923,0.17320759650257864
Entire Network,FluSurv-NET,2021-22,2021,46,Overall,Overall,Hispanic,Overall,0.0,0.1,0.2569627891442145,0.1482053262118309
Entire Network,FluSurv-NET,2021-22,2021,46,Overall,Overall,Overall,Overall,0.0,0.1,,
Entire Network,FluSurv-NET,2021-22,2021,46,Overall,Overall,"White, NH",Overall,0.0,0.1,0.2568985466865311,0.048998100170624226
Entire Network,FluSurv-NET,2021-22,2021,46,Pediatrics,Overall,Overall,Overall,0.0,0.1,,
Georgia,FluSurv-NET,2021-22,2021,46,Overall,Overall,Overall,Overall,0.0,0.1,,
Iowa,FluSurv-NET,2021-22,2021,46,Overall,Overall,Overall,Overall,0.0,0.0,,
Maryland,FluSurv-NET,2021-22,2021,46,Overall,Overall,Overall,Overall,0.0,0.0,,
Michigan,FluSurv-NET,2021-22,2021,46,Overall,Overall,Overall,Overall,1.0,0.3,,
Minnesota,FluSurv-NET,2021-22,2021,46,Overall,Overall,Overall,Overall,0.0,0.1,,
New Mexico,FluSurv-NET,2021-22,2021,46,Overall,Overall,Overall,Overall,1.0,0.1,,
New York,FluSurv-NET,2021-22,2021,46,Overall,Overall,Overall,Overall,0.0,0.1,,
Ohio,FluSurv-NET,2021-22,2021,46,Overall,Overall,Overall,Overall,0.0,0.1,,
Oregon,FluSurv-NET,2021-22,2021,46,Overall,Overall,Overall,Overall,0.0,0.0,,
Tennessee,FluSurv-NET,2021-22,2021,46,Overall,Overall,Overall,Overall,1.0,0.2,,
Utah,FluSurv-NET,2021-22,2021,46,Overall,Overall,Overall,Overall,0.0,0.1,,
California,FluSurv-NET,2021-22,2021,47,Overall,Overall,Overall,Overall,0.0,0.1,,
Colorado,FluSurv-NET,2021-22,2021,47,Overall,Overall,Overall,Overall,1.0,0.1,,
Connecticut,FluSurv-NET,2021-22,2021,47,Overall,Overall,Overall,Overall,0.0,0.3,,
Entire Network,FluSurv-NET,2021-22,2021,47,0-4 yr,Overall,Overall,Overall,1.0,0.2,,
Entire Network,FluSurv-NET,2021-22,2021,47,0-<1 yr,Overall,Overall,Overall,1.0,0.3,,
Entire Network,FluSurv-NET,2021-22,2021,47,1-4 yr,Overall,Overall,Overall,1.0,0.1,,
Entire Network,FluSurv-NET,2021-22,2021,47,12-17 yr,Overall,Overall,Overall,0.0,0.0,,
Entire Network,FluSurv-NET,2021-22,2021,47,18-29 yr,Overall,Overall,Overall,1.0,0.1,,
Entire Network,FluSurv-NET,2021-22,2021,47,18-49 yr,Overall,Overall,Overall,0.0,0.1,,
Entire Network,FluSurv-NET,2021-22,2021,47,30-39 yr,Overall,Overall,Overall,0.0,0.0,,
Entire Network,FluSurv-NET,2021-22,2021,47,40-49 yr,Overall,Overall,Overall,0.0,0.1,,
Entire Network,FluSurv-NET,2021-22,2021,47,5-11 yr,Overall,Overall,Overall,0.0,0.0,,
Entire Network,FluSurv-NET,2021-22,2021,47,5-17 yr,Overall,Overall,Overall,0.0,0.0,,
Entire Network,FluSurv-NET,2021-22,2021,47,50-64 yr,Overall,Overall,Overall,0.0,0.1,,
Entire Network,FluSurv-NET,2021-22,2021,47,65-74 yr,Overall,Overall,Overall,1.0,0.2,,
Entire Network,FluSurv-NET,2021-22,2021,47,75-84 yr,Overall,Overall,Overall,2.0,1.2,,
Entire Network,FluSurv-NET,2021-22,2021,47,>= 65 yr,Overall,Overall,Overall,1.0,0.6,,
Entire Network,FluSurv-NET,2021-22,2021,47,>= 75,Overall,Overall,Overall,2.0,1.1,,
Entire Network,FluSurv-NET,2021-22,2021,47,>= 85,Overall,Overall,Overall,2.0,0.9,,
Entire Network,FluSurv-NET,2021-22,2021,47,Adults,Overall,Overall,Overall,1.0,0.2,,
Entire Network,FluSurv-NET,2021-22,2021,47,Overall,Female,Overall,Overall,1.0,0.1,,
Entire Network,FluSurv-NET,2021-22,2021,47,Overall,Male,Overall,Overall,0.0,0.2,,
Entire Network,FluSurv-NET,2021-22,2021,47,Overall,Overall,"American Indian/Alaska Native, NH",Overall,1.0,0.0,1.2067167054626868,0.0
Entire Network,FluSurv-NET,2021-22,2021,47,Overall,Overall,"Asian/Pacific Islander, NH",Overall,0.0,0.2,0.33074304402026417,0.17846850052408073
Entire Network,FluSurv-NET,2021-22,2021,47,Overall,Overall,"Black, NH",Overall,1.0,0.3,0.6746783555492646,0.3085234059581723
Entire Network,FluSurv-NET,2021-22,2021,47,Overall,Overall,Hispanic,Overall,0.0,0.1,0.4743809097596715,0.21741812061545696
Entire Network,FluSurv-NET,2021-22,2021,47,Overall,Overall,Overall,Overall,0.0,0.2,,
Entire Network,FluSurv-NET,2021-22,2021,47,Overall,Overall,"White, NH",Overall,0.0,0.1,0.33316145095337135,0.07626290426684018
Entire Network,FluSurv-NET,2021-22,2021,47,Pediatrics,Overall,Overall,Overall,0.0,0.0,,
Georgia,FluSurv-NET,2021-22,2021,47,Overall,Overall,Overall,Overall,1.0,0.3,,
Iowa,FluSurv-NET,2021-22,2021,47,Overall,Overall,Overall,Overall,0.0,0.0,,
Maryland,FluSurv-NET,2021-22,2021,47,Overall,Overall,Overall,Overall,0.0,0.1,,
Michigan,FluSurv-NET,2021-22,2021,47,Overall,Overall,Overall,Overall,1.0,0.1,,
Minnesota,FluSurv-NET,2021-22,2021,47,Overall,Overall,Overall,Overall,0.0,0.0,,
New Mexico,FluSurv-NET,2021-22,2021,47,Overall,Overall,Overall,Overall,1.0,0.2,,
New York,FluSurv-NET,2021-22,2021,47,Overall,Overall,Overall,Overall,1.0,0.1,,
Ohio,FluSurv-NET,2021-22,2021,47,Overall,Overall,Overall,Overall,0.0,0.1,,
Oregon,FluSurv-NET,2021-22,2021,47,Overall,Overall,Overall,Overall,0.0,0.0,,
Tennessee,FluSurv-NET,2021-22,2021,47,Overall,Overall,Overall,Overall,1.0,0.5,,
Utah,FluSurv-NET,2021-22,2021,47,Overall,Overall,Overall,Overall,0.0,0.0,,
California,FluSurv-NET,2021-22,2021,48,Overall,Overall,Overall,Overall,0.0,0.1,,
Colorado,FluSurv-NET,2021-22,2021,48,Overall,Overall,Overall,Overall,1.0,0.5,,
Connecticut,FluSurv-NET,2021-22,2021,48,Overall,Overall,Overall,Overall,1.0,0.4,,
Entire Network,FluSurv-NET,2021-22,2021,48,0-4 yr,Overall,Overall,Overall,1.0,0.2,,
Entire Network,FluSurv-NET,2021-22,2021,48,0-<1 yr,Overall,Overall,Overall,1.0,0.0,,
Entire Network,FluSurv-NET,2021-22,2021,48,1-4 yr,Overall,Overall,Overall,1.0,0.3,,
Entire Network,FluSurv-NET,2021-22,2021,48,12-17 yr,Overall,Overall,Overall,0.0,0.1,,
Entire Network,FluSurv-NET,2021-22,2021,48,18-29 yr,Overall,Overall,Overall,1.0,0.3,,
Entire Network,FluSurv-NET,2021-22,2021,48,18-49 yr,Overall,Overall,Overall,1.0,0.2,,
Entire Network,FluSurv-NET,2021-22,2021,48,30-39 yr,Overall,Overall,Overall,0.0,0.1,,
Entire Network,FluSurv-NET,2021-22,2021,48,40-49 yr,Overall,Overall,Overall,0.0,0.1,,
Entire Network,FluSurv-NET,2021-22,2021,48,5-11 yr,Overall,Overall,Overall,0.0,0.2,,
Entire Network,FluSurv-NET,2021-22,2021,48,5-17 yr,Overall,Overall,Overall,0.0,0.1,,
Entire Network,FluSurv-NET,2021-22,2021,48,50-64 yr,Overall,Overall,Overall,1.0,0.1,,
Entire Network,FluSurv-NET,2021-22,2021,48,65-74 yr,Overall,Overall,Overall,1.0,0.4,,
Entire Network,FluSurv-NET,2021-22,2021,48,75-84 yr,Overall,Overall,Overall,3.0,1.1,,
Entire Network,FluSurv-NET,2021-22,2021,48,>= 65 yr,Overall,Overall,Overall,2.0,0.9,,
Entire Network,FluSurv-NET,2021-22,2021,48,>= 75,Overall,Overall,Overall,4.0,1.5,,
Entire Network,FluSurv-NET,2021-22,2021,48,>= 85,Overall,Overall,Overall,5.0,2.6,,
Entire Network,FluSurv-NET,2021-22,2021,48,Adults,Overall,Overall,Overall,1.0,0.3,,
Entire Network,FluSurv-NET,2021-22,2021,48,Overall,Female,Overall,Overall,1.0,0.2,,
Entire Network,FluSurv-NET,2021-22,2021,48,Overall,Male,Overall,Overall,1.0,0.3,,
Entire Network,FluSurv-NET,2021-22,2021,48,Overall,Overall,"American Indian/Alaska Native, NH",Overall,2.0,0.6,1.7168983936498134,0.5101816881871262
Entire Network,FluSurv-NET,2021-22,2021,48,Overall,Overall,"Asian/Pacific Islander, NH",Overall,0.0,0.0,0.37743872922981553,0.046695685209551384
Entire Network,FluSurv-NET,2021-22,2021,48,Overall,Overall,"Black, NH",Overall,1.0,0.5,1.1700959346899635,0.495417579140699
Entire Network,FluSurv-NET,2021-22,2021,48,Overall,Overall,Hispanic,Overall,1.0,0.2,0.7869470848614305,0.3125661751017589
Entire Network,FluSurv-NET,2021-22,2021,48,Overall,Overall,Overall,Overall,1.0,0.3,,
Entire Network,FluSurv-NET,2021-22,2021,48,Overall,Overall,"White, NH",Overall,1.0,0.2,0.5292117180784515,0.1960502671250802
Entire Network,FluSurv-NET,2021-22,2021,48,Pediatrics,Overall,Overall,Overall,1.0,0.2,,
Georgia,FluSurv-NET,2021-22,2021,48,Overall,Overall,Overall,Overall,1.0,0.3,,
Iowa,FluSurv-NET,2021-22,2021,48,Overall,Overall,Overall,Overall,0.0,0.0,,
Maryland,FluSurv-NET,2021-22,2021,48,Overall,Overall,Overall,Overall,1.0,0.3,,
Michigan,FluSurv-NET,2021-22,2021,48,Overall,Overall,Overall,Overall,1.0,0.2,,
Minnesota,FluSurv-NET,2021-22,2021,48,Overall,Overall,Overall,Overall,1.0,0.3,,
New Mexico,FluSurv-NET,2021-22,2021,48,Overall,Overall,Overall,Overall,1.0,0.4,,
New York,FluSurv-NET,2021-22,2021,48,Overall,Overall,Overall,Overall,1.0,0.3,,
Ohio,FluSurv-NET,2021-22,2021,48,Overall,Overall,Overall,Overall,1.0,0.2,,
Oregon,FluSurv-NET,2021-22,2021,48,Overall,Overall,Overall,Overall,0.0,0.1,,
Tennessee,FluSurv-NET,2021-22,2021,48,Overall,Overall,Overall,Overall,2.0,0.5,,
Utah,FluSurv-NET,2021-22,2021,48,Overall,Overall,Overall,Overall,0.0,0.0,,
California,FluSurv-NET,2021-22,2021,49,Overall,Overall,Overall,Overall,0.0,0.0,,
Colorado,FluSurv-NET,2021-22,2021,49,Overall,Overall,Overall,Overall,2.0,0.5,,
Connecticut,FluSurv-NET,2021-22,2021,49,Overall,Overall,Overall,Overall,2.0,0.8,,
Entire Network,FluSurv-NET,2021-22,2021,49,0-4 yr,Overall,Overall,Overall,1.0,0.3,,
Entire Network,FluSurv-NET,2021-22,2021,49,0-<1 yr,Overall,Overall,Overall,1.0,0.0,,
Entire Network,FluSurv-NET,2021-22,2021,49,1-4 yr,Overall,Overall,Overall,1.0,0.4,,
Entire Network,FluSurv-NET,2021-22,2021,49,12-17 yr,Overall,Overall,Overall,1.0,0.4,,
Entire Network,FluSurv-NET,2021-22,2021,49,18-29 yr,Overall,Overall,Overall,1.0,0.4,,
Entire Network,FluSurv-NET,2021-22,2021,49,18-49 yr,Overall,Overall,Overall,1.0,0.2,,
Entire Network,FluSurv-NET,2021-22,2021,49,30-39 yr,Overall,Overall,Overall,1.0,0.2,,
Entire Network,FluSurv-NET,2021-22,2021,49,40-49 yr,Overall,Overall,Overall,0.0,0.1,,
Entire Network,FluSurv-NET,2021-22,2021,49,5-11 yr,Overall,Overall,Overall,0.0,0.2,,
Entire Network,FluSurv-NET,2021-22,2021,49,5-17 yr,Overall,Overall,Overall,1.0,0.3,,
Entire Network,FluSurv-NET,2021-22,2021,49,50-64 yr,Overall,Overall,Overall,1.0,0.4,,
Entire Network,FluSurv-NET,2021-22,2021,49,65-74 yr,Overall,Overall,Overall,2.0,0.6,,
Entire Network,FluSurv-NET,2021-22,2021,49,75-84 yr,Overall,Overall,Overall,5.0,1.9,,
Entire Network,FluSurv-NET,2021-22,2021,49,>= 65 yr,Overall,Overall,Overall,3.0,1.2,,
Entire Network,FluSurv-NET,2021-22,2021,49,>= 75,Overall,Overall,Overall,6.0,2.1,,
Entire Network,FluSurv-NET,2021-22,2021,49,>= 85,Overall,Overall,Overall,7.0,2.6,,
Entire Network,FluSurv-NET,2021-22,2021,49,Adults,Overall,Overall,Overall,1.0,0.5,,
Entire Network,FluSurv-NET,2021-22,2021,49,Overall,Female,Overall,Overall,1.0,0.5,,
Entire Network,FluSurv-NET,2021-22,2021,49,Overall,Male,Overall,Overall,1.0,0.4,,
Entire Network,FluSurv-NET,2021-22,2021,49,Overall,Overall,"American Indian/Alaska Native, NH",Overall,3.0,1.1,2.779667918057402,1.0627695244075883
Entire Network,FluSurv-NET,2021-22,2021,49,Overall,Overall,"Asian/Pacific Islander, NH",Overall,0.0,0.0,0.4241344144393669,0.046695685209551384
Entire Network,FluSurv-NET,2021-22,2021,49,Overall,Overall,"Black, NH",Overall,2.0,0.7,1.9360979389120483,0.7660020042220846
Entire Network,FluSurv-NET,2021-22,2021,49,Overall,Overall,Hispanic,Overall,1.0,0.4,1.2012642515005891,0.414317166639159
Entire Network,FluSurv-NET,2021-22,2021,49,Overall,Overall,Overall,Overall,1.0,0.4,,
Entire Network,FluSurv-NET,2021-22,2021,49,Overall,Overall,"White, NH",Overall,1.0,0.4,0.8559087496186069,0.3266970315401552
Entire Network,FluSurv-NET,2021-22,2021,49,Pediatrics,Overall,Overall,Overall,1.0,0.3,,
Georgia,FluSurv-NET,2021-22,2021,49,Overall,Overall,Overall,Overall,1.0,0.3,,
Iowa,FluSurv-NET,2021-22,2021,49,Overall,Overall,Overall,Overall,2.0,1.5,,
Maryland,FluSurv-NET,2021-22,2021,49,Overall,Overall,Overall,Overall,1.0,0.8,,
Michigan,FluSurv-NET,2021-22,2021,49,Overall,Overall,Overall,Overall,2.0,0.8,,
Minnesota,FluSurv-NET,2021-22,2021,49,Overall,Overall,Overall,Overall,1.0,0.5,,
New Mexico,FluSurv-NET,2021-22,2021,49,Overall,Overall,Overall,Overall,2.0,0.5,,
New York,FluSurv-NET,2021-22,2021,49,Overall,Overall,Overall,Overall,2.0,0.7,,
Ohio,FluSurv-NET,2021-22,2021,49,Overall,Overall,Overall,Overall,1.0,0.2,,
Oregon,FluSurv-NET,2021-22,2021,49,Overall,Overall,Overall,Overall,0.0,0.1,,
Tennessee,FluSurv-NET,2021-22,2021,49,Overall,Overall,Overall,Overall,2.0,0.4,,
Utah,FluSurv-NET,2021-22,2021,49,Overall,Overall,Overall,Overall,1.0,0.3,,
California,FluSurv-NET,2021-22,2021,50,Overall,Overall,Overall,Overall,0.0,0.0,,
Colorado,FluSurv-NET,2021-22,2021,50,Overall,Overall,Overall,Overall,2.0,0.9,,
Connecticut,FluSurv-NET,2021-22,2021,50,Overall,Overall,Overall,Overall,2.0,0.7,,
Entire Network,FluSurv-NET,2021-22,2021,50,0-4 yr,Overall,Overall,Overall,2.0,0.8,,
Entire Network,FluSurv-NET,2021-22,2021,50,0-<1 yr,Overall,Overall,Overall,2.0,0.9,,
Entire Network,FluSurv-NET,2021-22,2021,50,1-4 yr,Overall,Overall,Overall,2.0,0.7,,
Entire Network,FluSurv-NET,2021-22,2021,50,12-17 yr,Overall,Overall,Overall,1.0,0.4,,
Entire Network,FluSurv-NET,2021-22,2021,50,18-29 yr,Overall,Overall,Overall,2.0,0.6,,
Entire Network,FluSurv-NET,2021-22,2021,50,18-49 yr,Overall,Overall,Overall,1.0,0.4,,
Entire Network,FluSurv-NET,2021-22,2021,50,30-39 yr,Overall,Overall,Overall,1.0,0.4,,
Entire Network,FluSurv-NET,2021-22,2021,50,40-49 yr,Overall,Overall,Overall,1.0,0.2,,
Entire Network,FluSurv-NET,2021-22,2021,50,5-11 yr,Overall,Overall,Overall,1.0,0.1,,
Entire Network,FluSurv-NET,2021-22,2021,50,5-17 yr,Overall,Overall,Overall,1.0,0.3,,
Entire Network,FluSurv-NET,2021-22,2021,50,50-64 yr,Overall,Overall,Overall,1.0,0.4,,
Entire Network,FluSurv-NET,2021-22,2021,50,65-74 yr,Overall,Overall,Overall,3.0,1.0,,
Entire Network,FluSurv-NET,2021-22,2021,50,75-84 yr,Overall,Overall,Overall,8.0,2.7,,
Entire Network,FluSurv-NET,2021-22,2021,50,>= 65 yr,Overall,Overall,Overall,5.0,1.7,,
Entire Network,FluSurv-NET,2021-22,2021,50,>= 75,Overall,Overall,Overall,8.0,2.7,,
Entire Network,FluSurv-NET,2021-22,2021,50,>= 85,Overall,Overall,Overall,10.0,2.6,,
Entire Network,FluSurv-NET,2021-22,2021,50,Adults,Overall,Overall,Overall,2.0,0.6,,
Entire Network,FluSurv-NET,2021-22,2021,50,Overall,Female,Overall,Overall,2.0,0.6,,
Entire Network,FluSurv-NET,2021-22,2021,50,Overall,Male,Overall,Overall,2.0,0.6,,
Entire Network,FluSurv-NET,2021-22,2021,50,Overall,Overall,"American Indian/Alaska Native, NH",Overall,3.0,0.0,2.779667918057402,0.0
Entire Network,FluSurv-NET,2021-22,2021,50,Overall,Overall,"Asian/Pacific Islander, NH",Overall,1.0,0.1,0.5516192354957046,0.1274848210563377
Entire Network,FluSurv-NET,2021-22,2021,50,Overall,Overall,"Black, NH",Overall,3.0,1.1,3.148934377446732,1.2128364385346844
Entire Network,FluSurv-NET,2021-22,2021,50,Overall,Overall,Hispanic,Overall,2.0,0.4,1.676459912089061,0.47519566058847185
Entire Network,FluSurv-NET,2021-22,2021,50,Overall,Overall,Overall,Overall,2.0,0.6,,
Entire Network,FluSurv-NET,2021-22,2021,50,Overall,Overall,"White, NH",Overall,2.0,0.5,1.3070925158412028,0.45118376622259604
Entire Network,FluSurv-NET,2021-22,2021,50,Pediatrics,Overall,Overall,Overall,1.0,0.4,,
Georgia,FluSurv-NET,2021-22,2021,50,Overall,Overall,Overall,Overall,2.0,0.6,,
Iowa,FluSurv-NET,2021-22,2021,50,Overall,Overall,Overall,Overall,2.0,0.0,,
Maryland,FluSurv-NET,2021-22,2021,50,Overall,Overall,Overall,Overall,2.0,0.8,,
Michigan,FluSurv-NET,2021-22,2021,50,Overall,Overall,Overall,Overall,2.0,0.8,,
Minnesota,FluSurv-NET,2021-22,2021,50,Overall,Overall,Overall,Overall,2.0,0.9,,
New Mexico,FluSurv-NET,2021-22,2021,50,Overall,Overall,Overall,Overall,2.0,0.5,,
New York,FluSurv-NET,2021-22,2021,50,Overall,Overall,Overall,Overall,2.0,0.7,,
Ohio,FluSurv-NET,2021-22,2021,50,Overall,Overall,Overall,Overall,1.0,0.3,,
Oregon,FluSurv-NET,2021-22,2021,50,Overall,Overall,Overall,Overall,0.0,0.2,,
Tennessee,FluSurv-NET,2021-22,2021,50,Overall,Overall,Overall,Overall,3.0,1.1,,
Utah,FluSurv-NET,2021-22,2021,50,Overall,Overall,Overall,Overall,1.0,0.2,,
California,FluSurv-NET,2021-22,2021,51,Overall,Overall,Overall,Overall,0.0,0.1,,
Colorado,FluSurv-NET,2021-22,2021,51,Overall,Overall,Overall,Overall,3.0,0.7,,
Connecticut,FluSurv-NET,2021-22,2021,51,Overall,Overall,Overall,Overall,3.0,0.5,,
Entire Network,FluSurv-NET,2021-22,2021,51,0-4 yr,Overall,Overall,Overall,3.0,0.9,,
Entire Network,FluSurv-NET,2021-22,2021,51,0-<1 yr,Overall,Overall,Overall,4.0,1.9,,
Entire Network,FluSurv-NET,2021-22,2021,51,1-4 yr,Overall,Overall,Overall,3.0,0.7,,
Entire Network,FluSurv-NET,2021-22,2021,51,12-17 yr,Overall,Overall,Overall,2.0,0.4,,
Entire Network,FluSurv-NET,2021-22,2021,51,18-29 yr,Overall,Overall,Overall,2.0,0.6,,
Entire Network,FluSurv-NET,2021-22,2021,51,18-49 yr,Overall,Overall,Overall,2.0,0.4,,
Entire Network,FluSurv-NET,2021-22,2021,51,30-39 yr,Overall,Overall,Overall,1.0,0.3,,
Entire Network,FluSurv-NET,2021-22,2021,51,40-49 yr,Overall,Overall,Overall,1.0,0.2,,
Entire Network,FluSurv-NET,2021-22,2021,51,5-11 yr,Overall,Overall,Overall,1.0,0.2,,
Entire Network,FluSurv-NET,2021-22,2021,51,5-17 yr,Overall,Overall,Overall,1.0,0.3,,
Entire Network,FluSurv-NET,2021-22,2021,51,50-64 yr,Overall,Overall,Overall,2.0,0.8,,
Entire Network,FluSurv-NET,2021-22,2021,51,65-74 yr,Overall,Overall,Overall,4.0,1.2,,
Entire Network,FluSurv-NET,2021-22,2021,51,75-84 yr,Overall,Overall,Overall,11.0,2.7,,
Entire Network,FluSurv-NET,2021-22,2021,51,>= 65 yr,Overall,Overall,Overall,7.0,2.0,,
Entire Network,FluSurv-NET,2021-22,2021,51,>= 75,Overall,Overall,Overall,12.0,3.2,,
Entire Network,FluSurv-NET,2021-22,2021,51,>= 85,Overall,Overall,Overall,14.0,4.3,,
Entire Network,FluSurv-NET,2021-22,2021,51,Adults,Overall,Overall,Overall,3.0,0.8,,
Entire Network,FluSurv-NET,2021-22,2021,51,Overall,Female,Overall,Overall,3.0,0.8,,
Entire Network,FluSurv-NET,2021-22,2021,51,Overall,Male,Overall,Overall,2.0,0.7,,
Entire Network,FluSurv-NET,2021-22,2021,51,Overall,Overall,"American Indian/Alaska Native, NH",Overall,4.0,1.1,3.891487357079416,1.1118194390220149
Entire Network,FluSurv-NET,2021-22,2021,51,Overall,Overall,"Asian/Pacific Islander, NH",Overall,1.0,0.3,0.9146684338033132,0.3630491983076086
Entire Network,FluSurv-NET,2021-22,2021,51,Overall,Overall,"Black, NH",Overall,4.0,1.0,4.216306826537237,1.067372449090505
Entire Network,FluSurv-NET,2021-22,2021,51,Overall,Overall,Hispanic,Overall,2.0,0.5,2.2677603032490548,0.5913003911599933
Entire Network,FluSurv-NET,2021-22,2021,51,Overall,Overall,Overall,Overall,2.0,0.7,,
Entire Network,FluSurv-NET,2021-22,2021,51,Overall,Overall,"White, NH",Overall,2.0,0.7,1.9053266595080645,0.5982341436668619
Entire Network,FluSurv-NET,2021-22,2021,51,Pediatrics,Overall,Overall,Overall,2.0,0.5,,
Georgia,FluSurv-NET,2021-22,2021,51,Overall,Overall,Overall,Overall,3.0,0.6,,
Iowa,FluSurv-NET,2021-22,2021,51,Overall,Overall,Overall,Overall,5.0,3.1,,
Maryland,FluSurv-NET,2021-22,2021,51,Overall,Overall,Overall,Overall,3.0,0.8,,
Michigan,FluSurv-NET,2021-22,2021,51,Overall,Overall,Overall,Overall,3.0,0.3,,
Minnesota,FluSurv-NET,2021-22,2021,51,Overall,Overall,Overall,Overall,4.0,1.7,,
New Mexico,FluSurv-NET,2021-22,2021,51,Overall,Overall,Overall,Overall,3.0,0.6,,
New York,FluSurv-NET,2021-22,2021,51,Overall,Overall,Overall,Overall,3.0,0.7,,
Ohio,FluSurv-NET,2021-22,2021,51,Overall,Overall,Overall,Overall,2.0,0.4,,
Oregon,FluSurv-NET,2021-22,2021,51,Overall,Overall,Overall,Overall,0.0,0.1,,
Tennessee,FluSurv-NET,2021-22,2021,51,Overall,Overall,Overall,Overall,5.0,1.8,,
Utah,FluSurv-NET,2021-22,2021,51,Overall,Overall,Overall,Overall,2.0,0.8,,
California,FluSurv-NET,2021-22,2021,52,Overall,Overall,Overall,Overall,0.0,0.1,,
Colorado,FluSurv-NET,2021-22,2021,52,Overall,Overall,Overall,Overall,4.0,1.4,,
Connecticut,FluSurv-NET,2021-22,2021,52,Overall,Overall,Overall,Overall,4.0,1.1,,
Entire Network,FluSurv-NET,2021-22,2021,52,0-4 yr,Overall,Overall,Overall,4.0,1.3,,
Entire Network,FluSurv-NET,2021-22,2021,52,0-<1 yr,Overall,Overall,Overall,8.0,3.8,,
Entire Network,FluSurv-NET,2021-22,2021,52,1-4 yr,Overall,Overall,Overall,4.0,0.7,,
Entire Network,FluSurv-NET,2021-22,2021,52,12-17 yr,Overall,Overall,Overall,2.0,0.3,,
Entire Network,FluSurv-NET,2021-22,2021,52,18-29 yr,Overall,Overall,Overall,3.0,0.8,,
Entire Network,FluSurv-NET,2021-22,2021,52,18-49 yr,Overall,Overall,Overall,2.0,0.5,,
Entire Network,FluSurv-NET,2021-22,2021,52,30-39 yr,Overall,Overall,Overall,2.0,0.4,,
Entire Network,FluSurv-NET,2021-22,2021,52,40-49 yr,Overall,Overall,Overall,1.0,0.3,,
Entire Network,FluSurv-NET,2021-22,2021,52,5-11 yr,Overall,Overall,Overall,1.0,0.4,,
Entire Network,FluSurv-NET,2021-22,2021,52,5-17 yr,Overall,Overall,Overall,2.0,0.4,,
Entire Network,FluSurv-NET,2021-22,2021,52,50-64 yr,Overall,Overall,Overall,3.0,0.9,,
Entire Network,FluSurv-NET,2021-22,2021,52,65-74 yr,Overall,Overall,Overall,5.0,1.5,,
Entire Network,FluSurv-NET,2021-22,2021,52,75-84 yr,Overall,Overall,Overall,14.0,3.7,,
Entire Network,FluSurv-NET,2021-22,2021,52,>= 65 yr,Overall,Overall,Overall,10.0,2.8,,
Entire Network,FluSurv-NET,2021-22,2021,52,>= 75,Overall,Overall,Overall,17.0,5.0,,
Entire Network,FluSurv-NET,2021-22,2021,52,>= 85,Overall,Overall,Overall,23.0,8.4,,
Entire Network,FluSurv-NET,2021-22,2021,52,Adults,Overall,Overall,Overall,4.0,1.1,,
Entire Network,FluSurv-NET,2021-22,2021,52,Overall,Female,Overall,Overall,4.0,0.9,,
Entire Network,FluSurv-NET,2021-22,2021,52,Overall,Male,Overall,Overall,3.0,1.0,,
Entire Network,FluSurv-NET,2021-22,2021,52,Overall,Overall,"American Indian/Alaska Native, NH",Overall,6.0,2.2,6.396376830652552,2.5048894735731366
Entire Network,FluSurv-NET,2021-22,2021,52,Overall,Overall,"Asian/Pacific Islander, NH",Overall,1.0,0.3,1.2341895791751687,0.31952114537185533
Entire Network,FluSurv-NET,2021-22,2021,52,Overall,Overall,"Black, NH",Overall,5.0,1.0,5.288469839887525,1.072163013350287
Entire Network,FluSurv-NET,2021-22,2021,52,Overall,Overall,Hispanic,Overall,3.0,1.0,3.500406344915539,1.2326460416664846
Entire Network,FluSurv-NET,2021-22,2021,52,Overall,Overall,Overall,Overall,3.0,1.0,,
Entire Network,FluSurv-NET,2021-22,2021,52,Overall,Overall,"White, NH",Overall,3.0,1.0,2.75122238892361,0.8458957294155452
Entire Network,FluSurv-NET,2021-22,2021,52,Pediatrics,Overall,Overall,Overall,2.0,0.6,,
Georgia,FluSurv-NET,2021-22,2021,52,Overall,Overall,Overall,Overall,3.0,0.8,,
Iowa,FluSurv-NET,2021-22,2021,52,Overall,Overall,Overall,Overall,6.0,1.5,,
Maryland,FluSurv-NET,2021-22,2021,52,Overall,Overall,Overall,Overall,4.0,1.0,,
Michigan,FluSurv-NET,2021-22,2021,52,Overall,Overall,Overall,Overall,4.0,1.0,,
Minnesota,FluSurv-NET,2021-22,2021,52,Overall,Overall,Overall,Overall,6.0,1.9,,
New Mexico,FluSurv-NET,2021-22,2021,52,Overall,Overall,Overall,Overall,4.0,1.3,,
New York,FluSurv-NET,2021-22,2021,52,Overall,Overall,Overall,Overall,4.0,1.0,,
Ohio,FluSurv-NET,2021-22,2021,52,Overall,Overall,Overall,Overall,2.0,0.4,,
Oregon,FluSurv-NET,2021-22,2021,52,Overall,Overall,Overall,Overall,0.0,0.0,,
Tennessee,FluSurv-NET,2021-22,2021,52,Overall,Overall,Overall,Overall,7.0,1.6,,
Utah,FluSurv-NET,2021-22,2021,52,Overall,Overall,Overall,Overall,3.0,1.7,,
California,FluSurv-NET,2021-22,2022,1,Overall,Overall,Overall,Overall,1.0,0.1,,
Colorado,FluSurv-NET,2021-22,2022,1,Overall,Overall,Overall,Overall,6.0,1.2,,
Connecticut,FluSurv-NET,2021-22,2022,1,Overall,Overall,Overall,Overall,4.0,0.5,,
Entire Network,FluSurv-NET,2021-22,2022,1,0-4 yr,Overall,Overall,Overall,5.0,0.9,,
Entire Network,FluSurv-NET,2021-22,2022,1,0-<1 yr,Overall,Overall,Overall,9.0,1.9,,
Entire Network,FluSurv-NET,2021-22,2022,1,1-4 yr,Overall,Overall,Overall,4.0,0.7,,
Entire Network,FluSurv-NET,2021-22,2022,1,12-17 yr,Overall,Overall,Overall,2.0,0.2,,
Entire Network,FluSurv-NET,2021-22,2022,1,18-29 yr,Overall,Overall,Overall,4.0,0.4,,
Entire Network,FluSurv-NET,2021-22,2022,1,18-49 yr,Overall,Overall,Overall,2.0,0.4,,
Entire Network,FluSurv-NET,2021-22,2022,1,30-39 yr,Overall,Overall,Overall,2.0,0.4,,
Entire Network,FluSurv-NET,2021-22,2022,1,40-49 yr,Overall,Overall,Overall,2.0,0.4,,
Entire Network,FluSurv-NET,2021-22,2022,1,5-11 yr,Overall,Overall,Overall,1.0,0.1,,
Entire Network,FluSurv-NET,2021-22,2022,1,5-17 yr,Overall,Overall,Overall,2.0,0.1,,
Entire Network,FluSurv-NET,2021-22,2022,1,50-64 yr,Overall,Overall,Overall,4.0,0.6,,
Entire Network,FluSurv-NET,2021-22,2022,1,65-74 yr,Overall,Overall,Overall,7.0,1.2,,
Entire Network,FluSurv-NET,2021-22,2022,1,75-84 yr,Overall,Overall,Overall,16.0,2.2,,
Entire Network,FluSurv-NET,2021-22,2022,1,>= 65 yr,Overall,Overall,Overall,11.0,1.8,,
Entire Network,FluSurv-NET,2021-22,2022,1,>= 75,Overall,Overall,Overall,19.0,2.8,,
Entire Network,FluSurv-NET,2021-22,2022,1,>= 85,Overall,Overall,Overall,27.0,4.5,,
Entire Network,FluSurv-NET,2021-22,2022,1,Adults,Overall,Overall,Overall,4.0,0.7,,
Entire Network,FluSurv-NET,2021-22,2022,1,Overall,Female,Overall,Overall,4.0,0.7,,
Entire Network,FluSurv-NET,2021-22,2022,1,Overall,Male,Overall,Overall,4.0,0.6,,
Entire Network,FluSurv-NET,2021-22,2022,1,Overall,Overall,"American Indian/Alaska Native, NH",Overall,7.0,0.6,6.998014581487442,0.6016377508348887
Entire Network,FluSurv-NET,2021-22,2022,1,Overall,Overall,"Asian/Pacific Islander, NH",Overall,2.0,0.4,1.6550254872396082,0.42083590806443966
Entire Network,FluSurv-NET,2021-22,2022,1,Overall,Overall,"Black, NH",Overall,6.0,0.7,6.05444395954107,0.7659741196535451
Entire Network,FluSurv-NET,2021-22,2022,1,Overall,Overall,Hispanic,Overall,4.0,0.7,4.438152104634374,0.9377457597188339
Entire Network,FluSurv-NET,2021-22,2022,1,Overall,Overall,Overall,Overall,4.0,0.6,,
Entire Network,FluSurv-NET,2021-22,2022,1,Overall,Overall,"White, NH",Overall,4.0,0.6,3.2608897818812626,0.5096673929576531
Entire Network,FluSurv-NET,2021-22,2022,1,Pediatrics,Overall,Overall,Overall,3.0,0.3,,
Georgia,FluSurv-NET,2021-22,2022,1,Overall,Overall,Overall,Overall,4.0,0.3,,
Iowa,FluSurv-NET,2021-22,2022,1,Overall,Overall,Overall,Overall,6.0,0.0,,
Maryland,FluSurv-NET,2021-22,2022,1,Overall,Overall,Overall,Overall,5.0,0.8,,
Michigan,FluSurv-NET,2021-22,2022,1,Overall,Overall,Overall,Overall,4.0,0.6,,
Minnesota,FluSurv-NET,2021-22,2022,1,Overall,Overall,Overall,Overall,7.0,1.3,,
New Mexico,FluSurv-NET,2021-22,2022,1,Overall,Overall,Overall,Overall,5.0,1.1,,
New York,FluSurv-NET,2021-22,2022,1,Overall,Overall,Overall,Overall,4.0,0.2,,
Ohio,FluSurv-NET,2021-22,2022,1,Overall,Overall,Overall,Overall,2.0,0.4,,
Oregon,FluSurv-NET,2021-22,2022,1,Overall,Overall,Overall,Overall,0.0,0.0,,
Tennessee,FluSurv-NET,2021-22,2022,1,Overall,Overall,Overall,Overall,7.0,0.7,,
Utah,FluSurv-NET,2021-22,2022,1,Overall,Overall,Overall,Overall,5.0,1.3,,
California,FluSurv-NET,2021-22,2022,2,Overall,Overall,Overall,Overall,1.0,0.1,,
Colorado,FluSurv-NET,2021-22,2022,2,Overall,Overall,Overall,Overall,6.0,0.7,,
Connecticut,FluSurv-NET,2021-22,2022,2,Overall,Overall,Overall,Overall,4.0,0.1,,
Entire Network,FluSurv-NET,2021-22,2022,2,0-4 yr,Overall,Overall,Overall,6.0,0.8,,
Entire Network,FluSurv-NET,2021-22,2022,2,0-<1 yr,Overall,Overall,Overall,11.0,1.6,,
Entire Network,FluSurv-NET,2021-22,2022,2,1-4 yr,Overall,Overall,Overall,5.0,0.6,,
Entire Network,FluSurv-NET,2021-22,2022,2,12-17 yr,Overall,Overall,Overall,2.0,0.3,,
Entire Network,FluSurv-NET,2021-22,2022,2,18-29 yr,Overall,Overall,Overall,4.0,0.2,,
Entire Network,FluSurv-NET,2021-22,2022,2,18-49 yr,Overall,Overall,Overall,3.0,0.2,,
Entire Network,FluSurv-NET,2021-22,2022,2,30-39 yr,Overall,Overall,Overall,2.0,0.2,,
Entire Network,FluSurv-NET,2021-22,2022,2,40-49 yr,Overall,Overall,Overall,2.0,0.2,,
Entire Network,FluSurv-NET,2021-22,2022,2,5-11 yr,Overall,Overall,Overall,2.0,0.3,,
Entire Network,FluSurv-NET,2021-22,2022,2,5-17 yr,Overall,Overall,Overall,2.0,0.3,,
Entire Network,FluSurv-NET,2021-22,2022,2,50-64 yr,Overall,Overall,Overall,4.0,0.4,,
Entire Network,FluSurv-NET,2021-22,2022,2,65-74 yr,Overall,Overall,Overall,7.0,0.5,,
Entire Network,FluSurv-NET,2021-22,2022,2,75-84 yr,Overall,Overall,Overall,18.0,1.5,,
Entire Network,FluSurv-NET,2021-22,2022,2,>= 65 yr,Overall,Overall,Overall,12.0,0.9,,
Entire Network,FluSurv-NET,2021-22,2022,2,>= 75,Overall,Overall,Overall,21.0,1.5,,
Entire Network,FluSurv-NET,2021-22,2022,2,>= 85,Overall,Overall,Overall,29.0,1.5,,
Entire Network,FluSurv-NET,2021-22,2022,2,Adults,Overall,Overall,Overall,5.0,0.4,,
Entire Network,FluSurv-NET,2021-22,2022,2,Overall,Female,Overall,Overall,5.0,0.5,,
Entire Network,FluSurv-NET,2021-22,2022,2,Overall,Male,Overall,Overall,4.0,0.3,,
Entire Network,FluSurv-NET,2021-22,2022,2,Overall,Overall,"American Indian/Alaska Native, NH",Overall,7.0,0.6,7.694549598763002,0.6965350172755608
Entire Network,FluSurv-NET,2021-22,2022,2,Overall,Overall,"Asian/Pacific Islander, NH",Overall,2.0,0.2,1.864810654167769,0.20978516692816077
Entire Network,FluSurv-NET,2021-22,2022,2,Overall,Overall,"Black, NH",Overall,6.0,0.5,6.54669449688052,0.4922505373394503
Entire Network,FluSurv-NET,2021-22,2022,2,Overall,Overall,Hispanic,Overall,4.0,0.6,5.072739000408374,0.6345868957740002
Entire Network,FluSurv-NET,2021-22,2022,2,Overall,Overall,Overall,Overall,4.0,0.4,,
Entire Network,FluSurv-NET,2021-22,2022,2,Overall,Overall,"White, NH",Overall,4.0,0.3,3.5635691874391133,0.3026794055578501
Entire Network,FluSurv-NET,2021-22,2022,2,Pediatrics,Overall,Overall,Overall,3.0,0.4,,
Georgia,FluSurv-NET,2021-22,2022,2,Overall,Overall,Overall,Overall,4.0,0.1,,
Iowa,FluSurv-NET,2021-22,2022,2,Overall,Overall,Overall,Overall,7.0,0.8,,
Maryland,FluSurv-NET,2021-22,2022,2,Overall,Overall,Overall,Overall,5.0,0.3,,
Michigan,FluSurv-NET,2021-22,2022,2,Overall,Overall,Overall,Overall,5.0,0.7,,
Minnesota,FluSurv-NET,2021-22,2022,2,Overall,Overall,Overall,Overall,8.0,0.8,,
New Mexico,FluSurv-NET,2021-22,2022,2,Overall,Overall,Overall,Overall,6.0,1.1,,
New York,FluSurv-NET,2021-22,2022,2,Overall,Overall,Overall,Overall,4.0,0.3,,
Ohio,FluSurv-NET,2021-22,2022,2,Overall,Overall,Overall,Overall,2.0,0.1,,
Oregon,FluSurv-NET,2021-22,2022,2,Overall,Overall,Overall,Overall,0.0,0.0,,
Tennessee,FluSurv-NET,2021-22,2022,2,Overall,Overall,Overall,Overall,8.0,0.4,,
Utah,FluSurv-NET,2021-22,2022,2,Overall,Overall,Overall,Overall,6.0,1.3,,
California,FluSurv-NET,2021-22,2022,3,Overall,Overall,Overall,Overall,1.0,0.0,,
Colorado,FluSurv-NET,2021-22,2022,3,Overall,Overall,Overall,Overall,7.0,0.2,,
Connecticut,FluSurv-NET,2021-22,2022,3,Overall,Overall,Overall,Overall,5.0,0.1,,
Entire Network,FluSurv-NET,2021-22,2022,3,0-4 yr,Overall,Overall,Overall,7.0,0.5,,
Entire Network,FluSurv-NET,2021-22,2022,3,0-<1 yr,Overall,Overall,Overall,12.0,1.3,,
Entire Network,FluSurv-NET,2021-22,2022,3,1-4 yr,Overall,Overall,Overall,5.0,0.4,,
Entire Network,FluSurv-NET,2021-22,2022,3,12-17 yr,Overall,Overall,Overall,3.0,0.1,,
Entire Network,FluSurv-NET,2021-22,2022,3,18-29 yr,Overall,Overall,Overall,4.0,0.2,,
Entire Network,FluSurv-NET,2021-22,2022,3,18-49 yr,Overall,Overall,Overall,3.0,0.2,,
Entire Network,FluSurv-NET,2021-22,2022,3,30-39 yr,Overall,Overall,Overall,2.0,0.2,,
Entire Network,FluSurv-NET,2021-22,2022,3,40-49 yr,Overall,Overall,Overall,2.0,0.1,,
Entire Network,FluSurv-NET,2021-22,2022,3,5-11 yr,Overall,Overall,Overall,2.0,0.2,,
Entire Network,FluSurv-NET,2021-22,2022,3,5-17 yr,Overall,Overall,Overall,2.0,0.1,,
Entire Network,FluSurv-NET,2021-22,2022,3,50-64 yr,Overall,Overall,Overall,4.0,0.3,,
Entire Network,FluSurv-NET,2021-22,2022,3,65-74 yr,Overall,Overall,Overall,7.0,0.3,,
Entire Network,FluSurv-NET,2021-22,2022,3,75-84 yr,Overall,Overall,Overall,19.0,0.7,,
Entire Network,FluSurv-NET,2021-22,2022,3,>= 65 yr,Overall,Overall,Overall,13.0,0.5,,
Entire Network,FluSurv-NET,2021-22,2022,3,>= 75,Overall,Overall,Overall,22.0,0.8,,
Entire Network,FluSurv-NET,2021-22,2022,3,>= 85,Overall,Overall,Overall,30.0,1.1,,
Entire Network,FluSurv-NET,2021-22,2022,3,Adults,Overall,Overall,Overall,5.0,0.3,,
Entire Network,FluSurv-NET,2021-22,2022,3,Overall,Female,Overall,Overall,5.0,0.2,,
Entire Network,FluSurv-NET,2021-22,2022,3,Overall,Male,Overall,Overall,5.0,0.3,,
Entire Network,FluSurv-NET,2021-22,2022,3,Overall,Overall,"American Indian/Alaska Native, NH",Overall,8.0,0.6,8.296187349597892,0.6016377508348887
Entire Network,FluSurv-NET,2021-22,2022,3,Overall,Overall,"Asian/Pacific Islander, NH",Overall,2.0,0.0,1.9035267752398284,0.03871612107205912
Entire Network,FluSurv-NET,2021-22,2022,3,Overall,Overall,"Black, NH",Overall,7.0,0.3,6.891185341897804,0.3444908450172834
Entire Network,FluSurv-NET,2021-22,2022,3,Overall,Overall,Hispanic,Overall,5.0,0.4,5.4911329790071575,0.4183939785987846
Entire Network,FluSurv-NET,2021-22,2022,3,Overall,Overall,Overall,Overall,5.0,0.3,,
Entire Network,FluSurv-NET,2021-22,2022,3,Overall,Overall,"White, NH",Overall,4.0,0.2,3.760760195704921,0.19719100826580768
Entire Network,FluSurv-NET,2021-22,2022,3,Pediatrics,Overall,Overall,Overall,3.0,0.2,,
Georgia,FluSurv-NET,2021-22,2022,3,Overall,Overall,Overall,Overall,4.0,0.1,,
Iowa,FluSurv-NET,2021-22,2022,3,Overall,Overall,Overall,Overall,8.0,1.5,,
Maryland,FluSurv-NET,2021-22,2022,3,Overall,Overall,Overall,Overall,5.0,0.1,,
Michigan,FluSurv-NET,2021-22,2022,3,Overall,Overall,Overall,Overall,6.0,0.4,,
Minnesota,FluSurv-NET,2021-22,2022,3,Overall,Overall,Overall,Overall,8.0,0.5,,
New Mexico,FluSurv-NET,2021-22,2022,3,Overall,Overall,Overall,Overall,7.0,0.5,,
New York,FluSurv-NET,2021-22,2022,3,Overall,Overall,Overall,Overall,5.0,0.2,,
Ohio,FluSurv-NET,2021-22,2022,3,Overall,Overall,Overall,Overall,3.0,0.1,,
Oregon,FluSurv-NET,2021-22,2022,3,Overall,Overall,Overall,Overall,0.0,0.0,,
Tennessee,FluSurv-NET,2021-22,2022,3,Overall,Overall,Overall,Overall,8.0,0.4,,
Utah,FluSurv-NET,2021-22,2022,3,Overall,Overall,Overall,Overall,7.0,1.2,,
California,FluSurv-NET,2021-22,2022,4,Overall,Overall,Overall,Overall,1.0,0.0,,
Colorado,FluSurv-NET,2021-22,2022,4,Overall,Overall,Overall,Overall,7.0,0.1,,
Connecticut,FluSurv-NET,2021-22,2022,4,Overall,Overall,Overall,Overall,5.0,0.0,,
Entire Network,FluSurv-NET,2021-22,2022,4,0-4 yr,Overall,Overall,Overall,7.0,0.1,,
Entire Network,FluSurv-NET,2021-22,2022,4,0-<1 yr,Overall,Overall,Overall,13.0,0.3,,
Entire Network,FluSurv-NET,2021-22,2022,4,1-4 yr,Overall,Overall,Overall,5.0,0.1,,
Entire Network,FluSurv-NET,2021-22,2022,4,12-17 yr,Overall,Overall,Overall,3.0,0.1,,
Entire Network,FluSurv-NET,2021-22,2022,4,18-29 yr,Overall,Overall,Overall,4.0,0.2,,
Entire Network,FluSurv-NET,2021-22,2022,4,18-49 yr,Overall,Overall,Overall,3.0,0.1,,
Entire Network,FluSurv-NET,2021-22,2022,4,30-39 yr,Overall,Overall,Overall,3.0,0.1,,
Entire Network,FluSurv-NET,2021-22,2022,4,40-49 yr,Overall,Overall,Overall,2.0,0.1,,
Entire Network,FluSurv-NET,2021-22,2022,4,5-11 yr,Overall,Overall,Overall,2.0,0.1,,
Entire Network,FluSurv-NET,2021-22,2022,4,5-17 yr,Overall,Overall,Overall,2.0,0.1,,
Entire Network,FluSurv-NET,2021-22,2022,4,50-64 yr,Overall,Overall,Overall,5.0,0.2,,
Entire Network,FluSurv-NET,2021-22,2022,4,65-74 yr,Overall,Overall,Overall,7.0,0.1,,
Entire Network,FluSurv-NET,2021-22,2022,4,75-84 yr,Overall,Overall,Overall,19.0,0.5,,
Entire Network,FluSurv-NET,2021-22,2022,4,>= 65 yr,Overall,Overall,Overall,13.0,0.3,,
Entire Network,FluSurv-NET,2021-22,2022,4,>= 75,Overall,Overall,Overall,22.0,0.6,,
Entire Network,FluSurv-NET,2021-22,2022,4,>= 85,Overall,Overall,Overall,31.0,0.9,,
Entire Network,FluSurv-NET,2021-22,2022,4,Adults,Overall,Overall,Overall,5.0,0.2,,
Entire Network,FluSurv-NET,2021-22,2022,4,Overall,Female,Overall,Overall,5.0,0.2,,
Entire Network,FluSurv-NET,2021-22,2022,4,Overall,Male,Overall,Overall,5.0,0.1,,
Entire Network,FluSurv-NET,2021-22,2022,4,Overall,Overall,"American Indian/Alaska Native, NH",Overall,8.0,0.0,8.296187349597892,0.0
Entire Network,FluSurv-NET,2021-22,2022,4,Overall,Overall,"Asian/Pacific Islander, NH",Overall,2.0,0.0,1.9502224604493796,0.046695685209551384
Entire Network,FluSurv-NET,2021-22,2022,4,Overall,Overall,"Black, NH",Overall,7.0,0.2,7.079656871405803,0.1884715295079993
Entire Network,FluSurv-NET,2021-22,2022,4,Overall,Overall,Hispanic,Overall,5.0,0.2,5.73740547592933,0.2462724969221713
Entire Network,FluSurv-NET,2021-22,2022,4,Overall,Overall,Overall,Overall,5.0,0.2,,
Entire Network,FluSurv-NET,2021-22,2022,4,Overall,Overall,"White, NH",Overall,4.0,0.2,3.908466045502968,0.14770584979804688
Entire Network,FluSurv-NET,2021-22,2022,4,Pediatrics,Overall,Overall,Overall,3.0,0.1,,
Georgia,FluSurv-NET,2021-22,2022,4,Overall,Overall,Overall,Overall,4.0,0.3,,
Iowa,FluSurv-NET,2021-22,2022,4,Overall,Overall,Overall,Overall,8.0,0.0,,
Maryland,FluSurv-NET,2021-22,2022,4,Overall,Overall,Overall,Overall,5.0,0.1,,
Michigan,FluSurv-NET,2021-22,2022,4,Overall,Overall,Overall,Overall,6.0,0.2,,
Minnesota,FluSurv-NET,2021-22,2022,4,Overall,Overall,Overall,Overall,8.0,0.3,,
New Mexico,FluSurv-NET,2021-22,2022,4,Overall,Overall,Overall,Overall,8.0,0.5,,
New York,FluSurv-NET,2021-22,2022,4,Overall,Overall,Overall,Overall,5.0,0.1,,
Ohio,FluSurv-NET,2021-22,2022,4,Overall,Overall,Overall,Overall,3.0,0.0,,
Oregon,FluSurv-NET,2021-22,2022,4,Overall,Overall,Overall,Overall,0.0,0.0,,
Tennessee,FluSurv-NET,2021-22,2022,4,Overall,Overall,Overall,Overall,8.0,0.2,,
Utah,FluSurv-NET,2021-22,2022,4,Overall,Overall,Overall,Overall,8.0,0.5,,
California,FluSurv-NET,2021-22,2022,5,Overall,Overall,Overall,Overall,1.0,0.0,,
Colorado,FluSurv-NET,2021-22,2022,5,Overall,Overall,Overall,Overall,7.0,0.1,,
Connecticut,FluSurv-NET,2021-22,2022,5,Overall,Overall,Overall,Overall,5.0,0.4,,
Entire Network,FluSurv-NET,2021-22,2022,5,0-4 yr,Overall,Overall,Overall,7.0,0.4,,
Entire Network,FluSurv-NET,2021-22,2022,5,0-<1 yr,Overall,Overall,Overall,13.0,0.3,,
Entire Network,FluSurv-NET,2021-22,2022,5,1-4 yr,Overall,Overall,Overall,6.0,0.4,,
Entire Network,FluSurv-NET,2021-22,2022,5,12-17 yr,Overall,Overall,Overall,3.0,0.0,,
Entire Network,FluSurv-NET,2021-22,2022,5,18-29 yr,Overall,Overall,Overall,4.0,0.0,,
Entire Network,FluSurv-NET,2021-22,2022,5,18-49 yr,Overall,Overall,Overall,3.0,0.1,,
Entire Network,FluSurv-NET,2021-22,2022,5,30-39 yr,Overall,Overall,Overall,3.0,0.1,,
Entire Network,FluSurv-NET,2021-22,2022,5,40-49 yr,Overall,Overall,Overall,2.0,0.0,,
Entire Network,FluSurv-NET,2021-22,2022,5,5-11 yr,Overall,Overall,Overall,2.0,0.2,,
Entire Network,FluSurv-NET,2021-22,2022,5,5-17 yr,Overall,Overall,Overall,2.0,0.1,,
Entire Network,FluSurv-NET,2021-22,2022,5,50-64 yr,Overall,Overall,Overall,5.0,0.2,,
Entire Network,FluSurv-NET,2021-22,2022,5,65-74 yr,Overall,Overall,Overall,8.0,0.2,,
Entire Network,FluSurv-NET,2021-22,2022,5,75-84 yr,Overall,Overall,Overall,20.0,0.9,,
Entire Network,FluSurv-NET,2021-22,2022,5,>= 65 yr,Overall,Overall,Overall,14.0,0.5,,
Entire Network,FluSurv-NET,2021-22,2022,5,>= 75,Overall,Overall,Overall,23.0,1.0,,
Entire Network,FluSurv-NET,2021-22,2022,5,>= 85,Overall,Overall,Overall,32.0,1.3,,
Entire Network,FluSurv-NET,2021-22,2022,5,Adults,Overall,Overall,Overall,5.0,0.2,,
Entire Network,FluSurv-NET,2021-22,2022,5,Overall,Female,Overall,Overall,5.0,0.1,,
Entire Network,FluSurv-NET,2021-22,2022,5,Overall,Male,Overall,Overall,5.0,0.2,,
Entire Network,FluSurv-NET,2021-22,2022,5,Overall,Overall,"American Indian/Alaska Native, NH",Overall,8.0,0.0,8.296187349597892,0.0
Entire Network,FluSurv-NET,2021-22,2022,5,Overall,Overall,"Asian/Pacific Islander, NH",Overall,2.0,0.0,1.9969181456589309,0.046695685209551384
Entire Network,FluSurv-NET,2021-22,2022,5,Overall,Overall,"Black, NH",Overall,7.0,0.3,7.382934017840596,0.3032771464347944
Entire Network,FluSurv-NET,2021-22,2022,5,Overall,Overall,Hispanic,Overall,5.0,0.2,6.071480908361297,0.3340754324319677
Entire Network,FluSurv-NET,2021-22,2022,5,Overall,Overall,Overall,Overall,5.0,0.2,,
Entire Network,FluSurv-NET,2021-22,2022,5,Overall,Overall,"White, NH",Overall,5.0,0.2,4.066887784144905,0.15842173864193693
Entire Network,FluSurv-NET,2021-22,2022,5,Pediatrics,Overall,Overall,Overall,4.0,0.2,,
Georgia,FluSurv-NET,2021-22,2022,5,Overall,Overall,Overall,Overall,4.0,0.1,,
Iowa,FluSurv-NET,2021-22,2022,5,Overall,Overall,Overall,Overall,8.0,0.0,,
Maryland,FluSurv-NET,2021-22,2022,5,Overall,Overall,Overall,Overall,5.0,0.1,,
Michigan,FluSurv-NET,2021-22,2022,5,Overall,Overall,Overall,Overall,6.0,0.1,,
Minnesota,FluSurv-NET,2021-22,2022,5,Overall,Overall,Overall,Overall,9.0,0.3,,
New Mexico,FluSurv-NET,2021-22,2022,5,Overall,Overall,Overall,Overall,8.0,0.5,,
New York,FluSurv-NET,2021-22,2022,5,Overall,Overall,Overall,Overall,5.0,0.1,,
Ohio,FluSurv-NET,2021-22,2022,5,Overall,Overall,Overall,Overall,3.0,0.0,,
Oregon,FluSurv-NET,2021-22,2022,5,Overall,Overall,Overall,Overall,0.0,0.0,,
Tennessee,FluSurv-NET,2021-22,2022,5,Overall,Overall,Overall,Overall,9.0,0.4,,
Utah,FluSurv-NET,2021-22,2022,5,Overall,Overall,Overall,Overall,9.0,0.8,,
California,FluSurv-NET,2021-22,2022,6,Overall,Overall,Overall,Overall,1.0,0.0,,
Colorado,FluSurv-NET,2021-22,2022,6,Overall,Overall,Overall,Overall,7.0,0.2,,
Connecticut,FluSurv-NET,2021-22,2022,6,Overall,Overall,Overall,Overall,5.0,0.0,,
Entire Network,FluSurv-NET,2021-22,2022,6,0-4 yr,Overall,Overall,Overall,7.0,0.3,,
Entire Network,FluSurv-NET,2021-22,2022,6,0-<1 yr,Overall,Overall,Overall,14.0,0.6,,
Entire Network,FluSurv-NET,2021-22,2022,6,1-4 yr,Overall,Overall,Overall,6.0,0.2,,
Entire Network,FluSurv-NET,2021-22,2022,6,12-17 yr,Overall,Overall,Overall,3.0,0.1,,
Entire Network,FluSurv-NET,2021-22,2022,6,18-29 yr,Overall,Overall,Overall,4.0,0.1,,
Entire Network,FluSurv-NET,2021-22,2022,6,18-49 yr,Overall,Overall,Overall,3.0,0.1,,
Entire Network,FluSurv-NET,2021-22,2022,6,30-39 yr,Overall,Overall,Overall,3.0,0.1,,
Entire Network,FluSurv-NET,2021-22,2022,6,40-49 yr,Overall,Overall,Overall,2.0,0.1,,
Entire Network,FluSurv-NET,2021-22,2022,6,5-11 yr,Overall,Overall,Overall,2.0,0.1,,
Entire Network,FluSurv-NET,2021-22,2022,6,5-17 yr,Overall,Overall,Overall,2.0,0.1,,
Entire Network,FluSurv-NET,2021-22,2022,6,50-64 yr,Overall,Overall,Overall,5.0,0.2,,
Entire Network,FluSurv-NET,2021-22,2022,6,65-74 yr,Overall,Overall,Overall,8.0,0.3,,
Entire Network,FluSurv-NET,2021-22,2022,6,75-84 yr,Overall,Overall,Overall,21.0,0.6,,
Entire Network,FluSurv-NET,2021-22,2022,6,>= 65 yr,Overall,Overall,Overall,14.0,0.4,,
Entire Network,FluSurv-NET,2021-22,2022,6,>= 75,Overall,Overall,Overall,24.0,0.6,,
Entire Network,FluSurv-NET,2021-22,2022,6,>= 85,Overall,Overall,Overall,33.0,0.6,,
Entire Network,FluSurv-NET,2021-22,2022,6,Adults,Overall,Overall,Overall,6.0,0.2,,
Entire Network,FluSurv-NET,2021-22,2022,6,Overall,Female,Overall,Overall,5.0,0.2,,
Entire Network,FluSurv-NET,2021-22,2022,6,Overall,Male,Overall,Overall,5.0,0.2,,
Entire Network,FluSurv-NET,2021-22,2022,6,Overall,Overall,"American Indian/Alaska Native, NH",Overall,8.0,0.6,8.992722366873451,0.6965350172755608
Entire Network,FluSurv-NET,2021-22,2022,6,Overall,Overall,"Asian/Pacific Islander, NH",Overall,2.0,0.1,2.0651050469334007,0.06818690127446987
Entire Network,FluSurv-NET,2021-22,2022,6,Overall,Overall,"Black, NH",Overall,7.0,0.3,7.693568892504032,0.31063487466343526
Entire Network,FluSurv-NET,2021-22,2022,6,Overall,Overall,Hispanic,Overall,6.0,0.3,6.452690119293373,0.38120921093207494
Entire Network,FluSurv-NET,2021-22,2022,6,Overall,Overall,Overall,Overall,5.0,0.2,,
Entire Network,FluSurv-NET,2021-22,2022,6,Overall,Overall,"White, NH",Overall,5.0,0.1,4.18141200873016,0.11452422458525477
Entire Network,FluSurv-NET,2021-22,2022,6,Pediatrics,Overall,Overall,Overall,4.0,0.2,,
Georgia,FluSurv-NET,2021-22,2022,6,Overall,Overall,Overall,Overall,5.0,0.4,,
Iowa,FluSurv-NET,2021-22,2022,6,Overall,Overall,Overall,Overall,8.0,0.0,,
Maryland,FluSurv-NET,2021-22,2022,6,Overall,Overall,Overall,Overall,6.0,0.2,,
Michigan,FluSurv-NET,2021-22,2022,6,Overall,Overall,Overall,Overall,6.0,0.2,,
Minnesota,FluSurv-NET,2021-22,2022,6,Overall,Overall,Overall,Overall,9.0,0.2,,
New Mexico,FluSurv-NET,2021-22,2022,6,Overall,Overall,Overall,Overall,8.0,0.1,,
New York,FluSurv-NET,2021-22,2022,6,Overall,Overall,Overall,Overall,5.0,0.0,,
Ohio,FluSurv-NET,2021-22,2022,6,Overall,Overall,Overall,Overall,3.0,0.1,,
Oregon,FluSurv-NET,2021-22,2022,6,Overall,Overall,Overall,Overall,0.0,0.0,,
Tennessee,FluSurv-NET,2021-22,2022,6,Overall,Overall,Overall,Overall,9.0,0.3,,
Utah,FluSurv-NET,2021-22,2022,6,Overall,Overall,Overall,Overall,9.0,0.5,,
California,FluSurv-NET,2021-22,2022,7,Overall,Overall,Overall,Overall,1.0,0.0,,
Colorado,FluSurv-NET,2021-22,2022,7,Overall,Overall,Overall,Overall,7.0,0.1,,
Connecticut,FluSurv-NET,2021-22,2022,7,Overall,Overall,Overall,Overall,5.0,0.0,,
Entire Network,FluSurv-NET,2021-22,2022,7,0-4 yr,Overall,Overall,Overall,8.0,0.2,,
Entire Network,FluSurv-NET,2021-22,2022,7,0-<1 yr,Overall,Overall,Overall,14.0,0.0,,
Entire Network,FluSurv-NET,2021-22,2022,7,1-4 yr,Overall,Overall,Overall,6.0,0.3,,
Entire Network,FluSurv-NET,2021-22,2022,7,12-17 yr,Overall,Overall,Overall,3.0,0.0,,
Entire Network,FluSurv-NET,2021-22,2022,7,18-29 yr,Overall,Overall,Overall,4.0,0.3,,
Entire Network,FluSurv-NET,2021-22,2022,7,18-49 yr,Overall,Overall,Overall,3.0,0.2,,
Entire Network,FluSurv-NET,2021-22,2022,7,30-39 yr,Overall,Overall,Overall,3.0,0.1,,
Entire Network,FluSurv-NET,2021-22,2022,7,40-49 yr,Overall,Overall,Overall,2.0,0.2,,
Entire Network,FluSurv-NET,2021-22,2022,7,5-11 yr,Overall,Overall,Overall,2.0,0.1,,
Entire Network,FluSurv-NET,2021-22,2022,7,5-17 yr,Overall,Overall,Overall,3.0,0.1,,
Entire Network,FluSurv-NET,2021-22,2022,7,50-64 yr,Overall,Overall,Overall,5.0,0.2,,
Entire Network,FluSurv-NET,2021-22,2022,7,65-74 yr,Overall,Overall,Overall,8.0,0.3,,
Entire Network,FluSurv-NET,2021-22,2022,7,75-84 yr,Overall,Overall,Overall,22.0,1.0,,
Entire Network,FluSurv-NET,2021-22,2022,7,>= 65 yr,Overall,Overall,Overall,15.0,0.5,,
Entire Network,FluSurv-NET,2021-22,2022,7,>= 75,Overall,Overall,Overall,25.0,1.0,,
Entire Network,FluSurv-NET,2021-22,2022,7,>= 85,Overall,Overall,Overall,34.0,1.1,,
Entire Network,FluSurv-NET,2021-22,2022,7,Adults,Overall,Overall,Overall,6.0,0.3,,
Entire Network,FluSurv-NET,2021-22,2022,7,Overall,Female,Overall,Overall,6.0,0.3,,
Entire Network,FluSurv-NET,2021-22,2022,7,Overall,Male,Overall,Overall,5.0,0.2,,
Entire Network,FluSurv-NET,2021-22,2022,7,Overall,Overall,"American Indian/Alaska Native, NH",Overall,8.0,0.0,8.992722366873451,0.0
Entire Network,FluSurv-NET,2021-22,2022,7,Overall,Overall,"Asian/Pacific Islander, NH",Overall,2.0,0.1,2.205192102562055,0.14008705562865412
Entire Network,FluSurv-NET,2021-22,2022,7,Overall,Overall,"Black, NH",Overall,8.0,0.3,8.051811261887869,0.3582423693838358
Entire Network,FluSurv-NET,2021-22,2022,7,Overall,Overall,Hispanic,Overall,6.0,0.2,6.698167379506802,0.2454772602134287
Entire Network,FluSurv-NET,2021-22,2022,7,Overall,Overall,Overall,Overall,5.0,0.2,,
Entire Network,FluSurv-NET,2021-22,2022,7,Overall,Overall,"White, NH",Overall,5.0,0.2,4.370891340352182,0.18947933162202307
Entire Network,FluSurv-NET,2021-22,2022,7,Pediatrics,Overall,Overall,Overall,4.0,0.1,,
Georgia,FluSurv-NET,2021-22,2022,7,Overall,Overall,Overall,Overall,5.0,0.5,,
Iowa,FluSurv-NET,2021-22,2022,7,Overall,Overall,Overall,Overall,8.0,0.0,,
Maryland,FluSurv-NET,2021-22,2022,7,Overall,Overall,Overall,Overall,6.0,0.3,,
Michigan,FluSurv-NET,2021-22,2022,7,Overall,Overall,Overall,Overall,6.0,0.3,,
Minnesota,FluSurv-NET,2021-22,2022,7,Overall,Overall,Overall,Overall,9.0,0.2,,
New Mexico,FluSurv-NET,2021-22,2022,7,Overall,Overall,Overall,Overall,8.0,0.1,,
New York,FluSurv-NET,2021-22,2022,7,Overall,Overall,Overall,Overall,5.0,0.1,,
Ohio,FluSurv-NET,2021-22,2022,7,Overall,Overall,Overall,Overall,3.0,0.0,,
Oregon,FluSurv-NET,2021-22,2022,7,Overall,Overall,Overall,Overall,0.0,0.0,,
Tennessee,FluSurv-NET,2021-22,2022,7,Overall,Overall,Overall,Overall,10.0,0.7,,
Utah,FluSurv-NET,2021-22,2022,7,Overall,Overall,Overall,Overall,10.0,0.8,,
California,FluSurv-NET,2021-22,2022,8,Overall,Overall,Overall,Overall,1.0,0.1,,
Colorado,FluSurv-NET,2021-22,2022,8,Overall,Overall,Overall,Overall,7.0,0.2,,
Connecticut,FluSurv-NET,2021-22,2022,8,Overall,Overall,Overall,Overall,5.0,0.2,,
Entire Network,FluSurv-NET,2021-22,2022,8,0-4 yr,Overall,Overall,Overall,8.0,0.3,,
Entire Network,FluSurv-NET,2021-22,2022,8,0-<1 yr,Overall,Overall,Overall,15.0,0.9,,
Entire Network,FluSurv-NET,2021-22,2022,8,1-4 yr,Overall,Overall,Overall,6.0,0.1,,
Entire Network,FluSurv-NET,2021-22,2022,8,12-17 yr,Overall,Overall,Overall,3.0,0.0,,
Entire Network,FluSurv-NET,2021-22,2022,8,18-29 yr,Overall,Overall,Overall,5.0,0.3,,
Entire Network,FluSurv-NET,2021-22,2022,8,18-49 yr,Overall,Overall,Overall,3.0,0.2,,
Entire Network,FluSurv-NET,2021-22,2022,8,30-39 yr,Overall,Overall,Overall,3.0,0.2,,
Entire Network,FluSurv-NET,2021-22,2022,8,40-49 yr,Overall,Overall,Overall,2.0,0.1,,
Entire Network,FluSurv-NET,2021-22,2022,8,5-11 yr,Overall,Overall,Overall,2.0,0.2,,
Entire Network,FluSurv-NET,2021-22,2022,8,5-17 yr,Overall,Overall,Overall,3.0,0.1,,
Entire Network,FluSurv-NET,2021-22,2022,8,50-64 yr,Overall,Overall,Overall,5.0,0.2,,
Entire Network,FluSurv-NET,2021-22,2022,8,65-74 yr,Overall,Overall,Overall,9.0,0.5,,
Entire Network,FluSurv-NET,2021-22,2022,8,75-84 yr,Overall,Overall,Overall,23.0,1.4,,
Entire Network,FluSurv-NET,2021-22,2022,8,>= 65 yr,Overall,Overall,Overall,15.0,0.8,,
Entire Network,FluSurv-NET,2021-22,2022,8,>= 75,Overall,Overall,Overall,26.0,1.3,,
Entire Network,FluSurv-NET,2021-22,2022,8,>= 85,Overall,Overall,Overall,35.0,1.3,,
Entire Network,FluSurv-NET,2021-22,2022,8,Adults,Overall,Overall,Overall,6.0,0.3,,
Entire Network,FluSurv-NET,2021-22,2022,8,Overall,Female,Overall,Overall,6.0,0.3,,
Entire Network,FluSurv-NET,2021-22,2022,8,Overall,Male,Overall,Overall,6.0,0.3,,
Entire Network,FluSurv-NET,2021-22,2022,8,Overall,Overall,"American Indian/Alaska Native, NH",Overall,8.0,0.0,8.992722366873451,0.0
Entire Network,FluSurv-NET,2021-22,2022,8,Overall,Overall,"Asian/Pacific Islander, NH",Overall,2.0,0.2,2.4475595101024137,0.24236740754035893
Entire Network,FluSurv-NET,2021-22,2022,8,Overall,Overall,"Black, NH",Overall,8.0,0.3,8.321885174730792,0.2700739128429221
Entire Network,FluSurv-NET,2021-22,2022,8,Overall,Overall,Hispanic,Overall,6.0,0.4,7.147453351889605,0.44928597238280393
Entire Network,FluSurv-NET,2021-22,2022,8,Overall,Overall,Overall,Overall,6.0,0.3,,
Entire Network,FluSurv-NET,2021-22,2022,8,Overall,Overall,"White, NH",Overall,5.0,0.3,4.624591294226351,0.2536999538741684
Entire Network,FluSurv-NET,2021-22,2022,8,Pediatrics,Overall,Overall,Overall,4.0,0.2,,
Georgia,FluSurv-NET,2021-22,2022,8,Overall,Overall,Overall,Overall,5.0,0.4,,
Iowa,FluSurv-NET,2021-22,2022,8,Overall,Overall,Overall,Overall,11.0,2.3,,
Maryland,FluSurv-NET,2021-22,2022,8,Overall,Overall,Overall,Overall,6.0,0.4,,
Michigan,FluSurv-NET,2021-22,2022,8,Overall,Overall,Overall,Overall,7.0,0.2,,
Minnesota,FluSurv-NET,2021-22,2022,8,Overall,Overall,Overall,Overall,9.0,0.1,,
New Mexico,FluSurv-NET,2021-22,2022,8,Overall,Overall,Overall,Overall,9.0,0.4,,
New York,FluSurv-NET,2021-22,2022,8,Overall,Overall,Overall,Overall,5.0,0.1,,
Ohio,FluSurv-NET,2021-22,2022,8,Overall,Overall,Overall,Overall,3.0,0.1,,
Oregon,FluSurv-NET,2021-22,2022,8,Overall,Overall,Overall,Overall,0.0,0.1,,
Tennessee,FluSurv-NET,2021-22,2022,8,Overall,Overall,Overall,Overall,10.0,0.5,,
Utah,FluSurv-NET,2021-22,2022,8,Overall,Overall,Overall,Overall,11.0,1.1,,
California,FluSurv-NET,2021-22,2022,9,Overall,Overall,Overall,Overall,1.0,0.1,,
Colorado,FluSurv-NET,2021-22,2022,9,Overall,Overall,Overall,Overall,8.0,0.2,,
Connecticut,FluSurv-NET,2021-22,2022,9,Overall,Overall,Overall,Overall,5.0,0.3,,
Entire Network,FluSurv-NET,2021-22,2022,9,0-4 yr,Overall,Overall,Overall,8.0,0.4,,
Entire Network,FluSurv-NET,2021-22,2022,9,0-<1 yr,Overall,Overall,Overall,16.0,1.3,,
Entire Network,FluSurv-NET,2021-22,2022,9,1-4 yr,Overall,Overall,Overall,7.0,0.2,,
Entire Network,FluSurv-NET,2021-22,2022,9,12-17 yr,Overall,Overall,Overall,3.0,0.2,,
Entire Network,FluSurv-NET,2021-22,2022,9,18-29 yr,Overall,Overall,Overall,5.0,0.2,,
Entire Network,FluSurv-NET,2021-22,2022,9,18-49 yr,Overall,Overall,Overall,4.0,0.1,,
Entire Network,FluSurv-NET,2021-22,2022,9,30-39 yr,Overall,Overall,Overall,3.0,0.2,,
Entire Network,FluSurv-NET,2021-22,2022,9,40-49 yr,Overall,Overall,Overall,2.0,0.1,,
Entire Network,FluSurv-NET,2021-22,2022,9,5-11 yr,Overall,Overall,Overall,3.0,0.3,,
Entire Network,FluSurv-NET,2021-22,2022,9,5-17 yr,Overall,Overall,Overall,3.0,0.3,,
Entire Network,FluSurv-NET,2021-22,2022,9,50-64 yr,Overall,Overall,Overall,6.0,0.3,,
Entire Network,FluSurv-NET,2021-22,2022,9,65-74 yr,Overall,Overall,Overall,9.0,0.8,,
Entire Network,FluSurv-NET,2021-22,2022,9,75-84 yr,Overall,Overall,Overall,24.0,1.5,,
Entire Network,FluSurv-NET,2021-22,2022,9,>= 65 yr,Overall,Overall,Overall,16.0,1.1,,
Entire Network,FluSurv-NET,2021-22,2022,9,>= 75,Overall,Overall,Overall,28.0,1.6,,
Entire Network,FluSurv-NET,2021-22,2022,9,>= 85,Overall,Overall,Overall,37.0,1.7,,
Entire Network,FluSurv-NET,2021-22,2022,9,Adults,Overall,Overall,Overall,7.0,0.4,,
Entire Network,FluSurv-NET,2021-22,2022,9,Overall,Female,Overall,Overall,6.0,0.3,,
Entire Network,FluSurv-NET,2021-22,2022,9,Overall,Male,Overall,Overall,6.0,0.4,,
Entire Network,FluSurv-NET,2021-22,2022,9,Overall,Overall,"American Indian/Alaska Native, NH",Overall,9.0,0.6,9.59436011770834,0.6016377508348887
Entire Network,FluSurv-NET,2021-22,2022,9,Overall,Overall,"Asian/Pacific Islander, NH",Overall,3.0,0.3,2.7535128316828326,0.30595332158041844
Entire Network,FluSurv-NET,2021-22,2022,9,Overall,Overall,"Black, NH",Overall,8.0,0.5,8.824793264018002,0.502908089287213
Entire Network,FluSurv-NET,2021-22,2022,9,Overall,Overall,Hispanic,Overall,6.0,0.3,7.551995503965727,0.4045421520761216
Entire Network,FluSurv-NET,2021-22,2022,9,Overall,Overall,Overall,Overall,6.0,0.3,,
Entire Network,FluSurv-NET,2021-22,2022,9,Overall,Overall,"White, NH",Overall,6.0,0.3,4.914240990038871,0.2896496958125195
Entire Network,FluSurv-NET,2021-22,2022,9,Pediatrics,Overall,Overall,Overall,4.0,0.3,,
Georgia,FluSurv-NET,2021-22,2022,9,Overall,Overall,Overall,Overall,6.0,0.4,,
Iowa,FluSurv-NET,2021-22,2022,9,Overall,Overall,Overall,Overall,13.0,2.3,,
Maryland,FluSurv-NET,2021-22,2022,9,Overall,Overall,Overall,Overall,7.0,0.4,,
Michigan,FluSurv-NET,2021-22,2022,9,Overall,Overall,Overall,Overall,7.0,0.4,,
Minnesota,FluSurv-NET,2021-22,2022,9,Overall,Overall,Overall,Overall,9.0,0.2,,
New Mexico,FluSurv-NET,2021-22,2022,9,Overall,Overall,Overall,Overall,9.0,0.2,,
New York,FluSurv-NET,2021-22,2022,9,Overall,Overall,Overall,Overall,5.0,0.1,,
Ohio,FluSurv-NET,2021-22,2022,9,Overall,Overall,Overall,Overall,3.0,0.4,,
Oregon,FluSurv-NET,2021-22,2022,9,Overall,Overall,Overall,Overall,0.0,0.0,,
Tennessee,FluSurv-NET,2021-22,2022,9,Overall,Overall,Overall,Overall,11.0,0.5,,
Utah,FluSurv-NET,2021-22,2022,9,Overall,Overall,Overall,Overall,13.0,2.2,,
California,FluSurv-NET,2021-22,2022,10,Overall,Overall,Overall,Overall,1.0,0.1,,
Colorado,FluSurv-NET,2021-22,2022,10,Overall,Overall,Overall,Overall,8.0,0.4,,
Connecticut,FluSurv-NET,2021-22,2022,10,Overall,Overall,Overall,Overall,6.0,0.5,,
Entire Network,FluSurv-NET,2021-22,2022,10,0-4 yr,Overall,Overall,Overall,9.0,0.6,,
Entire Network,FluSurv-NET,2021-22,2022,10,0-<1 yr,Overall,Overall,Overall,18.0,2.5,,
Entire Network,FluSurv-NET,2021-22,2022,10,1-4 yr,Overall,Overall,Overall,7.0,0.1,,
Entire Network,FluSurv-NET,2021-22,2022,10,12-17 yr,Overall,Overall,Overall,4.0,0.3,,
Entire Network,FluSurv-NET,2021-22,2022,10,18-29 yr,Overall,Overall,Overall,5.0,0.3,,
Entire Network,FluSurv-NET,2021-22,2022,10,18-49 yr,Overall,Overall,Overall,4.0,0.2,,
Entire Network,FluSurv-NET,2021-22,2022,10,30-39 yr,Overall,Overall,Overall,3.0,0.1,,
Entire Network,FluSurv-NET,2021-22,2022,10,40-49 yr,Overall,Overall,Overall,3.0,0.2,,
Entire Network,FluSurv-NET,2021-22,2022,10,5-11 yr,Overall,Overall,Overall,3.0,0.2,,
Entire Network,FluSurv-NET,2021-22,2022,10,5-17 yr,Overall,Overall,Overall,3.0,0.3,,
Entire Network,FluSurv-NET,2021-22,2022,10,50-64 yr,Overall,Overall,Overall,6.0,0.3,,
Entire Network,FluSurv-NET,2021-22,2022,10,65-74 yr,Overall,Overall,Overall,10.0,0.7,,
Entire Network,FluSurv-NET,2021-22,2022,10,75-84 yr,Overall,Overall,Overall,26.0,2.1,,
Entire Network,FluSurv-NET,2021-22,2022,10,>= 65 yr,Overall,Overall,Overall,18.0,1.3,,
Entire Network,FluSurv-NET,2021-22,2022,10,>= 75,Overall,Overall,Overall,30.0,2.2,,
Entire Network,FluSurv-NET,2021-22,2022,10,>= 85,Overall,Overall,Overall,39.0,2.6,,
Entire Network,FluSurv-NET,2021-22,2022,10,Adults,Overall,Overall,Overall,7.0,0.4,,
Entire Network,FluSurv-NET,2021-22,2022,10,Overall,Female,Overall,Overall,7.0,0.4,,
Entire Network,FluSurv-NET,2021-22,2022,10,Overall,Male,Overall,Overall,6.0,0.5,,
Entire Network,FluSurv-NET,2021-22,2022,10,Overall,Overall,"American Indian/Alaska Native, NH",Overall,10.0,0.6,10.205103635582725,0.6107435178743865
Entire Network,FluSurv-NET,2021-22,2022,10,Overall,Overall,"Asian/Pacific Islander, NH",Overall,3.0,0.4,3.1855625822030107,0.43204975052017863
Entire Network,FluSurv-NET,2021-22,2022,10,Overall,Overall,"Black, NH",Overall,9.0,0.5,9.322301331871856,0.4975080678538514
Entire Network,FluSurv-NET,2021-22,2022,10,Overall,Overall,Hispanic,Overall,7.0,0.5,8.115546681308983,0.5635511773432573
Entire Network,FluSurv-NET,2021-22,2022,10,Overall,Overall,Overall,Overall,7.0,0.4,,
Entire Network,FluSurv-NET,2021-22,2022,10,Overall,Overall,"White, NH",Overall,6.0,0.4,5.231288946689251,0.3170479566503804
Entire Network,FluSurv-NET,2021-22,2022,10,Pediatrics,Overall,Overall,Overall,5.0,0.4,,
Georgia,FluSurv-NET,2021-22,2022,10,Overall,Overall,Overall,Overall,6.0,0.5,,
Iowa,FluSurv-NET,2021-22,2022,10,Overall,Overall,Overall,Overall,15.0,1.5,,
Maryland,FluSurv-NET,2021-22,2022,10,Overall,Overall,Overall,Overall,7.0,0.4,,
Michigan,FluSurv-NET,2021-22,2022,10,Overall,Overall,Overall,Overall,8.0,0.6,,
Minnesota,FluSurv-NET,2021-22,2022,10,Overall,Overall,Overall,Overall,10.0,0.3,,
New Mexico,FluSurv-NET,2021-22,2022,10,Overall,Overall,Overall,Overall,10.0,0.8,,
New York,FluSurv-NET,2021-22,2022,10,Overall,Overall,Overall,Overall,6.0,0.5,,
Ohio,FluSurv-NET,2021-22,2022,10,Overall,Overall,Overall,Overall,3.0,0.1,,
Oregon,FluSurv-NET,2021-22,2022,10,Overall,Overall,Overall,Overall,1.0,0.1,,
Tennessee,FluSurv-NET,2021-22,2022,10,Overall,Overall,Overall,Overall,11.0,0.4,,
Utah,FluSurv-NET,2021-22,2022,10,Overall,Overall,Overall,Overall,15.0,1.6,,
California,FluSurv-NET,2021-22,2022,11,Overall,Overall,Overall,Overall,1.0,0.1,,
Colorado,FluSurv-NET,2021-22,2022,11,Overall,Overall,Overall,Overall,9.0,0.6,,
Connecticut,FluSurv-NET,2021-22,2022,11,Overall,Overall,Overall,Overall,6.0,0.6,,
Entire Network,FluSurv-NET,2021-22,2022,11,0-4 yr,Overall,Overall,Overall,10.0,0.6,,
Entire Network,FluSurv-NET,2021-22,2022,11,0-<1 yr,Overall,Overall,Overall,19.0,0.9,,
Entire Network,FluSurv-NET,2021-22,2022,11,1-4 yr,Overall,Overall,Overall,7.0,0.5,,
Entire Network,FluSurv-NET,2021-22,2022,11,12-17 yr,Overall,Overall,Overall,4.0,0.3,,
Entire Network,FluSurv-NET,2021-22,2022,11,18-29 yr,Overall,Overall,Overall,6.0,0.4,,
Entire Network,FluSurv-NET,2021-22,2022,11,18-49 yr,Overall,Overall,Overall,4.0,0.3,,
Entire Network,FluSurv-NET,2021-22,2022,11,30-39 yr,Overall,Overall,Overall,4.0,0.2,,
Entire Network,FluSurv-NET,2021-22,2022,11,40-49 yr,Overall,Overall,Overall,3.0,0.3,,
Entire Network,FluSurv-NET,2021-22,2022,11,5-11 yr,Overall,Overall,Overall,3.0,0.4,,
Entire Network,FluSurv-NET,2021-22,2022,11,5-17 yr,Overall,Overall,Overall,4.0,0.4,,
Entire Network,FluSurv-NET,2021-22,2022,11,50-64 yr,Overall,Overall,Overall,7.0,0.7,,
Entire Network,FluSurv-NET,2021-22,2022,11,65-74 yr,Overall,Overall,Overall,11.0,1.1,,
Entire Network,FluSurv-NET,2021-22,2022,11,75-84 yr,Overall,Overall,Overall,29.0,2.5,,
Entire Network,FluSurv-NET,2021-22,2022,11,>= 65 yr,Overall,Overall,Overall,19.0,1.7,,
Entire Network,FluSurv-NET,2021-22,2022,11,>= 75,Overall,Overall,Overall,33.0,2.7,,
Entire Network,FluSurv-NET,2021-22,2022,11,>= 85,Overall,Overall,Overall,43.0,3.5,,
Entire Network,FluSurv-NET,2021-22,2022,11,Adults,Overall,Overall,Overall,8.0,0.7,,
Entire Network,FluSurv-NET,2021-22,2022,11,Overall,Female,Overall,Overall,7.0,0.7,,
Entire Network,FluSurv-NET,2021-22,2022,11,Overall,Male,Overall,Overall,7.0,0.6,,
Entire Network,FluSurv-NET,2021-22,2022,11,Overall,Overall,"American Indian/Alaska Native, NH",Overall,11.0,1.7,12.108355358320976,1.903251722738248
Entire Network,FluSurv-NET,2021-22,2022,11,Overall,Overall,"Asian/Pacific Islander, NH",Overall,3.0,0.3,3.495673023940491,0.3101104417374808
Entire Network,FluSurv-NET,2021-22,2022,11,Overall,Overall,"Black, NH",Overall,10.0,0.6,9.940334435238,0.6180331033661465
Entire Network,FluSurv-NET,2021-22,2022,11,Overall,Overall,Hispanic,Overall,8.0,0.8,9.114841407894067,0.9992947265850849
Entire Network,FluSurv-NET,2021-22,2022,11,Overall,Overall,Overall,Overall,7.0,0.6,,
Entire Network,FluSurv-NET,2021-22,2022,11,Overall,Overall,"White, NH",Overall,7.0,0.6,5.800022829813963,0.5687338831247125
Entire Network,FluSurv-NET,2021-22,2022,11,Pediatrics,Overall,Overall,Overall,5.0,0.4,,
Georgia,FluSurv-NET,2021-22,2022,11,Overall,Overall,Overall,Overall,7.0,0.3,,
Iowa,FluSurv-NET,2021-22,2022,11,Overall,Overall,Overall,Overall,15.0,0.8,,
Maryland,FluSurv-NET,2021-22,2022,11,Overall,Overall,Overall,Overall,7.0,0.3,,
Michigan,FluSurv-NET,2021-22,2022,11,Overall,Overall,Overall,Overall,8.0,0.9,,
Minnesota,FluSurv-NET,2021-22,2022,11,Overall,Overall,Overall,Overall,10.0,0.3,,
New Mexico,FluSurv-NET,2021-22,2022,11,Overall,Overall,Overall,Overall,11.0,1.6,,
New York,FluSurv-NET,2021-22,2022,11,Overall,Overall,Overall,Overall,7.0,0.9,,
Ohio,FluSurv-NET,2021-22,2022,11,Overall,Overall,Overall,Overall,4.0,0.4,,
Oregon,FluSurv-NET,2021-22,2022,11,Overall,Overall,Overall,Overall,1.0,0.1,,
Tennessee,FluSurv-NET,2021-22,2022,11,Overall,Overall,Overall,Overall,12.0,0.8,,
Utah,FluSurv-NET,2021-22,2022,11,Overall,Overall,Overall,Overall,18.0,3.6,,
California,FluSurv-NET,2021-22,2022,12,Overall,Overall,Overall,Overall,1.0,0.1,,
Colorado,FluSurv-NET,2021-22,2022,12,Overall,Overall,Overall,Overall,10.0,1.4,,
Connecticut,FluSurv-NET,2021-22,2022,12,Overall,Overall,Overall,Overall,7.0,1.0,,
Entire Network,FluSurv-NET,2021-22,2022,12,0-4 yr,Overall,Overall,Overall,11.0,1.1,,
Entire Network,FluSurv-NET,2021-22,2022,12,0-<1 yr,Overall,Overall,Overall,20.0,0.9,,
Entire Network,FluSurv-NET,2021-22,2022,12,1-4 yr,Overall,Overall,Overall,8.0,1.2,,
Entire Network,FluSurv-NET,2021-22,2022,12,12-17 yr,Overall,Overall,Overall,4.0,0.3,,
Entire Network,FluSurv-NET,2021-22,2022,12,18-29 yr,Overall,Overall,Overall,6.0,0.4,,
Entire Network,FluSurv-NET,2021-22,2022,12,18-49 yr,Overall,Overall,Overall,4.0,0.4,,
Entire Network,FluSurv-NET,2021-22,2022,12,30-39 yr,Overall,Overall,Overall,4.0,0.5,,
Entire Network,FluSurv-NET,2021-22,2022,12,40-49 yr,Overall,Overall,Overall,3.0,0.3,,
Entire Network,FluSurv-NET,2021-22,2022,12,5-11 yr,Overall,Overall,Overall,4.0,0.4,,
Entire Network,FluSurv-NET,2021-22,2022,12,5-17 yr,Overall,Overall,Overall,4.0,0.4,,
Entire Network,FluSurv-NET,2021-22,2022,12,50-64 yr,Overall,Overall,Overall,7.0,0.7,,
Entire Network,FluSurv-NET,2021-22,2022,12,65-74 yr,Overall,Overall,Overall,12.0,0.9,,
Entire Network,FluSurv-NET,2021-22,2022,12,75-84 yr,Overall,Overall,Overall,32.0,3.1,,
Entire Network,FluSurv-NET,2021-22,2022,12,>= 65 yr,Overall,Overall,Overall,21.0,1.8,,
Entire Network,FluSurv-NET,2021-22,2022,12,>= 75,Overall,Overall,Overall,36.0,3.4,,
Entire Network,FluSurv-NET,2021-22,2022,12,>= 85,Overall,Overall,Overall,47.0,4.1,,
Entire Network,FluSurv-NET,2021-22,2022,12,Adults,Overall,Overall,Overall,8.0,0.7,,
Entire Network,FluSurv-NET,2021-22,2022,12,Overall,Female,Overall,Overall,8.0,0.8,,
Entire Network,FluSurv-NET,2021-22,2022,12,Overall,Male,Overall,Overall,8.0,0.6,,
Entire Network,FluSurv-NET,2021-22,2022,12,Overall,Overall,"American Indian/Alaska Native, NH",Overall,12.0,1.1,13.220174797342992,1.1118194390220149
Entire Network,FluSurv-NET,2021-22,2022,12,Overall,Overall,"Asian/Pacific Islander, NH",Overall,4.0,0.3,3.8393529787097043,0.34367995476921315
Entire Network,FluSurv-NET,2021-22,2022,12,Overall,Overall,"Black, NH",Overall,11.0,1.0,10.940932817535908,1.000598382297907
Entire Network,FluSurv-NET,2021-22,2022,12,Overall,Overall,Hispanic,Overall,9.0,0.9,10.384425313696314,1.269583905802244
Entire Network,FluSurv-NET,2021-22,2022,12,Overall,Overall,Overall,Overall,8.0,0.7,,
Entire Network,FluSurv-NET,2021-22,2022,12,Overall,Overall,"White, NH",Overall,7.0,0.6,6.335800850868215,0.5357780210542515
Entire Network,FluSurv-NET,2021-22,2022,12,Pediatrics,Overall,Overall,Overall,6.0,0.6,,
Georgia,FluSurv-NET,2021-22,2022,12,Overall,Overall,Overall,Overall,7.0,0.4,,
Iowa,FluSurv-NET,2021-22,2022,12,Overall,Overall,Overall,Overall,15.0,0.0,,
Maryland,FluSurv-NET,2021-22,2022,12,Overall,Overall,Overall,Overall,8.0,0.5,,
Michigan,FluSurv-NET,2021-22,2022,12,Overall,Overall,Overall,Overall,9.0,1.0,,
Minnesota,FluSurv-NET,2021-22,2022,12,Overall,Overall,Overall,Overall,11.0,0.5,,
New Mexico,FluSurv-NET,2021-22,2022,12,Overall,Overall,Overall,Overall,13.0,1.6,,
New York,FluSurv-NET,2021-22,2022,12,Overall,Overall,Overall,Overall,7.0,0.8,,
Ohio,FluSurv-NET,2021-22,2022,12,Overall,Overall,Overall,Overall,4.0,0.1,,
Oregon,FluSurv-NET,2021-22,2022,12,Overall,Overall,Overall,Overall,1.0,0.1,,
Tennessee,FluSurv-NET,2021-22,2022,12,Overall,Overall,Overall,Overall,13.0,0.8,,
Utah,FluSurv-NET,2021-22,2022,12,Overall,Overall,Overall,Overall,21.0,3.1,,
California,FluSurv-NET,2021-22,2022,13,Overall,Overall,Overall,Overall,1.0,0.1,,
Colorado,FluSurv-NET,2021-22,2022,13,Overall,Overall,Overall,Overall,12.0,1.5,,
Connecticut,FluSurv-NET,2021-22,2022,13,Overall,Overall,Overall,Overall,9.0,1.1,,
Entire Network,FluSurv-NET,2021-22,2022,13,0-4 yr,Overall,Overall,Overall,12.0,1.0,,
Entire Network,FluSurv-NET,2021-22,2022,13,0-<1 yr,Overall,Overall,Overall,22.0,1.9,,
Entire Network,FluSurv-NET,2021-22,2022,13,1-4 yr,Overall,Overall,Overall,9.0,0.7,,
Entire Network,FluSurv-NET,2021-22,2022,13,12-17 yr,Overall,Overall,Overall,4.0,0.3,,
Entire Network,FluSurv-NET,2021-22,2022,13,18-29 yr,Overall,Overall,Overall,7.0,0.6,,
Entire Network,FluSurv-NET,2021-22,2022,13,18-49 yr,Overall,Overall,Overall,5.0,0.5,,
Entire Network,FluSurv-NET,2021-22,2022,13,30-39 yr,Overall,Overall,Overall,5.0,0.7,,
Entire Network,FluSurv-NET,2021-22,2022,13,40-49 yr,Overall,Overall,Overall,3.0,0.2,,
Entire Network,FluSurv-NET,2021-22,2022,13,5-11 yr,Overall,Overall,Overall,4.0,0.4,,
Entire Network,FluSurv-NET,2021-22,2022,13,5-17 yr,Overall,Overall,Overall,4.0,0.4,,
Entire Network,FluSurv-NET,2021-22,2022,13,50-64 yr,Overall,Overall,Overall,8.0,0.8,,
Entire Network,FluSurv-NET,2021-22,2022,13,65-74 yr,Overall,Overall,Overall,14.0,2.1,,
Entire Network,FluSurv-NET,2021-22,2022,13,75-84 yr,Overall,Overall,Overall,36.0,3.9,,
Entire Network,FluSurv-NET,2021-22,2022,13,>= 65 yr,Overall,Overall,Overall,24.0,3.0,,
Entire Network,FluSurv-NET,2021-22,2022,13,>= 75,Overall,Overall,Overall,41.0,4.5,,
Entire Network,FluSurv-NET,2021-22,2022,13,>= 85,Overall,Overall,Overall,53.0,6.1,,
Entire Network,FluSurv-NET,2021-22,2022,13,Adults,Overall,Overall,Overall,9.0,1.1,,
Entire Network,FluSurv-NET,2021-22,2022,13,Overall,Female,Overall,Overall,9.0,1.0,,
Entire Network,FluSurv-NET,2021-22,2022,13,Overall,Male,Overall,Overall,8.0,0.9,,
Entire Network,FluSurv-NET,2021-22,2022,13,Overall,Overall,"American Indian/Alaska Native, NH",Overall,15.0,2.8,16.235245959103253,3.0150711617602624
Entire Network,FluSurv-NET,2021-22,2022,13,Overall,Overall,"Asian/Pacific Islander, NH",Overall,4.0,0.3,4.217650321721655,0.3782973430119507
Entire Network,FluSurv-NET,2021-22,2022,13,Overall,Overall,"Black, NH",Overall,12.0,1.2,12.277570489158519,1.3366376716226116
Entire Network,FluSurv-NET,2021-22,2022,13,Overall,Overall,Hispanic,Overall,10.0,1.2,12.061926839538764,1.6775015258424526
Entire Network,FluSurv-NET,2021-22,2022,13,Overall,Overall,Overall,Overall,9.0,0.9,,
Entire Network,FluSurv-NET,2021-22,2022,13,Overall,Overall,"White, NH",Overall,8.0,0.9,7.098731464241564,0.762930613373349
Entire Network,FluSurv-NET,2021-22,2022,13,Pediatrics,Overall,Overall,Overall,6.0,0.5,,
Georgia,FluSurv-NET,2021-22,2022,13,Overall,Overall,Overall,Overall,8.0,0.6,,
Iowa,FluSurv-NET,2021-22,2022,13,Overall,Overall,Overall,Overall,15.0,0.0,,
Maryland,FluSurv-NET,2021-22,2022,13,Overall,Overall,Overall,Overall,9.0,0.8,,
Michigan,FluSurv-NET,2021-22,2022,13,Overall,Overall,Overall,Overall,11.0,1.4,,
Minnesota,FluSurv-NET,2021-22,2022,13,Overall,Overall,Overall,Overall,11.0,0.4,,
New Mexico,FluSurv-NET,2021-22,2022,13,Overall,Overall,Overall,Overall,15.0,2.2,,
New York,FluSurv-NET,2021-22,2022,13,Overall,Overall,Overall,Overall,10.0,2.1,,
Ohio,FluSurv-NET,2021-22,2022,13,Overall,Overall,Overall,Overall,4.0,0.4,,
Oregon,FluSurv-NET,2021-22,2022,13,Overall,Overall,Overall,Overall,1.0,0.1,,
Tennessee,FluSurv-NET,2021-22,2022,13,Overall,Overall,Overall,Overall,14.0,1.3,,
Utah,FluSurv-NET,2021-22,2022,13,Overall,Overall,Overall,Overall,25.0,3.5,,
California,FluSurv-NET,2021-22,2022,14,Overall,Overall,Overall,Overall,1.0,0.1,,
Colorado,FluSurv-NET,2021-22,2022,14,Overall,Overall,Overall,Overall,13.0,1.1,,
Connecticut,FluSurv-NET,2021-22,2022,14,Overall,Overall,Overall,Overall,10.0,1.7,,
Entire Network,FluSurv-NET,2021-22,2022,14,0-4 yr,Overall,Overall,Overall,13.0,1.1,,
Entire Network,FluSurv-NET,2021-22,2022,14,0-<1 yr,Overall,Overall,Overall,24.0,1.9,,
Entire Network,FluSurv-NET,2021-22,2022,14,1-4 yr,Overall,Overall,Overall,10.0,1.0,,
Entire Network,FluSurv-NET,2021-22,2022,14,12-17 yr,Overall,Overall,Overall,5.0,0.6,,
Entire Network,FluSurv-NET,2021-22,2022,14,18-29 yr,Overall,Overall,Overall,7.0,0.5,,
Entire Network,FluSurv-NET,2021-22,2022,14,18-49 yr,Overall,Overall,Overall,5.0,0.4,,
Entire Network,FluSurv-NET,2021-22,2022,14,30-39 yr,Overall,Overall,Overall,5.0,0.4,,
Entire Network,FluSurv-NET,2021-22,2022,14,40-49 yr,Overall,Overall,Overall,4.0,0.4,,
Entire Network,FluSurv-NET,2021-22,2022,14,5-11 yr,Overall,Overall,Overall,5.0,0.6,,
Entire Network,FluSurv-NET,2021-22,2022,14,5-17 yr,Overall,Overall,Overall,5.0,0.6,,
Entire Network,FluSurv-NET,2021-22,2022,14,50-64 yr,Overall,Overall,Overall,9.0,1.1,,
Entire Network,FluSurv-NET,2021-22,2022,14,65-74 yr,Overall,Overall,Overall,17.0,2.4,,
Entire Network,FluSurv-NET,2021-22,2022,14,75-84 yr,Overall,Overall,Overall,40.0,4.1,,
Entire Network,FluSurv-NET,2021-22,2022,14,>= 65 yr,Overall,Overall,Overall,28.0,3.3,,
Entire Network,FluSurv-NET,2021-22,2022,14,>= 75,Overall,Overall,Overall,45.0,4.7,,
Entire Network,FluSurv-NET,2021-22,2022,14,>= 85,Overall,Overall,Overall,60.0,6.5,,
Entire Network,FluSurv-NET,2021-22,2022,14,Adults,Overall,Overall,Overall,11.0,1.1,,
Entire Network,FluSurv-NET,2021-22,2022,14,Overall,Female,Overall,Overall,10.0,1.2,,
Entire Network,FluSurv-NET,2021-22,2022,14,Overall,Male,Overall,Overall,9.0,1.0,,
Entire Network,FluSurv-NET,2021-22,2022,14,Overall,Overall,"American Indian/Alaska Native, NH",Overall,17.0,2.2,18.504732188973527,2.2694862298702754
Entire Network,FluSurv-NET,2021-22,2022,14,Overall,Overall,"Asian/Pacific Islander, NH",Overall,4.0,0.5,4.81411955874928,0.5964692370276247
Entire Network,FluSurv-NET,2021-22,2022,14,Overall,Overall,"Black, NH",Overall,13.0,1.4,13.772884717622127,1.495314228463607
Entire Network,FluSurv-NET,2021-22,2022,14,Overall,Overall,Hispanic,Overall,11.0,1.6,14.5177269219794,2.4558000824406347
Entire Network,FluSurv-NET,2021-22,2022,14,Overall,Overall,Overall,Overall,10.0,1.1,,
Entire Network,FluSurv-NET,2021-22,2022,14,Overall,Overall,"White, NH",Overall,9.0,0.9,7.889359331046442,0.7906278668048774
Entire Network,FluSurv-NET,2021-22,2022,14,Pediatrics,Overall,Overall,Overall,7.0,0.7,,
Georgia,FluSurv-NET,2021-22,2022,14,Overall,Overall,Overall,Overall,8.0,0.6,,
Iowa,FluSurv-NET,2021-22,2022,14,Overall,Overall,Overall,Overall,15.0,0.0,,
Maryland,FluSurv-NET,2021-22,2022,14,Overall,Overall,Overall,Overall,10.0,1.1,,
Michigan,FluSurv-NET,2021-22,2022,14,Overall,Overall,Overall,Overall,12.0,1.4,,
Minnesota,FluSurv-NET,2021-22,2022,14,Overall,Overall,Overall,Overall,11.0,0.3,,
New Mexico,FluSurv-NET,2021-22,2022,14,Overall,Overall,Overall,Overall,19.0,3.5,,
New York,FluSurv-NET,2021-22,2022,14,Overall,Overall,Overall,Overall,12.0,2.9,,
Ohio,FluSurv-NET,2021-22,2022,14,Overall,Overall,Overall,Overall,5.0,1.1,,
Oregon,FluSurv-NET,2021-22,2022,14,Overall,Overall,Overall,Overall,1.0,0.2,,
Tennessee,FluSurv-NET,2021-22,2022,14,Overall,Overall,Overall,Overall,15.0,0.7,,
Utah,FluSurv-NET,2021-22,2022,14,Overall,Overall,Overall,Overall,28.0,2.6,,
California,FluSurv-NET,2021-22,2022,15,Overall,Overall,Overall,Overall,1.0,0.1,,
Colorado,FluSurv-NET,2021-22,2022,15,Overall,Overall,Overall,Overall,15.0,2.4,,
Connecticut,FluSurv-NET,2021-22,2022,15,Overall,Overall,Overall,Overall,13.0,2.4,,
Entire Network,FluSurv-NET,2021-22,2022,15,0-4 yr,Overall,Overall,Overall,14.0,1.2,,
Entire Network,FluSurv-NET,2021-22,2022,15,0-<1 yr,Overall,Overall,Overall,25.0,1.3,,
Entire Network,FluSurv-NET,2021-22,2022,15,1-4 yr,Overall,Overall,Overall,11.0,1.2,,
Entire Network,FluSurv-NET,2021-22,2022,15,12-17 yr,Overall,Overall,Overall,5.0,0.2,,
Entire Network,FluSurv-NET,2021-22,2022,15,18-29 yr,Overall,Overall,Overall,8.0,0.6,,
Entire Network,FluSurv-NET,2021-22,2022,15,18-49 yr,Overall,Overall,Overall,6.0,0.5,,
Entire Network,FluSurv-NET,2021-22,2022,15,30-39 yr,Overall,Overall,Overall,6.0,0.4,,
Entire Network,FluSurv-NET,2021-22,2022,15,40-49 yr,Overall,Overall,Overall,4.0,0.5,,
Entire Network,FluSurv-NET,2021-22,2022,15,5-11 yr,Overall,Overall,Overall,6.0,0.8,,
Entire Network,FluSurv-NET,2021-22,2022,15,5-17 yr,Overall,Overall,Overall,5.0,0.5,,
Entire Network,FluSurv-NET,2021-22,2022,15,50-64 yr,Overall,Overall,Overall,10.0,0.9,,
Entire Network,FluSurv-NET,2021-22,2022,15,65-74 yr,Overall,Overall,Overall,19.0,2.4,,
Entire Network,FluSurv-NET,2021-22,2022,15,75-84 yr,Overall,Overall,Overall,45.0,4.7,,
Entire Network,FluSurv-NET,2021-22,2022,15,>= 65 yr,Overall,Overall,Overall,31.0,3.4,,
Entire Network,FluSurv-NET,2021-22,2022,15,>= 75,Overall,Overall,Overall,50.0,5.1,,
Entire Network,FluSurv-NET,2021-22,2022,15,>= 85,Overall,Overall,Overall,66.0,6.1,,
Entire Network,FluSurv-NET,2021-22,2022,15,Adults,Overall,Overall,Overall,12.0,1.2,,
Entire Network,FluSurv-NET,2021-22,2022,15,Overall,Female,Overall,Overall,11.0,1.2,,
Entire Network,FluSurv-NET,2021-22,2022,15,Overall,Male,Overall,Overall,10.0,1.0,,
Entire Network,FluSurv-NET,2021-22,2022,15,Overall,Overall,"American Indian/Alaska Native, NH",Overall,19.0,1.1,19.711448894436217,1.2067167054626868
Entire Network,FluSurv-NET,2021-22,2022,15,Overall,Overall,"Asian/Pacific Islander, NH",Overall,5.0,0.5,5.316266324802278,0.5021467660529984
Entire Network,FluSurv-NET,2021-22,2022,15,Overall,Overall,"Black, NH",Overall,15.0,1.4,15.255573317543279,1.4826885999211525
Entire Network,FluSurv-NET,2021-22,2022,15,Overall,Overall,Hispanic,Overall,12.0,0.9,15.8204662555356,1.3027393335561985
Entire Network,FluSurv-NET,2021-22,2022,15,Overall,Overall,Overall,Overall,11.0,1.1,,
Entire Network,FluSurv-NET,2021-22,2022,15,Overall,Overall,"White, NH",Overall,10.0,1.0,8.803610630430658,0.914251299384218
Entire Network,FluSurv-NET,2021-22,2022,15,Pediatrics,Overall,Overall,Overall,8.0,0.7,,
Georgia,FluSurv-NET,2021-22,2022,15,Overall,Overall,Overall,Overall,9.0,0.7,,
Iowa,FluSurv-NET,2021-22,2022,15,Overall,Overall,Overall,Overall,17.0,1.5,,
Maryland,FluSurv-NET,2021-22,2022,15,Overall,Overall,Overall,Overall,11.0,1.0,,
Michigan,FluSurv-NET,2021-22,2022,15,Overall,Overall,Overall,Overall,13.0,1.1,,
Minnesota,FluSurv-NET,2021-22,2022,15,Overall,Overall,Overall,Overall,12.0,0.5,,
New Mexico,FluSurv-NET,2021-22,2022,15,Overall,Overall,Overall,Overall,20.0,1.2,,
New York,FluSurv-NET,2021-22,2022,15,Overall,Overall,Overall,Overall,15.0,2.3,,
Ohio,FluSurv-NET,2021-22,2022,15,Overall,Overall,Overall,Overall,6.0,0.9,,
Oregon,FluSurv-NET,2021-22,2022,15,Overall,Overall,Overall,Overall,1.0,0.2,,
Tennessee,FluSurv-NET,2021-22,2022,15,Overall,Overall,Overall,Overall,15.0,0.5,,
Utah,FluSurv-NET,2021-22,2022,15,Overall,Overall,Overall,Overall,30.0,2.9,,
California,FluSurv-NET,2021-22,2022,16,Overall,Overall,Overall,Overall,2.0,0.2,,
Colorado,FluSurv-NET,2021-22,2022,16,Overall,Overall,Overall,Overall,17.0,2.4,,
Connecticut,FluSurv-NET,2021-22,2022,16,Overall,Overall,Overall,Overall,15.0,2.1,,
Entire Network,FluSurv-NET,2021-22,2022,16,0-4 yr,Overall,Overall,Overall,15.0,1.2,,
Entire Network,FluSurv-NET,2021-22,2022,16,0-<1 yr,Overall,Overall,Overall,27.0,1.9,,
Entire Network,FluSurv-NET,2021-22,2022,16,1-4 yr,Overall,Overall,Overall,12.0,1.0,,
Entire Network,FluSurv-NET,2021-22,2022,16,12-17 yr,Overall,Overall,Overall,6.0,0.8,,
Entire Network,FluSurv-NET,2021-22,2022,16,18-29 yr,Overall,Overall,Overall,9.0,0.8,,
Entire Network,FluSurv-NET,2021-22,2022,16,18-49 yr,Overall,Overall,Overall,7.0,0.6,,
Entire Network,FluSurv-NET,2021-22,2022,16,30-39 yr,Overall,Overall,Overall,6.0,0.6,,
Entire Network,FluSurv-NET,2021-22,2022,16,40-49 yr,Overall,Overall,Overall,4.0,0.2,,
Entire Network,FluSurv-NET,2021-22,2022,16,5-11 yr,Overall,Overall,Overall,6.0,0.7,,
Entire Network,FluSurv-NET,2021-22,2022,16,5-17 yr,Overall,Overall,Overall,6.0,0.7,,
Entire Network,FluSurv-NET,2021-22,2022,16,50-64 yr,Overall,Overall,Overall,11.0,1.1,,
Entire Network,FluSurv-NET,2021-22,2022,16,65-74 yr,Overall,Overall,Overall,21.0,1.8,,
Entire Network,FluSurv-NET,2021-22,2022,16,75-84 yr,Overall,Overall,Overall,50.0,5.6,,
Entire Network,FluSurv-NET,2021-22,2022,16,>= 65 yr,Overall,Overall,Overall,35.0,3.6,,
Entire Network,FluSurv-NET,2021-22,2022,16,>= 75,Overall,Overall,Overall,57.0,6.4,,
Entire Network,FluSurv-NET,2021-22,2022,16,>= 85,Overall,Overall,Overall,74.0,8.4,,
Entire Network,FluSurv-NET,2021-22,2022,16,Adults,Overall,Overall,Overall,13.0,1.3,,
Entire Network,FluSurv-NET,2021-22,2022,16,Overall,Female,Overall,Overall,13.0,1.3,,
Entire Network,FluSurv-NET,2021-22,2022,16,Overall,Male,Overall,Overall,11.0,1.0,,
Entire Network,FluSurv-NET,2021-22,2022,16,Overall,Overall,"American Indian/Alaska Native, NH",Overall,22.0,3.4,23.465461221505375,3.7540123270691597
Entire Network,FluSurv-NET,2021-22,2022,16,Overall,Overall,"Asian/Pacific Islander, NH",Overall,5.0,0.3,5.685326585661289,0.3690602608590102
Entire Network,FluSurv-NET,2021-22,2022,16,Overall,Overall,"Black, NH",Overall,16.0,1.4,16.749463951591395,1.4938906340481184
Entire Network,FluSurv-NET,2021-22,2022,16,Overall,Overall,Hispanic,Overall,14.0,1.3,17.693090039890414,1.8726237843548177
Entire Network,FluSurv-NET,2021-22,2022,16,Overall,Overall,Overall,Overall,12.0,1.2,,
Entire Network,FluSurv-NET,2021-22,2022,16,Overall,Overall,"White, NH",Overall,11.0,1.1,9.804503573073303,1.0008929426426414
Entire Network,FluSurv-NET,2021-22,2022,16,Pediatrics,Overall,Overall,Overall,8.0,0.9,,
Georgia,FluSurv-NET,2021-22,2022,16,Overall,Overall,Overall,Overall,9.0,0.6,,
Iowa,FluSurv-NET,2021-22,2022,16,Overall,Overall,Overall,Overall,17.0,0.0,,
Maryland,FluSurv-NET,2021-22,2022,16,Overall,Overall,Overall,Overall,12.0,0.9,,
Michigan,FluSurv-NET,2021-22,2022,16,Overall,Overall,Overall,Overall,14.0,1.0,,
Minnesota,FluSurv-NET,2021-22,2022,16,Overall,Overall,Overall,Overall,13.0,0.8,,
New Mexico,FluSurv-NET,2021-22,2022,16,Overall,Overall,Overall,Overall,23.0,3.2,,
New York,FluSurv-NET,2021-22,2022,16,Overall,Overall,Overall,Overall,17.0,2.4,,
Ohio,FluSurv-NET,2021-22,2022,16,Overall,Overall,Overall,Overall,8.0,1.2,,
Oregon,FluSurv-NET,2021-22,2022,16,Overall,Overall,Overall,Overall,2.0,0.5,,
Tennessee,FluSurv-NET,2021-22,2022,16,Overall,Overall,Overall,Overall,15.0,0.2,,
Utah,FluSurv-NET,2021-22,2022,16,Overall,Overall,Overall,Overall,34.0,3.1,,
California,FluSurv-NET,2021-22,2022,17,Overall,Overall,Overall,Overall,2.0,0.4,,
Colorado,FluSurv-NET,2021-22,2022,17,Overall,Overall,Overall,Overall,20.0,2.8,,
Connecticut,FluSurv-NET,2021-22,2022,17,Overall,Overall,Overall,Overall,17.0,2.1,,
Entire Network,FluSurv-NET,2021-22,2022,17,0-4 yr,Overall,Overall,Overall,16.0,1.0,,
Entire Network,FluSurv-NET,2021-22,2022,17,0-<1 yr,Overall,Overall,Overall,29.0,1.6,,
Entire Network,FluSurv-NET,2021-22,2022,17,1-4 yr,Overall,Overall,Overall,13.0,0.9,,
Entire Network,FluSurv-NET,2021-22,2022,17,12-17 yr,Overall,Overall,Overall,6.0,0.3,,
Entire Network,FluSurv-NET,2021-22,2022,17,18-29 yr,Overall,Overall,Overall,9.0,0.9,,
Entire Network,FluSurv-NET,2021-22,2022,17,18-49 yr,Overall,Overall,Overall,7.0,0.6,,
Entire Network,FluSurv-NET,2021-22,2022,17,30-39 yr,Overall,Overall,Overall,7.0,0.5,,
Entire Network,FluSurv-NET,2021-22,2022,17,40-49 yr,Overall,Overall,Overall,5.0,0.5,,
Entire Network,FluSurv-NET,2021-22,2022,17,5-11 yr,Overall,Overall,Overall,7.0,0.8,,
Entire Network,FluSurv-NET,2021-22,2022,17,5-17 yr,Overall,Overall,Overall,7.0,0.5,,
Entire Network,FluSurv-NET,2021-22,2022,17,50-64 yr,Overall,Overall,Overall,12.0,1.2,,
Entire Network,FluSurv-NET,2021-22,2022,17,65-74 yr,Overall,Overall,Overall,23.0,2.4,,
Entire Network,FluSurv-NET,2021-22,2022,17,75-84 yr,Overall,Overall,Overall,55.0,4.8,,
Entire Network,FluSurv-NET,2021-22,2022,17,>= 65 yr,Overall,Overall,Overall,38.0,3.8,,
Entire Network,FluSurv-NET,2021-22,2022,17,>= 75,Overall,Overall,Overall,63.0,6.1,,
Entire Network,FluSurv-NET,2021-22,2022,17,>= 85,Overall,Overall,Overall,84.0,9.5,,
Entire Network,FluSurv-NET,2021-22,2022,17,Adults,Overall,Overall,Overall,14.0,1.4,,
Entire Network,FluSurv-NET,2021-22,2022,17,Overall,Female,Overall,Overall,14.0,1.3,,
Entire Network,FluSurv-NET,2021-22,2022,17,Overall,Male,Overall,Overall,12.0,1.1,,
Entire Network,FluSurv-NET,2021-22,2022,17,Overall,Overall,"American Indian/Alaska Native, NH",Overall,26.0,4.5,28.46930780665995,5.00384658515457
Entire Network,FluSurv-NET,2021-22,2022,17,Overall,Overall,"Asian/Pacific Islander, NH",Overall,6.0,0.5,6.250326598983291,0.5650000133220017
Entire Network,FluSurv-NET,2021-22,2022,17,Overall,Overall,"Black, NH",Overall,17.0,1.2,18.105150257017645,1.3556863054262458
Entire Network,FluSurv-NET,2021-22,2022,17,Overall,Overall,Hispanic,Overall,15.0,1.5,19.841137743252297,2.148047703361883
Entire Network,FluSurv-NET,2021-22,2022,17,Overall,Overall,Overall,Overall,13.0,1.2,,
Entire Network,FluSurv-NET,2021-22,2022,17,Overall,Overall,"White, NH",Overall,12.0,1.1,10.77242052550495,0.9679169524316507
Entire Network,FluSurv-NET,2021-22,2022,17,Pediatrics,Overall,Overall,Overall,9.0,0.7,,
Georgia,FluSurv-NET,2021-22,2022,17,Overall,Overall,Overall,Overall,10.0,0.6,,
Iowa,FluSurv-NET,2021-22,2022,17,Overall,Overall,Overall,Overall,17.0,0.0,,
Maryland,FluSurv-NET,2021-22,2022,17,Overall,Overall,Overall,Overall,12.0,0.8,,
Michigan,FluSurv-NET,2021-22,2022,17,Overall,Overall,Overall,Overall,15.0,0.6,,
Minnesota,FluSurv-NET,2021-22,2022,17,Overall,Overall,Overall,Overall,13.0,0.9,,
New Mexico,FluSurv-NET,2021-22,2022,17,Overall,Overall,Overall,Overall,27.0,4.0,,
New York,FluSurv-NET,2021-22,2022,17,Overall,Overall,Overall,Overall,20.0,2.6,,
Ohio,FluSurv-NET,2021-22,2022,17,Overall,Overall,Overall,Overall,8.0,0.9,,
Oregon,FluSurv-NET,2021-22,2022,17,Overall,Overall,Overall,Overall,2.0,0.2,,
Tennessee,FluSurv-NET,2021-22,2022,17,Overall,Overall,Overall,Overall,16.0,0.3,,
Utah,FluSurv-NET,2021-22,2022,17,Overall,Overall,Overall,Overall,35.0,1.9,,
California,FluSurv-NET,2021-22,2022,18,Overall,Overall,Overall,Overall,2.0,0.2,,
Colorado,FluSurv-NET,2021-22,2022,18,Overall,Overall,Overall,Overall,23.0,2.7,,
Connecticut,FluSurv-NET,2021-22,2022,18,Overall,Overall,Overall,Overall,20.0,2.8,,
Entire Network,FluSurv-NET,2021-22,2022,18,0-4 yr,Overall,Overall,Overall,18.0,1.6,,
Entire Network,FluSurv-NET,2021-22,2022,18,0-<1 yr,Overall,Overall,Overall,31.0,1.9,,
Entire Network,FluSurv-NET,2021-22,2022,18,1-4 yr,Overall,Overall,Overall,15.0,1.6,,
Entire Network,FluSurv-NET,2021-22,2022,18,12-17 yr,Overall,Overall,Overall,7.0,0.5,,
Entire Network,FluSurv-NET,2021-22,2022,18,18-29 yr,Overall,Overall,Overall,10.0,0.6,,
Entire Network,FluSurv-NET,2021-22,2022,18,18-49 yr,Overall,Overall,Overall,8.0,0.4,,
Entire Network,FluSurv-NET,2021-22,2022,18,30-39 yr,Overall,Overall,Overall,7.0,0.4,,
Entire Network,FluSurv-NET,2021-22,2022,18,40-49 yr,Overall,Overall,Overall,5.0,0.3,,
Entire Network,FluSurv-NET,2021-22,2022,18,5-11 yr,Overall,Overall,Overall,8.0,0.6,,
Entire Network,FluSurv-NET,2021-22,2022,18,5-17 yr,Overall,Overall,Overall,7.0,0.6,,
Entire Network,FluSurv-NET,2021-22,2022,18,50-64 yr,Overall,Overall,Overall,13.0,1.0,,
Entire Network,FluSurv-NET,2021-22,2022,18,65-74 yr,Overall,Overall,Overall,25.0,2.1,,
Entire Network,FluSurv-NET,2021-22,2022,18,75-84 yr,Overall,Overall,Overall,59.0,3.9,,
Entire Network,FluSurv-NET,2021-22,2022,18,>= 65 yr,Overall,Overall,Overall,42.0,3.4,,
Entire Network,FluSurv-NET,2021-22,2022,18,>= 75,Overall,Overall,Overall,68.0,5.4,,
Entire Network,FluSurv-NET,2021-22,2022,18,>= 85,Overall,Overall,Overall,93.0,9.5,,
Entire Network,FluSurv-NET,2021-22,2022,18,Adults,Overall,Overall,Overall,16.0,1.2,,
Entire Network,FluSurv-NET,2021-22,2022,18,Overall,Female,Overall,Overall,15.0,1.2,,
Entire Network,FluSurv-NET,2021-22,2022,18,Overall,Male,Overall,Overall,13.0,1.0,,
Entire Network,FluSurv-NET,2021-22,2022,18,Overall,Overall,"American Indian/Alaska Native, NH",Overall,31.0,4.5,33.26755960742894,4.798251800768996
Entire Network,FluSurv-NET,2021-22,2022,18,Overall,Overall,"Asian/Pacific Islander, NH",Overall,6.0,0.4,6.675319627204792,0.42499302822150203
Entire Network,FluSurv-NET,2021-22,2022,18,Overall,Overall,"Black, NH",Overall,19.0,1.4,19.590093238273667,1.4849429812560255
Entire Network,FluSurv-NET,2021-22,2022,18,Overall,Overall,Hispanic,Overall,17.0,1.6,21.863101313853576,2.0219635706012826
Entire Network,FluSurv-NET,2021-22,2022,18,Overall,Overall,Overall,Overall,14.0,1.1,,
Entire Network,FluSurv-NET,2021-22,2022,18,Overall,Overall,"White, NH",Overall,13.0,0.9,11.553121037264676,0.7807005117597247
Entire Network,FluSurv-NET,2021-22,2022,18,Pediatrics,Overall,Overall,Overall,10.0,0.8,,
Georgia,FluSurv-NET,2021-22,2022,18,Overall,Overall,Overall,Overall,11.0,0.6,,
Iowa,FluSurv-NET,2021-22,2022,18,Overall,Overall,Overall,Overall,17.0,0.0,,
Maryland,FluSurv-NET,2021-22,2022,18,Overall,Overall,Overall,Overall,13.0,0.9,,
Michigan,FluSurv-NET,2021-22,2022,18,Overall,Overall,Overall,Overall,17.0,1.9,,
Minnesota,FluSurv-NET,2021-22,2022,18,Overall,Overall,Overall,Overall,14.0,0.7,,
New Mexico,FluSurv-NET,2021-22,2022,18,Overall,Overall,Overall,Overall,30.0,3.3,,
New York,FluSurv-NET,2021-22,2022,18,Overall,Overall,Overall,Overall,21.0,1.5,,
Ohio,FluSurv-NET,2021-22,2022,18,Overall,Overall,Overall,Overall,9.0,0.6,,
Oregon,FluSurv-NET,2021-22,2022,18,Overall,Overall,Overall,Overall,2.0,0.4,,
Tennessee,FluSurv-NET,2021-22,2022,18,Overall,Overall,Overall,Overall,16.0,0.2,,
Utah,FluSurv-NET,2021-22,2022,18,Overall,Overall,Overall,Overall,37.0,1.2,,
California,FluSurv-NET,2021-22,2022,19,Overall,Overall,Overall,Overall,3.0,0.4,,
Colorado,FluSurv-NET,2021-22,2022,19,Overall,Overall,Overall,Overall,24.0,1.4,,
Connecticut,FluSurv-NET,2021-22,2022,19,Overall,Overall,Overall,Overall,23.0,3.0,,
Entire Network,FluSurv-NET,2021-22,2022,19,0-4 yr,Overall,Overall,Overall,19.0,1.2,,
Entire Network,FluSurv-NET,2021-22,2022,19,0-<1 yr,Overall,Overall,Overall,32.0,1.9,,
Entire Network,FluSurv-NET,2021-22,2022,19,1-4 yr,Overall,Overall,Overall,16.0,1.0,,
Entire Network,FluSurv-NET,2021-22,2022,19,12-17 yr,Overall,Overall,Overall,7.0,0.4,,
Entire Network,FluSurv-NET,2021-22,2022,19,18-29 yr,Overall,Overall,Overall,11.0,0.6,,
Entire Network,FluSurv-NET,2021-22,2022,19,18-49 yr,Overall,Overall,Overall,8.0,0.5,,
Entire Network,FluSurv-NET,2021-22,2022,19,30-39 yr,Overall,Overall,Overall,8.0,0.6,,
Entire Network,FluSurv-NET,2021-22,2022,19,40-49 yr,Overall,Overall,Overall,6.0,0.4,,
Entire Network,FluSurv-NET,2021-22,2022,19,5-11 yr,Overall,Overall,Overall,9.0,0.8,,
Entire Network,FluSurv-NET,2021-22,2022,19,5-17 yr,Overall,Overall,Overall,8.0,0.6,,
Entire Network,FluSurv-NET,2021-22,2022,19,50-64 yr,Overall,Overall,Overall,14.0,0.7,,
Entire Network,FluSurv-NET,2021-22,2022,19,65-74 yr,Overall,Overall,Overall,27.0,2.0,,
Entire Network,FluSurv-NET,2021-22,2022,19,75-84 yr,Overall,Overall,Overall,64.0,4.5,,
Entire Network,FluSurv-NET,2021-22,2022,19,>= 65 yr,Overall,Overall,Overall,45.0,3.2,,
Entire Network,FluSurv-NET,2021-22,2022,19,>= 75,Overall,Overall,Overall,74.0,5.2,,
Entire Network,FluSurv-NET,2021-22,2022,19,>= 85,Overall,Overall,Overall,100.0,7.1,,
Entire Network,FluSurv-NET,2021-22,2022,19,Adults,Overall,Overall,Overall,17.0,1.1,,
Entire Network,FluSurv-NET,2021-22,2022,19,Overall,Female,Overall,Overall,16.0,1.1,,
Entire Network,FluSurv-NET,2021-22,2022,19,Overall,Male,Overall,Overall,14.0,0.9,,
Entire Network,FluSurv-NET,2021-22,2022,19,Overall,Overall,"American Indian/Alaska Native, NH",Overall,34.0,2.8,36.282630769189204,3.0150711617602624
Entire Network,FluSurv-NET,2021-22,2022,19,Overall,Overall,"Asian/Pacific Islander, NH",Overall,7.0,0.5,7.248256659808019,0.5729370326032271
Entire Network,FluSurv-NET,2021-22,2022,19,Overall,Overall,"Black, NH",Overall,20.0,1.4,21.094223744286232,1.5041305060125612
Entire Network,FluSurv-NET,2021-22,2022,19,Overall,Overall,Hispanic,Overall,18.0,1.4,23.582993580771088,1.7198922669175112
Entire Network,FluSurv-NET,2021-22,2022,19,Overall,Overall,Overall,Overall,15.0,1.0,,
Entire Network,FluSurv-NET,2021-22,2022,19,Overall,Overall,"White, NH",Overall,14.0,0.9,12.311272091682408,0.7581510544177319
Entire Network,FluSurv-NET,2021-22,2022,19,Pediatrics,Overall,Overall,Overall,11.0,0.8,,
Georgia,FluSurv-NET,2021-22,2022,19,Overall,Overall,Overall,Overall,11.0,0.6,,
Iowa,FluSurv-NET,2021-22,2022,19,Overall,Overall,Overall,Overall,17.0,0.0,,
Maryland,FluSurv-NET,2021-22,2022,19,Overall,Overall,Overall,Overall,14.0,0.8,,
Michigan,FluSurv-NET,2021-22,2022,19,Overall,Overall,Overall,Overall,18.0,1.4,,
Minnesota,FluSurv-NET,2021-22,2022,19,Overall,Overall,Overall,Overall,15.0,0.4,,
New Mexico,FluSurv-NET,2021-22,2022,19,Overall,Overall,Overall,Overall,34.0,3.4,,
New York,FluSurv-NET,2021-22,2022,19,Overall,Overall,Overall,Overall,23.0,2.0,,
Ohio,FluSurv-NET,2021-22,2022,19,Overall,Overall,Overall,Overall,10.0,0.8,,
Oregon,FluSurv-NET,2021-22,2022,19,Overall,Overall,Overall,Overall,3.0,0.7,,
Tennessee,FluSurv-NET,2021-22,2022,19,Overall,Overall,Overall,Overall,16.0,0.6,,
Utah,FluSurv-NET,2021-22,2022,19,Overall,Overall,Overall,Overall,37.0,0.7,,
California,FluSurv-NET,2021-22,2022,20,Overall,Overall,Overall,Overall,3.0,0.7,,
Colorado,FluSurv-NET,2021-22,2022,20,Overall,Overall,Overall,Overall,25.0,1.1,,
Connecticut,FluSurv-NET,2021-22,2022,20,Overall,Overall,Overall,Overall,23.0,0.6,,
Entire Network,FluSurv-NET,2021-22,2022,20,0-4 yr,Overall,Overall,Overall,20.0,0.8,,
Entire Network,FluSurv-NET,2021-22,2022,20,0-<1 yr,Overall,Overall,Overall,33.0,0.3,,
Entire Network,FluSurv-NET,2021-22,2022,20,1-4 yr,Overall,Overall,Overall,17.0,1.0,,
Entire Network,FluSurv-NET,2021-22,2022,20,12-17 yr,Overall,Overall,Overall,7.0,0.1,,
Entire Network,FluSurv-NET,2021-22,2022,20,18-29 yr,Overall,Overall,Overall,11.0,0.5,,
Entire Network,FluSurv-NET,2021-22,2022,20,18-49 yr,Overall,Overall,Overall,9.0,0.4,,
Entire Network,FluSurv-NET,2021-22,2022,20,30-39 yr,Overall,Overall,Overall,8.0,0.4,,
Entire Network,FluSurv-NET,2021-22,2022,20,40-49 yr,Overall,Overall,Overall,6.0,0.3,,
Entire Network,FluSurv-NET,2021-22,2022,20,5-11 yr,Overall,Overall,Overall,9.0,0.4,,
Entire Network,FluSurv-NET,2021-22,2022,20,5-17 yr,Overall,Overall,Overall,8.0,0.3,,
Entire Network,FluSurv-NET,2021-22,2022,20,50-64 yr,Overall,Overall,Overall,15.0,0.7,,
Entire Network,FluSurv-NET,2021-22,2022,20,65-74 yr,Overall,Overall,Overall,29.0,1.6,,
Entire Network,FluSurv-NET,2021-22,2022,20,75-84 yr,Overall,Overall,Overall,67.0,2.9,,
Entire Network,FluSurv-NET,2021-22,2022,20,>= 65 yr,Overall,Overall,Overall,47.0,2.4,,
Entire Network,FluSurv-NET,2021-22,2022,20,>= 75,Overall,Overall,Overall,77.0,3.5,,
Entire Network,FluSurv-NET,2021-22,2022,20,>= 85,Overall,Overall,Overall,105.0,5.2,,
Entire Network,FluSurv-NET,2021-22,2022,20,Adults,Overall,Overall,Overall,18.0,0.8,,
Entire Network,FluSurv-NET,2021-22,2022,20,Overall,Female,Overall,Overall,17.0,0.8,,
Entire Network,FluSurv-NET,2021-22,2022,20,Overall,Male,Overall,Overall,15.0,0.7,,
Entire Network,FluSurv-NET,2021-22,2022,20,Overall,Overall,"American Indian/Alaska Native, NH",Overall,37.0,3.4,40.03735450084775,3.754723731658548
Entire Network,FluSurv-NET,2021-22,2022,20,Overall,Overall,"Asian/Pacific Islander, NH",Overall,7.0,0.3,7.5583671015455005,0.3101104417374808
Entire Network,FluSurv-NET,2021-22,2022,20,Overall,Overall,"Black, NH",Overall,21.0,1.0,22.178080310668502,1.083856566382269
Entire Network,FluSurv-NET,2021-22,2022,20,Overall,Overall,Hispanic,Overall,19.0,1.0,24.998506261425003,1.4155126806539118
Entire Network,FluSurv-NET,2021-22,2022,20,Overall,Overall,Overall,Overall,16.0,0.8,,
Entire Network,FluSurv-NET,2021-22,2022,20,Overall,Overall,"White, NH",Overall,15.0,0.6,12.886317564134558,0.5750454724521507
Entire Network,FluSurv-NET,2021-22,2022,20,Pediatrics,Overall,Overall,Overall,11.0,0.4,,
Georgia,FluSurv-NET,2021-22,2022,20,Overall,Overall,Overall,Overall,12.0,0.6,,
Iowa,FluSurv-NET,2021-22,2022,20,Overall,Overall,Overall,Overall,17.0,0.0,,
Maryland,FluSurv-NET,2021-22,2022,20,Overall,Overall,Overall,Overall,15.0,0.5,,
Michigan,FluSurv-NET,2021-22,2022,20,Overall,Overall,Overall,Overall,19.0,1.0,,
Minnesota,FluSurv-NET,2021-22,2022,20,Overall,Overall,Overall,Overall,15.0,0.2,,
New Mexico,FluSurv-NET,2021-22,2022,20,Overall,Overall,Overall,Overall,37.0,3.0,,
New York,FluSurv-NET,2021-22,2022,20,Overall,Overall,Overall,Overall,24.0,1.4,,
Ohio,FluSurv-NET,2021-22,2022,20,Overall,Overall,Overall,Overall,10.0,0.5,,
Oregon,FluSurv-NET,2021-22,2022,20,Overall,Overall,Overall,Overall,3.0,0.5,,
Tennessee,FluSurv-NET,2021-22,2022,20,Overall,Overall,Overall,Overall,17.0,0.5,,
Utah,FluSurv-NET,2021-22,2022,20,Overall,Overall,Overall,Overall,38.0,0.5,,
California,FluSurv-NET,2021-22,2022,21,Overall,Overall,Overall,Overall,4.0,0.8,,
Colorado,FluSurv-NET,2021-22,2022,21,Overall,Overall,Overall,Overall,27.0,1.3,,
Connecticut,FluSurv-NET,2021-22,2022,21,Overall,Overall,Overall,Overall,24.0,1.0,,
Entire Network,FluSurv-NET,2021-22,2022,21,0-4 yr,Overall,Overall,Overall,21.0,1.4,,
Entire Network,FluSurv-NET,2021-22,2022,21,0-<1 yr,Overall,Overall,Overall,34.0,1.3,,
Entire Network,FluSurv-NET,2021-22,2022,21,1-4 yr,Overall,Overall,Overall,18.0,1.4,,
Entire Network,FluSurv-NET,2021-22,2022,21,12-17 yr,Overall,Overall,Overall,7.0,0.2,,
Entire Network,FluSurv-NET,2021-22,2022,21,18-29 yr,Overall,Overall,Overall,11.0,0.4,,
Entire Network,FluSurv-NET,2021-22,2022,21,18-49 yr,Overall,Overall,Overall,9.0,0.3,,
Entire Network,FluSurv-NET,2021-22,2022,21,30-39 yr,Overall,Overall,Overall,8.0,0.3,,
Entire Network,FluSurv-NET,2021-22,2022,21,40-49 yr,Overall,Overall,Overall,6.0,0.2,,
Entire Network,FluSurv-NET,2021-22,2022,21,5-11 yr,Overall,Overall,Overall,9.0,0.4,,
Entire Network,FluSurv-NET,2021-22,2022,21,5-17 yr,Overall,Overall,Overall,8.0,0.3,,
Entire Network,FluSurv-NET,2021-22,2022,21,50-64 yr,Overall,Overall,Overall,15.0,0.7,,
Entire Network,FluSurv-NET,2021-22,2022,21,65-74 yr,Overall,Overall,Overall,30.0,1.2,,
Entire Network,FluSurv-NET,2021-22,2022,21,75-84 yr,Overall,Overall,Overall,68.0,1.9,,
Entire Network,FluSurv-NET,2021-22,2022,21,>= 65 yr,Overall,Overall,Overall,49.0,1.6,,
Entire Network,FluSurv-NET,2021-22,2022,21,>= 75,Overall,Overall,Overall,79.0,2.3,,
Entire Network,FluSurv-NET,2021-22,2022,21,>= 85,Overall,Overall,Overall,109.0,3.2,,
Entire Network,FluSurv-NET,2021-22,2022,21,Adults,Overall,Overall,Overall,18.0,0.6,,
Entire Network,FluSurv-NET,2021-22,2022,21,Overall,Female,Overall,Overall,18.0,0.7,,
Entire Network,FluSurv-NET,2021-22,2022,21,Overall,Male,Overall,Overall,16.0,0.6,,
Entire Network,FluSurv-NET,2021-22,2022,21,Overall,Overall,"American Indian/Alaska Native, NH",Overall,41.0,3.4,43.57171311783463,3.5343586169868866
Entire Network,FluSurv-NET,2021-22,2022,21,Overall,Overall,"Asian/Pacific Islander, NH",Overall,7.0,0.3,7.855875308710666,0.29750820716516435
Entire Network,FluSurv-NET,2021-22,2022,21,Overall,Overall,"Black, NH",Overall,22.0,0.9,23.092678235915987,0.9145979252474867
Entire Network,FluSurv-NET,2021-22,2022,21,Overall,Overall,Hispanic,Overall,20.0,1.1,26.393090987793983,1.3945847263689786
Entire Network,FluSurv-NET,2021-22,2022,21,Overall,Overall,Overall,Overall,17.0,0.6,,
Entire Network,FluSurv-NET,2021-22,2022,21,Overall,Overall,"White, NH",Overall,15.0,0.5,13.311073945226676,0.42475638109211744
Entire Network,FluSurv-NET,2021-22,2022,21,Pediatrics,Overall,Overall,Overall,12.0,0.6,,
Georgia,FluSurv-NET,2021-22,2022,21,Overall,Overall,Overall,Overall,13.0,0.6,,
Iowa,FluSurv-NET,2021-22,2022,21,Overall,Overall,Overall,Overall,17.0,0.0,,
Maryland,FluSurv-NET,2021-22,2022,21,Overall,Overall,Overall,Overall,15.0,0.3,,
Michigan,FluSurv-NET,2021-22,2022,21,Overall,Overall,Overall,Overall,20.0,0.4,,
Minnesota,FluSurv-NET,2021-22,2022,21,Overall,Overall,Overall,Overall,15.0,0.3,,
New Mexico,FluSurv-NET,2021-22,2022,21,Overall,Overall,Overall,Overall,39.0,1.9,,
New York,FluSurv-NET,2021-22,2022,21,Overall,Overall,Overall,Overall,25.0,0.7,,
Ohio,FluSurv-NET,2021-22,2022,21,Overall,Overall,Overall,Overall,11.0,0.3,,
Oregon,FluSurv-NET,2021-22,2022,21,Overall,Overall,Overall,Overall,4.0,0.2,,
Tennessee,FluSurv-NET,2021-22,2022,21,Overall,Overall,Overall,Overall,17.0,0.3,,
Utah,FluSurv-NET,2021-22,2022,21,Overall,Overall,Overall,Overall,38.0,0.5,,
California,FluSurv-NET,2021-22,2022,22,Overall,Overall,Overall,Overall,4.0,0.5,,
Colorado,FluSurv-NET,2021-22,2022,22,Overall,Overall,Overall,Overall,27.0,0.5,,
Connecticut,FluSurv-NET,2021-22,2022,22,Overall,Overall,Overall,Overall,25.0,0.6,,
Entire Network,FluSurv-NET,2021-22,2022,22,0-4 yr,Overall,Overall,Overall,22.0,0.8,,
Entire Network,FluSurv-NET,2021-22,2022,22,0-<1 yr,Overall,Overall,Overall,35.0,1.3,,
Entire Network,FluSurv-NET,2021-22,2022,22,1-4 yr,Overall,Overall,Overall,19.0,0.7,,
Entire Network,FluSurv-NET,2021-22,2022,22,12-17 yr,Overall,Overall,Overall,8.0,0.3,,
Entire Network,FluSurv-NET,2021-22,2022,22,18-29 yr,Overall,Overall,Overall,12.0,0.3,,
Entire Network,FluSurv-NET,2021-22,2022,22,18-49 yr,Overall,Overall,Overall,9.0,0.3,,
Entire Network,FluSurv-NET,2021-22,2022,22,30-39 yr,Overall,Overall,Overall,9.0,0.2,,
Entire Network,FluSurv-NET,2021-22,2022,22,40-49 yr,Overall,Overall,Overall,6.0,0.3,,
Entire Network,FluSurv-NET,2021-22,2022,22,5-11 yr,Overall,Overall,Overall,10.0,0.4,,
Entire Network,FluSurv-NET,2021-22,2022,22,5-17 yr,Overall,Overall,Overall,9.0,0.4,,
Entire Network,FluSurv-NET,2021-22,2022,22,50-64 yr,Overall,Overall,Overall,16.0,0.4,,
Entire Network,FluSurv-NET,2021-22,2022,22,65-74 yr,Overall,Overall,Overall,31.0,0.7,,
Entire Network,FluSurv-NET,2021-22,2022,22,75-84 yr,Overall,Overall,Overall,70.0,1.8,,
Entire Network,FluSurv-NET,2021-22,2022,22,>= 65 yr,Overall,Overall,Overall,50.0,1.1,,
Entire Network,FluSurv-NET,2021-22,2022,22,>= 75,Overall,Overall,Overall,81.0,1.9,,
Entire Network,FluSurv-NET,2021-22,2022,22,>= 85,Overall,Overall,Overall,111.0,2.4,,
Entire Network,FluSurv-NET,2021-22,2022,22,Adults,Overall,Overall,Overall,19.0,0.5,,
Entire Network,FluSurv-NET,2021-22,2022,22,Overall,Female,Overall,Overall,19.0,0.6,,
Entire Network,FluSurv-NET,2021-22,2022,22,Overall,Male,Overall,Overall,16.0,0.4,,
Entire Network,FluSurv-NET,2021-22,2022,22,Overall,Overall,"American Indian/Alaska Native, NH",Overall,44.0,3.9,47.73851870845146,4.16680559061682
Entire Network,FluSurv-NET,2021-22,2022,22,Overall,Overall,"Asian/Pacific Islander, NH",Overall,8.0,0.3,8.232915133707168,0.37703982499650246
Entire Network,FluSurv-NET,2021-22,2022,22,Overall,Overall,"Black, NH",Overall,23.0,0.7,23.838669181421412,0.7459909455054236
Entire Network,FluSurv-NET,2021-22,2022,22,Overall,Overall,Hispanic,Overall,21.0,0.7,27.194374396974037,0.8012834091800587
Entire Network,FluSurv-NET,2021-22,2022,22,Overall,Overall,Overall,Overall,17.0,0.5,,
Entire Network,FluSurv-NET,2021-22,2022,22,Overall,Overall,"White, NH",Overall,15.0,0.3,13.622599036997345,0.3115250917706664
Entire Network,FluSurv-NET,2021-22,2022,22,Pediatrics,Overall,Overall,Overall,12.0,0.5,,
Georgia,FluSurv-NET,2021-22,2022,22,Overall,Overall,Overall,Overall,13.0,0.6,,
Iowa,FluSurv-NET,2021-22,2022,22,Overall,Overall,Overall,Overall,17.0,0.0,,
Maryland,FluSurv-NET,2021-22,2022,22,Overall,Overall,Overall,Overall,15.0,0.3,,
Michigan,FluSurv-NET,2021-22,2022,22,Overall,Overall,Overall,Overall,20.0,0.6,,
Minnesota,FluSurv-NET,2021-22,2022,22,Overall,Overall,Overall,Overall,15.0,0.1,,
New Mexico,FluSurv-NET,2021-22,2022,22,Overall,Overall,Overall,Overall,40.0,1.6,,
New York,FluSurv-NET,2021-22,2022,22,Overall,Overall,Overall,Overall,26.0,0.5,,
Ohio,FluSurv-NET,2021-22,2022,22,Overall,Overall,Overall,Overall,11.0,0.2,,
Oregon,FluSurv-NET,2021-22,2022,22,Overall,Overall,Overall,Overall,4.0,0.5,,
Tennessee,FluSurv-NET,2021-22,2022,22,Overall,Overall,Overall,Overall,18.0,0.5,,
Utah,FluSurv-NET,2021-22,2022,22,Overall,Overall,Overall,Overall,39.0,0.3,,
California,FluSurv-NET,2021-22,2022,23,Overall,Overall,Overall,Overall,5.0,0.5,,
Colorado,FluSurv-NET,2021-22,2022,23,Overall,Overall,Overall,Overall,27.0,0.3,,
Connecticut,FluSurv-NET,2021-22,2022,23,Overall,Overall,Overall,Overall,25.0,0.2,,
Entire Network,FluSurv-NET,2021-22,2022,23,0-4 yr,Overall,Overall,Overall,23.0,0.4,,
Entire Network,FluSurv-NET,2021-22,2022,23,0-<1 yr,Overall,Overall,Overall,36.0,0.3,,
Entire Network,FluSurv-NET,2021-22,2022,23,1-4 yr,Overall,Overall,Overall,20.0,0.4,,
Entire Network,FluSurv-NET,2021-22,2022,23,12-17 yr,Overall,Overall,Overall,8.0,0.1,,
Entire Network,FluSurv-NET,2021-22,2022,23,18-29 yr,Overall,Overall,Overall,12.0,0.2,,
Entire Network,FluSurv-NET,2021-22,2022,23,18-49 yr,Overall,Overall,Overall,9.0,0.2,,
Entire Network,FluSurv-NET,2021-22,2022,23,30-39 yr,Overall,Overall,Overall,9.0,0.1,,
Entire Network,FluSurv-NET,2021-22,2022,23,40-49 yr,Overall,Overall,Overall,7.0,0.2,,
Entire Network,FluSurv-NET,2021-22,2022,23,5-11 yr,Overall,Overall,Overall,10.0,0.1,,
Entire Network,FluSurv-NET,2021-22,2022,23,5-17 yr,Overall,Overall,Overall,9.0,0.1,,
Entire Network,FluSurv-NET,2021-22,2022,23,50-64 yr,Overall,Overall,Overall,16.0,0.3,,
Entire Network,FluSurv-NET,2021-22,2022,23,65-74 yr,Overall,Overall,Overall,31.0,0.6,,
Entire Network,FluSurv-NET,2021-22,2022,23,75-84 yr,Overall,Overall,Overall,71.0,1.0,,
Entire Network,FluSurv-NET,2021-22,2022,23,>= 65 yr,Overall,Overall,Overall,51.0,0.9,,
Entire Network,FluSurv-NET,2021-22,2022,23,>= 75,Overall,Overall,Overall,83.0,1.5,,
Entire Network,FluSurv-NET,2021-22,2022,23,>= 85,Overall,Overall,Overall,114.0,3.0,,
Entire Network,FluSurv-NET,2021-22,2022,23,Adults,Overall,Overall,Overall,19.0,0.4,,
Entire Network,FluSurv-NET,2021-22,2022,23,Overall,Female,Overall,Overall,19.0,0.4,,
Entire Network,FluSurv-NET,2021-22,2022,23,Overall,Male,Overall,Overall,16.0,0.3,,
Entire Network,FluSurv-NET,2021-22,2022,23,Overall,Overall,"American Indian/Alaska Native, NH",Overall,46.0,1.1,48.850338147473465,1.1118194390220149
Entire Network,FluSurv-NET,2021-22,2022,23,Overall,Overall,"Asian/Pacific Islander, NH",Overall,8.0,0.2,8.494417560513018,0.26150242680584945
Entire Network,FluSurv-NET,2021-22,2022,23,Overall,Overall,"Black, NH",Overall,23.0,0.4,24.294526215272068,0.4558570338506607
Entire Network,FluSurv-NET,2021-22,2022,23,Overall,Overall,Hispanic,Overall,21.0,0.4,27.736303147540998,0.541928750566959
Entire Network,FluSurv-NET,2021-22,2022,23,Overall,Overall,Overall,Overall,18.0,0.3,,
Entire Network,FluSurv-NET,2021-22,2022,23,Overall,Overall,"White, NH",Overall,16.0,0.3,13.854635082586402,0.23203604558905913
Entire Network,FluSurv-NET,2021-22,2022,23,Pediatrics,Overall,Overall,Overall,12.0,0.2,,
Georgia,FluSurv-NET,2021-22,2022,23,Overall,Overall,Overall,Overall,14.0,0.4,,
Iowa,FluSurv-NET,2021-22,2022,23,Overall,Overall,Overall,Overall,17.0,0.0,,
Maryland,FluSurv-NET,2021-22,2022,23,Overall,Overall,Overall,Overall,15.0,0.1,,
Michigan,FluSurv-NET,2021-22,2022,23,Overall,Overall,Overall,Overall,21.0,0.6,,
Minnesota,FluSurv-NET,2021-22,2022,23,Overall,Overall,Overall,Overall,15.0,0.2,,
New Mexico,FluSurv-NET,2021-22,2022,23,Overall,Overall,Overall,Overall,41.0,0.8,,
New York,FluSurv-NET,2021-22,2022,23,Overall,Overall,Overall,Overall,26.0,0.2,,
Ohio,FluSurv-NET,2021-22,2022,23,Overall,Overall,Overall,Overall,11.0,0.1,,
Oregon,FluSurv-NET,2021-22,2022,23,Overall,Overall,Overall,Overall,4.0,0.3,,
Tennessee,FluSurv-NET,2021-22,2022,23,Overall,Overall,Overall,Overall,18.0,0.2,,
Utah,FluSurv-NET,2021-22,2022,23,Overall,Overall,Overall,Overall,39.0,0.6,,
California,FluSurv-NET,2022-23,2022,40,Overall,Overall,Overall,Overall,0.0,0.1,,
Colorado,FluSurv-NET,2022-23,2022,40,Overall,Overall,Overall,Overall,0.0,0.1,,
Connecticut,FluSurv-NET,2022-23,2022,40,Overall,Overall,Overall,Overall,0.0,0.1,,
Entire Network,FluSurv-NET,2022-23,2022,40,0-4 yr,Overall,Overall,Overall,1.0,0.9,,
Entire Network,FluSurv-NET,2022-23,2022,40,0-<1 yr,Overall,Overall,Overall,1.0,1.2,,
Entire Network,FluSurv-NET,2022-23,2022,40,1-4 yr,Overall,Overall,Overall,1.0,0.9,,
Entire Network,FluSurv-NET,2022-23,2022,40,12-17 yr,Overall,Overall,Overall,0.0,0.4,,
Entire Network,FluSurv-NET,2022-23,2022,40,18-29 yr,Overall,Overall,Overall,0.0,0.2,,
Entire Network,FluSurv-NET,2022-23,2022,40,18-49 yr,Overall,Overall,Overall,0.0,0.2,,
Entire Network,FluSurv-NET,2022-23,2022,40,30-39 yr,Overall,Overall,Overall,0.0,0.1,,
Entire Network,FluSurv-NET,2022-23,2022,40,40-49 yr,Overall,Overall,Overall,0.0,0.2,,
Entire Network,FluSurv-NET,2022-23,2022,40,5-11 yr,Overall,Overall,Overall,1.0,0.5,,
Entire Network,FluSurv-NET,2022-23,2022,40,5-17 yr,Overall,Overall,Overall,1.0,0.5,,
Entire Network,FluSurv-NET,2022-23,2022,40,50-64 yr,Overall,Overall,Overall,1.0,0.5,,
Entire Network,FluSurv-NET,2022-23,2022,40,65-74 yr,Overall,Overall,Overall,1.0,0.5,,
Entire Network,FluSurv-NET,2022-23,2022,40,75-84 yr,Overall,Overall,Overall,1.0,1.3,,
Entire Network,FluSurv-NET,2022-23,2022,40,>= 65 yr,Overall,Overall,Overall,1.0,0.8,,
Entire Network,FluSurv-NET,2022-23,2022,40,>= 75,Overall,Overall,Overall,1.0,1.3,,
Entire Network,FluSurv-NET,2022-23,2022,40,>= 85,Overall,Overall,Overall,1.0,1.4,,
Entire Network,FluSurv-NET,2022-23,2022,40,Adults,Overall,Overall,Overall,0.0,0.4,,
Entire Network,FluSurv-NET,2022-23,2022,40,Overall,Female,Overall,Overall,0.0,0.4,,
Entire Network,FluSurv-NET,2022-23,2022,40,Overall,Male,Overall,Overall,0.0,0.4,,
Entire Network,FluSurv-NET,2022-23,2022,40,Overall,Overall,"American Indian/Alaska Native, NH",Overall,0.0,0.0,0.0,0.0
Entire Network,FluSurv-NET,2022-23,2022,40,Overall,Overall,"Asian/Pacific Islander, NH",Overall,0.0,0.2,0.2168364673949866,0.1831761981115281
Entire Network,FluSurv-NET,2022-23,2022,40,Overall,Overall,"Black, NH",Overall,1.0,1.1,1.1556565694795198,1.0609010599972348
Entire Network,FluSurv-NET,2022-23,2022,40,Overall,Overall,Hispanic,Overall,0.0,0.3,0.2833611718603784,0.2833611718603784
Entire Network,FluSurv-NET,2022-23,2022,40,Overall,Overall,Overall,Overall,0.0,0.4,,
Entire Network,FluSurv-NET,2022-23,2022,40,Overall,Overall,"White, NH",Overall,0.0,0.3,0.24457370551775215,0.20961435032147438
Entire Network,FluSurv-NET,2022-23,2022,40,Pediatrics,Overall,Overall,Overall,1.0,0.6,,
Georgia,FluSurv-NET,2022-23,2022,40,Overall,Overall,Overall,Overall,2.0,1.7,,
Maryland,FluSurv-NET,2022-23,2022,40,Overall,Overall,Overall,Overall,0.0,0.4,,
Michigan,FluSurv-NET,2022-23,2022,40,Overall,Overall,Overall,Overall,0.0,0.0,,
Minnesota,FluSurv-NET,2022-23,2022,40,Overall,Overall,Overall,Overall,0.0,0.2,,
New Mexico,FluSurv-NET,2022-23,2022,40,Overall,Overall,Overall,Overall,1.0,0.5,,
New York,FluSurv-NET,2022-23,2022,40,Overall,Overall,Overall,Overall,0.0,0.0,,
Ohio,FluSurv-NET,2022-23,2022,40,Overall,Overall,Overall,Overall,0.0,0.0,,
Oregon,FluSurv-NET,2022-23,2022,40,Overall,Overall,Overall,Overall,0.0,0.1,,
Tennessee,FluSurv-NET,2022-23,2022,40,Overall,Overall,Overall,Overall,1.0,0.7,,
Utah,FluSurv-NET,2022-23,2022,40,Overall,Overall,Overall,Overall,0.0,0.2,,
California,FluSurv-NET,2022-23,2022,41,Overall,Overall,Overall,Overall,0.0,0.1,,
Colorado,FluSurv-NET,2022-23,2022,41,Overall,Overall,Overall,Overall,0.0,0.1,,
Connecticut,FluSurv-NET,2022-23,2022,41,Overall,Overall,Overall,Overall,0.0,0.1,,
Entire Network,FluSurv-NET,2022-23,2022,41,0-4 yr,Overall,Overall,Overall,2.0,0.7,,
Entire Network,FluSurv-NET,2022-23,2022,41,0-<1 yr,Overall,Overall,Overall,3.0,1.5,,
Entire Network,FluSurv-NET,2022-23,2022,41,1-4 yr,Overall,Overall,Overall,1.0,0.5,,
Entire Network,FluSurv-NET,2022-23,2022,41,12-17 yr,Overall,Overall,Overall,1.0,0.4,,
Entire Network,FluSurv-NET,2022-23,2022,41,18-29 yr,Overall,Overall,Overall,0.0,0.2,,
Entire Network,FluSurv-NET,2022-23,2022,41,18-49 yr,Overall,Overall,Overall,1.0,0.3,,
Entire Network,FluSurv-NET,2022-23,2022,41,30-39 yr,Overall,Overall,Overall,1.0,0.4,,
Entire Network,FluSurv-NET,2022-23,2022,41,40-49 yr,Overall,Overall,Overall,0.0,0.3,,
Entire Network,FluSurv-NET,2022-23,2022,41,5-11 yr,Overall,Overall,Overall,1.0,0.6,,
Entire Network,FluSurv-NET,2022-23,2022,41,5-17 yr,Overall,Overall,Overall,1.0,0.5,,
Entire Network,FluSurv-NET,2022-23,2022,41,50-64 yr,Overall,Overall,Overall,1.0,0.6,,
Entire Network,FluSurv-NET,2022-23,2022,41,65-74 yr,Overall,Overall,Overall,1.0,0.9,,
Entire Network,FluSurv-NET,2022-23,2022,41,75-84 yr,Overall,Overall,Overall,3.0,1.6,,
Entire Network,FluSurv-NET,2022-23,2022,41,>= 65 yr,Overall,Overall,Overall,2.0,1.2,,
Entire Network,FluSurv-NET,2022-23,2022,41,>= 75,Overall,Overall,Overall,3.0,1.6,,
Entire Network,FluSurv-NET,2022-23,2022,41,>= 85,Overall,Overall,Overall,3.0,1.4,,
Entire Network,FluSurv-NET,2022-23,2022,41,Adults,Overall,Overall,Overall,1.0,0.5,,
Entire Network,FluSurv-NET,2022-23,2022,41,Overall,Female,Overall,Overall,1.0,0.7,,
Entire Network,FluSurv-NET,2022-23,2022,41,Overall,Male,Overall,Overall,1.0,0.4,,
Entire Network,FluSurv-NET,2022-23,2022,41,Overall,Overall,"American Indian/Alaska Native, NH",Overall,0.0,0.0,0.0,0.0
Entire Network,FluSurv-NET,2022-23,2022,41,Overall,Overall,"Asian/Pacific Islander, NH",Overall,0.0,0.2,0.42033926327854354,0.20350279588355696
Entire Network,FluSurv-NET,2022-23,2022,41,Overall,Overall,"Black, NH",Overall,3.0,1.8,3.089323897755357,1.9336673282758372
Entire Network,FluSurv-NET,2022-23,2022,41,Overall,Overall,Hispanic,Overall,1.0,0.4,0.7065853413117664,0.423224169451388
Entire Network,FluSurv-NET,2022-23,2022,41,Overall,Overall,Overall,Overall,1.0,0.6,,
Entire Network,FluSurv-NET,2022-23,2022,41,Overall,Overall,"White, NH",Overall,1.0,0.3,0.5183622024261492,0.27378849690839707
Entire Network,FluSurv-NET,2022-23,2022,41,Pediatrics,Overall,Overall,Overall,1.0,0.6,,
Georgia,FluSurv-NET,2022-23,2022,41,Overall,Overall,Overall,Overall,4.0,2.5,,
Maryland,FluSurv-NET,2022-23,2022,41,Overall,Overall,Overall,Overall,1.0,0.5,,
Michigan,FluSurv-NET,2022-23,2022,41,Overall,Overall,Overall,Overall,0.0,0.1,,
Minnesota,FluSurv-NET,2022-23,2022,41,Overall,Overall,Overall,Overall,0.0,0.1,,
New Mexico,FluSurv-NET,2022-23,2022,41,Overall,Overall,Overall,Overall,1.0,0.2,,
New York,FluSurv-NET,2022-23,2022,41,Overall,Overall,Overall,Overall,0.0,0.2,,
Ohio,FluSurv-NET,2022-23,2022,41,Overall,Overall,Overall,Overall,0.0,0.3,,
Oregon,FluSurv-NET,2022-23,2022,41,Overall,Overall,Overall,Overall,0.0,0.1,,
Tennessee,FluSurv-NET,2022-23,2022,41,Overall,Overall,Overall,Overall,2.0,0.9,,
Utah,FluSurv-NET,2022-23,2022,41,Overall,Overall,Overall,Overall,0.0,0.1,,
California,FluSurv-NET,2022-23,2022,42,Overall,Overall,Overall,Overall,0.0,0.1,,
Colorado,FluSurv-NET,2022-23,2022,42,Overall,Overall,Overall,Overall,1.0,0.5,,
Connecticut,FluSurv-NET,2022-23,2022,42,Overall,Overall,Overall,Overall,1.0,0.3,,
Entire Network,FluSurv-NET,2022-23,2022,42,0-4 yr,Overall,Overall,Overall,4.0,1.9,,
Entire Network,FluSurv-NET,2022-23,2022,42,0-<1 yr,Overall,Overall,Overall,6.0,3.1,,
Entire Network,FluSurv-NET,2022-23,2022,42,1-4 yr,Overall,Overall,Overall,3.0,1.6,,
Entire Network,FluSurv-NET,2022-23,2022,42,12-17 yr,Overall,Overall,Overall,2.0,0.9,,
Entire Network,FluSurv-NET,2022-23,2022,42,18-29 yr,Overall,Overall,Overall,1.0,0.5,,
Entire Network,FluSurv-NET,2022-23,2022,42,18-49 yr,Overall,Overall,Overall,1.0,0.4,,
Entire Network,FluSurv-NET,2022-23,2022,42,30-39 yr,Overall,Overall,Overall,1.0,0.5,,
Entire Network,FluSurv-NET,2022-23,2022,42,40-49 yr,Overall,Overall,Overall,1.0,0.3,,
Entire Network,FluSurv-NET,2022-23,2022,42,5-11 yr,Overall,Overall,Overall,2.0,1.0,,
Entire Network,FluSurv-NET,2022-23,2022,42,5-17 yr,Overall,Overall,Overall,2.0,0.9,,
Entire Network,FluSurv-NET,2022-23,2022,42,50-64 yr,Overall,Overall,Overall,2.0,0.7,,
Entire Network,FluSurv-NET,2022-23,2022,42,65-74 yr,Overall,Overall,Overall,3.0,1.5,,
Entire Network,FluSurv-NET,2022-23,2022,42,75-84 yr,Overall,Overall,Overall,5.0,2.2,,
Entire Network,FluSurv-NET,2022-23,2022,42,>= 65 yr,Overall,Overall,Overall,4.0,2.1,,
Entire Network,FluSurv-NET,2022-23,2022,42,>= 75,Overall,Overall,Overall,6.0,3.2,,
Entire Network,FluSurv-NET,2022-23,2022,42,>= 85,Overall,Overall,Overall,9.0,5.7,,
Entire Network,FluSurv-NET,2022-23,2022,42,Adults,Overall,Overall,Overall,2.0,0.9,,
Entire Network,FluSurv-NET,2022-23,2022,42,Overall,Female,Overall,Overall,2.0,0.9,,
Entire Network,FluSurv-NET,2022-23,2022,42,Overall,Male,Overall,Overall,2.0,0.9,,
Entire Network,FluSurv-NET,2022-23,2022,42,Overall,Overall,"American Indian/Alaska Native, NH",Overall,2.0,1.7,1.9792777772875045,1.9792777772875045
Entire Network,FluSurv-NET,2022-23,2022,42,Overall,Overall,"Asian/Pacific Islander, NH",Overall,1.0,0.3,0.7313258169912503,0.3109865537127067
Entire Network,FluSurv-NET,2022-23,2022,42,Overall,Overall,"Black, NH",Overall,6.0,2.5,5.669815602925334,2.580491705169978
Entire Network,FluSurv-NET,2022-23,2022,42,Overall,Overall,Hispanic,Overall,1.0,0.6,1.3580099202896603,0.6514245789778937
Entire Network,FluSurv-NET,2022-23,2022,42,Overall,Overall,Overall,Overall,2.0,0.9,,
Entire Network,FluSurv-NET,2022-23,2022,42,Overall,Overall,"White, NH",Overall,1.0,0.6,1.0998839848351682,0.581521782409019
Entire Network,FluSurv-NET,2022-23,2022,42,Pediatrics,Overall,Overall,Overall,2.0,1.2,,
Georgia,FluSurv-NET,2022-23,2022,42,Overall,Overall,Overall,Overall,7.0,3.0,,
Maryland,FluSurv-NET,2022-23,2022,42,Overall,Overall,Overall,Overall,2.0,1.3,,
Michigan,FluSurv-NET,2022-23,2022,42,Overall,Overall,Overall,Overall,1.0,0.5,,
Minnesota,FluSurv-NET,2022-23,2022,42,Overall,Overall,Overall,Overall,1.0,0.4,,
New Mexico,FluSurv-NET,2022-23,2022,42,Overall,Overall,Overall,Overall,1.0,0.5,,
New York,FluSurv-NET,2022-23,2022,42,Overall,Overall,Overall,Overall,1.0,0.3,,
Ohio,FluSurv-NET,2022-23,2022,42,Overall,Overall,Overall,Overall,1.0,0.5,,
Oregon,FluSurv-NET,2022-23,2022,42,Overall,Overall,Overall,Overall,0.0,0.2,,
Tennessee,FluSurv-NET,2022-23,2022,42,Overall,Overall,Overall,Overall,4.0,2.1,,
Utah,FluSurv-NET,2022-23,2022,42,Overall,Overall,Overall,Overall,1.0,0.3,,
California,FluSurv-NET,2022-23,2022,43,Overall,Overall,Overall,Overall,1.0,0.2,,
Colorado,FluSurv-NET,2022-23,2022,43,Overall,Overall,Overall,Overall,1.0,0.6,,
Connecticut,FluSurv-NET,2022-23,2022,43,Overall,Overall,Overall,Overall,2.0,1.0,,
Entire Network,FluSurv-NET,2022-23,2022,43,0-4 yr,Overall,Overall,Overall,7.0,3.2,,
Entire Network,FluSurv-NET,2022-23,2022,43,0-<1 yr,Overall,Overall,Overall,11.0,4.6,,
Entire Network,FluSurv-NET,2022-23,2022,43,1-4 yr,Overall,Overall,Overall,6.0,2.8,,
Entire Network,FluSurv-NET,2022-23,2022,43,12-17 yr,Overall,Overall,Overall,3.0,1.0,,
Entire Network,FluSurv-NET,2022-23,2022,43,18-29 yr,Overall,Overall,Overall,2.0,0.9,,
Entire Network,FluSurv-NET,2022-23,2022,43,18-49 yr,Overall,Overall,Overall,2.0,0.9,,
Entire Network,FluSurv-NET,2022-23,2022,43,30-39 yr,Overall,Overall,Overall,2.0,0.8,,
Entire Network,FluSurv-NET,2022-23,2022,43,40-49 yr,Overall,Overall,Overall,2.0,1.0,,
Entire Network,FluSurv-NET,2022-23,2022,43,5-11 yr,Overall,Overall,Overall,4.0,1.6,,
Entire Network,FluSurv-NET,2022-23,2022,43,5-17 yr,Overall,Overall,Overall,3.0,1.3,,
Entire Network,FluSurv-NET,2022-23,2022,43,50-64 yr,Overall,Overall,Overall,4.0,2.0,,
Entire Network,FluSurv-NET,2022-23,2022,43,65-74 yr,Overall,Overall,Overall,6.0,2.8,,
Entire Network,FluSurv-NET,2022-23,2022,43,75-84 yr,Overall,Overall,Overall,10.0,4.8,,
Entire Network,FluSurv-NET,2022-23,2022,43,>= 65 yr,Overall,Overall,Overall,8.0,3.8,,
Entire Network,FluSurv-NET,2022-23,2022,43,>= 75,Overall,Overall,Overall,11.0,5.3,,
Entire Network,FluSurv-NET,2022-23,2022,43,>= 85,Overall,Overall,Overall,15.0,6.7,,
Entire Network,FluSurv-NET,2022-23,2022,43,Adults,Overall,Overall,Overall,4.0,1.7,,
Entire Network,FluSurv-NET,2022-23,2022,43,Overall,Female,Overall,Overall,4.0,2.1,,
Entire Network,FluSurv-NET,2022-23,2022,43,Overall,Male,Overall,Overall,3.0,1.4,,
Entire Network,FluSurv-NET,2022-23,2022,43,Overall,Overall,"American Indian/Alaska Native, NH",Overall,2.0,0.0,1.9792777772875045,0.0
Entire Network,FluSurv-NET,2022-23,2022,43,Overall,Overall,"Asian/Pacific Islander, NH",Overall,2.0,0.9,1.7131449892909716,0.9818191722997216
Entire Network,FluSurv-NET,2022-23,2022,43,Overall,Overall,"Black, NH",Overall,11.0,5.2,11.16288813225126,5.493072529325925
Entire Network,FluSurv-NET,2022-23,2022,43,Overall,Overall,Hispanic,Overall,2.0,1.1,2.5631177876180535,1.2051078673283928
Entire Network,FluSurv-NET,2022-23,2022,43,Overall,Overall,Overall,Overall,4.0,1.7,,
Entire Network,FluSurv-NET,2022-23,2022,43,Overall,Overall,"White, NH",Overall,2.0,1.1,2.091720387401506,0.9918364025663383
Entire Network,FluSurv-NET,2022-23,2022,43,Pediatrics,Overall,Overall,Overall,4.0,1.8,,
Georgia,FluSurv-NET,2022-23,2022,43,Overall,Overall,Overall,Overall,13.0,5.8,,
Maryland,FluSurv-NET,2022-23,2022,43,Overall,Overall,Overall,Overall,6.0,3.4,,
Michigan,FluSurv-NET,2022-23,2022,43,Overall,Overall,Overall,Overall,1.0,0.3,,
Minnesota,FluSurv-NET,2022-23,2022,43,Overall,Overall,Overall,Overall,2.0,1.3,,
New Mexico,FluSurv-NET,2022-23,2022,43,Overall,Overall,Overall,Overall,2.0,0.6,,
New York,FluSurv-NET,2022-23,2022,43,Overall,Overall,Overall,Overall,1.0,0.7,,
Ohio,FluSurv-NET,2022-23,2022,43,Overall,Overall,Overall,Overall,2.0,1.1,,
Oregon,FluSurv-NET,2022-23,2022,43,Overall,Overall,Overall,Overall,0.0,0.1,,
Tennessee,FluSurv-NET,2022-23,2022,43,Overall,Overall,Overall,Overall,6.0,2.1,,
Utah,FluSurv-NET,2022-23,2022,43,Overall,Overall,Overall,Overall,1.0,0.3,,
California,FluSurv-NET,2022-23,2022,44,Overall,Overall,Overall,Overall,1.0,0.4,,
Colorado,FluSurv-NET,2022-23,2022,44,Overall,Overall,Overall,Overall,2.0,0.9,,
Connecticut,FluSurv-NET,2022-23,2022,44,Overall,Overall,Overall,Overall,3.0,1.4,,
Entire Network,FluSurv-NET,2022-23,2022,44,0-4 yr,Overall,Overall,Overall,11.0,3.9,,
Entire Network,FluSurv-NET,2022-23,2022,44,0-<1 yr,Overall,Overall,Overall,16.0,5.2,,
Entire Network,FluSurv-NET,2022-23,2022,44,1-4 yr,Overall,Overall,Overall,9.0,3.6,,
Entire Network,FluSurv-NET,2022-23,2022,44,12-17 yr,Overall,Overall,Overall,4.0,1.6,,
Entire Network,FluSurv-NET,2022-23,2022,44,18-29 yr,Overall,Overall,Overall,3.0,1.3,,
Entire Network,FluSurv-NET,2022-23,2022,44,18-49 yr,Overall,Overall,Overall,3.0,1.3,,
Entire Network,FluSurv-NET,2022-23,2022,44,30-39 yr,Overall,Overall,Overall,3.0,1.4,,
Entire Network,FluSurv-NET,2022-23,2022,44,40-49 yr,Overall,Overall,Overall,3.0,1.3,,
Entire Network,FluSurv-NET,2022-23,2022,44,5-11 yr,Overall,Overall,Overall,7.0,3.0,,
Entire Network,FluSurv-NET,2022-23,2022,44,5-17 yr,Overall,Overall,Overall,6.0,2.4,,
Entire Network,FluSurv-NET,2022-23,2022,44,50-64 yr,Overall,Overall,Overall,7.0,2.7,,
Entire Network,FluSurv-NET,2022-23,2022,44,65-74 yr,Overall,Overall,Overall,10.0,4.0,,
Entire Network,FluSurv-NET,2022-23,2022,44,75-84 yr,Overall,Overall,Overall,17.0,6.6,,
Entire Network,FluSurv-NET,2022-23,2022,44,>= 65 yr,Overall,Overall,Overall,13.0,5.1,,
Entire Network,FluSurv-NET,2022-23,2022,44,>= 75,Overall,Overall,Overall,18.0,6.9,,
Entire Network,FluSurv-NET,2022-23,2022,44,>= 85,Overall,Overall,Overall,23.0,7.5,,
Entire Network,FluSurv-NET,2022-23,2022,44,Adults,Overall,Overall,Overall,6.0,2.4,,
Entire Network,FluSurv-NET,2022-23,2022,44,Overall,Female,Overall,Overall,7.0,2.7,,
Entire Network,FluSurv-NET,2022-23,2022,44,Overall,Male,Overall,Overall,6.0,2.2,,
Entire Network,FluSurv-NET,2022-23,2022,44,Overall,Overall,"American Indian/Alaska Native, NH",Overall,5.0,2.8,5.155902292732452,3.1766245154449475
Entire Network,FluSurv-NET,2022-23,2022,44,Overall,Overall,"Asian/Pacific Islander, NH",Overall,3.0,0.9,2.766563753834308,1.0534187645433364
Entire Network,FluSurv-NET,2022-23,2022,44,Overall,Overall,"Black, NH",Overall,17.0,6.2,17.549355607982122,6.386467475730863
Entire Network,FluSurv-NET,2022-23,2022,44,Overall,Overall,Hispanic,Overall,4.0,1.6,4.44399026069753,1.8808724730794768
Entire Network,FluSurv-NET,2022-23,2022,44,Overall,Overall,Overall,Overall,6.0,2.5,,
Entire Network,FluSurv-NET,2022-23,2022,44,Overall,Overall,"White, NH",Overall,4.0,1.8,3.7540734714837978,1.6623530840822909
Entire Network,FluSurv-NET,2022-23,2022,44,Pediatrics,Overall,Overall,Overall,7.0,2.8,,
Georgia,FluSurv-NET,2022-23,2022,44,Overall,Overall,Overall,Overall,20.0,6.5,,
Maryland,FluSurv-NET,2022-23,2022,44,Overall,Overall,Overall,Overall,10.0,4.6,,
Michigan,FluSurv-NET,2022-23,2022,44,Overall,Overall,Overall,Overall,1.0,0.4,,
Minnesota,FluSurv-NET,2022-23,2022,44,Overall,Overall,Overall,Overall,5.0,3.1,,
New Mexico,FluSurv-NET,2022-23,2022,44,Overall,Overall,Overall,Overall,2.0,0.7,,
New York,FluSurv-NET,2022-23,2022,44,Overall,Overall,Overall,Overall,2.0,1.0,,
Ohio,FluSurv-NET,2022-23,2022,44,Overall,Overall,Overall,Overall,4.0,2.2,,
Oregon,FluSurv-NET,2022-23,2022,44,Overall,Overall,Overall,Overall,1.0,0.8,,
Tennessee,FluSurv-NET,2022-23,2022,44,Overall,Overall,Overall,Overall,10.0,3.8,,
Utah,FluSurv-NET,2022-23,2022,44,Overall,Overall,Overall,Overall,1.0,0.3,,
California,FluSurv-NET,2022-23,2022,45,Overall,Overall,Overall,Overall,2.0,1.0,,
Colorado,FluSurv-NET,2022-23,2022,45,Overall,Overall,Overall,Overall,4.0,1.8,,
Connecticut,FluSurv-NET,2022-23,2022,45,Overall,Overall,Overall,Overall,5.0,2.2,,
Entire Network,FluSurv-NET,2022-23,2022,45,0-4 yr,Overall,Overall,Overall,17.0,6.0,,
Entire Network,FluSurv-NET,2022-23,2022,45,0-<1 yr,Overall,Overall,Overall,25.0,8.9,,
Entire Network,FluSurv-NET,2022-23,2022,45,1-4 yr,Overall,Overall,Overall,15.0,5.2,,
Entire Network,FluSurv-NET,2022-23,2022,45,12-17 yr,Overall,Overall,Overall,6.0,1.3,,
Entire Network,FluSurv-NET,2022-23,2022,45,18-29 yr,Overall,Overall,Overall,5.0,1.7,,
Entire Network,FluSurv-NET,2022-23,2022,45,18-49 yr,Overall,Overall,Overall,5.0,1.7,,
Entire Network,FluSurv-NET,2022-23,2022,45,30-39 yr,Overall,Overall,Overall,5.0,1.8,,
Entire Network,FluSurv-NET,2022-23,2022,45,40-49 yr,Overall,Overall,Overall,5.0,1.5,,
Entire Network,FluSurv-NET,2022-23,2022,45,5-11 yr,Overall,Overall,Overall,11.0,3.7,,
Entire Network,FluSurv-NET,2022-23,2022,45,5-17 yr,Overall,Overall,Overall,8.0,2.6,,
Entire Network,FluSurv-NET,2022-23,2022,45,50-64 yr,Overall,Overall,Overall,9.0,2.8,,
Entire Network,FluSurv-NET,2022-23,2022,45,65-74 yr,Overall,Overall,Overall,16.0,6.1,,
Entire Network,FluSurv-NET,2022-23,2022,45,75-84 yr,Overall,Overall,Overall,25.0,8.2,,
Entire Network,FluSurv-NET,2022-23,2022,45,>= 65 yr,Overall,Overall,Overall,21.0,7.7,,
Entire Network,FluSurv-NET,2022-23,2022,45,>= 75,Overall,Overall,Overall,28.0,10.0,,
Entire Network,FluSurv-NET,2022-23,2022,45,>= 85,Overall,Overall,Overall,38.0,14.8,,
Entire Network,FluSurv-NET,2022-23,2022,45,Adults,Overall,Overall,Overall,9.0,3.1,,
Entire Network,FluSurv-NET,2022-23,2022,45,Overall,Female,Overall,Overall,10.0,3.6,,
Entire Network,FluSurv-NET,2022-23,2022,45,Overall,Male,Overall,Overall,8.0,2.8,,
Entire Network,FluSurv-NET,2022-23,2022,45,Overall,Overall,"American Indian/Alaska Native, NH",Overall,9.0,4.0,9.63510534910519,4.47920305637274
Entire Network,FluSurv-NET,2022-23,2022,45,Overall,Overall,"Asian/Pacific Islander, NH",Overall,4.0,1.4,4.320012985826641,1.5534492319923323
Entire Network,FluSurv-NET,2022-23,2022,45,Overall,Overall,"Black, NH",Overall,24.0,6.8,24.63803337679535,7.088677768813228
Entire Network,FluSurv-NET,2022-23,2022,45,Overall,Overall,Hispanic,Overall,7.0,2.6,7.477175055281776,3.0331847945842463
Entire Network,FluSurv-NET,2022-23,2022,45,Overall,Overall,Overall,Overall,9.0,3.2,,
Entire Network,FluSurv-NET,2022-23,2022,45,Overall,Overall,"White, NH",Overall,7.0,2.4,5.933721755135753,2.1796482836519546
Entire Network,FluSurv-NET,2022-23,2022,45,Pediatrics,Overall,Overall,Overall,10.0,3.5,,
Georgia,FluSurv-NET,2022-23,2022,45,Overall,Overall,Overall,Overall,24.0,4.7,,
Maryland,FluSurv-NET,2022-23,2022,45,Overall,Overall,Overall,Overall,16.0,5.6,,
Michigan,FluSurv-NET,2022-23,2022,45,Overall,Overall,Overall,Overall,2.0,0.3,,
Minnesota,FluSurv-NET,2022-23,2022,45,Overall,Overall,Overall,Overall,12.0,6.9,,
New Mexico,FluSurv-NET,2022-23,2022,45,Overall,Overall,Overall,Overall,5.0,2.1,,
New York,FluSurv-NET,2022-23,2022,45,Overall,Overall,Overall,Overall,5.0,2.4,,
Ohio,FluSurv-NET,2022-23,2022,45,Overall,Overall,Overall,Overall,6.0,2.3,,
Oregon,FluSurv-NET,2022-23,2022,45,Overall,Overall,Overall,Overall,3.0,1.5,,
Tennessee,FluSurv-NET,2022-23,2022,45,Overall,Overall,Overall,Overall,15.0,5.0,,
Utah,FluSurv-NET,2022-23,2022,45,Overall,Overall,Overall,Overall,2.0,1.1,,
California,FluSurv-NET,2022-23,2022,46,Overall,Overall,Overall,Overall,4.0,2.0,,
Colorado,FluSurv-NET,2022-23,2022,46,Overall,Overall,Overall,Overall,8.0,3.8,,
Connecticut,FluSurv-NET,2022-23,2022,46,Overall,Overall,Overall,Overall,8.0,3.3,,
Entire Network,FluSurv-NET,2022-23,2022,46,0-4 yr,Overall,Overall,Overall,24.0,6.9,,
Entire Network,FluSurv-NET,2022-23,2022,46,0-<1 yr,Overall,Overall,Overall,32.0,7.4,,
Entire Network,FluSurv-NET,2022-23,2022,46,1-4 yr,Overall,Overall,Overall,21.0,6.8,,
Entire Network,FluSurv-NET,2022-23,2022,46,12-17 yr,Overall,Overall,Overall,8.0,2.1,,
Entire Network,FluSurv-NET,2022-23,2022,46,18-29 yr,Overall,Overall,Overall,6.0,1.6,,
Entire Network,FluSurv-NET,2022-23,2022,46,18-49 yr,Overall,Overall,Overall,7.0,1.8,,
Entire Network,FluSurv-NET,2022-23,2022,46,30-39 yr,Overall,Overall,Overall,7.0,1.9,,
Entire Network,FluSurv-NET,2022-23,2022,46,40-49 yr,Overall,Overall,Overall,7.0,2.0,,
Entire Network,FluSurv-NET,2022-23,2022,46,5-11 yr,Overall,Overall,Overall,13.0,2.8,,
Entire Network,FluSurv-NET,2022-23,2022,46,5-17 yr,Overall,Overall,Overall,11.0,2.5,,
Entire Network,FluSurv-NET,2022-23,2022,46,50-64 yr,Overall,Overall,Overall,14.0,4.2,,
Entire Network,FluSurv-NET,2022-23,2022,46,65-74 yr,Overall,Overall,Overall,23.0,7.2,,
Entire Network,FluSurv-NET,2022-23,2022,46,75-84 yr,Overall,Overall,Overall,37.0,11.8,,
Entire Network,FluSurv-NET,2022-23,2022,46,>= 65 yr,Overall,Overall,Overall,31.0,9.7,,
Entire Network,FluSurv-NET,2022-23,2022,46,>= 75,Overall,Overall,Overall,42.0,13.4,,
Entire Network,FluSurv-NET,2022-23,2022,46,>= 85,Overall,Overall,Overall,55.0,17.8,,
Entire Network,FluSurv-NET,2022-23,2022,46,Adults,Overall,Overall,Overall,13.0,3.9,,
Entire Network,FluSurv-NET,2022-23,2022,46,Overall,Female,Overall,Overall,14.0,4.0,,
Entire Network,FluSurv-NET,2022-23,2022,46,Overall,Male,Overall,Overall,12.0,3.8,,
Entire Network,FluSurv-NET,2022-23,2022,46,Overall,Overall,"American Indian/Alaska Native, NH",Overall,16.0,7.9,18.414667406556813,8.779562057451624
Entire Network,FluSurv-NET,2022-23,2022,46,Overall,Overall,"Asian/Pacific Islander, NH",Overall,6.0,2.3,6.796470455781002,2.476457469954361
Entire Network,FluSurv-NET,2022-23,2022,46,Overall,Overall,"Black, NH",Overall,31.0,6.9,32.090102321070574,7.452068944275233
Entire Network,FluSurv-NET,2022-23,2022,46,Overall,Overall,Hispanic,Overall,10.0,3.0,11.10601205299571,3.628836997713937
Entire Network,FluSurv-NET,2022-23,2022,46,Overall,Overall,Overall,Overall,13.0,3.9,,
Entire Network,FluSurv-NET,2022-23,2022,46,Overall,Overall,"White, NH",Overall,10.0,3.1,8.735463600319276,2.8017418451835225
Entire Network,FluSurv-NET,2022-23,2022,46,Pediatrics,Overall,Overall,Overall,14.0,3.6,,
Georgia,FluSurv-NET,2022-23,2022,46,Overall,Overall,Overall,Overall,27.0,3.2,,
Maryland,FluSurv-NET,2022-23,2022,46,Overall,Overall,Overall,Overall,21.0,5.5,,
Michigan,FluSurv-NET,2022-23,2022,46,Overall,Overall,Overall,Overall,2.0,0.8,,
Minnesota,FluSurv-NET,2022-23,2022,46,Overall,Overall,Overall,Overall,20.0,7.7,,
New Mexico,FluSurv-NET,2022-23,2022,46,Overall,Overall,Overall,Overall,8.0,3.2,,
New York,FluSurv-NET,2022-23,2022,46,Overall,Overall,Overall,Overall,9.0,4.0,,
Ohio,FluSurv-NET,2022-23,2022,46,Overall,Overall,Overall,Overall,10.0,3.6,,
Oregon,FluSurv-NET,2022-23,2022,46,Overall,Overall,Overall,Overall,6.0,3.2,,
Tennessee,FluSurv-NET,2022-23,2022,46,Overall,Overall,Overall,Overall,20.0,5.2,,
Utah,FluSurv-NET,2022-23,2022,46,Overall,Overall,Overall,Overall,5.0,2.2,,
California,FluSurv-NET,2022-23,2022,47,Overall,Overall,Overall,Overall,8.0,4.3,,
Colorado,FluSurv-NET,2022-23,2022,47,Overall,Overall,Overall,Overall,14.0,6.2,,
Connecticut,FluSurv-NET,2022-23,2022,47,Overall,Overall,Overall,Overall,21.0,12.6,,
Entire Network,FluSurv-NET,2022-23,2022,47,0-4 yr,Overall,Overall,Overall,35.0,11.8,,
Entire Network,FluSurv-NET,2022-23,2022,47,0-<1 yr,Overall,Overall,Overall,47.0,14.8,,
Entire Network,FluSurv-NET,2022-23,2022,47,1-4 yr,Overall,Overall,Overall,32.0,11.0,,
Entire Network,FluSurv-NET,2022-23,2022,47,12-17 yr,Overall,Overall,Overall,10.0,2.1,,
Entire Network,FluSurv-NET,2022-23,2022,47,18-29 yr,Overall,Overall,Overall,9.0,3.0,,
Entire Network,FluSurv-NET,2022-23,2022,47,18-49 yr,Overall,Overall,Overall,10.0,3.3,,
Entire Network,FluSurv-NET,2022-23,2022,47,30-39 yr,Overall,Overall,Overall,10.0,3.6,,
Entire Network,FluSurv-NET,2022-23,2022,47,40-49 yr,Overall,Overall,Overall,10.0,3.5,,
Entire Network,FluSurv-NET,2022-23,2022,47,5-11 yr,Overall,Overall,Overall,18.0,5.0,,
Entire Network,FluSurv-NET,2022-23,2022,47,5-17 yr,Overall,Overall,Overall,14.0,3.6,,
Entire Network,FluSurv-NET,2022-23,2022,47,50-64 yr,Overall,Overall,Overall,21.0,7.2,,
Entire Network,FluSurv-NET,2022-23,2022,47,65-74 yr,Overall,Overall,Overall,36.0,13.3,,
Entire Network,FluSurv-NET,2022-23,2022,47,75-84 yr,Overall,Overall,Overall,59.0,22.6,,
Entire Network,FluSurv-NET,2022-23,2022,47,>= 65 yr,Overall,Overall,Overall,49.0,18.4,,
Entire Network,FluSurv-NET,2022-23,2022,47,>= 75,Overall,Overall,Overall,68.0,26.0,,
Entire Network,FluSurv-NET,2022-23,2022,47,>= 85,Overall,Overall,Overall,91.0,35.2,,
Entire Network,FluSurv-NET,2022-23,2022,47,Adults,Overall,Overall,Overall,20.0,7.3,,
Entire Network,FluSurv-NET,2022-23,2022,47,Overall,Female,Overall,Overall,22.0,7.8,,
Entire Network,FluSurv-NET,2022-23,2022,47,Overall,Male,Overall,Overall,18.0,6.0,,
Entire Network,FluSurv-NET,2022-23,2022,47,Overall,Overall,"American Indian/Alaska Native, NH",Overall,25.0,8.5,27.582050810666917,9.167383404110103
Entire Network,FluSurv-NET,2022-23,2022,47,Overall,Overall,"Asian/Pacific Islander, NH",Overall,10.0,3.4,10.42940027605576,3.632929820274761
Entire Network,FluSurv-NET,2022-23,2022,47,Overall,Overall,"Black, NH",Overall,42.0,11.4,44.39868446549458,12.308582144424
Entire Network,FluSurv-NET,2022-23,2022,47,Overall,Overall,Hispanic,Overall,15.0,5.6,17.172471720159134,6.066459667163426
Entire Network,FluSurv-NET,2022-23,2022,47,Overall,Overall,Overall,Overall,20.0,6.9,,
Entire Network,FluSurv-NET,2022-23,2022,47,Overall,Overall,"White, NH",Overall,16.0,6.2,14.330162857074908,5.594699256755633
Entire Network,FluSurv-NET,2022-23,2022,47,Pediatrics,Overall,Overall,Overall,20.0,5.7,,
Georgia,FluSurv-NET,2022-23,2022,47,Overall,Overall,Overall,Overall,32.0,4.6,,
Maryland,FluSurv-NET,2022-23,2022,47,Overall,Overall,Overall,Overall,29.0,8.0,,
Michigan,FluSurv-NET,2022-23,2022,47,Overall,Overall,Overall,Overall,5.0,2.6,,
Minnesota,FluSurv-NET,2022-23,2022,47,Overall,Overall,Overall,Overall,32.0,12.1,,
New Mexico,FluSurv-NET,2022-23,2022,47,Overall,Overall,Overall,Overall,14.0,6.5,,
New York,FluSurv-NET,2022-23,2022,47,Overall,Overall,Overall,Overall,16.0,7.5,,
Ohio,FluSurv-NET,2022-23,2022,47,Overall,Overall,Overall,Overall,17.0,7.0,,
Oregon,FluSurv-NET,2022-23,2022,47,Overall,Overall,Overall,Overall,12.0,6.4,,
Tennessee,FluSurv-NET,2022-23,2022,47,Overall,Overall,Overall,Overall,30.0,9.8,,
Utah,FluSurv-NET,2022-23,2022,47,Overall,Overall,Overall,Overall,8.0,3.8,,
California,FluSurv-NET,2022-23,2022,48,Overall,Overall,Overall,Overall,15.0,6.3,,
Colorado,FluSurv-NET,2022-23,2022,48,Overall,Overall,Overall,Overall,21.0,7.2,,
Connecticut,FluSurv-NET,2022-23,2022,48,Overall,Overall,Overall,Overall,42.0,20.8,,
Entire Network,FluSurv-NET,2022-23,2022,48,0-4 yr,Overall,Overall,Overall,47.0,11.5,,
Entire Network,FluSurv-NET,2022-23,2022,48,0-<1 yr,Overall,Overall,Overall,64.0,17.3,,
Entire Network,FluSurv-NET,2022-23,2022,48,1-4 yr,Overall,Overall,Overall,42.0,10.0,,
Entire Network,FluSurv-NET,2022-23,2022,48,12-17 yr,Overall,Overall,Overall,12.0,2.1,,
Entire Network,FluSurv-NET,2022-23,2022,48,18-29 yr,Overall,Overall,Overall,13.0,3.8,,
Entire Network,FluSurv-NET,2022-23,2022,48,18-49 yr,Overall,Overall,Overall,14.0,3.7,,
Entire Network,FluSurv-NET,2022-23,2022,48,30-39 yr,Overall,Overall,Overall,14.0,3.8,,
Entire Network,FluSurv-NET,2022-23,2022,48,40-49 yr,Overall,Overall,Overall,13.0,3.4,,
Entire Network,FluSurv-NET,2022-23,2022,48,5-11 yr,Overall,Overall,Overall,23.0,4.4,,
Entire Network,FluSurv-NET,2022-23,2022,48,5-17 yr,Overall,Overall,Overall,18.0,3.3,,
Entire Network,FluSurv-NET,2022-23,2022,48,50-64 yr,Overall,Overall,Overall,30.0,9.5,,
Entire Network,FluSurv-NET,2022-23,2022,48,65-74 yr,Overall,Overall,Overall,55.0,18.5,,
Entire Network,FluSurv-NET,2022-23,2022,48,75-84 yr,Overall,Overall,Overall,92.0,33.1,,
Entire Network,FluSurv-NET,2022-23,2022,48,>= 65 yr,Overall,Overall,Overall,75.0,26.1,,
Entire Network,FluSurv-NET,2022-23,2022,48,>= 75,Overall,Overall,Overall,105.0,37.4,,
Entire Network,FluSurv-NET,2022-23,2022,48,>= 85,Overall,Overall,Overall,140.0,49.2,,
Entire Network,FluSurv-NET,2022-23,2022,48,Adults,Overall,Overall,Overall,30.0,9.5,,
Entire Network,FluSurv-NET,2022-23,2022,48,Overall,Female,Overall,Overall,32.0,9.5,,
Entire Network,FluSurv-NET,2022-23,2022,48,Overall,Male,Overall,Overall,26.0,7.8,,
Entire Network,FluSurv-NET,2022-23,2022,48,Overall,Overall,"American Indian/Alaska Native, NH",Overall,41.0,15.8,44.57508429997985,16.993033489312925
Entire Network,FluSurv-NET,2022-23,2022,48,Overall,Overall,"Asian/Pacific Islander, NH",Overall,14.0,4.2,14.98970165436791,4.560301378312147
Entire Network,FluSurv-NET,2022-23,2022,48,Overall,Overall,"Black, NH",Overall,54.0,11.7,57.27504973843795,12.876365272943374
Entire Network,FluSurv-NET,2022-23,2022,48,Overall,Overall,Hispanic,Overall,23.0,8.2,27.40512308421006,10.232651364050923
Entire Network,FluSurv-NET,2022-23,2022,48,Overall,Overall,Overall,Overall,29.0,8.7,,
Entire Network,FluSurv-NET,2022-23,2022,48,Overall,Overall,"White, NH",Overall,24.0,8.3,21.62980934512201,7.299646488047102
Entire Network,FluSurv-NET,2022-23,2022,48,Pediatrics,Overall,Overall,Overall,25.0,5.4,,
Georgia,FluSurv-NET,2022-23,2022,48,Overall,Overall,Overall,Overall,37.0,4.8,,
Maryland,FluSurv-NET,2022-23,2022,48,Overall,Overall,Overall,Overall,39.0,10.0,,
Michigan,FluSurv-NET,2022-23,2022,48,Overall,Overall,Overall,Overall,10.0,4.5,,
Minnesota,FluSurv-NET,2022-23,2022,48,Overall,Overall,Overall,Overall,41.0,9.5,,
New Mexico,FluSurv-NET,2022-23,2022,48,Overall,Overall,Overall,Overall,27.0,12.6,,
New York,FluSurv-NET,2022-23,2022,48,Overall,Overall,Overall,Overall,27.0,10.9,,
Ohio,FluSurv-NET,2022-23,2022,48,Overall,Overall,Overall,Overall,27.0,9.5,,
Oregon,FluSurv-NET,2022-23,2022,48,Overall,Overall,Overall,Overall,23.0,10.8,,
Tennessee,FluSurv-NET,2022-23,2022,48,Overall,Overall,Overall,Overall,40.0,10.3,,
Utah,FluSurv-NET,2022-23,2022,48,Overall,Overall,Overall,Overall,14.0,5.7,,
California,FluSurv-NET,2022-23,2022,49,Overall,Overall,Overall,Overall,21.0,6.1,,
Colorado,FluSurv-NET,2022-23,2022,49,Overall,Overall,Overall,Overall,27.0,6.3,,
Connecticut,FluSurv-NET,2022-23,2022,49,Overall,Overall,Overall,Overall,59.0,16.7,,
Entire Network,FluSurv-NET,2022-23,2022,49,0-4 yr,Overall,Overall,Overall,56.0,9.5,,
Entire Network,FluSurv-NET,2022-23,2022,49,0-<1 yr,Overall,Overall,Overall,76.0,11.4,,
Entire Network,FluSurv-NET,2022-23,2022,49,1-4 yr,Overall,Overall,Overall,52.0,9.1,,
Entire Network,FluSurv-NET,2022-23,2022,49,12-17 yr,Overall,Overall,Overall,14.0,1.9,,
Entire Network,FluSurv-NET,2022-23,2022,49,18-29 yr,Overall,Overall,Overall,16.0,3.0,,
Entire Network,FluSurv-NET,2022-23,2022,49,18-49 yr,Overall,Overall,Overall,17.0,3.0,,
Entire Network,FluSurv-NET,2022-23,2022,49,30-39 yr,Overall,Overall,Overall,17.0,2.9,,
Entire Network,FluSurv-NET,2022-23,2022,49,40-49 yr,Overall,Overall,Overall,16.0,3.1,,
Entire Network,FluSurv-NET,2022-23,2022,49,5-11 yr,Overall,Overall,Overall,26.0,3.7,,
Entire Network,FluSurv-NET,2022-23,2022,49,5-17 yr,Overall,Overall,Overall,20.0,2.8,,
Entire Network,FluSurv-NET,2022-23,2022,49,50-64 yr,Overall,Overall,Overall,38.0,8.2,,
Entire Network,FluSurv-NET,2022-23,2022,49,65-74 yr,Overall,Overall,Overall,70.0,15.7,,
Entire Network,FluSurv-NET,2022-23,2022,49,75-84 yr,Overall,Overall,Overall,120.0,27.8,,
Entire Network,FluSurv-NET,2022-23,2022,49,>= 65 yr,Overall,Overall,Overall,97.0,22.2,,
Entire Network,FluSurv-NET,2022-23,2022,49,>= 75,Overall,Overall,Overall,137.0,31.9,,
Entire Network,FluSurv-NET,2022-23,2022,49,>= 85,Overall,Overall,Overall,182.0,42.7,,
Entire Network,FluSurv-NET,2022-23,2022,49,Adults,Overall,Overall,Overall,38.0,8.0,,
Entire Network,FluSurv-NET,2022-23,2022,49,Overall,Female,Overall,Overall,40.0,8.0,,
Entire Network,FluSurv-NET,2022-23,2022,49,Overall,Male,Overall,Overall,33.0,6.6,,
Entire Network,FluSurv-NET,2022-23,2022,49,Overall,Overall,"American Indian/Alaska Native, NH",Overall,52.0,11.3,57.45557693952591,12.880492639546059
Entire Network,FluSurv-NET,2022-23,2022,49,Overall,Overall,"Asian/Pacific Islander, NH",Overall,17.0,3.5,18.813686579246056,3.823984924878146
Entire Network,FluSurv-NET,2022-23,2022,49,Overall,Overall,"Black, NH",Overall,63.0,9.4,67.65777376387634,10.382724025438385
Entire Network,FluSurv-NET,2022-23,2022,49,Overall,Overall,Hispanic,Overall,31.0,7.9,37.573313294152996,10.168190209942937
Entire Network,FluSurv-NET,2022-23,2022,49,Overall,Overall,Overall,Overall,36.0,7.3,,
Entire Network,FluSurv-NET,2022-23,2022,49,Overall,Overall,"White, NH",Overall,31.0,6.9,27.698967327991625,6.069157982869617
Entire Network,FluSurv-NET,2022-23,2022,49,Pediatrics,Overall,Overall,Overall,30.0,4.6,,
Georgia,FluSurv-NET,2022-23,2022,49,Overall,Overall,Overall,Overall,39.0,2.6,,
Maryland,FluSurv-NET,2022-23,2022,49,Overall,Overall,Overall,Overall,46.0,7.1,,
Michigan,FluSurv-NET,2022-23,2022,49,Overall,Overall,Overall,Overall,16.0,6.7,,
Minnesota,FluSurv-NET,2022-23,2022,49,Overall,Overall,Overall,Overall,48.0,6.6,,
New Mexico,FluSurv-NET,2022-23,2022,49,Overall,Overall,Overall,Overall,42.0,14.7,,
New York,FluSurv-NET,2022-23,2022,49,Overall,Overall,Overall,Overall,40.0,13.3,,
Ohio,FluSurv-NET,2022-23,2022,49,Overall,Overall,Overall,Overall,34.0,7.1,,
Oregon,FluSurv-NET,2022-23,2022,49,Overall,Overall,Overall,Overall,32.0,8.6,,
Tennessee,FluSurv-NET,2022-23,2022,49,Overall,Overall,Overall,Overall,46.0,6.4,,
Utah,FluSurv-NET,2022-23,2022,49,Overall,Overall,Overall,Overall,20.0,5.5,,
California,FluSurv-NET,2022-23,2022,50,Overall,Overall,Overall,Overall,26.0,5.0,,
Colorado,FluSurv-NET,2022-23,2022,50,Overall,Overall,Overall,Overall,34.0,6.1,,
Connecticut,FluSurv-NET,2022-23,2022,50,Overall,Overall,Overall,Overall,72.0,13.3,,
Entire Network,FluSurv-NET,2022-23,2022,50,0-4 yr,Overall,Overall,Overall,65.0,8.7,,
Entire Network,FluSurv-NET,2022-23,2022,50,0-<1 yr,Overall,Overall,Overall,91.0,15.4,,
Entire Network,FluSurv-NET,2022-23,2022,50,1-4 yr,Overall,Overall,Overall,59.0,7.1,,
Entire Network,FluSurv-NET,2022-23,2022,50,12-17 yr,Overall,Overall,Overall,16.0,1.9,,
Entire Network,FluSurv-NET,2022-23,2022,50,18-29 yr,Overall,Overall,Overall,19.0,2.3,,
Entire Network,FluSurv-NET,2022-23,2022,50,18-49 yr,Overall,Overall,Overall,19.0,2.7,,
Entire Network,FluSurv-NET,2022-23,2022,50,30-39 yr,Overall,Overall,Overall,20.0,3.0,,
Entire Network,FluSurv-NET,2022-23,2022,50,40-49 yr,Overall,Overall,Overall,19.0,2.9,,
Entire Network,FluSurv-NET,2022-23,2022,50,5-11 yr,Overall,Overall,Overall,31.0,4.2,,
Entire Network,FluSurv-NET,2022-23,2022,50,5-17 yr,Overall,Overall,Overall,24.0,3.1,,
Entire Network,FluSurv-NET,2022-23,2022,50,50-64 yr,Overall,Overall,Overall,46.0,7.1,,
Entire Network,FluSurv-NET,2022-23,2022,50,65-74 yr,Overall,Overall,Overall,83.0,12.4,,
Entire Network,FluSurv-NET,2022-23,2022,50,75-84 yr,Overall,Overall,Overall,144.0,23.8,,
Entire Network,FluSurv-NET,2022-23,2022,50,>= 65 yr,Overall,Overall,Overall,116.0,18.3,,
Entire Network,FluSurv-NET,2022-23,2022,50,>= 75,Overall,Overall,Overall,164.0,27.0,,
Entire Network,FluSurv-NET,2022-23,2022,50,>= 85,Overall,Overall,Overall,218.0,35.6,,
Entire Network,FluSurv-NET,2022-23,2022,50,Adults,Overall,Overall,Overall,45.0,6.9,,
Entire Network,FluSurv-NET,2022-23,2022,50,Overall,Female,Overall,Overall,47.0,6.9,,
Entire Network,FluSurv-NET,2022-23,2022,50,Overall,Male,Overall,Overall,38.0,5.8,,
Entire Network,FluSurv-NET,2022-23,2022,50,Overall,Overall,"American Indian/Alaska Native, NH",Overall,62.0,10.2,67.81332902042351,10.35775208089761
Entire Network,FluSurv-NET,2022-23,2022,50,Overall,Overall,"Asian/Pacific Islander, NH",Overall,20.0,2.9,22.01827867772727,3.2045920984812173
Entire Network,FluSurv-NET,2022-23,2022,50,Overall,Overall,"Black, NH",Overall,70.0,6.7,75.00199109658126,7.344217332704924
Entire Network,FluSurv-NET,2022-23,2022,50,Overall,Overall,Hispanic,Overall,38.0,6.7,45.61054052547462,8.037227231321621
Entire Network,FluSurv-NET,2022-23,2022,50,Overall,Overall,Overall,Overall,42.0,6.4,,
Entire Network,FluSurv-NET,2022-23,2022,50,Overall,Overall,"White, NH",Overall,38.0,6.5,33.45758793550319,5.758620607511562
Entire Network,FluSurv-NET,2022-23,2022,50,Pediatrics,Overall,Overall,Overall,34.0,4.6,,
Georgia,FluSurv-NET,2022-23,2022,50,Overall,Overall,Overall,Overall,41.0,1.9,,
Maryland,FluSurv-NET,2022-23,2022,50,Overall,Overall,Overall,Overall,52.0,5.3,,
Michigan,FluSurv-NET,2022-23,2022,50,Overall,Overall,Overall,Overall,27.0,11.1,,
Minnesota,FluSurv-NET,2022-23,2022,50,Overall,Overall,Overall,Overall,52.0,3.9,,
New Mexico,FluSurv-NET,2022-23,2022,50,Overall,Overall,Overall,Overall,57.0,15.7,,
New York,FluSurv-NET,2022-23,2022,50,Overall,Overall,Overall,Overall,52.0,11.9,,
Ohio,FluSurv-NET,2022-23,2022,50,Overall,Overall,Overall,Overall,39.0,5.6,,
Oregon,FluSurv-NET,2022-23,2022,50,Overall,Overall,Overall,Overall,40.0,8.6,,
Tennessee,FluSurv-NET,2022-23,2022,50,Overall,Overall,Overall,Overall,51.0,4.3,,
Utah,FluSurv-NET,2022-23,2022,50,Overall,Overall,Overall,Overall,26.0,6.0,,
California,FluSurv-NET,2022-23,2022,51,Overall,Overall,Overall,Overall,31.0,5.8,,
Colorado,FluSurv-NET,2022-23,2022,51,Overall,Overall,Overall,Overall,39.0,5.3,,
Connecticut,FluSurv-NET,2022-23,2022,51,Overall,Overall,Overall,Overall,82.0,9.9,,
Entire Network,FluSurv-NET,2022-23,2022,51,0-4 yr,Overall,Overall,Overall,72.0,7.0,,
Entire Network,FluSurv-NET,2022-23,2022,51,0-<1 yr,Overall,Overall,Overall,101.0,9.9,,
Entire Network,FluSurv-NET,2022-23,2022,51,1-4 yr,Overall,Overall,Overall,65.0,6.3,,
Entire Network,FluSurv-NET,2022-23,2022,51,12-17 yr,Overall,Overall,Overall,17.0,1.1,,
Entire Network,FluSurv-NET,2022-23,2022,51,18-29 yr,Overall,Overall,Overall,20.0,2.0,,
Entire Network,FluSurv-NET,2022-23,2022,51,18-49 yr,Overall,Overall,Overall,22.0,2.3,,
Entire Network,FluSurv-NET,2022-23,2022,51,30-39 yr,Overall,Overall,Overall,22.0,2.2,,
Entire Network,FluSurv-NET,2022-23,2022,51,40-49 yr,Overall,Overall,Overall,22.0,2.8,,
Entire Network,FluSurv-NET,2022-23,2022,51,5-11 yr,Overall,Overall,Overall,34.0,3.0,,
Entire Network,FluSurv-NET,2022-23,2022,51,5-17 yr,Overall,Overall,Overall,26.0,2.1,,
Entire Network,FluSurv-NET,2022-23,2022,51,50-64 yr,Overall,Overall,Overall,52.0,6.5,,
Entire Network,FluSurv-NET,2022-23,2022,51,65-74 yr,Overall,Overall,Overall,95.0,11.8,,
Entire Network,FluSurv-NET,2022-23,2022,51,75-84 yr,Overall,Overall,Overall,165.0,21.5,,
Entire Network,FluSurv-NET,2022-23,2022,51,>= 65 yr,Overall,Overall,Overall,132.0,16.9,,
Entire Network,FluSurv-NET,2022-23,2022,51,>= 75,Overall,Overall,Overall,188.0,24.4,,
Entire Network,FluSurv-NET,2022-23,2022,51,>= 85,Overall,Overall,Overall,250.0,32.0,,
Entire Network,FluSurv-NET,2022-23,2022,51,Adults,Overall,Overall,Overall,51.0,6.2,,
Entire Network,FluSurv-NET,2022-23,2022,51,Overall,Female,Overall,Overall,52.0,5.7,,
Entire Network,FluSurv-NET,2022-23,2022,51,Overall,Male,Overall,Overall,44.0,5.5,,
Entire Network,FluSurv-NET,2022-23,2022,51,Overall,Overall,"American Indian/Alaska Native, NH",Overall,73.0,10.8,78.53856433016173,10.725235309738219
Entire Network,FluSurv-NET,2022-23,2022,51,Overall,Overall,"Asian/Pacific Islander, NH",Overall,23.0,2.5,24.74457098269866,2.7262923049713876
Entire Network,FluSurv-NET,2022-23,2022,51,Overall,Overall,"Black, NH",Overall,76.0,5.8,81.36874347279127,6.366752376209999
Entire Network,FluSurv-NET,2022-23,2022,51,Overall,Overall,Hispanic,Overall,44.0,5.8,53.161066626195996,7.550526100721373
Entire Network,FluSurv-NET,2022-23,2022,51,Overall,Overall,Overall,Overall,48.0,5.6,,
Entire Network,FluSurv-NET,2022-23,2022,51,Overall,Overall,"White, NH",Overall,43.0,5.8,38.523386229958426,5.065798294455246
Entire Network,FluSurv-NET,2022-23,2022,51,Pediatrics,Overall,Overall,Overall,38.0,3.3,,
Georgia,FluSurv-NET,2022-23,2022,51,Overall,Overall,Overall,Overall,43.0,1.9,,
Maryland,FluSurv-NET,2022-23,2022,51,Overall,Overall,Overall,Overall,56.0,4.6,,
Michigan,FluSurv-NET,2022-23,2022,51,Overall,Overall,Overall,Overall,40.0,12.7,,
Minnesota,FluSurv-NET,2022-23,2022,51,Overall,Overall,Overall,Overall,54.0,2.3,,
New Mexico,FluSurv-NET,2022-23,2022,51,Overall,Overall,Overall,Overall,72.0,14.3,,
New York,FluSurv-NET,2022-23,2022,51,Overall,Overall,Overall,Overall,62.0,9.9,,
Ohio,FluSurv-NET,2022-23,2022,51,Overall,Overall,Overall,Overall,44.0,4.7,,
Oregon,FluSurv-NET,2022-23,2022,51,Overall,Overall,Overall,Overall,47.0,6.2,,
Tennessee,FluSurv-NET,2022-23,2022,51,Overall,Overall,Overall,Overall,53.0,2.6,,
Utah,FluSurv-NET,2022-23,2022,51,Overall,Overall,Overall,Overall,32.0,6.6,,
California,FluSurv-NET,2022-23,2022,52,Overall,Overall,Overall,Overall,36.0,4.9,,
Colorado,FluSurv-NET,2022-23,2022,52,Overall,Overall,Overall,Overall,44.0,5.0,,
Connecticut,FluSurv-NET,2022-23,2022,52,Overall,Overall,Overall,Overall,92.0,10.3,,
Entire Network,FluSurv-NET,2022-23,2022,52,0-4 yr,Overall,Overall,Overall,78.0,5.4,,
Entire Network,FluSurv-NET,2022-23,2022,52,0-<1 yr,Overall,Overall,Overall,108.0,7.4,,
Entire Network,FluSurv-NET,2022-23,2022,52,1-4 yr,Overall,Overall,Overall,70.0,4.9,,
Entire Network,FluSurv-NET,2022-23,2022,52,12-17 yr,Overall,Overall,Overall,18.0,0.9,,
Entire Network,FluSurv-NET,2022-23,2022,52,18-29 yr,Overall,Overall,Overall,22.0,1.2,,
Entire Network,FluSurv-NET,2022-23,2022,52,18-49 yr,Overall,Overall,Overall,23.0,1.8,,
Entire Network,FluSurv-NET,2022-23,2022,52,30-39 yr,Overall,Overall,Overall,24.0,1.9,,
Entire Network,FluSurv-NET,2022-23,2022,52,40-49 yr,Overall,Overall,Overall,25.0,2.4,,
Entire Network,FluSurv-NET,2022-23,2022,52,5-11 yr,Overall,Overall,Overall,35.0,1.6,,
Entire Network,FluSurv-NET,2022-23,2022,52,5-17 yr,Overall,Overall,Overall,27.0,1.3,,
Entire Network,FluSurv-NET,2022-23,2022,52,50-64 yr,Overall,Overall,Overall,58.0,5.4,,
Entire Network,FluSurv-NET,2022-23,2022,52,65-74 yr,Overall,Overall,Overall,106.0,11.8,,
Entire Network,FluSurv-NET,2022-23,2022,52,75-84 yr,Overall,Overall,Overall,188.0,23.1,,
Entire Network,FluSurv-NET,2022-23,2022,52,>= 65 yr,Overall,Overall,Overall,151.0,18.1,,
Entire Network,FluSurv-NET,2022-23,2022,52,>= 75,Overall,Overall,Overall,216.0,27.5,,
Entire Network,FluSurv-NET,2022-23,2022,52,>= 85,Overall,Overall,Overall,289.0,39.3,,
Entire Network,FluSurv-NET,2022-23,2022,52,Adults,Overall,Overall,Overall,57.0,5.9,,
Entire Network,FluSurv-NET,2022-23,2022,52,Overall,Female,Overall,Overall,58.0,5.5,,
Entire Network,FluSurv-NET,2022-23,2022,52,Overall,Male,Overall,Overall,49.0,4.8,,
Entire Network,FluSurv-NET,2022-23,2022,52,Overall,Overall,"American Indian/Alaska Native, NH",Overall,84.0,10.8,89.3171674651136,10.77860313495187
Entire Network,FluSurv-NET,2022-23,2022,52,Overall,Overall,"Asian/Pacific Islander, NH",Overall,25.0,2.4,27.417537776101664,2.672966793403
Entire Network,FluSurv-NET,2022-23,2022,52,Overall,Overall,"Black, NH",Overall,81.0,4.9,86.93563928625798,5.566895813466716
Entire Network,FluSurv-NET,2022-23,2022,52,Overall,Overall,Hispanic,Overall,49.0,4.7,59.83810198957026,6.677035363374276
Entire Network,FluSurv-NET,2022-23,2022,52,Overall,Overall,Overall,Overall,53.0,5.2,,
Entire Network,FluSurv-NET,2022-23,2022,52,Overall,Overall,"White, NH",Overall,49.0,5.6,43.33004672970443,4.806660499745992
Entire Network,FluSurv-NET,2022-23,2022,52,Pediatrics,Overall,Overall,Overall,40.0,2.4,,
Georgia,FluSurv-NET,2022-23,2022,52,Overall,Overall,Overall,Overall,45.0,2.0,,
Maryland,FluSurv-NET,2022-23,2022,52,Overall,Overall,Overall,Overall,60.0,3.6,,
Michigan,FluSurv-NET,2022-23,2022,52,Overall,Overall,Overall,Overall,50.0,9.5,,
Minnesota,FluSurv-NET,2022-23,2022,52,Overall,Overall,Overall,Overall,56.0,2.3,,
New Mexico,FluSurv-NET,2022-23,2022,52,Overall,Overall,Overall,Overall,83.0,11.8,,
New York,FluSurv-NET,2022-23,2022,52,Overall,Overall,Overall,Overall,72.0,9.7,,
Ohio,FluSurv-NET,2022-23,2022,52,Overall,Overall,Overall,Overall,47.0,2.9,,
Oregon,FluSurv-NET,2022-23,2022,52,Overall,Overall,Overall,Overall,53.0,5.9,,
Tennessee,FluSurv-NET,2022-23,2022,52,Overall,Overall,Overall,Overall,57.0,3.6,,
Utah,FluSurv-NET,2022-23,2022,52,Overall,Overall,Overall,Overall,41.0,9.4,,
California,FluSurv-NET,2022-23,2023,1,Overall,Overall,Overall,Overall,39.0,2.6,,
Colorado,FluSurv-NET,2022-23,2023,1,Overall,Overall,Overall,Overall,47.0,2.9,,
Connecticut,FluSurv-NET,2022-23,2023,1,Overall,Overall,Overall,Overall,98.0,5.6,,
Entire Network,FluSurv-NET,2022-23,2023,1,0-4 yr,Overall,Overall,Overall,80.0,2.2,,
Entire Network,FluSurv-NET,2022-23,2023,1,0-<1 yr,Overall,Overall,Overall,111.0,2.5,,
Entire Network,FluSurv-NET,2022-23,2023,1,1-4 yr,Overall,Overall,Overall,72.0,2.2,,
Entire Network,FluSurv-NET,2022-23,2023,1,12-17 yr,Overall,Overall,Overall,18.0,0.3,,
Entire Network,FluSurv-NET,2022-23,2023,1,18-29 yr,Overall,Overall,Overall,22.0,0.7,,
Entire Network,FluSurv-NET,2022-23,2023,1,18-49 yr,Overall,Overall,Overall,24.0,1.1,,
Entire Network,FluSurv-NET,2022-23,2023,1,30-39 yr,Overall,Overall,Overall,25.0,1.3,,
Entire Network,FluSurv-NET,2022-23,2023,1,40-49 yr,Overall,Overall,Overall,26.0,1.5,,
Entire Network,FluSurv-NET,2022-23,2023,1,5-11 yr,Overall,Overall,Overall,36.0,0.6,,
Entire Network,FluSurv-NET,2022-23,2023,1,5-17 yr,Overall,Overall,Overall,27.0,0.4,,
Entire Network,FluSurv-NET,2022-23,2023,1,50-64 yr,Overall,Overall,Overall,61.0,3.2,,
Entire Network,FluSurv-NET,2022-23,2023,1,65-74 yr,Overall,Overall,Overall,113.0,6.7,,
Entire Network,FluSurv-NET,2022-23,2023,1,75-84 yr,Overall,Overall,Overall,202.0,13.6,,
Entire Network,FluSurv-NET,2022-23,2023,1,>= 65 yr,Overall,Overall,Overall,161.0,10.7,,
Entire Network,FluSurv-NET,2022-23,2023,1,>= 75,Overall,Overall,Overall,232.0,16.5,,
Entire Network,FluSurv-NET,2022-23,2023,1,>= 85,Overall,Overall,Overall,314.0,24.3,,
Entire Network,FluSurv-NET,2022-23,2023,1,Adults,Overall,Overall,Overall,60.0,3.5,,
Entire Network,FluSurv-NET,2022-23,2023,1,Overall,Female,Overall,Overall,61.0,3.1,,
Entire Network,FluSurv-NET,2022-23,2023,1,Overall,Male,Overall,Overall,52.0,2.9,,
Entire Network,FluSurv-NET,2022-23,2023,1,Overall,Overall,"American Indian/Alaska Native, NH",Overall,89.0,5.1,95.266986262271,5.949818797157392
Entire Network,FluSurv-NET,2022-23,2023,1,Overall,Overall,"Asian/Pacific Islander, NH",Overall,27.0,1.6,29.188633743164473,1.771095967062816
Entire Network,FluSurv-NET,2022-23,2023,1,Overall,Overall,"Black, NH",Overall,83.0,2.8,90.11731073179054,3.1816714455325705
Entire Network,FluSurv-NET,2022-23,2023,1,Overall,Overall,Hispanic,Overall,51.0,2.5,63.29203871660085,3.4539367270305803
Entire Network,FluSurv-NET,2022-23,2023,1,Overall,Overall,Overall,Overall,56.0,3.0,,
Entire Network,FluSurv-NET,2022-23,2023,1,Overall,Overall,"White, NH",Overall,52.0,3.2,46.099852818897745,2.7698060891933185
Entire Network,FluSurv-NET,2022-23,2023,1,Pediatrics,Overall,Overall,Overall,41.0,0.9,,
Georgia,FluSurv-NET,2022-23,2023,1,Overall,Overall,Overall,Overall,47.0,1.5,,
Maryland,FluSurv-NET,2022-23,2023,1,Overall,Overall,Overall,Overall,63.0,3.3,,
Michigan,FluSurv-NET,2022-23,2023,1,Overall,Overall,Overall,Overall,55.0,5.6,,
Minnesota,FluSurv-NET,2022-23,2023,1,Overall,Overall,Overall,Overall,57.0,0.9,,
New Mexico,FluSurv-NET,2022-23,2023,1,Overall,Overall,Overall,Overall,90.0,6.4,,
New York,FluSurv-NET,2022-23,2023,1,Overall,Overall,Overall,Overall,77.0,4.9,,
Ohio,FluSurv-NET,2022-23,2023,1,Overall,Overall,Overall,Overall,49.0,2.5,,
Oregon,FluSurv-NET,2022-23,2023,1,Overall,Overall,Overall,Overall,56.0,3.3,,
Tennessee,FluSurv-NET,2022-23,2023,1,Overall,Overall,Overall,Overall,58.0,1.5,,
Utah,FluSurv-NET,2022-23,2023,1,Overall,Overall,Overall,Overall,46.0,4.6,,
California,FluSurv-NET,2022-23,2023,2,Overall,Overall,Overall,Overall,40.0,0.9,,
Colorado,FluSurv-NET,2022-23,2023,2,Overall,Overall,Overall,Overall,48.0,1.5,,
Connecticut,FluSurv-NET,2022-23,2023,2,Overall,Overall,Overall,Overall,99.0,1.4,,
Entire Network,FluSurv-NET,2022-23,2023,2,0-4 yr,Overall,Overall,Overall,81.0,1.3,,
Entire Network,FluSurv-NET,2022-23,2023,2,0-<1 yr,Overall,Overall,Overall,113.0,1.8,,
Entire Network,FluSurv-NET,2022-23,2023,2,1-4 yr,Overall,Overall,Overall,73.0,1.2,,
Entire Network,FluSurv-NET,2022-23,2023,2,12-17 yr,Overall,Overall,Overall,18.0,0.0,,
Entire Network,FluSurv-NET,2022-23,2023,2,18-29 yr,Overall,Overall,Overall,23.0,0.4,,
Entire Network,FluSurv-NET,2022-23,2023,2,18-49 yr,Overall,Overall,Overall,25.0,0.5,,
Entire Network,FluSurv-NET,2022-23,2023,2,30-39 yr,Overall,Overall,Overall,26.0,0.4,,
Entire Network,FluSurv-NET,2022-23,2023,2,40-49 yr,Overall,Overall,Overall,27.0,0.7,,
Entire Network,FluSurv-NET,2022-23,2023,2,5-11 yr,Overall,Overall,Overall,36.0,0.5,,
Entire Network,FluSurv-NET,2022-23,2023,2,5-17 yr,Overall,Overall,Overall,28.0,0.3,,
Entire Network,FluSurv-NET,2022-23,2023,2,50-64 yr,Overall,Overall,Overall,62.0,1.6,,
Entire Network,FluSurv-NET,2022-23,2023,2,65-74 yr,Overall,Overall,Overall,116.0,2.8,,
Entire Network,FluSurv-NET,2022-23,2023,2,75-84 yr,Overall,Overall,Overall,207.0,5.3,,
Entire Network,FluSurv-NET,2022-23,2023,2,>= 65 yr,Overall,Overall,Overall,165.0,4.1,,
Entire Network,FluSurv-NET,2022-23,2023,2,>= 75,Overall,Overall,Overall,238.0,5.9,,
Entire Network,FluSurv-NET,2022-23,2023,2,>= 85,Overall,Overall,Overall,321.0,7.7,,
Entire Network,FluSurv-NET,2022-23,2023,2,Adults,Overall,Overall,Overall,62.0,1.5,,
Entire Network,FluSurv-NET,2022-23,2023,2,Overall,Female,Overall,Overall,62.0,1.3,,
Entire Network,FluSurv-NET,2022-23,2023,2,Overall,Male,Overall,Overall,53.0,1.3,,
Entire Network,FluSurv-NET,2022-23,2023,2,Overall,Overall,"American Indian/Alaska Native, NH",Overall,92.0,2.8,98.40106412524837,3.13407786297737
Entire Network,FluSurv-NET,2022-23,2023,2,Overall,Overall,"Asian/Pacific Islander, NH",Overall,27.0,0.3,29.58368725329844,0.3950535101339637
Entire Network,FluSurv-NET,2022-23,2023,2,Overall,Overall,"Black, NH",Overall,85.0,1.3,91.54357094182804,1.4262602100374842
Entire Network,FluSurv-NET,2022-23,2023,2,Overall,Overall,Hispanic,Overall,52.0,1.4,65.01927682732853,1.7272381107276746
Entire Network,FluSurv-NET,2022-23,2023,2,Overall,Overall,Overall,Overall,57.0,1.3,,
Entire Network,FluSurv-NET,2022-23,2023,2,Overall,Overall,"White, NH",Overall,54.0,1.3,47.23270744959017,1.1328546306924323
Entire Network,FluSurv-NET,2022-23,2023,2,Pediatrics,Overall,Overall,Overall,41.0,0.5,,
Georgia,FluSurv-NET,2022-23,2023,2,Overall,Overall,Overall,Overall,48.0,1.1,,
Maryland,FluSurv-NET,2022-23,2023,2,Overall,Overall,Overall,Overall,64.0,1.2,,
Michigan,FluSurv-NET,2022-23,2023,2,Overall,Overall,Overall,Overall,58.0,2.4,,
Minnesota,FluSurv-NET,2022-23,2023,2,Overall,Overall,Overall,Overall,58.0,0.6,,
New Mexico,FluSurv-NET,2022-23,2023,2,Overall,Overall,Overall,Overall,94.0,3.6,,
New York,FluSurv-NET,2022-23,2023,2,Overall,Overall,Overall,Overall,78.0,1.9,,
Ohio,FluSurv-NET,2022-23,2023,2,Overall,Overall,Overall,Overall,50.0,0.7,,
Oregon,FluSurv-NET,2022-23,2023,2,Overall,Overall,Overall,Overall,57.0,1.6,,
Tennessee,FluSurv-NET,2022-23,2023,2,Overall,Overall,Overall,Overall,59.0,0.7,,
Utah,FluSurv-NET,2022-23,2023,2,Overall,Overall,Overall,Overall,47.0,1.1,,
California,FluSurv-NET,2022-23,2023,3,Overall,Overall,Overall,Overall,40.0,0.3,,
Colorado,FluSurv-NET,2022-23,2023,3,Overall,Overall,Overall,Overall,49.0,0.7,,
Connecticut,FluSurv-NET,2022-23,2023,3,Overall,Overall,Overall,Overall,100.0,1.4,,
Entire Network,FluSurv-NET,2022-23,2023,3,0-4 yr,Overall,Overall,Overall,82.0,0.6,,
Entire Network,FluSurv-NET,2022-23,2023,3,0-<1 yr,Overall,Overall,Overall,113.0,0.6,,
Entire Network,FluSurv-NET,2022-23,2023,3,1-4 yr,Overall,Overall,Overall,74.0,0.6,,
Entire Network,FluSurv-NET,2022-23,2023,3,12-17 yr,Overall,Overall,Overall,18.0,0.1,,
Entire Network,FluSurv-NET,2022-23,2023,3,18-29 yr,Overall,Overall,Overall,23.0,0.3,,
Entire Network,FluSurv-NET,2022-23,2023,3,18-49 yr,Overall,Overall,Overall,25.0,0.4,,
Entire Network,FluSurv-NET,2022-23,2023,3,30-39 yr,Overall,Overall,Overall,26.0,0.4,,
Entire Network,FluSurv-NET,2022-23,2023,3,40-49 yr,Overall,Overall,Overall,27.0,0.6,,
Entire Network,FluSurv-NET,2022-23,2023,3,5-11 yr,Overall,Overall,Overall,37.0,0.2,,
Entire Network,FluSurv-NET,2022-23,2023,3,5-17 yr,Overall,Overall,Overall,28.0,0.2,,
Entire Network,FluSurv-NET,2022-23,2023,3,50-64 yr,Overall,Overall,Overall,63.0,0.9,,
Entire Network,FluSurv-NET,2022-23,2023,3,65-74 yr,Overall,Overall,Overall,117.0,1.6,,
Entire Network,FluSurv-NET,2022-23,2023,3,75-84 yr,Overall,Overall,Overall,210.0,2.9,,
Entire Network,FluSurv-NET,2022-23,2023,3,>= 65 yr,Overall,Overall,Overall,168.0,2.4,,
Entire Network,FluSurv-NET,2022-23,2023,3,>= 75,Overall,Overall,Overall,242.0,3.6,,
Entire Network,FluSurv-NET,2022-23,2023,3,>= 85,Overall,Overall,Overall,327.0,5.3,,
Entire Network,FluSurv-NET,2022-23,2023,3,Adults,Overall,Overall,Overall,63.0,0.9,,
Entire Network,FluSurv-NET,2022-23,2023,3,Overall,Female,Overall,Overall,63.0,0.8,,
Entire Network,FluSurv-NET,2022-23,2023,3,Overall,Male,Overall,Overall,54.0,0.8,,
Entire Network,FluSurv-NET,2022-23,2023,3,Overall,Overall,"American Indian/Alaska Native, NH",Overall,92.0,0.0,98.40106412524837,0.0
Entire Network,FluSurv-NET,2022-23,2023,3,Overall,Overall,"Asian/Pacific Islander, NH",Overall,28.0,0.3,29.944593405036777,0.3609061517383329
Entire Network,FluSurv-NET,2022-23,2023,3,Overall,Overall,"Black, NH",Overall,86.0,1.1,92.71618379003786,1.17261284820982
Entire Network,FluSurv-NET,2022-23,2023,3,Overall,Overall,Hispanic,Overall,53.0,0.6,65.80885248047596,0.7895756531474288
Entire Network,FluSurv-NET,2022-23,2023,3,Overall,Overall,Overall,Overall,58.0,0.8,,
Entire Network,FluSurv-NET,2022-23,2023,3,Overall,Overall,"White, NH",Overall,54.0,0.9,47.992693271410545,0.7599858218203739
Entire Network,FluSurv-NET,2022-23,2023,3,Pediatrics,Overall,Overall,Overall,42.0,0.3,,
Georgia,FluSurv-NET,2022-23,2023,3,Overall,Overall,Overall,Overall,49.0,0.8,,
Maryland,FluSurv-NET,2022-23,2023,3,Overall,Overall,Overall,Overall,65.0,1.1,,
Michigan,FluSurv-NET,2022-23,2023,3,Overall,Overall,Overall,Overall,60.0,1.9,,
Minnesota,FluSurv-NET,2022-23,2023,3,Overall,Overall,Overall,Overall,58.0,0.4,,
New Mexico,FluSurv-NET,2022-23,2023,3,Overall,Overall,Overall,Overall,95.0,1.3,,
New York,FluSurv-NET,2022-23,2023,3,Overall,Overall,Overall,Overall,79.0,1.0,,
Ohio,FluSurv-NET,2022-23,2023,3,Overall,Overall,Overall,Overall,51.0,0.6,,
Oregon,FluSurv-NET,2022-23,2023,3,Overall,Overall,Overall,Overall,58.0,0.2,,
Tennessee,FluSurv-NET,2022-23,2023,3,Overall,Overall,Overall,Overall,60.0,1.0,,
Utah,FluSurv-NET,2022-23,2023,3,Overall,Overall,Overall,Overall,48.0,0.8,,
California,FluSurv-NET,2022-23,2023,4,Overall,Overall,Overall,Overall,40.0,0.2,,
Colorado,FluSurv-NET,2022-23,2023,4,Overall,Overall,Overall,Overall,49.0,0.5,,
Connecticut,FluSurv-NET,2022-23,2023,4,Overall,Overall,Overall,Overall,101.0,0.6,,
Entire Network,FluSurv-NET,2022-23,2023,4,0-4 yr,Overall,Overall,Overall,82.0,0.2,,
Entire Network,FluSurv-NET,2022-23,2023,4,0-<1 yr,Overall,Overall,Overall,113.0,0.3,,
Entire Network,FluSurv-NET,2022-23,2023,4,1-4 yr,Overall,Overall,Overall,74.0,0.2,,
Entire Network,FluSurv-NET,2022-23,2023,4,12-17 yr,Overall,Overall,Overall,18.0,0.0,,
Entire Network,FluSurv-NET,2022-23,2023,4,18-29 yr,Overall,Overall,Overall,23.0,0.1,,
Entire Network,FluSurv-NET,2022-23,2023,4,18-49 yr,Overall,Overall,Overall,26.0,0.2,,
Entire Network,FluSurv-NET,2022-23,2023,4,30-39 yr,Overall,Overall,Overall,26.0,0.3,,
Entire Network,FluSurv-NET,2022-23,2023,4,40-49 yr,Overall,Overall,Overall,28.0,0.2,,
Entire Network,FluSurv-NET,2022-23,2023,4,5-11 yr,Overall,Overall,Overall,37.0,0.1,,
Entire Network,FluSurv-NET,2022-23,2023,4,5-17 yr,Overall,Overall,Overall,28.0,0.1,,
Entire Network,FluSurv-NET,2022-23,2023,4,50-64 yr,Overall,Overall,Overall,64.0,0.7,,
Entire Network,FluSurv-NET,2022-23,2023,4,65-74 yr,Overall,Overall,Overall,118.0,0.9,,
Entire Network,FluSurv-NET,2022-23,2023,4,75-84 yr,Overall,Overall,Overall,212.0,1.8,,
Entire Network,FluSurv-NET,2022-23,2023,4,>= 65 yr,Overall,Overall,Overall,169.0,1.4,,
Entire Network,FluSurv-NET,2022-23,2023,4,>= 75,Overall,Overall,Overall,244.0,2.2,,
Entire Network,FluSurv-NET,2022-23,2023,4,>= 85,Overall,Overall,Overall,330.0,3.2,,
Entire Network,FluSurv-NET,2022-23,2023,4,Adults,Overall,Overall,Overall,63.0,0.5,,
Entire Network,FluSurv-NET,2022-23,2023,4,Overall,Female,Overall,Overall,63.0,0.5,,
Entire Network,FluSurv-NET,2022-23,2023,4,Overall,Male,Overall,Overall,54.0,0.5,,
Entire Network,FluSurv-NET,2022-23,2023,4,Overall,Overall,"American Indian/Alaska Native, NH",Overall,92.0,0.6,99.00683685928962,0.6057727340412645
Entire Network,FluSurv-NET,2022-23,2023,4,Overall,Overall,"Asian/Pacific Islander, NH",Overall,28.0,0.2,30.163645341931087,0.2190519368943082
Entire Network,FluSurv-NET,2022-23,2023,4,Overall,Overall,"Black, NH",Overall,86.0,0.5,93.30904565198291,0.5928618619450651
Entire Network,FluSurv-NET,2022-23,2023,4,Overall,Overall,Hispanic,Overall,53.0,0.3,66.31493894613115,0.5060864656552108
Entire Network,FluSurv-NET,2022-23,2023,4,Overall,Overall,Overall,Overall,59.0,0.5,,
Entire Network,FluSurv-NET,2022-23,2023,4,Overall,Overall,"White, NH",Overall,55.0,0.5,48.4067841444148,0.41409087300424335
Entire Network,FluSurv-NET,2022-23,2023,4,Pediatrics,Overall,Overall,Overall,42.0,0.1,,
Georgia,FluSurv-NET,2022-23,2023,4,Overall,Overall,Overall,Overall,49.0,0.4,,
Maryland,FluSurv-NET,2022-23,2023,4,Overall,Overall,Overall,Overall,66.0,0.5,,
Michigan,FluSurv-NET,2022-23,2023,4,Overall,Overall,Overall,Overall,61.0,1.0,,
Minnesota,FluSurv-NET,2022-23,2023,4,Overall,Overall,Overall,Overall,59.0,0.2,,
New Mexico,FluSurv-NET,2022-23,2023,4,Overall,Overall,Overall,Overall,96.0,0.7,,
New York,FluSurv-NET,2022-23,2023,4,Overall,Overall,Overall,Overall,80.0,0.8,,
Ohio,FluSurv-NET,2022-23,2023,4,Overall,Overall,Overall,Overall,51.0,0.4,,
Oregon,FluSurv-NET,2022-23,2023,4,Overall,Overall,Overall,Overall,58.0,0.1,,
Tennessee,FluSurv-NET,2022-23,2023,4,Overall,Overall,Overall,Overall,61.0,0.5,,
Utah,FluSurv-NET,2022-23,2023,4,Overall,Overall,Overall,Overall,49.0,0.6,,
California,FluSurv-NET,2022-23,2023,5,Overall,Overall,Overall,Overall,41.0,0.5,,
Colorado,FluSurv-NET,2022-23,2023,5,Overall,Overall,Overall,Overall,50.0,0.5,,
Connecticut,FluSurv-NET,2022-23,2023,5,Overall,Overall,Overall,Overall,101.0,0.0,,
Entire Network,FluSurv-NET,2022-23,2023,5,0-4 yr,Overall,Overall,Overall,82.0,0.3,,
Entire Network,FluSurv-NET,2022-23,2023,5,0-<1 yr,Overall,Overall,Overall,114.0,0.9,,
Entire Network,FluSurv-NET,2022-23,2023,5,1-4 yr,Overall,Overall,Overall,74.0,0.2,,
Entire Network,FluSurv-NET,2022-23,2023,5,12-17 yr,Overall,Overall,Overall,18.0,0.0,,
Entire Network,FluSurv-NET,2022-23,2023,5,18-29 yr,Overall,Overall,Overall,23.0,0.1,,
Entire Network,FluSurv-NET,2022-23,2023,5,18-49 yr,Overall,Overall,Overall,26.0,0.1,,
Entire Network,FluSurv-NET,2022-23,2023,5,30-39 yr,Overall,Overall,Overall,27.0,0.1,,
Entire Network,FluSurv-NET,2022-23,2023,5,40-49 yr,Overall,Overall,Overall,28.0,0.3,,
Entire Network,FluSurv-NET,2022-23,2023,5,5-11 yr,Overall,Overall,Overall,37.0,0.2,,
Entire Network,FluSurv-NET,2022-23,2023,5,5-17 yr,Overall,Overall,Overall,28.0,0.1,,
Entire Network,FluSurv-NET,2022-23,2023,5,50-64 yr,Overall,Overall,Overall,64.0,0.5,,
Entire Network,FluSurv-NET,2022-23,2023,5,65-74 yr,Overall,Overall,Overall,119.0,1.2,,
Entire Network,FluSurv-NET,2022-23,2023,5,75-84 yr,Overall,Overall,Overall,213.0,1.2,,
Entire Network,FluSurv-NET,2022-23,2023,5,>= 65 yr,Overall,Overall,Overall,171.0,1.5,,
Entire Network,FluSurv-NET,2022-23,2023,5,>= 75,Overall,Overall,Overall,246.0,1.9,,
Entire Network,FluSurv-NET,2022-23,2023,5,>= 85,Overall,Overall,Overall,333.0,3.6,,
Entire Network,FluSurv-NET,2022-23,2023,5,Adults,Overall,Overall,Overall,64.0,0.5,,
Entire Network,FluSurv-NET,2022-23,2023,5,Overall,Female,Overall,Overall,64.0,0.4,,
Entire Network,FluSurv-NET,2022-23,2023,5,Overall,Male,Overall,Overall,54.0,0.4,,
Entire Network,FluSurv-NET,2022-23,2023,5,Overall,Overall,"American Indian/Alaska Native, NH",Overall,93.0,0.6,99.5201487533374,0.5133118940477619
Entire Network,FluSurv-NET,2022-23,2023,5,Overall,Overall,"Asian/Pacific Islander, NH",Overall,28.0,0.2,30.427929285863698,0.2642839439326147
Entire Network,FluSurv-NET,2022-23,2023,5,Overall,Overall,"Black, NH",Overall,87.0,0.5,93.870896097581,0.561850445598088
Entire Network,FluSurv-NET,2022-23,2023,5,Overall,Overall,Hispanic,Overall,54.0,0.5,66.9833364946953,0.6683975485641329
Entire Network,FluSurv-NET,2022-23,2023,5,Overall,Overall,Overall,Overall,59.0,0.4,,
Entire Network,FluSurv-NET,2022-23,2023,5,Overall,Overall,"White, NH",Overall,55.0,0.4,48.75022436977047,0.3434402253556758
Entire Network,FluSurv-NET,2022-23,2023,5,Pediatrics,Overall,Overall,Overall,42.0,0.2,,
Georgia,FluSurv-NET,2022-23,2023,5,Overall,Overall,Overall,Overall,50.0,0.5,,
Maryland,FluSurv-NET,2022-23,2023,5,Overall,Overall,Overall,Overall,67.0,0.8,,
Michigan,FluSurv-NET,2022-23,2023,5,Overall,Overall,Overall,Overall,61.0,0.4,,
Minnesota,FluSurv-NET,2022-23,2023,5,Overall,Overall,Overall,Overall,59.0,0.2,,
New Mexico,FluSurv-NET,2022-23,2023,5,Overall,Overall,Overall,Overall,96.0,0.7,,
New York,FluSurv-NET,2022-23,2023,5,Overall,Overall,Overall,Overall,81.0,0.3,,
Ohio,FluSurv-NET,2022-23,2023,5,Overall,Overall,Overall,Overall,51.0,0.2,,
Oregon,FluSurv-NET,2022-23,2023,5,Overall,Overall,Overall,Overall,58.0,0.1,,
Tennessee,FluSurv-NET,2022-23,2023,5,Overall,Overall,Overall,Overall,61.0,0.6,,
Utah,FluSurv-NET,2022-23,2023,5,Overall,Overall,Overall,Overall,49.0,0.6,,
California,FluSurv-NET,2022-23,2023,6,Overall,Overall,Overall,Overall,41.0,0.4,,
Colorado,FluSurv-NET,2022-23,2023,6,Overall,Overall,Overall,Overall,50.0,0.4,,
Connecticut,FluSurv-NET,2022-23,2023,6,Overall,Overall,Overall,Overall,102.0,0.5,,
Entire Network,FluSurv-NET,2022-23,2023,6,0-4 yr,Overall,Overall,Overall,83.0,0.4,,
Entire Network,FluSurv-NET,2022-23,2023,6,0-<1 yr,Overall,Overall,Overall,115.0,0.3,,
Entire Network,FluSurv-NET,2022-23,2023,6,1-4 yr,Overall,Overall,Overall,74.0,0.4,,
Entire Network,FluSurv-NET,2022-23,2023,6,12-17 yr,Overall,Overall,Overall,18.0,0.0,,
Entire Network,FluSurv-NET,2022-23,2023,6,18-29 yr,Overall,Overall,Overall,23.0,0.0,,
Entire Network,FluSurv-NET,2022-23,2023,6,18-49 yr,Overall,Overall,Overall,26.0,0.1,,
Entire Network,FluSurv-NET,2022-23,2023,6,30-39 yr,Overall,Overall,Overall,27.0,0.1,,
Entire Network,FluSurv-NET,2022-23,2023,6,40-49 yr,Overall,Overall,Overall,28.0,0.2,,
Entire Network,FluSurv-NET,2022-23,2023,6,5-11 yr,Overall,Overall,Overall,37.0,0.2,,
Entire Network,FluSurv-NET,2022-23,2023,6,5-17 yr,Overall,Overall,Overall,28.0,0.1,,
Entire Network,FluSurv-NET,2022-23,2023,6,50-64 yr,Overall,Overall,Overall,65.0,0.5,,
Entire Network,FluSurv-NET,2022-23,2023,6,65-74 yr,Overall,Overall,Overall,120.0,0.4,,
Entire Network,FluSurv-NET,2022-23,2023,6,75-84 yr,Overall,Overall,Overall,215.0,1.3,,
Entire Network,FluSurv-NET,2022-23,2023,6,>= 65 yr,Overall,Overall,Overall,172.0,1.0,,
Entire Network,FluSurv-NET,2022-23,2023,6,>= 75,Overall,Overall,Overall,248.0,1.9,,
Entire Network,FluSurv-NET,2022-23,2023,6,>= 85,Overall,Overall,Overall,337.0,3.4,,
Entire Network,FluSurv-NET,2022-23,2023,6,Adults,Overall,Overall,Overall,64.0,0.4,,
Entire Network,FluSurv-NET,2022-23,2023,6,Overall,Female,Overall,Overall,64.0,0.3,,
Entire Network,FluSurv-NET,2022-23,2023,6,Overall,Male,Overall,Overall,55.0,0.4,,
Entire Network,FluSurv-NET,2022-23,2023,6,Overall,Overall,"American Indian/Alaska Native, NH",Overall,93.0,0.0,99.5201487533374,0.0
Entire Network,FluSurv-NET,2022-23,2023,6,Overall,Overall,"Asian/Pacific Islander, NH",Overall,28.0,0.2,30.639806597886125,0.21187731202243565
Entire Network,FluSurv-NET,2022-23,2023,6,Overall,Overall,"Black, NH",Overall,87.0,0.4,94.32515600047411,0.45425990289310814
Entire Network,FluSurv-NET,2022-23,2023,6,Overall,Overall,Hispanic,Overall,54.0,0.3,67.45475432283784,0.471417828142549
Entire Network,FluSurv-NET,2022-23,2023,6,Overall,Overall,Overall,Overall,59.0,0.3,,
Entire Network,FluSurv-NET,2022-23,2023,6,Overall,Overall,"White, NH",Overall,56.0,0.3,49.034427177916804,0.28420280814632864
Entire Network,FluSurv-NET,2022-23,2023,6,Pediatrics,Overall,Overall,Overall,42.0,0.2,,
Georgia,FluSurv-NET,2022-23,2023,6,Overall,Overall,Overall,Overall,50.0,0.4,,
Maryland,FluSurv-NET,2022-23,2023,6,Overall,Overall,Overall,Overall,67.0,0.3,,
Michigan,FluSurv-NET,2022-23,2023,6,Overall,Overall,Overall,Overall,62.0,0.6,,
Minnesota,FluSurv-NET,2022-23,2023,6,Overall,Overall,Overall,Overall,59.0,0.1,,
New Mexico,FluSurv-NET,2022-23,2023,6,Overall,Overall,Overall,Overall,97.0,0.6,,
New York,FluSurv-NET,2022-23,2023,6,Overall,Overall,Overall,Overall,81.0,0.5,,
Ohio,FluSurv-NET,2022-23,2023,6,Overall,Overall,Overall,Overall,52.0,0.2,,
Oregon,FluSurv-NET,2022-23,2023,6,Overall,Overall,Overall,Overall,58.0,0.1,,
Tennessee,FluSurv-NET,2022-23,2023,6,Overall,Overall,Overall,Overall,62.0,0.3,,
Utah,FluSurv-NET,2022-23,2023,6,Overall,Overall,Overall,Overall,49.0,0.3,,
California,FluSurv-NET,2022-23,2023,7,Overall,Overall,Overall,Overall,41.0,0.3,,
Colorado,FluSurv-NET,2022-23,2023,7,Overall,Overall,Overall,Overall,51.0,0.4,,
Connecticut,FluSurv-NET,2022-23,2023,7,Overall,Overall,Overall,Overall,102.0,0.1,,
Entire Network,FluSurv-NET,2022-23,2023,7,0-4 yr,Overall,Overall,Overall,83.0,0.2,,
Entire Network,FluSurv-NET,2022-23,2023,7,0-<1 yr,Overall,Overall,Overall,115.0,0.3,,
Entire Network,FluSurv-NET,2022-23,2023,7,1-4 yr,Overall,Overall,Overall,75.0,0.2,,
Entire Network,FluSurv-NET,2022-23,2023,7,12-17 yr,Overall,Overall,Overall,18.0,0.0,,
Entire Network,FluSurv-NET,2022-23,2023,7,18-29 yr,Overall,Overall,Overall,23.0,0.1,,
Entire Network,FluSurv-NET,2022-23,2023,7,18-49 yr,Overall,Overall,Overall,26.0,0.1,,
Entire Network,FluSurv-NET,2022-23,2023,7,30-39 yr,Overall,Overall,Overall,27.0,0.1,,
Entire Network,FluSurv-NET,2022-23,2023,7,40-49 yr,Overall,Overall,Overall,28.0,0.1,,
Entire Network,FluSurv-NET,2022-23,2023,7,5-11 yr,Overall,Overall,Overall,37.0,0.1,,
Entire Network,FluSurv-NET,2022-23,2023,7,5-17 yr,Overall,Overall,Overall,28.0,0.1,,
Entire Network,FluSurv-NET,2022-23,2023,7,50-64 yr,Overall,Overall,Overall,65.0,0.3,,
Entire Network,FluSurv-NET,2022-23,2023,7,65-74 yr,Overall,Overall,Overall,121.0,0.9,,
Entire Network,FluSurv-NET,2022-23,2023,7,75-84 yr,Overall,Overall,Overall,216.0,1.5,,
Entire Network,FluSurv-NET,2022-23,2023,7,>= 65 yr,Overall,Overall,Overall,173.0,1.1,,
Entire Network,FluSurv-NET,2022-23,2023,7,>= 75,Overall,Overall,Overall,249.0,1.6,,
Entire Network,FluSurv-NET,2022-23,2023,7,>= 85,Overall,Overall,Overall,338.0,1.6,,
Entire Network,FluSurv-NET,2022-23,2023,7,Adults,Overall,Overall,Overall,65.0,0.4,,
Entire Network,FluSurv-NET,2022-23,2023,7,Overall,Female,Overall,Overall,64.0,0.3,,
Entire Network,FluSurv-NET,2022-23,2023,7,Overall,Male,Overall,Overall,55.0,0.3,,
Entire Network,FluSurv-NET,2022-23,2023,7,Overall,Overall,"American Indian/Alaska Native, NH",Overall,93.0,0.0,99.5201487533374,0.0
Entire Network,FluSurv-NET,2022-23,2023,7,Overall,Overall,"Asian/Pacific Islander, NH",Overall,28.0,0.2,30.89969342893577,0.2598868310496393
Entire Network,FluSurv-NET,2022-23,2023,7,Overall,Overall,"Black, NH",Overall,88.0,0.4,94.82416463695374,0.49900863647963295
Entire Network,FluSurv-NET,2022-23,2023,7,Overall,Overall,Hispanic,Overall,54.0,0.2,67.7900183324167,0.33526400957885105
Entire Network,FluSurv-NET,2022-23,2023,7,Overall,Overall,Overall,Overall,60.0,0.3,,
Entire Network,FluSurv-NET,2022-23,2023,7,Overall,Overall,"White, NH",Overall,56.0,0.3,49.29527377429264,0.2608465963758401
Entire Network,FluSurv-NET,2022-23,2023,7,Pediatrics,Overall,Overall,Overall,42.0,0.1,,
Georgia,FluSurv-NET,2022-23,2023,7,Overall,Overall,Overall,Overall,50.0,0.3,,
Maryland,FluSurv-NET,2022-23,2023,7,Overall,Overall,Overall,Overall,67.0,0.2,,
Michigan,FluSurv-NET,2022-23,2023,7,Overall,Overall,Overall,Overall,62.0,0.4,,
Minnesota,FluSurv-NET,2022-23,2023,7,Overall,Overall,Overall,Overall,59.0,0.3,,
New Mexico,FluSurv-NET,2022-23,2023,7,Overall,Overall,Overall,Overall,97.0,0.4,,
New York,FluSurv-NET,2022-23,2023,7,Overall,Overall,Overall,Overall,82.0,0.8,,
Ohio,FluSurv-NET,2022-23,2023,7,Overall,Overall,Overall,Overall,52.0,0.1,,
Oregon,FluSurv-NET,2022-23,2023,7,Overall,Overall,Overall,Overall,58.0,0.0,,
Tennessee,FluSurv-NET,2022-23,2023,7,Overall,Overall,Overall,Overall,62.0,0.4,,
Utah,FluSurv-NET,2022-23,2023,7,Overall,Overall,Overall,Overall,50.0,0.1,,
California,FluSurv-NET,2022-23,2023,8,Overall,Overall,Overall,Overall,42.0,0.3,,
Colorado,FluSurv-NET,2022-23,2023,8,Overall,Overall,Overall,Overall,51.0,0.2,,
Connecticut,FluSurv-NET,2022-23,2023,8,Overall,Overall,Overall,Overall,102.0,0.1,,
Entire Network,FluSurv-NET,2022-23,2023,8,0-4 yr,Overall,Overall,Overall,83.0,0.2,,
Entire Network,FluSurv-NET,2022-23,2023,8,0-<1 yr,Overall,Overall,Overall,116.0,0.6,,
Entire Network,FluSurv-NET,2022-23,2023,8,1-4 yr,Overall,Overall,Overall,75.0,0.2,,
Entire Network,FluSurv-NET,2022-23,2023,8,12-17 yr,Overall,Overall,Overall,19.0,0.2,,
Entire Network,FluSurv-NET,2022-23,2023,8,18-29 yr,Overall,Overall,Overall,24.0,0.1,,
Entire Network,FluSurv-NET,2022-23,2023,8,18-49 yr,Overall,Overall,Overall,26.0,0.1,,
Entire Network,FluSurv-NET,2022-23,2023,8,30-39 yr,Overall,Overall,Overall,27.0,0.1,,
Entire Network,FluSurv-NET,2022-23,2023,8,40-49 yr,Overall,Overall,Overall,28.0,0.1,,
Entire Network,FluSurv-NET,2022-23,2023,8,5-11 yr,Overall,Overall,Overall,38.0,0.2,,
Entire Network,FluSurv-NET,2022-23,2023,8,5-17 yr,Overall,Overall,Overall,28.0,0.2,,
Entire Network,FluSurv-NET,2022-23,2023,8,50-64 yr,Overall,Overall,Overall,66.0,0.4,,
Entire Network,FluSurv-NET,2022-23,2023,8,65-74 yr,Overall,Overall,Overall,121.0,0.5,,
Entire Network,FluSurv-NET,2022-23,2023,8,75-84 yr,Overall,Overall,Overall,217.0,1.2,,
Entire Network,FluSurv-NET,2022-23,2023,8,>= 65 yr,Overall,Overall,Overall,173.0,0.8,,
Entire Network,FluSurv-NET,2022-23,2023,8,>= 75,Overall,Overall,Overall,250.0,1.1,,
Entire Network,FluSurv-NET,2022-23,2023,8,>= 85,Overall,Overall,Overall,339.0,1.0,,
Entire Network,FluSurv-NET,2022-23,2023,8,Adults,Overall,Overall,Overall,65.0,0.3,,
Entire Network,FluSurv-NET,2022-23,2023,8,Overall,Female,Overall,Overall,65.0,0.3,,
Entire Network,FluSurv-NET,2022-23,2023,8,Overall,Male,Overall,Overall,55.0,0.3,,
Entire Network,FluSurv-NET,2022-23,2023,8,Overall,Overall,"American Indian/Alaska Native, NH",Overall,93.0,0.0,99.5201487533374,0.0
Entire Network,FluSurv-NET,2022-23,2023,8,Overall,Overall,"Asian/Pacific Islander, NH",Overall,29.0,0.2,31.108717422681462,0.20902399374568348
Entire Network,FluSurv-NET,2022-23,2023,8,Overall,Overall,"Black, NH",Overall,88.0,0.5,95.3354189768681,0.511254339914356
Entire Network,FluSurv-NET,2022-23,2023,8,Overall,Overall,Hispanic,Overall,55.0,0.2,68.05689274872073,0.26687441630403214
Entire Network,FluSurv-NET,2022-23,2023,8,Overall,Overall,Overall,Overall,60.0,0.3,,
Entire Network,FluSurv-NET,2022-23,2023,8,Overall,Overall,"White, NH",Overall,56.0,0.2,49.49057911131757,0.19530533702494354
Entire Network,FluSurv-NET,2022-23,2023,8,Pediatrics,Overall,Overall,Overall,42.0,0.2,,
Georgia,FluSurv-NET,2022-23,2023,8,Overall,Overall,Overall,Overall,51.0,0.3,,
Maryland,FluSurv-NET,2022-23,2023,8,Overall,Overall,Overall,Overall,67.0,0.2,,
Michigan,FluSurv-NET,2022-23,2023,8,Overall,Overall,Overall,Overall,62.0,0.2,,
Minnesota,FluSurv-NET,2022-23,2023,8,Overall,Overall,Overall,Overall,59.0,0.2,,
New Mexico,FluSurv-NET,2022-23,2023,8,Overall,Overall,Overall,Overall,98.0,0.5,,
New York,FluSurv-NET,2022-23,2023,8,Overall,Overall,Overall,Overall,82.0,0.4,,
Ohio,FluSurv-NET,2022-23,2023,8,Overall,Overall,Overall,Overall,52.0,0.3,,
Oregon,FluSurv-NET,2022-23,2023,8,Overall,Overall,Overall,Overall,58.0,0.1,,
Tennessee,FluSurv-NET,2022-23,2023,8,Overall,Overall,Overall,Overall,62.0,0.4,,
Utah,FluSurv-NET,2022-23,2023,8,Overall,Overall,Overall,Overall,50.0,0.7,,
California,FluSurv-NET,2022-23,2023,9,Overall,Overall,Overall,Overall,42.0,0.1,,
Colorado,FluSurv-NET,2022-23,2023,9,Overall,Overall,Overall,Overall,51.0,0.3,,
Connecticut,FluSurv-NET,2022-23,2023,9,Overall,Overall,Overall,Overall,102.0,0.1,,
Entire Network,FluSurv-NET,2022-23,2023,9,0-4 yr,Overall,Overall,Overall,83.0,0.4,,
Entire Network,FluSurv-NET,2022-23,2023,9,0-<1 yr,Overall,Overall,Overall,116.0,0.3,,
Entire Network,FluSurv-NET,2022-23,2023,9,1-4 yr,Overall,Overall,Overall,75.0,0.4,,
Entire Network,FluSurv-NET,2022-23,2023,9,12-17 yr,Overall,Overall,Overall,19.0,0.0,,
Entire Network,FluSurv-NET,2022-23,2023,9,18-29 yr,Overall,Overall,Overall,24.0,0.0,,
Entire Network,FluSurv-NET,2022-23,2023,9,18-49 yr,Overall,Overall,Overall,26.0,0.1,,
Entire Network,FluSurv-NET,2022-23,2023,9,30-39 yr,Overall,Overall,Overall,27.0,0.2,,
Entire Network,FluSurv-NET,2022-23,2023,9,40-49 yr,Overall,Overall,Overall,28.0,0.1,,
Entire Network,FluSurv-NET,2022-23,2023,9,5-11 yr,Overall,Overall,Overall,38.0,0.1,,
Entire Network,FluSurv-NET,2022-23,2023,9,5-17 yr,Overall,Overall,Overall,29.0,0.0,,
Entire Network,FluSurv-NET,2022-23,2023,9,50-64 yr,Overall,Overall,Overall,66.0,0.3,,
Entire Network,FluSurv-NET,2022-23,2023,9,65-74 yr,Overall,Overall,Overall,122.0,0.3,,
Entire Network,FluSurv-NET,2022-23,2023,9,75-84 yr,Overall,Overall,Overall,219.0,1.2,,
Entire Network,FluSurv-NET,2022-23,2023,9,>= 65 yr,Overall,Overall,Overall,174.0,0.7,,
Entire Network,FluSurv-NET,2022-23,2023,9,>= 75,Overall,Overall,Overall,252.0,1.2,,
Entire Network,FluSurv-NET,2022-23,2023,9,>= 85,Overall,Overall,Overall,340.0,1.2,,
Entire Network,FluSurv-NET,2022-23,2023,9,Adults,Overall,Overall,Overall,65.0,0.3,,
Entire Network,FluSurv-NET,2022-23,2023,9,Overall,Female,Overall,Overall,65.0,0.2,,
Entire Network,FluSurv-NET,2022-23,2023,9,Overall,Male,Overall,Overall,56.0,0.3,,
Entire Network,FluSurv-NET,2022-23,2023,9,Overall,Overall,"American Indian/Alaska Native, NH",Overall,93.0,0.0,99.5201487533374,0.0
Entire Network,FluSurv-NET,2022-23,2023,9,Overall,Overall,"Asian/Pacific Islander, NH",Overall,29.0,0.2,31.315635579331342,0.20691815664988467
Entire Network,FluSurv-NET,2022-23,2023,9,Overall,Overall,"Black, NH",Overall,88.0,0.4,95.74135340836887,0.40593443150075614
Entire Network,FluSurv-NET,2022-23,2023,9,Overall,Overall,Hispanic,Overall,55.0,0.2,68.20540047071057,0.14850772198983606
Entire Network,FluSurv-NET,2022-23,2023,9,Overall,Overall,Overall,Overall,60.0,0.2,,
Entire Network,FluSurv-NET,2022-23,2023,9,Overall,Overall,"White, NH",Overall,56.0,0.2,49.68333137807845,0.19275226676086468
Entire Network,FluSurv-NET,2022-23,2023,9,Pediatrics,Overall,Overall,Overall,43.0,0.1,,
Georgia,FluSurv-NET,2022-23,2023,9,Overall,Overall,Overall,Overall,51.0,0.3,,
Maryland,FluSurv-NET,2022-23,2023,9,Overall,Overall,Overall,Overall,68.0,0.3,,
Michigan,FluSurv-NET,2022-23,2023,9,Overall,Overall,Overall,Overall,63.0,0.6,,
Minnesota,FluSurv-NET,2022-23,2023,9,Overall,Overall,Overall,Overall,59.0,0.1,,
New Mexico,FluSurv-NET,2022-23,2023,9,Overall,Overall,Overall,Overall,98.0,0.5,,
New York,FluSurv-NET,2022-23,2023,9,Overall,Overall,Overall,Overall,83.0,0.4,,
Ohio,FluSurv-NET,2022-23,2023,9,Overall,Overall,Overall,Overall,52.0,0.1,,
Oregon,FluSurv-NET,2022-23,2023,9,Overall,Overall,Overall,Overall,58.0,0.1,,
Tennessee,FluSurv-NET,2022-23,2023,9,Overall,Overall,Overall,Overall,63.0,0.5,,
Utah,FluSurv-NET,2022-23,2023,9,Overall,Overall,Overall,Overall,50.0,0.1,,
California,FluSurv-NET,2022-23,2023,10,Overall,Overall,Overall,Overall,42.0,0.1,,
Colorado,FluSurv-NET,2022-23,2023,10,Overall,Overall,Overall,Overall,52.0,0.3,,
Connecticut,FluSurv-NET,2022-23,2023,10,Overall,Overall,Overall,Overall,102.0,0.4,,
Entire Network,FluSurv-NET,2022-23,2023,10,0-4 yr,Overall,Overall,Overall,84.0,0.3,,
Entire Network,FluSurv-NET,2022-23,2023,10,0-<1 yr,Overall,Overall,Overall,116.0,0.0,,
Entire Network,FluSurv-NET,2022-23,2023,10,1-4 yr,Overall,Overall,Overall,76.0,0.4,,
Entire Network,FluSurv-NET,2022-23,2023,10,12-17 yr,Overall,Overall,Overall,19.0,0.1,,
Entire Network,FluSurv-NET,2022-23,2023,10,18-29 yr,Overall,Overall,Overall,24.0,0.1,,
Entire Network,FluSurv-NET,2022-23,2023,10,18-49 yr,Overall,Overall,Overall,26.0,0.1,,
Entire Network,FluSurv-NET,2022-23,2023,10,30-39 yr,Overall,Overall,Overall,27.0,0.0,,
Entire Network,FluSurv-NET,2022-23,2023,10,40-49 yr,Overall,Overall,Overall,28.0,0.1,,
Entire Network,FluSurv-NET,2022-23,2023,10,5-11 yr,Overall,Overall,Overall,38.0,0.2,,
Entire Network,FluSurv-NET,2022-23,2023,10,5-17 yr,Overall,Overall,Overall,29.0,0.2,,
Entire Network,FluSurv-NET,2022-23,2023,10,50-64 yr,Overall,Overall,Overall,66.0,0.3,,
Entire Network,FluSurv-NET,2022-23,2023,10,65-74 yr,Overall,Overall,Overall,122.0,0.3,,
Entire Network,FluSurv-NET,2022-23,2023,10,75-84 yr,Overall,Overall,Overall,220.0,1.1,,
Entire Network,FluSurv-NET,2022-23,2023,10,>= 65 yr,Overall,Overall,Overall,175.0,0.8,,
Entire Network,FluSurv-NET,2022-23,2023,10,>= 75,Overall,Overall,Overall,253.0,1.4,,
Entire Network,FluSurv-NET,2022-23,2023,10,>= 85,Overall,Overall,Overall,343.0,2.2,,
Entire Network,FluSurv-NET,2022-23,2023,10,Adults,Overall,Overall,Overall,65.0,0.3,,
Entire Network,FluSurv-NET,2022-23,2023,10,Overall,Female,Overall,Overall,65.0,0.3,,
Entire Network,FluSurv-NET,2022-23,2023,10,Overall,Male,Overall,Overall,56.0,0.2,,
Entire Network,FluSurv-NET,2022-23,2023,10,Overall,Overall,"American Indian/Alaska Native, NH",Overall,93.0,0.0,99.5201487533374,0.0
Entire Network,FluSurv-NET,2022-23,2023,10,Overall,Overall,"Asian/Pacific Islander, NH",Overall,29.0,0.2,31.52860427587395,0.2129686965426061
Entire Network,FluSurv-NET,2022-23,2023,10,Overall,Overall,"Black, NH",Overall,89.0,0.3,96.10890883576917,0.3675554274003062
Entire Network,FluSurv-NET,2022-23,2023,10,Overall,Overall,Hispanic,Overall,55.0,0.2,68.45254714010801,0.24714666939744812
Entire Network,FluSurv-NET,2022-23,2023,10,Overall,Overall,Overall,Overall,61.0,0.3,,
Entire Network,FluSurv-NET,2022-23,2023,10,Overall,Overall,"White, NH",Overall,57.0,0.3,49.903488827416524,0.22015744933807624
Entire Network,FluSurv-NET,2022-23,2023,10,Pediatrics,Overall,Overall,Overall,43.0,0.2,,
Georgia,FluSurv-NET,2022-23,2023,10,Overall,Overall,Overall,Overall,51.0,0.1,,
Maryland,FluSurv-NET,2022-23,2023,10,Overall,Overall,Overall,Overall,68.0,0.4,,
Michigan,FluSurv-NET,2022-23,2023,10,Overall,Overall,Overall,Overall,63.0,0.1,,
Minnesota,FluSurv-NET,2022-23,2023,10,Overall,Overall,Overall,Overall,60.0,0.3,,
New Mexico,FluSurv-NET,2022-23,2023,10,Overall,Overall,Overall,Overall,99.0,0.4,,
New York,FluSurv-NET,2022-23,2023,10,Overall,Overall,Overall,Overall,83.0,0.2,,
Ohio,FluSurv-NET,2022-23,2023,10,Overall,Overall,Overall,Overall,52.0,0.2,,
Oregon,FluSurv-NET,2022-23,2023,10,Overall,Overall,Overall,Overall,58.0,0.1,,
Tennessee,FluSurv-NET,2022-23,2023,10,Overall,Overall,Overall,Overall,63.0,0.4,,
Utah,FluSurv-NET,2022-23,2023,10,Overall,Overall,Overall,Overall,51.0,0.7,,
California,FluSurv-NET,2022-23,2023,11,Overall,Overall,Overall,Overall,42.0,0.1,,
Colorado,FluSurv-NET,2022-23,2023,11,Overall,Overall,Overall,Overall,52.0,0.2,,
Connecticut,FluSurv-NET,2022-23,2023,11,Overall,Overall,Overall,Overall,103.0,0.3,,
Entire Network,FluSurv-NET,2022-23,2023,11,0-4 yr,Overall,Overall,Overall,84.0,0.2,,
Entire Network,FluSurv-NET,2022-23,2023,11,0-<1 yr,Overall,Overall,Overall,116.0,0.0,,
Entire Network,FluSurv-NET,2022-23,2023,11,1-4 yr,Overall,Overall,Overall,76.0,0.3,,
Entire Network,FluSurv-NET,2022-23,2023,11,12-17 yr,Overall,Overall,Overall,19.0,0.0,,
Entire Network,FluSurv-NET,2022-23,2023,11,18-29 yr,Overall,Overall,Overall,24.0,0.1,,
Entire Network,FluSurv-NET,2022-23,2023,11,18-49 yr,Overall,Overall,Overall,26.0,0.2,,
Entire Network,FluSurv-NET,2022-23,2023,11,30-39 yr,Overall,Overall,Overall,27.0,0.2,,
Entire Network,FluSurv-NET,2022-23,2023,11,40-49 yr,Overall,Overall,Overall,29.0,0.2,,
Entire Network,FluSurv-NET,2022-23,2023,11,5-11 yr,Overall,Overall,Overall,38.0,0.2,,
Entire Network,FluSurv-NET,2022-23,2023,11,5-17 yr,Overall,Overall,Overall,29.0,0.1,,
Entire Network,FluSurv-NET,2022-23,2023,11,50-64 yr,Overall,Overall,Overall,66.0,0.2,,
Entire Network,FluSurv-NET,2022-23,2023,11,65-74 yr,Overall,Overall,Overall,122.0,0.4,,
Entire Network,FluSurv-NET,2022-23,2023,11,75-84 yr,Overall,Overall,Overall,221.0,0.9,,
Entire Network,FluSurv-NET,2022-23,2023,11,>= 65 yr,Overall,Overall,Overall,176.0,0.6,,
Entire Network,FluSurv-NET,2022-23,2023,11,>= 75,Overall,Overall,Overall,254.0,1.0,,
Entire Network,FluSurv-NET,2022-23,2023,11,>= 85,Overall,Overall,Overall,344.0,1.4,,
Entire Network,FluSurv-NET,2022-23,2023,11,Adults,Overall,Overall,Overall,66.0,0.3,,
Entire Network,FluSurv-NET,2022-23,2023,11,Overall,Female,Overall,Overall,65.0,0.3,,
Entire Network,FluSurv-NET,2022-23,2023,11,Overall,Male,Overall,Overall,56.0,0.2,,
Entire Network,FluSurv-NET,2022-23,2023,11,Overall,Overall,"American Indian/Alaska Native, NH",Overall,93.0,0.0,99.5201487533374,0.0
Entire Network,FluSurv-NET,2022-23,2023,11,Overall,Overall,"Asian/Pacific Islander, NH",Overall,29.0,0.1,31.661027269085046,0.13242299321109507
Entire Network,FluSurv-NET,2022-23,2023,11,Overall,Overall,"Black, NH",Overall,89.0,0.4,96.48111515458791,0.3722063188187448
Entire Network,FluSurv-NET,2022-23,2023,11,Overall,Overall,Hispanic,Overall,55.0,0.3,68.71696244259152,0.26441530248350975
Entire Network,FluSurv-NET,2022-23,2023,11,Overall,Overall,Overall,Overall,61.0,0.3,,
Entire Network,FluSurv-NET,2022-23,2023,11,Overall,Overall,"White, NH",Overall,57.0,0.2,50.10999846121417,0.20650963379764276
Entire Network,FluSurv-NET,2022-23,2023,11,Pediatrics,Overall,Overall,Overall,43.0,0.2,,
Georgia,FluSurv-NET,2022-23,2023,11,Overall,Overall,Overall,Overall,51.0,0.3,,
Maryland,FluSurv-NET,2022-23,2023,11,Overall,Overall,Overall,Overall,68.0,0.2,,
Michigan,FluSurv-NET,2022-23,2023,11,Overall,Overall,Overall,Overall,63.0,0.2,,
Minnesota,FluSurv-NET,2022-23,2023,11,Overall,Overall,Overall,Overall,60.0,0.2,,
New Mexico,FluSurv-NET,2022-23,2023,11,Overall,Overall,Overall,Overall,99.0,0.1,,
New York,FluSurv-NET,2022-23,2023,11,Overall,Overall,Overall,Overall,83.0,0.3,,
Ohio,FluSurv-NET,2022-23,2023,11,Overall,Overall,Overall,Overall,53.0,0.4,,
Oregon,FluSurv-NET,2022-23,2023,11,Overall,Overall,Overall,Overall,59.0,0.3,,
Tennessee,FluSurv-NET,2022-23,2023,11,Overall,Overall,Overall,Overall,64.0,0.5,,
Utah,FluSurv-NET,2022-23,2023,11,Overall,Overall,Overall,Overall,51.0,0.3,,
California,FluSurv-NET,2022-23,2023,12,Overall,Overall,Overall,Overall,42.0,0.0,,
Colorado,FluSurv-NET,2022-23,2023,12,Overall,Overall,Overall,Overall,52.0,0.1,,
Connecticut,FluSurv-NET,2022-23,2023,12,Overall,Overall,Overall,Overall,103.0,0.1,,
Entire Network,FluSurv-NET,2022-23,2023,12,0-4 yr,Overall,Overall,Overall,84.0,0.3,,
Entire Network,FluSurv-NET,2022-23,2023,12,0-<1 yr,Overall,Overall,Overall,116.0,0.0,,
Entire Network,FluSurv-NET,2022-23,2023,12,1-4 yr,Overall,Overall,Overall,76.0,0.4,,
Entire Network,FluSurv-NET,2022-23,2023,12,12-17 yr,Overall,Overall,Overall,19.0,0.1,,
Entire Network,FluSurv-NET,2022-23,2023,12,18-29 yr,Overall,Overall,Overall,24.0,0.1,,
Entire Network,FluSurv-NET,2022-23,2023,12,18-49 yr,Overall,Overall,Overall,27.0,0.2,,
Entire Network,FluSurv-NET,2022-23,2023,12,30-39 yr,Overall,Overall,Overall,28.0,0.3,,
Entire Network,FluSurv-NET,2022-23,2023,12,40-49 yr,Overall,Overall,Overall,29.0,0.1,,
Entire Network,FluSurv-NET,2022-23,2023,12,5-11 yr,Overall,Overall,Overall,38.0,0.3,,
Entire Network,FluSurv-NET,2022-23,2023,12,5-17 yr,Overall,Overall,Overall,29.0,0.2,,
Entire Network,FluSurv-NET,2022-23,2023,12,50-64 yr,Overall,Overall,Overall,67.0,0.3,,
Entire Network,FluSurv-NET,2022-23,2023,12,65-74 yr,Overall,Overall,Overall,123.0,0.4,,
Entire Network,FluSurv-NET,2022-23,2023,12,75-84 yr,Overall,Overall,Overall,221.0,0.7,,
Entire Network,FluSurv-NET,2022-23,2023,12,>= 65 yr,Overall,Overall,Overall,176.0,0.6,,
Entire Network,FluSurv-NET,2022-23,2023,12,>= 75,Overall,Overall,Overall,255.0,0.9,,
Entire Network,FluSurv-NET,2022-23,2023,12,>= 85,Overall,Overall,Overall,345.0,1.4,,
Entire Network,FluSurv-NET,2022-23,2023,12,Adults,Overall,Overall,Overall,66.0,0.3,,
Entire Network,FluSurv-NET,2022-23,2023,12,Overall,Female,Overall,Overall,66.0,0.3,,
Entire Network,FluSurv-NET,2022-23,2023,12,Overall,Male,Overall,Overall,56.0,0.3,,
Entire Network,FluSurv-NET,2022-23,2023,12,Overall,Overall,"American Indian/Alaska Native, NH",Overall,93.0,0.0,99.5201487533374,0.0
Entire Network,FluSurv-NET,2022-23,2023,12,Overall,Overall,"Asian/Pacific Islander, NH",Overall,29.0,0.1,31.74765621276826,0.08662894368321307
Entire Network,FluSurv-NET,2022-23,2023,12,Overall,Overall,"Black, NH",Overall,90.0,0.6,97.07568490455625,0.5945697499683255
Entire Network,FluSurv-NET,2022-23,2023,12,Overall,Overall,Hispanic,Overall,55.0,0.2,68.9459274782543,0.22896503566278392
Entire Network,FluSurv-NET,2022-23,2023,12,Overall,Overall,Overall,Overall,61.0,0.3,,
Entire Network,FluSurv-NET,2022-23,2023,12,Overall,Overall,"White, NH",Overall,57.0,0.2,50.31963421462966,0.20963575341549276
Entire Network,FluSurv-NET,2022-23,2023,12,Pediatrics,Overall,Overall,Overall,43.0,0.2,,
Georgia,FluSurv-NET,2022-23,2023,12,Overall,Overall,Overall,Overall,52.0,0.5,,
Maryland,FluSurv-NET,2022-23,2023,12,Overall,Overall,Overall,Overall,69.0,0.5,,
Michigan,FluSurv-NET,2022-23,2023,12,Overall,Overall,Overall,Overall,63.0,0.0,,
Minnesota,FluSurv-NET,2022-23,2023,12,Overall,Overall,Overall,Overall,60.0,0.3,,
New Mexico,FluSurv-NET,2022-23,2023,12,Overall,Overall,Overall,Overall,99.0,0.1,,
New York,FluSurv-NET,2022-23,2023,12,Overall,Overall,Overall,Overall,84.0,0.5,,
Ohio,FluSurv-NET,2022-23,2023,12,Overall,Overall,Overall,Overall,53.0,0.3,,
Oregon,FluSurv-NET,2022-23,2023,12,Overall,Overall,Overall,Overall,59.0,0.1,,
Tennessee,FluSurv-NET,2022-23,2023,12,Overall,Overall,Overall,Overall,64.0,0.5,,
Utah,FluSurv-NET,2022-23,2023,12,Overall,Overall,Overall,Overall,51.0,0.2,,
California,FluSurv-NET,2022-23,2023,13,Overall,Overall,Overall,Overall,42.0,0.1,,
Colorado,FluSurv-NET,2022-23,2023,13,Overall,Overall,Overall,Overall,52.0,0.0,,
Connecticut,FluSurv-NET,2022-23,2023,13,Overall,Overall,Overall,Overall,103.0,0.2,,
Entire Network,FluSurv-NET,2022-23,2023,13,0-4 yr,Overall,Overall,Overall,84.0,0.2,,
Entire Network,FluSurv-NET,2022-23,2023,13,0-<1 yr,Overall,Overall,Overall,116.0,0.3,,
Entire Network,FluSurv-NET,2022-23,2023,13,1-4 yr,Overall,Overall,Overall,76.0,0.2,,
Entire Network,FluSurv-NET,2022-23,2023,13,12-17 yr,Overall,Overall,Overall,19.0,0.1,,
Entire Network,FluSurv-NET,2022-23,2023,13,18-29 yr,Overall,Overall,Overall,24.0,0.1,,
Entire Network,FluSurv-NET,2022-23,2023,13,18-49 yr,Overall,Overall,Overall,27.0,0.1,,
Entire Network,FluSurv-NET,2022-23,2023,13,30-39 yr,Overall,Overall,Overall,28.0,0.2,,
Entire Network,FluSurv-NET,2022-23,2023,13,40-49 yr,Overall,Overall,Overall,29.0,0.1,,
Entire Network,FluSurv-NET,2022-23,2023,13,5-11 yr,Overall,Overall,Overall,39.0,0.3,,
Entire Network,FluSurv-NET,2022-23,2023,13,5-17 yr,Overall,Overall,Overall,29.0,0.2,,
Entire Network,FluSurv-NET,2022-23,2023,13,50-64 yr,Overall,Overall,Overall,67.0,0.3,,
Entire Network,FluSurv-NET,2022-23,2023,13,65-74 yr,Overall,Overall,Overall,123.0,0.5,,
Entire Network,FluSurv-NET,2022-23,2023,13,75-84 yr,Overall,Overall,Overall,222.0,0.5,,
Entire Network,FluSurv-NET,2022-23,2023,13,>= 65 yr,Overall,Overall,Overall,177.0,0.6,,
Entire Network,FluSurv-NET,2022-23,2023,13,>= 75,Overall,Overall,Overall,255.0,0.6,,
Entire Network,FluSurv-NET,2022-23,2023,13,>= 85,Overall,Overall,Overall,346.0,0.8,,
Entire Network,FluSurv-NET,2022-23,2023,13,Adults,Overall,Overall,Overall,66.0,0.3,,
Entire Network,FluSurv-NET,2022-23,2023,13,Overall,Female,Overall,Overall,66.0,0.2,,
Entire Network,FluSurv-NET,2022-23,2023,13,Overall,Male,Overall,Overall,57.0,0.3,,
Entire Network,FluSurv-NET,2022-23,2023,13,Overall,Overall,"American Indian/Alaska Native, NH",Overall,95.0,1.7,101.32598590304953,1.8058371497121462
Entire Network,FluSurv-NET,2022-23,2023,13,Overall,Overall,"Asian/Pacific Islander, NH",Overall,29.0,0.2,31.925311213017647,0.17765500024940162
Entire Network,FluSurv-NET,2022-23,2023,13,Overall,Overall,"Black, NH",Overall,90.0,0.5,97.53859874700044,0.46291384244421147
Entire Network,FluSurv-NET,2022-23,2023,13,Overall,Overall,Hispanic,Overall,56.0,0.3,69.32072362756315,0.3747961493088548
Entire Network,FluSurv-NET,2022-23,2023,13,Overall,Overall,Overall,Overall,61.0,0.2,,
Entire Network,FluSurv-NET,2022-23,2023,13,Overall,Overall,"White, NH",Overall,57.0,0.2,50.48231695814737,0.16268274351770726
Entire Network,FluSurv-NET,2022-23,2023,13,Pediatrics,Overall,Overall,Overall,43.0,0.2,,
Georgia,FluSurv-NET,2022-23,2023,13,Overall,Overall,Overall,Overall,52.0,0.4,,
Maryland,FluSurv-NET,2022-23,2023,13,Overall,Overall,Overall,Overall,69.0,0.1,,
Michigan,FluSurv-NET,2022-23,2023,13,Overall,Overall,Overall,Overall,63.0,0.2,,
Minnesota,FluSurv-NET,2022-23,2023,13,Overall,Overall,Overall,Overall,61.0,0.4,,
New Mexico,FluSurv-NET,2022-23,2023,13,Overall,Overall,Overall,Overall,99.0,0.6,,
New York,FluSurv-NET,2022-23,2023,13,Overall,Overall,Overall,Overall,84.0,0.4,,
Ohio,FluSurv-NET,2022-23,2023,13,Overall,Overall,Overall,Overall,53.0,0.2,,
Oregon,FluSurv-NET,2022-23,2023,13,Overall,Overall,Overall,Overall,59.0,0.0,,
Tennessee,FluSurv-NET,2022-23,2023,13,Overall,Overall,Overall,Overall,65.0,0.5,,
Utah,FluSurv-NET,2022-23,2023,13,Overall,Overall,Overall,Overall,51.0,0.0,,
California,FluSurv-NET,2022-23,2023,14,Overall,Overall,Overall,Overall,42.0,0.2,,
Colorado,FluSurv-NET,2022-23,2023,14,Overall,Overall,Overall,Overall,52.0,0.1,,
Connecticut,FluSurv-NET,2022-23,2023,14,Overall,Overall,Overall,Overall,103.0,0.2,,
Entire Network,FluSurv-NET,2022-23,2023,14,0-4 yr,Overall,Overall,Overall,84.0,0.1,,
Entire Network,FluSurv-NET,2022-23,2023,14,0-<1 yr,Overall,Overall,Overall,117.0,0.3,,
Entire Network,FluSurv-NET,2022-23,2023,14,1-4 yr,Overall,Overall,Overall,76.0,0.0,,
Entire Network,FluSurv-NET,2022-23,2023,14,12-17 yr,Overall,Overall,Overall,19.0,0.1,,
Entire Network,FluSurv-NET,2022-23,2023,14,18-29 yr,Overall,Overall,Overall,24.0,0.1,,
Entire Network,FluSurv-NET,2022-23,2023,14,18-49 yr,Overall,Overall,Overall,27.0,0.1,,
Entire Network,FluSurv-NET,2022-23,2023,14,30-39 yr,Overall,Overall,Overall,28.0,0.1,,
Entire Network,FluSurv-NET,2022-23,2023,14,40-49 yr,Overall,Overall,Overall,29.0,0.1,,
Entire Network,FluSurv-NET,2022-23,2023,14,5-11 yr,Overall,Overall,Overall,39.0,0.3,,
Entire Network,FluSurv-NET,2022-23,2023,14,5-17 yr,Overall,Overall,Overall,29.0,0.2,,
Entire Network,FluSurv-NET,2022-23,2023,14,50-64 yr,Overall,Overall,Overall,67.0,0.4,,
Entire Network,FluSurv-NET,2022-23,2023,14,65-74 yr,Overall,Overall,Overall,124.0,0.3,,
Entire Network,FluSurv-NET,2022-23,2023,14,75-84 yr,Overall,Overall,Overall,223.0,0.8,,
Entire Network,FluSurv-NET,2022-23,2023,14,>= 65 yr,Overall,Overall,Overall,177.0,0.5,,
Entire Network,FluSurv-NET,2022-23,2023,14,>= 75,Overall,Overall,Overall,256.0,0.9,,
Entire Network,FluSurv-NET,2022-23,2023,14,>= 85,Overall,Overall,Overall,347.0,1.2,,
Entire Network,FluSurv-NET,2022-23,2023,14,Adults,Overall,Overall,Overall,66.0,0.3,,
Entire Network,FluSurv-NET,2022-23,2023,14,Overall,Female,Overall,Overall,66.0,0.3,,
Entire Network,FluSurv-NET,2022-23,2023,14,Overall,Male,Overall,Overall,57.0,0.2,,
Entire Network,FluSurv-NET,2022-23,2023,14,Overall,Overall,"American Indian/Alaska Native, NH",Overall,95.0,0.6,101.93175863709078,0.6057727340412645
Entire Network,FluSurv-NET,2022-23,2023,14,Overall,Overall,"Asian/Pacific Islander, NH",Overall,30.0,0.3,32.213899157978204,0.2885879449605468
Entire Network,FluSurv-NET,2022-23,2023,14,Overall,Overall,"Black, NH",Overall,91.0,0.4,97.9295788121898,0.3909800651893593
Entire Network,FluSurv-NET,2022-23,2023,14,Overall,Overall,Hispanic,Overall,56.0,0.1,69.48282432282979,0.16210069526662396
Entire Network,FluSurv-NET,2022-23,2023,14,Overall,Overall,Overall,Overall,62.0,0.2,,
Entire Network,FluSurv-NET,2022-23,2023,14,Overall,Overall,"White, NH",Overall,58.0,0.2,50.67560597871487,0.19328902056750552
Entire Network,FluSurv-NET,2022-23,2023,14,Pediatrics,Overall,Overall,Overall,44.0,0.2,,
Georgia,FluSurv-NET,2022-23,2023,14,Overall,Overall,Overall,Overall,52.0,0.2,,
Maryland,FluSurv-NET,2022-23,2023,14,Overall,Overall,Overall,Overall,69.0,0.2,,
Michigan,FluSurv-NET,2022-23,2023,14,Overall,Overall,Overall,Overall,64.0,0.3,,
Minnesota,FluSurv-NET,2022-23,2023,14,Overall,Overall,Overall,Overall,61.0,0.4,,
New Mexico,FluSurv-NET,2022-23,2023,14,Overall,Overall,Overall,Overall,100.0,0.2,,
New York,FluSurv-NET,2022-23,2023,14,Overall,Overall,Overall,Overall,84.0,0.6,,
Ohio,FluSurv-NET,2022-23,2023,14,Overall,Overall,Overall,Overall,53.0,0.1,,
Oregon,FluSurv-NET,2022-23,2023,14,Overall,Overall,Overall,Overall,59.0,0.1,,
Tennessee,FluSurv-NET,2022-23,2023,14,Overall,Overall,Overall,Overall,65.0,0.2,,
Utah,FluSurv-NET,2022-23,2023,14,Overall,Overall,Overall,Overall,52.0,0.3,,
California,FluSurv-NET,2022-23,2023,15,Overall,Overall,Overall,Overall,42.0,0.0,,
Colorado,FluSurv-NET,2022-23,2023,15,Overall,Overall,Overall,Overall,52.0,0.2,,
Connecticut,FluSurv-NET,2022-23,2023,15,Overall,Overall,Overall,Overall,103.0,0.1,,
Entire Network,FluSurv-NET,2022-23,2023,15,0-4 yr,Overall,Overall,Overall,85.0,0.4,,
Entire Network,FluSurv-NET,2022-23,2023,15,0-<1 yr,Overall,Overall,Overall,117.0,0.0,,
Entire Network,FluSurv-NET,2022-23,2023,15,1-4 yr,Overall,Overall,Overall,77.0,0.5,,
Entire Network,FluSurv-NET,2022-23,2023,15,12-17 yr,Overall,Overall,Overall,19.0,0.0,,
Entire Network,FluSurv-NET,2022-23,2023,15,18-29 yr,Overall,Overall,Overall,24.0,0.1,,
Entire Network,FluSurv-NET,2022-23,2023,15,18-49 yr,Overall,Overall,Overall,27.0,0.1,,
Entire Network,FluSurv-NET,2022-23,2023,15,30-39 yr,Overall,Overall,Overall,28.0,0.2,,
Entire Network,FluSurv-NET,2022-23,2023,15,40-49 yr,Overall,Overall,Overall,29.0,0.0,,
Entire Network,FluSurv-NET,2022-23,2023,15,5-11 yr,Overall,Overall,Overall,39.0,0.1,,
Entire Network,FluSurv-NET,2022-23,2023,15,5-17 yr,Overall,Overall,Overall,29.0,0.1,,
Entire Network,FluSurv-NET,2022-23,2023,15,50-64 yr,Overall,Overall,Overall,68.0,0.2,,
Entire Network,FluSurv-NET,2022-23,2023,15,65-74 yr,Overall,Overall,Overall,124.0,0.4,,
Entire Network,FluSurv-NET,2022-23,2023,15,75-84 yr,Overall,Overall,Overall,223.0,0.8,,
Entire Network,FluSurv-NET,2022-23,2023,15,>= 65 yr,Overall,Overall,Overall,178.0,0.5,,
Entire Network,FluSurv-NET,2022-23,2023,15,>= 75,Overall,Overall,Overall,257.0,0.7,,
Entire Network,FluSurv-NET,2022-23,2023,15,>= 85,Overall,Overall,Overall,348.0,0.6,,
Entire Network,FluSurv-NET,2022-23,2023,15,Adults,Overall,Overall,Overall,67.0,0.2,,
Entire Network,FluSurv-NET,2022-23,2023,15,Overall,Female,Overall,Overall,66.0,0.2,,
Entire Network,FluSurv-NET,2022-23,2023,15,Overall,Male,Overall,Overall,57.0,0.2,,
Entire Network,FluSurv-NET,2022-23,2023,15,Overall,Overall,"American Indian/Alaska Native, NH",Overall,95.0,0.0,101.93175863709078,0.0
Entire Network,FluSurv-NET,2022-23,2023,15,Overall,Overall,"Asian/Pacific Islander, NH",Overall,30.0,0.0,32.213899157978204,0.0
Entire Network,FluSurv-NET,2022-23,2023,15,Overall,Overall,"Black, NH",Overall,91.0,0.4,98.32752273403209,0.39794392184229965
Entire Network,FluSurv-NET,2022-23,2023,15,Overall,Overall,Hispanic,Overall,56.0,0.2,69.73782744329692,0.2550031204671379
Entire Network,FluSurv-NET,2022-23,2023,15,Overall,Overall,Overall,Overall,62.0,0.2,,
Entire Network,FluSurv-NET,2022-23,2023,15,Overall,Overall,"White, NH",Overall,58.0,0.2,50.83711622793657,0.1615102492216965
Entire Network,FluSurv-NET,2022-23,2023,15,Pediatrics,Overall,Overall,Overall,44.0,0.1,,
Georgia,FluSurv-NET,2022-23,2023,15,Overall,Overall,Overall,Overall,53.0,0.3,,
Maryland,FluSurv-NET,2022-23,2023,15,Overall,Overall,Overall,Overall,69.0,0.0,,
Michigan,FluSurv-NET,2022-23,2023,15,Overall,Overall,Overall,Overall,64.0,0.0,,
Minnesota,FluSurv-NET,2022-23,2023,15,Overall,Overall,Overall,Overall,61.0,0.5,,
New Mexico,FluSurv-NET,2022-23,2023,15,Overall,Overall,Overall,Overall,100.0,0.2,,
New York,FluSurv-NET,2022-23,2023,15,Overall,Overall,Overall,Overall,85.0,0.2,,
Ohio,FluSurv-NET,2022-23,2023,15,Overall,Overall,Overall,Overall,53.0,0.1,,
Oregon,FluSurv-NET,2022-23,2023,15,Overall,Overall,Overall,Overall,59.0,0.0,,
Tennessee,FluSurv-NET,2022-23,2023,15,Overall,Overall,Overall,Overall,65.0,0.5,,
Utah,FluSurv-NET,2022-23,2023,15,Overall,Overall,Overall,Overall,52.0,0.3,,
California,FluSurv-NET,2022-23,2023,16,Overall,Overall,Overall,Overall,43.0,0.1,,
Colorado,FluSurv-NET,2022-23,2023,16,Overall,Overall,Overall,Overall,52.0,0.2,,
Connecticut,FluSurv-NET,2022-23,2023,16,Overall,Overall,Overall,Overall,103.0,0.0,,
Entire Network,FluSurv-NET,2022-23,2023,16,0-4 yr,Overall,Overall,Overall,85.0,0.2,,
Entire Network,FluSurv-NET,2022-23,2023,16,0-<1 yr,Overall,Overall,Overall,117.0,0.0,,
Entire Network,FluSurv-NET,2022-23,2023,16,1-4 yr,Overall,Overall,Overall,77.0,0.3,,
Entire Network,FluSurv-NET,2022-23,2023,16,12-17 yr,Overall,Overall,Overall,19.0,0.0,,
Entire Network,FluSurv-NET,2022-23,2023,16,18-29 yr,Overall,Overall,Overall,24.0,0.1,,
Entire Network,FluSurv-NET,2022-23,2023,16,18-49 yr,Overall,Overall,Overall,27.0,0.1,,
Entire Network,FluSurv-NET,2022-23,2023,16,30-39 yr,Overall,Overall,Overall,28.0,0.2,,
Entire Network,FluSurv-NET,2022-23,2023,16,40-49 yr,Overall,Overall,Overall,29.0,0.0,,
Entire Network,FluSurv-NET,2022-23,2023,16,5-11 yr,Overall,Overall,Overall,39.0,0.2,,
Entire Network,FluSurv-NET,2022-23,2023,16,5-17 yr,Overall,Overall,Overall,30.0,0.1,,
Entire Network,FluSurv-NET,2022-23,2023,16,50-64 yr,Overall,Overall,Overall,68.0,0.2,,
Entire Network,FluSurv-NET,2022-23,2023,16,65-74 yr,Overall,Overall,Overall,124.0,0.3,,
Entire Network,FluSurv-NET,2022-23,2023,16,75-84 yr,Overall,Overall,Overall,224.0,1.0,,
Entire Network,FluSurv-NET,2022-23,2023,16,>= 65 yr,Overall,Overall,Overall,178.0,0.6,,
Entire Network,FluSurv-NET,2022-23,2023,16,>= 75,Overall,Overall,Overall,258.0,1.1,,
Entire Network,FluSurv-NET,2022-23,2023,16,>= 85,Overall,Overall,Overall,349.0,1.4,,
Entire Network,FluSurv-NET,2022-23,2023,16,Adults,Overall,Overall,Overall,67.0,0.2,,
Entire Network,FluSurv-NET,2022-23,2023,16,Overall,Female,Overall,Overall,67.0,0.2,,
Entire Network,FluSurv-NET,2022-23,2023,16,Overall,Male,Overall,Overall,57.0,0.2,,
Entire Network,FluSurv-NET,2022-23,2023,16,Overall,Overall,"American Indian/Alaska Native, NH",Overall,96.0,1.1,103.0508432651798,1.1190846280890265
Entire Network,FluSurv-NET,2022-23,2023,16,Overall,Overall,"Asian/Pacific Islander, NH",Overall,30.0,0.2,32.390048876459694,0.17614971848149644
Entire Network,FluSurv-NET,2022-23,2023,16,Overall,Overall,"Black, NH",Overall,91.0,0.4,98.70034975988757,0.37282702585548316
Entire Network,FluSurv-NET,2022-23,2023,16,Overall,Overall,Hispanic,Overall,56.0,0.2,70.10791246429467,0.37008502099773444
Entire Network,FluSurv-NET,2022-23,2023,16,Overall,Overall,Overall,Overall,62.0,0.2,,
Entire Network,FluSurv-NET,2022-23,2023,16,Overall,Overall,"White, NH",Overall,58.0,0.1,50.960154904961904,0.12303867702533654
Entire Network,FluSurv-NET,2022-23,2023,16,Pediatrics,Overall,Overall,Overall,44.0,0.1,,
Georgia,FluSurv-NET,2022-23,2023,16,Overall,Overall,Overall,Overall,53.0,0.2,,
Maryland,FluSurv-NET,2022-23,2023,16,Overall,Overall,Overall,Overall,69.0,0.2,,
Michigan,FluSurv-NET,2022-23,2023,16,Overall,Overall,Overall,Overall,64.0,0.1,,
Minnesota,FluSurv-NET,2022-23,2023,16,Overall,Overall,Overall,Overall,62.0,0.3,,
New Mexico,FluSurv-NET,2022-23,2023,16,Overall,Overall,Overall,Overall,100.0,0.6,,
New York,FluSurv-NET,2022-23,2023,16,Overall,Overall,Overall,Overall,85.0,0.2,,
Ohio,FluSurv-NET,2022-23,2023,16,Overall,Overall,Overall,Overall,54.0,0.2,,
Oregon,FluSurv-NET,2022-23,2023,16,Overall,Overall,Overall,Overall,59.0,0.0,,
Tennessee,FluSurv-NET,2022-23,2023,16,Overall,Overall,Overall,Overall,66.0,0.2,,
Utah,FluSurv-NET,2022-23,2023,16,Overall,Overall,Overall,Overall,52.0,0.4,,
California,FluSurv-NET,2022-23,2023,17,Overall,Overall,Overall,Overall,43.0,0.0,,
Colorado,FluSurv-NET,2022-23,2023,17,Overall,Overall,Overall,Overall,52.0,0.0,,
Connecticut,FluSurv-NET,2022-23,2023,17,Overall,Overall,Overall,Overall,103.0,0.1,,
Entire Network,FluSurv-NET,2022-23,2023,17,0-4 yr,Overall,Overall,Overall,85.0,0.1,,
Entire Network,FluSurv-NET,2022-23,2023,17,0-<1 yr,Overall,Overall,Overall,117.0,0.0,,
Entire Network,FluSurv-NET,2022-23,2023,17,1-4 yr,Overall,Overall,Overall,77.0,0.2,,
Entire Network,FluSurv-NET,2022-23,2023,17,12-17 yr,Overall,Overall,Overall,19.0,0.0,,
Entire Network,FluSurv-NET,2022-23,2023,17,18-29 yr,Overall,Overall,Overall,24.0,0.1,,
Entire Network,FluSurv-NET,2022-23,2023,17,18-49 yr,Overall,Overall,Overall,27.0,0.1,,
Entire Network,FluSurv-NET,2022-23,2023,17,30-39 yr,Overall,Overall,Overall,29.0,0.2,,
Entire Network,FluSurv-NET,2022-23,2023,17,40-49 yr,Overall,Overall,Overall,29.0,0.1,,
Entire Network,FluSurv-NET,2022-23,2023,17,5-11 yr,Overall,Overall,Overall,39.0,0.2,,
Entire Network,FluSurv-NET,2022-23,2023,17,5-17 yr,Overall,Overall,Overall,30.0,0.1,,
Entire Network,FluSurv-NET,2022-23,2023,17,50-64 yr,Overall,Overall,Overall,68.0,0.1,,
Entire Network,FluSurv-NET,2022-23,2023,17,65-74 yr,Overall,Overall,Overall,124.0,0.2,,
Entire Network,FluSurv-NET,2022-23,2023,17,75-84 yr,Overall,Overall,Overall,225.0,0.2,,
Entire Network,FluSurv-NET,2022-23,2023,17,>= 65 yr,Overall,Overall,Overall,179.0,0.2,,
Entire Network,FluSurv-NET,2022-23,2023,17,>= 75,Overall,Overall,Overall,258.0,0.3,,
Entire Network,FluSurv-NET,2022-23,2023,17,>= 85,Overall,Overall,Overall,350.0,0.4,,
Entire Network,FluSurv-NET,2022-23,2023,17,Adults,Overall,Overall,Overall,67.0,0.1,,
Entire Network,FluSurv-NET,2022-23,2023,17,Overall,Female,Overall,Overall,67.0,0.1,,
Entire Network,FluSurv-NET,2022-23,2023,17,Overall,Male,Overall,Overall,57.0,0.1,,
Entire Network,FluSurv-NET,2022-23,2023,17,Overall,Overall,"American Indian/Alaska Native, NH",Overall,97.0,0.6,103.65661599922107,0.6057727340412645
Entire Network,FluSurv-NET,2022-23,2023,17,Overall,Overall,"Asian/Pacific Islander, NH",Overall,30.0,0.1,32.46398199740891,0.073933120949214
Entire Network,FluSurv-NET,2022-23,2023,17,Overall,Overall,"Black, NH",Overall,92.0,0.3,98.99139904412631,0.2910492842387348
Entire Network,FluSurv-NET,2022-23,2023,17,Overall,Overall,Hispanic,Overall,56.0,0.0,70.1291175249497,0.021205060655035177
Entire Network,FluSurv-NET,2022-23,2023,17,Overall,Overall,Overall,Overall,62.0,0.1,,
Entire Network,FluSurv-NET,2022-23,2023,17,Overall,Overall,"White, NH",Overall,58.0,0.1,51.055844895122064,0.09568999016016384
Entire Network,FluSurv-NET,2022-23,2023,17,Pediatrics,Overall,Overall,Overall,44.0,0.1,,
Georgia,FluSurv-NET,2022-23,2023,17,Overall,Overall,Overall,Overall,53.0,0.3,,
Maryland,FluSurv-NET,2022-23,2023,17,Overall,Overall,Overall,Overall,69.0,0.1,,
Michigan,FluSurv-NET,2022-23,2023,17,Overall,Overall,Overall,Overall,64.0,0.1,,
Minnesota,FluSurv-NET,2022-23,2023,17,Overall,Overall,Overall,Overall,62.0,0.3,,
New Mexico,FluSurv-NET,2022-23,2023,17,Overall,Overall,Overall,Overall,100.0,0.1,,
New York,FluSurv-NET,2022-23,2023,17,Overall,Overall,Overall,Overall,85.0,0.1,,
Ohio,FluSurv-NET,2022-23,2023,17,Overall,Overall,Overall,Overall,54.0,0.0,,
Oregon,FluSurv-NET,2022-23,2023,17,Overall,Overall,Overall,Overall,59.0,0.0,,
Tennessee,FluSurv-NET,2022-23,2023,17,Overall,Overall,Overall,Overall,66.0,0.2,,
Utah,FluSurv-NET,2022-23,2023,17,Overall,Overall,Overall,Overall,52.0,0.0,,
California,FluSurv-NET,2022-23,2023,18,Overall,Overall,Overall,Overall,43.0,0.0,,
Colorado,FluSurv-NET,2022-23,2023,18,Overall,Overall,Overall,Overall,52.0,0.0,,
Connecticut,FluSurv-NET,2022-23,2023,18,Overall,Overall,Overall,Overall,103.0,0.0,,
Entire Network,FluSurv-NET,2022-23,2023,18,0-4 yr,Overall,Overall,Overall,85.0,0.1,,
Entire Network,FluSurv-NET,2022-23,2023,18,0-<1 yr,Overall,Overall,Overall,117.0,0.3,,
Entire Network,FluSurv-NET,2022-23,2023,18,1-4 yr,Overall,Overall,Overall,77.0,0.1,,
Entire Network,FluSurv-NET,2022-23,2023,18,12-17 yr,Overall,Overall,Overall,19.0,0.0,,
Entire Network,FluSurv-NET,2022-23,2023,18,18-29 yr,Overall,Overall,Overall,24.0,0.0,,
Entire Network,FluSurv-NET,2022-23,2023,18,18-49 yr,Overall,Overall,Overall,27.0,0.0,,
Entire Network,FluSurv-NET,2022-23,2023,18,30-39 yr,Overall,Overall,Overall,29.0,0.0,,
Entire Network,FluSurv-NET,2022-23,2023,18,40-49 yr,Overall,Overall,Overall,29.0,0.1,,
Entire Network,FluSurv-NET,2022-23,2023,18,5-11 yr,Overall,Overall,Overall,39.0,0.0,,
Entire Network,FluSurv-NET,2022-23,2023,18,5-17 yr,Overall,Overall,Overall,30.0,0.0,,
Entire Network,FluSurv-NET,2022-23,2023,18,50-64 yr,Overall,Overall,Overall,68.0,0.1,,
Entire Network,FluSurv-NET,2022-23,2023,18,65-74 yr,Overall,Overall,Overall,124.0,0.0,,
Entire Network,FluSurv-NET,2022-23,2023,18,75-84 yr,Overall,Overall,Overall,225.0,0.0,,
Entire Network,FluSurv-NET,2022-23,2023,18,>= 65 yr,Overall,Overall,Overall,179.0,0.1,,
Entire Network,FluSurv-NET,2022-23,2023,18,>= 75,Overall,Overall,Overall,259.0,0.2,,
Entire Network,FluSurv-NET,2022-23,2023,18,>= 85,Overall,Overall,Overall,350.0,0.6,,
Entire Network,FluSurv-NET,2022-23,2023,18,Adults,Overall,Overall,Overall,67.0,0.0,,
Entire Network,FluSurv-NET,2022-23,2023,18,Overall,Female,Overall,Overall,67.0,0.1,,
Entire Network,FluSurv-NET,2022-23,2023,18,Overall,Male,Overall,Overall,57.0,0.0,,
Entire Network,FluSurv-NET,2022-23,2023,18,Overall,Overall,"American Indian/Alaska Native, NH",Overall,97.0,0.0,103.65661599922107,0.0
Entire Network,FluSurv-NET,2022-23,2023,18,Overall,Overall,"Asian/Pacific Islander, NH",Overall,30.0,0.0,32.46398199740891,0.0
Entire Network,FluSurv-NET,2022-23,2023,18,Overall,Overall,"Black, NH",Overall,92.0,0.1,99.04903974684296,0.05764070271663695
Entire Network,FluSurv-NET,2022-23,2023,18,Overall,Overall,Hispanic,Overall,56.0,0.0,70.15032258560474,0.021205060655035177
Entire Network,FluSurv-NET,2022-23,2023,18,Overall,Overall,Overall,Overall,62.0,0.0,,
Entire Network,FluSurv-NET,2022-23,2023,18,Overall,Overall,"White, NH",Overall,58.0,0.1,51.10417038336003,0.04832548823796993
Entire Network,FluSurv-NET,2022-23,2023,18,Pediatrics,Overall,Overall,Overall,44.0,0.1,,
Georgia,FluSurv-NET,2022-23,2023,18,Overall,Overall,Overall,Overall,53.0,0.1,,
Maryland,FluSurv-NET,2022-23,2023,18,Overall,Overall,Overall,Overall,69.0,0.0,,
Michigan,FluSurv-NET,2022-23,2023,18,Overall,Overall,Overall,Overall,64.0,0.1,,
Minnesota,FluSurv-NET,2022-23,2023,18,Overall,Overall,Overall,Overall,62.0,0.0,,
New Mexico,FluSurv-NET,2022-23,2023,18,Overall,Overall,Overall,Overall,101.0,0.3,,
New York,FluSurv-NET,2022-23,2023,18,Overall,Overall,Overall,Overall,85.0,0.1,,
Ohio,FluSurv-NET,2022-23,2023,18,Overall,Overall,Overall,Overall,54.0,0.0,,
Oregon,FluSurv-NET,2022-23,2023,18,Overall,Overall,Overall,Overall,59.0,0.0,,
Tennessee,FluSurv-NET,2022-23,2023,18,Overall,Overall,Overall,Overall,66.0,0.0,,
Utah,FluSurv-NET,2022-23,2023,18,Overall,Overall,Overall,Overall,53.0,0.1,,
California,FluSurv-NET,2023-24,2023,40,Overall,Overall,Overall,Overall,0.0,0.3,,
Colorado,FluSurv-NET,2023-24,2023,40,Overall,Overall,Overall,Overall,0.0,0.1,,
Connecticut,FluSurv-NET,2023-24,2023,40,Overall,Overall,Overall,Overall,0.0,0.0,,
Entire Network,FluSurv-NET,2023-24,2023,40,0-4 yr,Overall,Overall,Overall,0.0,0.4,,
Entire Network,FluSurv-NET,2023-24,2023,40,0-<1 yr,Overall,Overall,Overall,0.0,0.3,,
Entire Network,FluSurv-NET,2023-24,2023,40,1-4 yr,Overall,Overall,Overall,0.0,0.4,,
Entire Network,FluSurv-NET,2023-24,2023,40,12-17 yr,Overall,Overall,Overall,0.0,0.0,,
Entire Network,FluSurv-NET,2023-24,2023,40,18-29 yr,Overall,Overall,Overall,0.0,0.0,,
Entire Network,FluSurv-NET,2023-24,2023,40,18-49 yr,Overall,Overall,Overall,0.0,0.1,,
Entire Network,FluSurv-NET,2023-24,2023,40,30-39 yr,Overall,Overall,Overall,0.0,0.1,,
Entire Network,FluSurv-NET,2023-24,2023,40,40-49 yr,Overall,Overall,Overall,0.0,0.1,,
Entire Network,FluSurv-NET,2023-24,2023,40,5-11 yr,Overall,Overall,Overall,0.0,0.1,,
Entire Network,FluSurv-NET,2023-24,2023,40,5-17 yr,Overall,Overall,Overall,0.0,0.1,,
Entire Network,FluSurv-NET,2023-24,2023,40,50-64 yr,Overall,Overall,Overall,0.0,0.2,,
Entire Network,FluSurv-NET,2023-24,2023,40,65-74 yr,Overall,Overall,Overall,0.0,0.4,,
Entire Network,FluSurv-NET,2023-24,2023,40,75-84 yr,Overall,Overall,Overall,1.0,1.1,,
Entire Network,FluSurv-NET,2023-24,2023,40,>= 65 yr,Overall,Overall,Overall,1.0,0.7,,
Entire Network,FluSurv-NET,2023-24,2023,40,>= 75,Overall,Overall,Overall,1.0,1.0,,
Entire Network,FluSurv-NET,2023-24,2023,40,>= 85,Overall,Overall,Overall,1.0,0.8,,
Entire Network,FluSurv-NET,2023-24,2023,40,Adults,Overall,Overall,Overall,0.0,0.2,,
Entire Network,FluSurv-NET,2023-24,2023,40,Overall,Female,Overall,Overall,0.0,0.2,,
Entire Network,FluSurv-NET,2023-24,2023,40,Overall,Male,Overall,Overall,0.0,0.2,,
Entire Network,FluSurv-NET,2023-24,2023,40,Overall,Overall,"American Indian/Alaska Native, NH",Overall,0.0,0.0,0.0,0.0
Entire Network,FluSurv-NET,2023-24,2023,40,Overall,Overall,"Asian/Pacific Islander, NH",Overall,0.0,0.3,0.31165582748332266,0.31165582748332266
Entire Network,FluSurv-NET,2023-24,2023,40,Overall,Overall,"Black, NH",Overall,0.0,0.3,0.2856474059317148,0.2856474059317148
Entire Network,FluSurv-NET,2023-24,2023,40,Overall,Overall,Hispanic,Overall,0.0,0.2,0.22073438500493037,0.22073438500493037
Entire Network,FluSurv-NET,2023-24,2023,40,Overall,Overall,Overall,Overall,0.0,0.2,,
Entire Network,FluSurv-NET,2023-24,2023,40,Overall,Overall,"White, NH",Overall,0.0,0.2,0.16602925642725494,0.16602925642725494
Entire Network,FluSurv-NET,2023-24,2023,40,Pediatrics,Overall,Overall,Overall,0.0,0.1,,
Georgia,FluSurv-NET,2023-24,2023,40,Overall,Overall,Overall,Overall,0.0,0.2,,
Maryland,FluSurv-NET,2023-24,2023,40,Overall,Overall,Overall,Overall,0.0,0.1,,
Michigan,FluSurv-NET,2023-24,2023,40,Overall,Overall,Overall,Overall,0.0,0.2,,
Minnesota,FluSurv-NET,2023-24,2023,40,Overall,Overall,Overall,Overall,0.0,0.1,,
New Mexico,FluSurv-NET,2023-24,2023,40,Overall,Overall,Overall,Overall,0.0,0.3,,
New York,FluSurv-NET,2023-24,2023,40,Overall,Overall,Overall,Overall,0.0,0.2,,
North Carolina,FluSurv-NET,2023-24,2023,40,Overall,Overall,Overall,Overall,0.0,0.3,,
Ohio,FluSurv-NET,2023-24,2023,40,Overall,Overall,Overall,Overall,0.0,0.2,,
Oregon,FluSurv-NET,2023-24,2023,40,Overall,Overall,Overall,Overall,0.0,0.4,,
Tennessee,FluSurv-NET,2023-24,2023,40,Overall,Overall,Overall,Overall,0.0,0.1,,
Utah,FluSurv-NET,2023-24,2023,40,Overall,Overall,Overall,Overall,1.0,0.6,,
California,FluSurv-NET,2023-24,2023,41,Overall,Overall,Overall,Overall,1.0,0.2,,
Colorado,FluSurv-NET,2023-24,2023,41,Overall,Overall,Overall,Overall,1.0,0.4,,
Connecticut,FluSurv-NET,2023-24,2023,41,Overall,Overall,Overall,Overall,0.0,0.1,,
Entire Network,FluSurv-NET,2023-24,2023,41,0-4 yr,Overall,Overall,Overall,1.0,0.2,,
Entire Network,FluSurv-NET,2023-24,2023,41,0-<1 yr,Overall,Overall,Overall,1.0,0.6,,
Entire Network,FluSurv-NET,2023-24,2023,41,1-4 yr,Overall,Overall,Overall,1.0,0.2,,
Entire Network,FluSurv-NET,2023-24,2023,41,12-17 yr,Overall,Overall,Overall,0.0,0.0,,
Entire Network,FluSurv-NET,2023-24,2023,41,18-29 yr,Overall,Overall,Overall,0.0,0.0,,
Entire Network,FluSurv-NET,2023-24,2023,41,18-49 yr,Overall,Overall,Overall,0.0,0.1,,
Entire Network,FluSurv-NET,2023-24,2023,41,30-39 yr,Overall,Overall,Overall,0.0,0.2,,
Entire Network,FluSurv-NET,2023-24,2023,41,40-49 yr,Overall,Overall,Overall,0.0,0.1,,
Entire Network,FluSurv-NET,2023-24,2023,41,5-11 yr,Overall,Overall,Overall,0.0,0.1,,
Entire Network,FluSurv-NET,2023-24,2023,41,5-17 yr,Overall,Overall,Overall,0.0,0.1,,
Entire Network,FluSurv-NET,2023-24,2023,41,50-64 yr,Overall,Overall,Overall,0.0,0.3,,
Entire Network,FluSurv-NET,2023-24,2023,41,65-74 yr,Overall,Overall,Overall,1.0,0.6,,
Entire Network,FluSurv-NET,2023-24,2023,41,75-84 yr,Overall,Overall,Overall,2.0,0.9,,
Entire Network,FluSurv-NET,2023-24,2023,41,>= 65 yr,Overall,Overall,Overall,1.0,0.7,,
Entire Network,FluSurv-NET,2023-24,2023,41,>= 75,Overall,Overall,Overall,2.0,0.8,,
Entire Network,FluSurv-NET,2023-24,2023,41,>= 85,Overall,Overall,Overall,1.0,0.6,,
Entire Network,FluSurv-NET,2023-24,2023,41,Adults,Overall,Overall,Overall,1.0,0.3,,
Entire Network,FluSurv-NET,2023-24,2023,41,Overall,Female,Overall,Overall,0.0,0.2,,
Entire Network,FluSurv-NET,2023-24,2023,41,Overall,Male,Overall,Overall,0.0,0.3,,
Entire Network,FluSurv-NET,2023-24,2023,41,Overall,Overall,"American Indian/Alaska Native, NH",Overall,1.0,1.1,1.2148768900469822,1.2148768900469822
Entire Network,FluSurv-NET,2023-24,2023,41,Overall,Overall,"Asian/Pacific Islander, NH",Overall,0.0,0.1,0.4358088436413004,0.12415301615797772
Entire Network,FluSurv-NET,2023-24,2023,41,Overall,Overall,"Black, NH",Overall,1.0,0.3,0.5686341671323718,0.282986761200657
Entire Network,FluSurv-NET,2023-24,2023,41,Overall,Overall,Hispanic,Overall,0.0,0.1,0.42067539505719775,0.19994101005226736
Entire Network,FluSurv-NET,2023-24,2023,41,Overall,Overall,Overall,Overall,0.0,0.2,,
Entire Network,FluSurv-NET,2023-24,2023,41,Overall,Overall,"White, NH",Overall,0.0,0.2,0.3842237241355061,0.21819446770825124
Entire Network,FluSurv-NET,2023-24,2023,41,Pediatrics,Overall,Overall,Overall,0.0,0.1,,
Georgia,FluSurv-NET,2023-24,2023,41,Overall,Overall,Overall,Overall,1.0,0.3,,
Maryland,FluSurv-NET,2023-24,2023,41,Overall,Overall,Overall,Overall,0.0,0.2,,
Michigan,FluSurv-NET,2023-24,2023,41,Overall,Overall,Overall,Overall,0.0,0.0,,
Minnesota,FluSurv-NET,2023-24,2023,41,Overall,Overall,Overall,Overall,0.0,0.1,,
New Mexico,FluSurv-NET,2023-24,2023,41,Overall,Overall,Overall,Overall,1.0,0.7,,
New York,FluSurv-NET,2023-24,2023,41,Overall,Overall,Overall,Overall,0.0,0.1,,
North Carolina,FluSurv-NET,2023-24,2023,41,Overall,Overall,Overall,Overall,1.0,0.4,,
Ohio,FluSurv-NET,2023-24,2023,41,Overall,Overall,Overall,Overall,0.0,0.1,,
Oregon,FluSurv-NET,2023-24,2023,41,Overall,Overall,Overall,Overall,1.0,0.3,,
Tennessee,FluSurv-NET,2023-24,2023,41,Overall,Overall,Overall,Overall,1.0,0.4,,
Utah,FluSurv-NET,2023-24,2023,41,Overall,Overall,Overall,Overall,1.0,0.3,,
California,FluSurv-NET,2023-24,2023,42,Overall,Overall,Overall,Overall,1.0,0.1,,
Colorado,FluSurv-NET,2023-24,2023,42,Overall,Overall,Overall,Overall,1.0,0.5,,
Connecticut,FluSurv-NET,2023-24,2023,42,Overall,Overall,Overall,Overall,0.0,0.2,,
Entire Network,FluSurv-NET,2023-24,2023,42,0-4 yr,Overall,Overall,Overall,1.0,0.3,,
Entire Network,FluSurv-NET,2023-24,2023,42,0-<1 yr,Overall,Overall,Overall,1.0,0.3,,
Entire Network,FluSurv-NET,2023-24,2023,42,1-4 yr,Overall,Overall,Overall,1.0,0.3,,
Entire Network,FluSurv-NET,2023-24,2023,42,12-17 yr,Overall,Overall,Overall,0.0,0.0,,
Entire Network,FluSurv-NET,2023-24,2023,42,18-29 yr,Overall,Overall,Overall,0.0,0.1,,
Entire Network,FluSurv-NET,2023-24,2023,42,18-49 yr,Overall,Overall,Overall,0.0,0.1,,
Entire Network,FluSurv-NET,2023-24,2023,42,30-39 yr,Overall,Overall,Overall,0.0,0.1,,
Entire Network,FluSurv-NET,2023-24,2023,42,40-49 yr,Overall,Overall,Overall,0.0,0.2,,
Entire Network,FluSurv-NET,2023-24,2023,42,5-11 yr,Overall,Overall,Overall,0.0,0.2,,
Entire Network,FluSurv-NET,2023-24,2023,42,5-17 yr,Overall,Overall,Overall,0.0,0.1,,
Entire Network,FluSurv-NET,2023-24,2023,42,50-64 yr,Overall,Overall,Overall,1.0,0.4,,
Entire Network,FluSurv-NET,2023-24,2023,42,65-74 yr,Overall,Overall,Overall,2.0,0.5,,
Entire Network,FluSurv-NET,2023-24,2023,42,75-84 yr,Overall,Overall,Overall,3.0,0.9,,
Entire Network,FluSurv-NET,2023-24,2023,42,>= 65 yr,Overall,Overall,Overall,2.0,0.6,,
Entire Network,FluSurv-NET,2023-24,2023,42,>= 75,Overall,Overall,Overall,3.0,0.8,,
Entire Network,FluSurv-NET,2023-24,2023,42,>= 85,Overall,Overall,Overall,2.0,0.8,,
Entire Network,FluSurv-NET,2023-24,2023,42,Adults,Overall,Overall,Overall,1.0,0.3,,
Entire Network,FluSurv-NET,2023-24,2023,42,Overall,Female,Overall,Overall,1.0,0.3,,
Entire Network,FluSurv-NET,2023-24,2023,42,Overall,Male,Overall,Overall,1.0,0.2,,
Entire Network,FluSurv-NET,2023-24,2023,42,Overall,Overall,"American Indian/Alaska Native, NH",Overall,1.0,0.0,1.2148768900469822,0.0
Entire Network,FluSurv-NET,2023-24,2023,42,Overall,Overall,"Asian/Pacific Islander, NH",Overall,1.0,0.1,0.5930078305185812,0.15719898687728084
Entire Network,FluSurv-NET,2023-24,2023,42,Overall,Overall,"Black, NH",Overall,1.0,0.4,1.023176144995456,0.45454197786308403
Entire Network,FluSurv-NET,2023-24,2023,42,Overall,Overall,Hispanic,Overall,1.0,0.3,0.8934680142812544,0.4727926192240568
Entire Network,FluSurv-NET,2023-24,2023,42,Overall,Overall,Overall,Overall,1.0,0.3,,
Entire Network,FluSurv-NET,2023-24,2023,42,Overall,Overall,"White, NH",Overall,1.0,0.2,0.5572936434508688,0.17306991931536267
Entire Network,FluSurv-NET,2023-24,2023,42,Pediatrics,Overall,Overall,Overall,0.0,0.2,,
Georgia,FluSurv-NET,2023-24,2023,42,Overall,Overall,Overall,Overall,1.0,0.4,,
Maryland,FluSurv-NET,2023-24,2023,42,Overall,Overall,Overall,Overall,1.0,0.3,,
Michigan,FluSurv-NET,2023-24,2023,42,Overall,Overall,Overall,Overall,0.0,0.2,,
Minnesota,FluSurv-NET,2023-24,2023,42,Overall,Overall,Overall,Overall,0.0,0.0,,
New Mexico,FluSurv-NET,2023-24,2023,42,Overall,Overall,Overall,Overall,1.0,0.3,,
New York,FluSurv-NET,2023-24,2023,42,Overall,Overall,Overall,Overall,1.0,0.3,,
North Carolina,FluSurv-NET,2023-24,2023,42,Overall,Overall,Overall,Overall,1.0,0.5,,
Ohio,FluSurv-NET,2023-24,2023,42,Overall,Overall,Overall,Overall,1.0,0.3,,
Oregon,FluSurv-NET,2023-24,2023,42,Overall,Overall,Overall,Overall,1.0,0.1,,
Tennessee,FluSurv-NET,2023-24,2023,42,Overall,Overall,Overall,Overall,1.0,0.4,,
Utah,FluSurv-NET,2023-24,2023,42,Overall,Overall,Overall,Overall,1.0,0.3,,
California,FluSurv-NET,2023-24,2023,43,Overall,Overall,Overall,Overall,1.0,0.1,,
Colorado,FluSurv-NET,2023-24,2023,43,Overall,Overall,Overall,Overall,2.0,0.8,,
Connecticut,FluSurv-NET,2023-24,2023,43,Overall,Overall,Overall,Overall,0.0,0.2,,
Entire Network,FluSurv-NET,2023-24,2023,43,0-4 yr,Overall,Overall,Overall,1.0,0.2,,
Entire Network,FluSurv-NET,2023-24,2023,43,0-<1 yr,Overall,Overall,Overall,2.0,0.3,,
Entire Network,FluSurv-NET,2023-24,2023,43,1-4 yr,Overall,Overall,Overall,1.0,0.2,,
Entire Network,FluSurv-NET,2023-24,2023,43,12-17 yr,Overall,Overall,Overall,0.0,0.1,,
Entire Network,FluSurv-NET,2023-24,2023,43,18-29 yr,Overall,Overall,Overall,0.0,0.1,,
Entire Network,FluSurv-NET,2023-24,2023,43,18-49 yr,Overall,Overall,Overall,1.0,0.2,,
Entire Network,FluSurv-NET,2023-24,2023,43,30-39 yr,Overall,Overall,Overall,1.0,0.2,,
Entire Network,FluSurv-NET,2023-24,2023,43,40-49 yr,Overall,Overall,Overall,1.0,0.2,,
Entire Network,FluSurv-NET,2023-24,2023,43,5-11 yr,Overall,Overall,Overall,1.0,0.3,,
Entire Network,FluSurv-NET,2023-24,2023,43,5-17 yr,Overall,Overall,Overall,0.0,0.2,,
Entire Network,FluSurv-NET,2023-24,2023,43,50-64 yr,Overall,Overall,Overall,1.0,0.3,,
Entire Network,FluSurv-NET,2023-24,2023,43,65-74 yr,Overall,Overall,Overall,2.0,0.4,,
Entire Network,FluSurv-NET,2023-24,2023,43,75-84 yr,Overall,Overall,Overall,4.0,0.9,,
Entire Network,FluSurv-NET,2023-24,2023,43,>= 65 yr,Overall,Overall,Overall,3.0,0.5,,
Entire Network,FluSurv-NET,2023-24,2023,43,>= 75,Overall,Overall,Overall,3.0,0.8,,
Entire Network,FluSurv-NET,2023-24,2023,43,>= 85,Overall,Overall,Overall,3.0,0.6,,
Entire Network,FluSurv-NET,2023-24,2023,43,Adults,Overall,Overall,Overall,1.0,0.3,,
Entire Network,FluSurv-NET,2023-24,2023,43,Overall,Female,Overall,Overall,1.0,0.3,,
Entire Network,FluSurv-NET,2023-24,2023,43,Overall,Male,Overall,Overall,1.0,0.2,,
Entire Network,FluSurv-NET,2023-24,2023,43,Overall,Overall,"American Indian/Alaska Native, NH",Overall,1.0,0.0,1.2148768900469822,0.0
Entire Network,FluSurv-NET,2023-24,2023,43,Overall,Overall,"Asian/Pacific Islander, NH",Overall,1.0,0.3,0.892817114640998,0.2998092841224167
Entire Network,FluSurv-NET,2023-24,2023,43,Overall,Overall,"Black, NH",Overall,1.0,0.4,1.4685438243964808,0.44536767940102473
Entire Network,FluSurv-NET,2023-24,2023,43,Overall,Overall,Hispanic,Overall,1.0,0.4,1.3307345021684787,0.43726648788722394
Entire Network,FluSurv-NET,2023-24,2023,43,Overall,Overall,Overall,Overall,1.0,0.3,,
Entire Network,FluSurv-NET,2023-24,2023,43,Overall,Overall,"White, NH",Overall,1.0,0.2,0.7162984451125931,0.1590048016617242
Entire Network,FluSurv-NET,2023-24,2023,43,Pediatrics,Overall,Overall,Overall,1.0,0.2,,
Georgia,FluSurv-NET,2023-24,2023,43,Overall,Overall,Overall,Overall,1.0,0.4,,
Maryland,FluSurv-NET,2023-24,2023,43,Overall,Overall,Overall,Overall,1.0,0.2,,
Michigan,FluSurv-NET,2023-24,2023,43,Overall,Overall,Overall,Overall,0.0,0.0,,
Minnesota,FluSurv-NET,2023-24,2023,43,Overall,Overall,Overall,Overall,0.0,0.0,,
New Mexico,FluSurv-NET,2023-24,2023,43,Overall,Overall,Overall,Overall,2.0,0.2,,
New York,FluSurv-NET,2023-24,2023,43,Overall,Overall,Overall,Overall,1.0,0.4,,
North Carolina,FluSurv-NET,2023-24,2023,43,Overall,Overall,Overall,Overall,2.0,0.3,,
Ohio,FluSurv-NET,2023-24,2023,43,Overall,Overall,Overall,Overall,1.0,0.0,,
Oregon,FluSurv-NET,2023-24,2023,43,Overall,Overall,Overall,Overall,1.0,0.1,,
Tennessee,FluSurv-NET,2023-24,2023,43,Overall,Overall,Overall,Overall,1.0,0.5,,
Utah,FluSurv-NET,2023-24,2023,43,Overall,Overall,Overall,Overall,1.0,0.1,,
California,FluSurv-NET,2023-24,2023,44,Overall,Overall,Overall,Overall,1.0,0.3,,
Colorado,FluSurv-NET,2023-24,2023,44,Overall,Overall,Overall,Overall,3.0,0.8,,
Connecticut,FluSurv-NET,2023-24,2023,44,Overall,Overall,Overall,Overall,1.0,0.2,,
Entire Network,FluSurv-NET,2023-24,2023,44,0-4 yr,Overall,Overall,Overall,2.0,0.8,,
Entire Network,FluSurv-NET,2023-24,2023,44,0-<1 yr,Overall,Overall,Overall,3.0,1.5,,
Entire Network,FluSurv-NET,2023-24,2023,44,1-4 yr,Overall,Overall,Overall,2.0,0.7,,
Entire Network,FluSurv-NET,2023-24,2023,44,12-17 yr,Overall,Overall,Overall,0.0,0.1,,
Entire Network,FluSurv-NET,2023-24,2023,44,18-29 yr,Overall,Overall,Overall,1.0,0.2,,
Entire Network,FluSurv-NET,2023-24,2023,44,18-49 yr,Overall,Overall,Overall,1.0,0.2,,
Entire Network,FluSurv-NET,2023-24,2023,44,30-39 yr,Overall,Overall,Overall,1.0,0.2,,
Entire Network,FluSurv-NET,2023-24,2023,44,40-49 yr,Overall,Overall,Overall,1.0,0.2,,
Entire Network,FluSurv-NET,2023-24,2023,44,5-11 yr,Overall,Overall,Overall,1.0,0.3,,
Entire Network,FluSurv-NET,2023-24,2023,44,5-17 yr,Overall,Overall,Overall,1.0,0.2,,
Entire Network,FluSurv-NET,2023-24,2023,44,50-64 yr,Overall,Overall,Overall,2.0,0.6,,
Entire Network,FluSurv-NET,2023-24,2023,44,65-74 yr,Overall,Overall,Overall,3.0,0.8,,
Entire Network,FluSurv-NET,2023-24,2023,44,75-84 yr,Overall,Overall,Overall,5.0,1.6,,
Entire Network,FluSurv-NET,2023-24,2023,44,>= 65 yr,Overall,Overall,Overall,4.0,1.1,,
Entire Network,FluSurv-NET,2023-24,2023,44,>= 75,Overall,Overall,Overall,5.0,1.4,,
Entire Network,FluSurv-NET,2023-24,2023,44,>= 85,Overall,Overall,Overall,3.0,0.6,,
Entire Network,FluSurv-NET,2023-24,2023,44,Adults,Overall,Overall,Overall,2.0,0.5,,
Entire Network,FluSurv-NET,2023-24,2023,44,Overall,Female,Overall,Overall,2.0,0.5,,
Entire Network,FluSurv-NET,2023-24,2023,44,Overall,Male,Overall,Overall,1.0,0.4,,
Entire Network,FluSurv-NET,2023-24,2023,44,Overall,Overall,"American Indian/Alaska Native, NH",Overall,2.0,0.5,1.8557326446012616,0.6408557545542792
Entire Network,FluSurv-NET,2023-24,2023,44,Overall,Overall,"Asian/Pacific Islander, NH",Overall,1.0,0.4,1.349861381873481,0.4570442672324832
Entire Network,FluSurv-NET,2023-24,2023,44,Overall,Overall,"Black, NH",Overall,2.0,0.8,2.261659469490037,0.7931156450935561
Entire Network,FluSurv-NET,2023-24,2023,44,Overall,Overall,Hispanic,Overall,2.0,0.4,1.8784040291052957,0.5476695269368173
Entire Network,FluSurv-NET,2023-24,2023,44,Overall,Overall,Overall,Overall,1.0,0.5,,
Entire Network,FluSurv-NET,2023-24,2023,44,Overall,Overall,"White, NH",Overall,1.0,0.4,1.0401069178758688,0.3238084727632759
Entire Network,FluSurv-NET,2023-24,2023,44,Pediatrics,Overall,Overall,Overall,1.0,0.4,,
Georgia,FluSurv-NET,2023-24,2023,44,Overall,Overall,Overall,Overall,2.0,0.7,,
Maryland,FluSurv-NET,2023-24,2023,44,Overall,Overall,Overall,Overall,1.0,0.4,,
Michigan,FluSurv-NET,2023-24,2023,44,Overall,Overall,Overall,Overall,0.0,0.0,,
Minnesota,FluSurv-NET,2023-24,2023,44,Overall,Overall,Overall,Overall,1.0,0.4,,
New Mexico,FluSurv-NET,2023-24,2023,44,Overall,Overall,Overall,Overall,2.0,0.7,,
New York,FluSurv-NET,2023-24,2023,44,Overall,Overall,Overall,Overall,1.0,0.3,,
North Carolina,FluSurv-NET,2023-24,2023,44,Overall,Overall,Overall,Overall,2.0,0.8,,
Ohio,FluSurv-NET,2023-24,2023,44,Overall,Overall,Overall,Overall,1.0,0.4,,
Oregon,FluSurv-NET,2023-24,2023,44,Overall,Overall,Overall,Overall,1.0,0.2,,
Tennessee,FluSurv-NET,2023-24,2023,44,Overall,Overall,Overall,Overall,2.0,0.5,,
Utah,FluSurv-NET,2023-24,2023,44,Overall,Overall,Overall,Overall,2.0,0.3,,
California,FluSurv-NET,2023-24,2023,45,Overall,Overall,Overall,Overall,2.0,0.8,,
Colorado,FluSurv-NET,2023-24,2023,45,Overall,Overall,Overall,Overall,4.0,1.4,,
Connecticut,FluSurv-NET,2023-24,2023,45,Overall,Overall,Overall,Overall,1.0,0.7,,
Entire Network,FluSurv-NET,2023-24,2023,45,0-4 yr,Overall,Overall,Overall,3.0,0.8,,
Entire Network,FluSurv-NET,2023-24,2023,45,0-<1 yr,Overall,Overall,Overall,5.0,2.1,,
Entire Network,FluSurv-NET,2023-24,2023,45,1-4 yr,Overall,Overall,Overall,2.0,0.5,,
Entire Network,FluSurv-NET,2023-24,2023,45,12-17 yr,Overall,Overall,Overall,1.0,0.3,,
Entire Network,FluSurv-NET,2023-24,2023,45,18-29 yr,Overall,Overall,Overall,1.0,0.2,,
Entire Network,FluSurv-NET,2023-24,2023,45,18-49 yr,Overall,Overall,Overall,1.0,0.4,,
Entire Network,FluSurv-NET,2023-24,2023,45,30-39 yr,Overall,Overall,Overall,1.0,0.5,,
Entire Network,FluSurv-NET,2023-24,2023,45,40-49 yr,Overall,Overall,Overall,1.0,0.4,,
Entire Network,FluSurv-NET,2023-24,2023,45,5-11 yr,Overall,Overall,Overall,2.0,0.9,,
Entire Network,FluSurv-NET,2023-24,2023,45,5-17 yr,Overall,Overall,Overall,1.0,0.6,,
Entire Network,FluSurv-NET,2023-24,2023,45,50-64 yr,Overall,Overall,Overall,3.0,1.0,,
Entire Network,FluSurv-NET,2023-24,2023,45,65-74 yr,Overall,Overall,Overall,4.0,1.3,,
Entire Network,FluSurv-NET,2023-24,2023,45,75-84 yr,Overall,Overall,Overall,7.0,2.1,,
Entire Network,FluSurv-NET,2023-24,2023,45,>= 65 yr,Overall,Overall,Overall,5.0,1.6,,
Entire Network,FluSurv-NET,2023-24,2023,45,>= 75,Overall,Overall,Overall,7.0,2.2,,
Entire Network,FluSurv-NET,2023-24,2023,45,>= 85,Overall,Overall,Overall,6.0,2.4,,
Entire Network,FluSurv-NET,2023-24,2023,45,Adults,Overall,Overall,Overall,2.0,0.8,,
Entire Network,FluSurv-NET,2023-24,2023,45,Overall,Female,Overall,Overall,2.0,0.7,,
Entire Network,FluSurv-NET,2023-24,2023,45,Overall,Male,Overall,Overall,2.0,0.8,,
Entire Network,FluSurv-NET,2023-24,2023,45,Overall,Overall,"American Indian/Alaska Native, NH",Overall,3.0,1.6,3.7114652892025233,1.8557326446012616
Entire Network,FluSurv-NET,2023-24,2023,45,Overall,Overall,"Asian/Pacific Islander, NH",Overall,2.0,0.6,1.9753686810585964,0.6255072991851153
Entire Network,FluSurv-NET,2023-24,2023,45,Overall,Overall,"Black, NH",Overall,4.0,1.5,3.8087357432966074,1.5470762738065702
Entire Network,FluSurv-NET,2023-24,2023,45,Overall,Overall,Hispanic,Overall,2.0,0.8,2.7208993867912796,0.8424953576859838
Entire Network,FluSurv-NET,2023-24,2023,45,Overall,Overall,Overall,Overall,2.0,0.8,,
Entire Network,FluSurv-NET,2023-24,2023,45,Overall,Overall,"White, NH",Overall,2.0,0.5,1.4976950552367743,0.4575881373609052
Entire Network,FluSurv-NET,2023-24,2023,45,Pediatrics,Overall,Overall,Overall,2.0,0.7,,
Georgia,FluSurv-NET,2023-24,2023,45,Overall,Overall,Overall,Overall,3.0,1.5,,
Maryland,FluSurv-NET,2023-24,2023,45,Overall,Overall,Overall,Overall,2.0,0.4,,
Michigan,FluSurv-NET,2023-24,2023,45,Overall,Overall,Overall,Overall,1.0,0.2,,
Minnesota,FluSurv-NET,2023-24,2023,45,Overall,Overall,Overall,Overall,1.0,0.7,,
New Mexico,FluSurv-NET,2023-24,2023,45,Overall,Overall,Overall,Overall,3.0,0.5,,
New York,FluSurv-NET,2023-24,2023,45,Overall,Overall,Overall,Overall,2.0,0.5,,
North Carolina,FluSurv-NET,2023-24,2023,45,Overall,Overall,Overall,Overall,3.0,0.8,,
Ohio,FluSurv-NET,2023-24,2023,45,Overall,Overall,Overall,Overall,2.0,0.5,,
Oregon,FluSurv-NET,2023-24,2023,45,Overall,Overall,Overall,Overall,1.0,0.2,,
Tennessee,FluSurv-NET,2023-24,2023,45,Overall,Overall,Overall,Overall,3.0,0.7,,
Utah,FluSurv-NET,2023-24,2023,45,Overall,Overall,Overall,Overall,2.0,0.4,,
California,FluSurv-NET,2023-24,2023,46,Overall,Overall,Overall,Overall,3.0,1.0,,
Colorado,FluSurv-NET,2023-24,2023,46,Overall,Overall,Overall,Overall,6.0,1.6,,
Connecticut,FluSurv-NET,2023-24,2023,46,Overall,Overall,Overall,Overall,2.0,0.8,,
Entire Network,FluSurv-NET,2023-24,2023,46,0-4 yr,Overall,Overall,Overall,4.0,0.7,,
Entire Network,FluSurv-NET,2023-24,2023,46,0-<1 yr,Overall,Overall,Overall,7.0,1.8,,
Entire Network,FluSurv-NET,2023-24,2023,46,1-4 yr,Overall,Overall,Overall,3.0,0.5,,
Entire Network,FluSurv-NET,2023-24,2023,46,12-17 yr,Overall,Overall,Overall,1.0,0.4,,
Entire Network,FluSurv-NET,2023-24,2023,46,18-29 yr,Overall,Overall,Overall,1.0,0.4,,
Entire Network,FluSurv-NET,2023-24,2023,46,18-49 yr,Overall,Overall,Overall,2.0,0.4,,
Entire Network,FluSurv-NET,2023-24,2023,46,30-39 yr,Overall,Overall,Overall,2.0,0.4,,
Entire Network,FluSurv-NET,2023-24,2023,46,40-49 yr,Overall,Overall,Overall,2.0,0.5,,
Entire Network,FluSurv-NET,2023-24,2023,46,5-11 yr,Overall,Overall,Overall,3.0,1.0,,
Entire Network,FluSurv-NET,2023-24,2023,46,5-17 yr,Overall,Overall,Overall,2.0,0.7,,
Entire Network,FluSurv-NET,2023-24,2023,46,50-64 yr,Overall,Overall,Overall,4.0,1.3,,
Entire Network,FluSurv-NET,2023-24,2023,46,65-74 yr,Overall,Overall,Overall,6.0,1.6,,
Entire Network,FluSurv-NET,2023-24,2023,46,75-84 yr,Overall,Overall,Overall,10.0,2.1,,
Entire Network,FluSurv-NET,2023-24,2023,46,>= 65 yr,Overall,Overall,Overall,7.0,2.1,,
Entire Network,FluSurv-NET,2023-24,2023,46,>= 75,Overall,Overall,Overall,10.0,2.8,,
Entire Network,FluSurv-NET,2023-24,2023,46,>= 85,Overall,Overall,Overall,11.0,5.0,,
Entire Network,FluSurv-NET,2023-24,2023,46,Adults,Overall,Overall,Overall,3.0,1.0,,
Entire Network,FluSurv-NET,2023-24,2023,46,Overall,Female,Overall,Overall,3.0,1.0,,
Entire Network,FluSurv-NET,2023-24,2023,46,Overall,Male,Overall,Overall,3.0,0.9,,
Entire Network,FluSurv-NET,2023-24,2023,46,Overall,Overall,"American Indian/Alaska Native, NH",Overall,4.0,0.5,4.2570317012228625,0.5455664120203393
Entire Network,FluSurv-NET,2023-24,2023,46,Overall,Overall,"Asian/Pacific Islander, NH",Overall,3.0,0.7,2.785664795992599,0.8102961149340026
Entire Network,FluSurv-NET,2023-24,2023,46,Overall,Overall,"Black, NH",Overall,5.0,1.8,5.739789474420034,1.931053731123427
Entire Network,FluSurv-NET,2023-24,2023,46,Overall,Overall,Hispanic,Overall,3.0,1.1,4.008621070223895,1.2877216834326162
Entire Network,FluSurv-NET,2023-24,2023,46,Overall,Overall,Overall,Overall,3.0,0.9,,
Entire Network,FluSurv-NET,2023-24,2023,46,Overall,Overall,"White, NH",Overall,2.0,0.7,2.082530714993738,0.5848356597569643
Entire Network,FluSurv-NET,2023-24,2023,46,Pediatrics,Overall,Overall,Overall,2.0,0.7,,
Georgia,FluSurv-NET,2023-24,2023,46,Overall,Overall,Overall,Overall,5.0,2.0,,
Maryland,FluSurv-NET,2023-24,2023,46,Overall,Overall,Overall,Overall,2.0,0.6,,
Michigan,FluSurv-NET,2023-24,2023,46,Overall,Overall,Overall,Overall,1.0,0.5,,
Minnesota,FluSurv-NET,2023-24,2023,46,Overall,Overall,Overall,Overall,2.0,0.3,,
New Mexico,FluSurv-NET,2023-24,2023,46,Overall,Overall,Overall,Overall,3.0,0.5,,
New York,FluSurv-NET,2023-24,2023,46,Overall,Overall,Overall,Overall,3.0,0.8,,
North Carolina,FluSurv-NET,2023-24,2023,46,Overall,Overall,Overall,Overall,4.0,1.1,,
Ohio,FluSurv-NET,2023-24,2023,46,Overall,Overall,Overall,Overall,2.0,0.4,,
Oregon,FluSurv-NET,2023-24,2023,46,Overall,Overall,Overall,Overall,2.0,0.5,,
Tennessee,FluSurv-NET,2023-24,2023,46,Overall,Overall,Overall,Overall,4.0,0.8,,
Utah,FluSurv-NET,2023-24,2023,46,Overall,Overall,Overall,Overall,2.0,0.5,,
California,FluSurv-NET,2023-24,2023,47,Overall,Overall,Overall,Overall,4.0,1.3,,
Colorado,FluSurv-NET,2023-24,2023,47,Overall,Overall,Overall,Overall,9.0,3.0,,
Connecticut,FluSurv-NET,2023-24,2023,47,Overall,Overall,Overall,Overall,4.0,2.0,,
Entire Network,FluSurv-NET,2023-24,2023,47,0-4 yr,Overall,Overall,Overall,5.0,1.2,,
Entire Network,FluSurv-NET,2023-24,2023,47,0-<1 yr,Overall,Overall,Overall,8.0,1.5,,
Entire Network,FluSurv-NET,2023-24,2023,47,1-4 yr,Overall,Overall,Overall,4.0,1.1,,
Entire Network,FluSurv-NET,2023-24,2023,47,12-17 yr,Overall,Overall,Overall,1.0,0.3,,
Entire Network,FluSurv-NET,2023-24,2023,47,18-29 yr,Overall,Overall,Overall,2.0,0.6,,
Entire Network,FluSurv-NET,2023-24,2023,47,18-49 yr,Overall,Overall,Overall,2.0,0.7,,
Entire Network,FluSurv-NET,2023-24,2023,47,30-39 yr,Overall,Overall,Overall,3.0,0.7,,
Entire Network,FluSurv-NET,2023-24,2023,47,40-49 yr,Overall,Overall,Overall,3.0,0.8,,
Entire Network,FluSurv-NET,2023-24,2023,47,5-11 yr,Overall,Overall,Overall,4.0,1.0,,
Entire Network,FluSurv-NET,2023-24,2023,47,5-17 yr,Overall,Overall,Overall,3.0,0.6,,
Entire Network,FluSurv-NET,2023-24,2023,47,50-64 yr,Overall,Overall,Overall,6.0,1.8,,
Entire Network,FluSurv-NET,2023-24,2023,47,65-74 yr,Overall,Overall,Overall,8.0,2.8,,
Entire Network,FluSurv-NET,2023-24,2023,47,75-84 yr,Overall,Overall,Overall,13.0,4.0,,
Entire Network,FluSurv-NET,2023-24,2023,47,>= 65 yr,Overall,Overall,Overall,11.0,3.4,,
Entire Network,FluSurv-NET,2023-24,2023,47,>= 75,Overall,Overall,Overall,14.0,4.3,,
Entire Network,FluSurv-NET,2023-24,2023,47,>= 85,Overall,Overall,Overall,16.0,5.4,,
Entire Network,FluSurv-NET,2023-24,2023,47,Adults,Overall,Overall,Overall,5.0,1.5,,
Entire Network,FluSurv-NET,2023-24,2023,47,Overall,Female,Overall,Overall,5.0,1.4,,
Entire Network,FluSurv-NET,2023-24,2023,47,Overall,Male,Overall,Overall,4.0,1.3,,
Entire Network,FluSurv-NET,2023-24,2023,47,Overall,Overall,"American Indian/Alaska Native, NH",Overall,5.0,1.6,5.8824994526301495,1.6254677514072873
Entire Network,FluSurv-NET,2023-24,2023,47,Overall,Overall,"Asian/Pacific Islander, NH",Overall,3.0,0.9,3.761151313009413,0.9754865170168134
Entire Network,FluSurv-NET,2023-24,2023,47,Overall,Overall,"Black, NH",Overall,8.0,2.4,8.25275444494036,2.512964970520326
Entire Network,FluSurv-NET,2023-24,2023,47,Overall,Overall,Hispanic,Overall,5.0,1.2,5.400161942926616,1.3915408727027205
Entire Network,FluSurv-NET,2023-24,2023,47,Overall,Overall,Overall,Overall,5.0,1.4,,
Entire Network,FluSurv-NET,2023-24,2023,47,Overall,Overall,"White, NH",Overall,4.0,1.1,3.077359788372732,0.9948290733789938
Entire Network,FluSurv-NET,2023-24,2023,47,Pediatrics,Overall,Overall,Overall,3.0,0.8,,
Georgia,FluSurv-NET,2023-24,2023,47,Overall,Overall,Overall,Overall,8.0,2.1,,
Maryland,FluSurv-NET,2023-24,2023,47,Overall,Overall,Overall,Overall,3.0,1.3,,
Michigan,FluSurv-NET,2023-24,2023,47,Overall,Overall,Overall,Overall,1.0,0.2,,
Minnesota,FluSurv-NET,2023-24,2023,47,Overall,Overall,Overall,Overall,2.0,0.4,,
New Mexico,FluSurv-NET,2023-24,2023,47,Overall,Overall,Overall,Overall,4.0,1.2,,
New York,FluSurv-NET,2023-24,2023,47,Overall,Overall,Overall,Overall,4.0,1.3,,
North Carolina,FluSurv-NET,2023-24,2023,47,Overall,Overall,Overall,Overall,6.0,1.9,,
Ohio,FluSurv-NET,2023-24,2023,47,Overall,Overall,Overall,Overall,2.0,0.5,,
Oregon,FluSurv-NET,2023-24,2023,47,Overall,Overall,Overall,Overall,2.0,0.4,,
Tennessee,FluSurv-NET,2023-24,2023,47,Overall,Overall,Overall,Overall,5.0,1.3,,
Utah,FluSurv-NET,2023-24,2023,47,Overall,Overall,Overall,Overall,4.0,1.1,,
California,FluSurv-NET,2023-24,2023,48,Overall,Overall,Overall,Overall,7.0,2.4,,
Colorado,FluSurv-NET,2023-24,2023,48,Overall,Overall,Overall,Overall,12.0,3.1,,
Connecticut,FluSurv-NET,2023-24,2023,48,Overall,Overall,Overall,Overall,8.0,3.7,,
Entire Network,FluSurv-NET,2023-24,2023,48,0-4 yr,Overall,Overall,Overall,7.0,2.3,,
Entire Network,FluSurv-NET,2023-24,2023,48,0-<1 yr,Overall,Overall,Overall,12.0,3.3,,
Entire Network,FluSurv-NET,2023-24,2023,48,1-4 yr,Overall,Overall,Overall,6.0,2.0,,
Entire Network,FluSurv-NET,2023-24,2023,48,12-17 yr,Overall,Overall,Overall,2.0,0.5,,
Entire Network,FluSurv-NET,2023-24,2023,48,18-29 yr,Overall,Overall,Overall,2.0,0.7,,
Entire Network,FluSurv-NET,2023-24,2023,48,18-49 yr,Overall,Overall,Overall,3.0,1.1,,
Entire Network,FluSurv-NET,2023-24,2023,48,30-39 yr,Overall,Overall,Overall,3.0,0.9,,
Entire Network,FluSurv-NET,2023-24,2023,48,40-49 yr,Overall,Overall,Overall,4.0,1.6,,
Entire Network,FluSurv-NET,2023-24,2023,48,5-11 yr,Overall,Overall,Overall,5.0,1.3,,
Entire Network,FluSurv-NET,2023-24,2023,48,5-17 yr,Overall,Overall,Overall,4.0,0.9,,
Entire Network,FluSurv-NET,2023-24,2023,48,50-64 yr,Overall,Overall,Overall,9.0,2.7,,
Entire Network,FluSurv-NET,2023-24,2023,48,65-74 yr,Overall,Overall,Overall,12.0,3.9,,
Entire Network,FluSurv-NET,2023-24,2023,48,75-84 yr,Overall,Overall,Overall,20.0,7.0,,
Entire Network,FluSurv-NET,2023-24,2023,48,>= 65 yr,Overall,Overall,Overall,16.0,5.4,,
Entire Network,FluSurv-NET,2023-24,2023,48,>= 75,Overall,Overall,Overall,22.0,7.7,,
Entire Network,FluSurv-NET,2023-24,2023,48,>= 85,Overall,Overall,Overall,26.0,9.7,,
Entire Network,FluSurv-NET,2023-24,2023,48,Adults,Overall,Overall,Overall,7.0,2.3,,
Entire Network,FluSurv-NET,2023-24,2023,48,Overall,Female,Overall,Overall,7.0,2.3,,
Entire Network,FluSurv-NET,2023-24,2023,48,Overall,Male,Overall,Overall,6.0,1.9,,
Entire Network,FluSurv-NET,2023-24,2023,48,Overall,Overall,"American Indian/Alaska Native, NH",Overall,10.0,4.9,10.866729846576561,4.984230393946414
Entire Network,FluSurv-NET,2023-24,2023,48,Overall,Overall,"Asian/Pacific Islander, NH",Overall,5.0,1.7,5.729877182877972,1.9687258698685606
Entire Network,FluSurv-NET,2023-24,2023,48,Overall,Overall,"Black, NH",Overall,12.0,3.7,12.055923132290348,3.8031686873499866
Entire Network,FluSurv-NET,2023-24,2023,48,Overall,Overall,Hispanic,Overall,7.0,2.0,7.887112214342455,2.48695027141584
Entire Network,FluSurv-NET,2023-24,2023,48,Overall,Overall,Overall,Overall,7.0,2.1,,
Entire Network,FluSurv-NET,2023-24,2023,48,Overall,Overall,"White, NH",Overall,5.0,1.6,4.499663892152923,1.4223041037801911
Entire Network,FluSurv-NET,2023-24,2023,48,Pediatrics,Overall,Overall,Overall,4.0,1.2,,
Georgia,FluSurv-NET,2023-24,2023,48,Overall,Overall,Overall,Overall,10.0,2.8,,
Maryland,FluSurv-NET,2023-24,2023,48,Overall,Overall,Overall,Overall,5.0,1.8,,
Michigan,FluSurv-NET,2023-24,2023,48,Overall,Overall,Overall,Overall,2.0,1.0,,
Minnesota,FluSurv-NET,2023-24,2023,48,Overall,Overall,Overall,Overall,3.0,1.3,,
New Mexico,FluSurv-NET,2023-24,2023,48,Overall,Overall,Overall,Overall,7.0,2.2,,
New York,FluSurv-NET,2023-24,2023,48,Overall,Overall,Overall,Overall,6.0,2.5,,
North Carolina,FluSurv-NET,2023-24,2023,48,Overall,Overall,Overall,Overall,9.0,2.6,,
Ohio,FluSurv-NET,2023-24,2023,48,Overall,Overall,Overall,Overall,4.0,1.1,,
Oregon,FluSurv-NET,2023-24,2023,48,Overall,Overall,Overall,Overall,3.0,0.4,,
Tennessee,FluSurv-NET,2023-24,2023,48,Overall,Overall,Overall,Overall,7.0,2.2,,
Utah,FluSurv-NET,2023-24,2023,48,Overall,Overall,Overall,Overall,5.0,1.6,,
California,FluSurv-NET,2023-24,2023,49,Overall,Overall,Overall,Overall,9.0,2.6,,
Colorado,FluSurv-NET,2023-24,2023,49,Overall,Overall,Overall,Overall,15.0,3.3,,
Connecticut,FluSurv-NET,2023-24,2023,49,Overall,Overall,Overall,Overall,12.0,3.8,,
Entire Network,FluSurv-NET,2023-24,2023,49,0-4 yr,Overall,Overall,Overall,9.0,2.2,,
Entire Network,FluSurv-NET,2023-24,2023,49,0-<1 yr,Overall,Overall,Overall,13.0,1.5,,
Entire Network,FluSurv-NET,2023-24,2023,49,1-4 yr,Overall,Overall,Overall,8.0,2.3,,
Entire Network,FluSurv-NET,2023-24,2023,49,12-17 yr,Overall,Overall,Overall,3.0,0.8,,
Entire Network,FluSurv-NET,2023-24,2023,49,18-29 yr,Overall,Overall,Overall,4.0,1.2,,
Entire Network,FluSurv-NET,2023-24,2023,49,18-49 yr,Overall,Overall,Overall,5.0,1.6,,
Entire Network,FluSurv-NET,2023-24,2023,49,30-39 yr,Overall,Overall,Overall,5.0,1.9,,
Entire Network,FluSurv-NET,2023-24,2023,49,40-49 yr,Overall,Overall,Overall,6.0,1.7,,
Entire Network,FluSurv-NET,2023-24,2023,49,5-11 yr,Overall,Overall,Overall,7.0,1.7,,
Entire Network,FluSurv-NET,2023-24,2023,49,5-17 yr,Overall,Overall,Overall,5.0,1.3,,
Entire Network,FluSurv-NET,2023-24,2023,49,50-64 yr,Overall,Overall,Overall,12.0,3.7,,
Entire Network,FluSurv-NET,2023-24,2023,49,65-74 yr,Overall,Overall,Overall,18.0,5.7,,
Entire Network,FluSurv-NET,2023-24,2023,49,75-84 yr,Overall,Overall,Overall,30.0,9.2,,
Entire Network,FluSurv-NET,2023-24,2023,49,>= 65 yr,Overall,Overall,Overall,24.0,7.6,,
Entire Network,FluSurv-NET,2023-24,2023,49,>= 75,Overall,Overall,Overall,32.0,10.2,,
Entire Network,FluSurv-NET,2023-24,2023,49,>= 85,Overall,Overall,Overall,39.0,13.3,,
Entire Network,FluSurv-NET,2023-24,2023,49,Adults,Overall,Overall,Overall,11.0,3.3,,
Entire Network,FluSurv-NET,2023-24,2023,49,Overall,Female,Overall,Overall,10.0,3.1,,
Entire Network,FluSurv-NET,2023-24,2023,49,Overall,Male,Overall,Overall,9.0,2.7,,
Entire Network,FluSurv-NET,2023-24,2023,49,Overall,Overall,"American Indian/Alaska Native, NH",Overall,15.0,4.9,15.811274032396884,4.9445441858203205
Entire Network,FluSurv-NET,2023-24,2023,49,Overall,Overall,"Asian/Pacific Islander, NH",Overall,7.0,1.5,7.425270615611586,1.6953934327336138
Entire Network,FluSurv-NET,2023-24,2023,49,Overall,Overall,"Black, NH",Overall,17.0,5.7,18.31298996135507,6.257066829064721
Entire Network,FluSurv-NET,2023-24,2023,49,Overall,Overall,Hispanic,Overall,9.0,2.3,10.608242622520349,2.7211304081778938
Entire Network,FluSurv-NET,2023-24,2023,49,Overall,Overall,Overall,Overall,10.0,2.9,,
Entire Network,FluSurv-NET,2023-24,2023,49,Overall,Overall,"White, NH",Overall,8.0,2.4,6.582737698586491,2.083073806433567
Entire Network,FluSurv-NET,2023-24,2023,49,Pediatrics,Overall,Overall,Overall,6.0,1.5,,
Georgia,FluSurv-NET,2023-24,2023,49,Overall,Overall,Overall,Overall,14.0,3.3,,
Maryland,FluSurv-NET,2023-24,2023,49,Overall,Overall,Overall,Overall,8.0,2.6,,
Michigan,FluSurv-NET,2023-24,2023,49,Overall,Overall,Overall,Overall,4.0,1.5,,
Minnesota,FluSurv-NET,2023-24,2023,49,Overall,Overall,Overall,Overall,6.0,2.2,,
New Mexico,FluSurv-NET,2023-24,2023,49,Overall,Overall,Overall,Overall,12.0,4.8,,
New York,FluSurv-NET,2023-24,2023,49,Overall,Overall,Overall,Overall,10.0,3.6,,
North Carolina,FluSurv-NET,2023-24,2023,49,Overall,Overall,Overall,Overall,16.0,6.8,,
Ohio,FluSurv-NET,2023-24,2023,49,Overall,Overall,Overall,Overall,5.0,1.2,,
Oregon,FluSurv-NET,2023-24,2023,49,Overall,Overall,Overall,Overall,3.0,0.7,,
Tennessee,FluSurv-NET,2023-24,2023,49,Overall,Overall,Overall,Overall,11.0,4.1,,
Utah,FluSurv-NET,2023-24,2023,49,Overall,Overall,Overall,Overall,8.0,3.0,,
California,FluSurv-NET,2023-24,2023,50,Overall,Overall,Overall,Overall,12.0,2.9,,
Colorado,FluSurv-NET,2023-24,2023,50,Overall,Overall,Overall,Overall,19.0,4.0,,
Connecticut,FluSurv-NET,2023-24,2023,50,Overall,Overall,Overall,Overall,18.0,5.7,,
Entire Network,FluSurv-NET,2023-24,2023,50,0-4 yr,Overall,Overall,Overall,14.0,4.6,,
Entire Network,FluSurv-NET,2023-24,2023,50,0-<1 yr,Overall,Overall,Overall,19.0,5.7,,
Entire Network,FluSurv-NET,2023-24,2023,50,1-4 yr,Overall,Overall,Overall,13.0,4.4,,
Entire Network,FluSurv-NET,2023-24,2023,50,12-17 yr,Overall,Overall,Overall,4.0,0.9,,
Entire Network,FluSurv-NET,2023-24,2023,50,18-29 yr,Overall,Overall,Overall,5.0,1.6,,
Entire Network,FluSurv-NET,2023-24,2023,50,18-49 yr,Overall,Overall,Overall,7.0,2.3,,
Entire Network,FluSurv-NET,2023-24,2023,50,30-39 yr,Overall,Overall,Overall,8.0,2.5,,
Entire Network,FluSurv-NET,2023-24,2023,50,40-49 yr,Overall,Overall,Overall,9.0,2.9,,
Entire Network,FluSurv-NET,2023-24,2023,50,5-11 yr,Overall,Overall,Overall,9.0,2.5,,
Entire Network,FluSurv-NET,2023-24,2023,50,5-17 yr,Overall,Overall,Overall,7.0,1.7,,
Entire Network,FluSurv-NET,2023-24,2023,50,50-64 yr,Overall,Overall,Overall,17.0,4.7,,
Entire Network,FluSurv-NET,2023-24,2023,50,65-74 yr,Overall,Overall,Overall,26.0,8.2,,
Entire Network,FluSurv-NET,2023-24,2023,50,75-84 yr,Overall,Overall,Overall,43.0,13.4,,
Entire Network,FluSurv-NET,2023-24,2023,50,>= 65 yr,Overall,Overall,Overall,34.0,10.6,,
Entire Network,FluSurv-NET,2023-24,2023,50,>= 75,Overall,Overall,Overall,46.0,14.0,,
Entire Network,FluSurv-NET,2023-24,2023,50,>= 85,Overall,Overall,Overall,55.0,15.9,,
Entire Network,FluSurv-NET,2023-24,2023,50,Adults,Overall,Overall,Overall,15.0,4.6,,
Entire Network,FluSurv-NET,2023-24,2023,50,Overall,Female,Overall,Overall,14.0,4.3,,
Entire Network,FluSurv-NET,2023-24,2023,50,Overall,Male,Overall,Overall,13.0,3.9,,
Entire Network,FluSurv-NET,2023-24,2023,50,Overall,Overall,"American Indian/Alaska Native, NH",Overall,26.0,10.3,26.418911607624093,10.607637575227212
Entire Network,FluSurv-NET,2023-24,2023,50,Overall,Overall,"Asian/Pacific Islander, NH",Overall,8.0,1.8,9.484737636033744,2.0594670204221566
Entire Network,FluSurv-NET,2023-24,2023,50,Overall,Overall,"Black, NH",Overall,25.0,8.0,26.941104593968323,8.628114632613249
Entire Network,FluSurv-NET,2023-24,2023,50,Overall,Overall,Hispanic,Overall,13.0,4.0,15.523432064216511,4.91518944169616
Entire Network,FluSurv-NET,2023-24,2023,50,Overall,Overall,Overall,Overall,14.0,4.1,,
Entire Network,FluSurv-NET,2023-24,2023,50,Overall,Overall,"White, NH",Overall,11.0,3.3,9.489287042060548,2.906549343474057
Entire Network,FluSurv-NET,2023-24,2023,50,Pediatrics,Overall,Overall,Overall,8.0,2.5,,
Georgia,FluSurv-NET,2023-24,2023,50,Overall,Overall,Overall,Overall,21.0,7.4,,
Maryland,FluSurv-NET,2023-24,2023,50,Overall,Overall,Overall,Overall,12.0,4.3,,
Michigan,FluSurv-NET,2023-24,2023,50,Overall,Overall,Overall,Overall,5.0,1.5,,
Minnesota,FluSurv-NET,2023-24,2023,50,Overall,Overall,Overall,Overall,8.0,2.3,,
New Mexico,FluSurv-NET,2023-24,2023,50,Overall,Overall,Overall,Overall,18.0,6.7,,
New York,FluSurv-NET,2023-24,2023,50,Overall,Overall,Overall,Overall,15.0,4.5,,
North Carolina,FluSurv-NET,2023-24,2023,50,Overall,Overall,Overall,Overall,24.0,8.4,,
Ohio,FluSurv-NET,2023-24,2023,50,Overall,Overall,Overall,Overall,7.0,2.0,,
Oregon,FluSurv-NET,2023-24,2023,50,Overall,Overall,Overall,Overall,4.0,1.1,,
Tennessee,FluSurv-NET,2023-24,2023,50,Overall,Overall,Overall,Overall,15.0,3.6,,
Utah,FluSurv-NET,2023-24,2023,50,Overall,Overall,Overall,Overall,12.0,4.0,,
California,FluSurv-NET,2023-24,2023,51,Overall,Overall,Overall,Overall,17.0,4.5,,
Colorado,FluSurv-NET,2023-24,2023,51,Overall,Overall,Overall,Overall,25.0,6.0,,
Connecticut,FluSurv-NET,2023-24,2023,51,Overall,Overall,Overall,Overall,23.0,5.2,,
Entire Network,FluSurv-NET,2023-24,2023,51,0-4 yr,Overall,Overall,Overall,20.0,6.5,,
Entire Network,FluSurv-NET,2023-24,2023,51,0-<1 yr,Overall,Overall,Overall,29.0,10.2,,
Entire Network,FluSurv-NET,2023-24,2023,51,1-4 yr,Overall,Overall,Overall,18.0,5.6,,
Entire Network,FluSurv-NET,2023-24,2023,51,12-17 yr,Overall,Overall,Overall,5.0,1.2,,
Entire Network,FluSurv-NET,2023-24,2023,51,18-29 yr,Overall,Overall,Overall,7.0,1.7,,
Entire Network,FluSurv-NET,2023-24,2023,51,18-49 yr,Overall,Overall,Overall,10.0,3.1,,
Entire Network,FluSurv-NET,2023-24,2023,51,30-39 yr,Overall,Overall,Overall,11.0,3.4,,
Entire Network,FluSurv-NET,2023-24,2023,51,40-49 yr,Overall,Overall,Overall,13.0,4.5,,
Entire Network,FluSurv-NET,2023-24,2023,51,5-11 yr,Overall,Overall,Overall,13.0,4.0,,
Entire Network,FluSurv-NET,2023-24,2023,51,5-17 yr,Overall,Overall,Overall,9.0,2.7,,
Entire Network,FluSurv-NET,2023-24,2023,51,50-64 yr,Overall,Overall,Overall,26.0,9.2,,
Entire Network,FluSurv-NET,2023-24,2023,51,65-74 yr,Overall,Overall,Overall,38.0,11.7,,
Entire Network,FluSurv-NET,2023-24,2023,51,75-84 yr,Overall,Overall,Overall,66.0,22.9,,
Entire Network,FluSurv-NET,2023-24,2023,51,>= 65 yr,Overall,Overall,Overall,52.0,17.4,,
Entire Network,FluSurv-NET,2023-24,2023,51,>= 75,Overall,Overall,Overall,72.0,25.7,,
Entire Network,FluSurv-NET,2023-24,2023,51,>= 85,Overall,Overall,Overall,89.0,34.3,,
Entire Network,FluSurv-NET,2023-24,2023,51,Adults,Overall,Overall,Overall,23.0,7.5,,
Entire Network,FluSurv-NET,2023-24,2023,51,Overall,Female,Overall,Overall,21.0,6.9,,
Entire Network,FluSurv-NET,2023-24,2023,51,Overall,Male,Overall,Overall,19.0,6.4,,
Entire Network,FluSurv-NET,2023-24,2023,51,Overall,Overall,"American Indian/Alaska Native, NH",Overall,41.0,15.2,43.042271165685484,16.623359558061388
Entire Network,FluSurv-NET,2023-24,2023,51,Overall,Overall,"Asian/Pacific Islander, NH",Overall,12.0,3.3,13.081067285842206,3.596329649808464
Entire Network,FluSurv-NET,2023-24,2023,51,Overall,Overall,"Black, NH",Overall,38.0,13.1,41.23753923938231,14.29643464541399
Entire Network,FluSurv-NET,2023-24,2023,51,Overall,Overall,Hispanic,Overall,18.0,5.6,22.506435941541383,6.983003877324879
Entire Network,FluSurv-NET,2023-24,2023,51,Overall,Overall,Overall,Overall,20.0,6.7,,
Entire Network,FluSurv-NET,2023-24,2023,51,Overall,Overall,"White, NH",Overall,16.0,5.4,14.266697161806405,4.777410119745857
Entire Network,FluSurv-NET,2023-24,2023,51,Pediatrics,Overall,Overall,Overall,12.0,3.7,,
Georgia,FluSurv-NET,2023-24,2023,51,Overall,Overall,Overall,Overall,34.0,12.8,,
Maryland,FluSurv-NET,2023-24,2023,51,Overall,Overall,Overall,Overall,19.0,7.3,,
Michigan,FluSurv-NET,2023-24,2023,51,Overall,Overall,Overall,Overall,8.0,2.7,,
Minnesota,FluSurv-NET,2023-24,2023,51,Overall,Overall,Overall,Overall,12.0,4.3,,
New Mexico,FluSurv-NET,2023-24,2023,51,Overall,Overall,Overall,Overall,28.0,9.6,,
New York,FluSurv-NET,2023-24,2023,51,Overall,Overall,Overall,Overall,23.0,8.0,,
North Carolina,FluSurv-NET,2023-24,2023,51,Overall,Overall,Overall,Overall,38.0,14.2,,
Ohio,FluSurv-NET,2023-24,2023,51,Overall,Overall,Overall,Overall,11.0,4.1,,
Oregon,FluSurv-NET,2023-24,2023,51,Overall,Overall,Overall,Overall,6.0,1.5,,
Tennessee,FluSurv-NET,2023-24,2023,51,Overall,Overall,Overall,Overall,20.0,5.4,,
Utah,FluSurv-NET,2023-24,2023,51,Overall,Overall,Overall,Overall,18.0,6.0,,
California,FluSurv-NET,2023-24,2023,52,Overall,Overall,Overall,Overall,22.0,5.2,,
Colorado,FluSurv-NET,2023-24,2023,52,Overall,Overall,Overall,Overall,31.0,6.2,,
Connecticut,FluSurv-NET,2023-24,2023,52,Overall,Overall,Overall,Overall,33.0,10.5,,
Entire Network,FluSurv-NET,2023-24,2023,52,0-4 yr,Overall,Overall,Overall,28.0,7.4,,
Entire Network,FluSurv-NET,2023-24,2023,52,0-<1 yr,Overall,Overall,Overall,41.0,12.0,,
Entire Network,FluSurv-NET,2023-24,2023,52,1-4 yr,Overall,Overall,Overall,25.0,6.3,,
Entire Network,FluSurv-NET,2023-24,2023,52,12-17 yr,Overall,Overall,Overall,6.0,1.5,,
Entire Network,FluSurv-NET,2023-24,2023,52,18-29 yr,Overall,Overall,Overall,10.0,2.9,,
Entire Network,FluSurv-NET,2023-24,2023,52,18-49 yr,Overall,Overall,Overall,15.0,4.3,,
Entire Network,FluSurv-NET,2023-24,2023,52,30-39 yr,Overall,Overall,Overall,16.0,4.4,,
Entire Network,FluSurv-NET,2023-24,2023,52,40-49 yr,Overall,Overall,Overall,19.0,6.0,,
Entire Network,FluSurv-NET,2023-24,2023,52,5-11 yr,Overall,Overall,Overall,16.0,3.0,,
Entire Network,FluSurv-NET,2023-24,2023,52,5-17 yr,Overall,Overall,Overall,12.0,2.3,,
Entire Network,FluSurv-NET,2023-24,2023,52,50-64 yr,Overall,Overall,Overall,38.0,11.4,,
Entire Network,FluSurv-NET,2023-24,2023,52,65-74 yr,Overall,Overall,Overall,56.0,18.2,,
Entire Network,FluSurv-NET,2023-24,2023,52,75-84 yr,Overall,Overall,Overall,96.0,30.3,,
Entire Network,FluSurv-NET,2023-24,2023,52,>= 65 yr,Overall,Overall,Overall,77.0,25.2,,
Entire Network,FluSurv-NET,2023-24,2023,52,>= 75,Overall,Overall,Overall,107.0,35.5,,
Entire Network,FluSurv-NET,2023-24,2023,52,>= 85,Overall,Overall,Overall,140.0,51.1,,
Entire Network,FluSurv-NET,2023-24,2023,52,Adults,Overall,Overall,Overall,33.0,10.3,,
Entire Network,FluSurv-NET,2023-24,2023,52,Overall,Female,Overall,Overall,31.0,9.3,,
Entire Network,FluSurv-NET,2023-24,2023,52,Overall,Male,Overall,Overall,28.0,8.4,,
Entire Network,FluSurv-NET,2023-24,2023,52,Overall,Overall,"American Indian/Alaska Native, NH",Overall,55.0,14.1,57.57146103429079,14.52918986860531
Entire Network,FluSurv-NET,2023-24,2023,52,Overall,Overall,"Asian/Pacific Islander, NH",Overall,15.0,3.6,17.036863553994106,3.9557962681518997
Entire Network,FluSurv-NET,2023-24,2023,52,Overall,Overall,"Black, NH",Overall,55.0,16.2,58.893636548832276,17.656097309449954
Entire Network,FluSurv-NET,2023-24,2023,52,Overall,Overall,Hispanic,Overall,25.0,6.7,31.387608372226833,8.881172430685439
Entire Network,FluSurv-NET,2023-24,2023,52,Overall,Overall,Overall,Overall,29.0,8.9,,
Entire Network,FluSurv-NET,2023-24,2023,52,Overall,Overall,"White, NH",Overall,24.0,8.1,21.290043238242827,7.023346076436419
Entire Network,FluSurv-NET,2023-24,2023,52,Pediatrics,Overall,Overall,Overall,16.0,3.6,,
Georgia,FluSurv-NET,2023-24,2023,52,Overall,Overall,Overall,Overall,50.0,16.2,,
Maryland,FluSurv-NET,2023-24,2023,52,Overall,Overall,Overall,Overall,30.0,10.4,,
Michigan,FluSurv-NET,2023-24,2023,52,Overall,Overall,Overall,Overall,14.0,6.4,,
Minnesota,FluSurv-NET,2023-24,2023,52,Overall,Overall,Overall,Overall,18.0,5.4,,
New Mexico,FluSurv-NET,2023-24,2023,52,Overall,Overall,Overall,Overall,40.0,12.1,,
New York,FluSurv-NET,2023-24,2023,52,Overall,Overall,Overall,Overall,33.0,10.4,,
North Carolina,FluSurv-NET,2023-24,2023,52,Overall,Overall,Overall,Overall,57.0,18.7,,
Ohio,FluSurv-NET,2023-24,2023,52,Overall,Overall,Overall,Overall,17.0,6.3,,
Oregon,FluSurv-NET,2023-24,2023,52,Overall,Overall,Overall,Overall,9.0,2.6,,
Tennessee,FluSurv-NET,2023-24,2023,52,Overall,Overall,Overall,Overall,28.0,7.6,,
Utah,FluSurv-NET,2023-24,2023,52,Overall,Overall,Overall,Overall,26.0,7.8,,
California,FluSurv-NET,2023-24,2024,1,Overall,Overall,Overall,Overall,27.0,5.3,,
Colorado,FluSurv-NET,2023-24,2024,1,Overall,Overall,Overall,Overall,37.0,5.5,,
Connecticut,FluSurv-NET,2023-24,2024,1,Overall,Overall,Overall,Overall,42.0,8.7,,
Entire Network,FluSurv-NET,2023-24,2024,1,0-4 yr,Overall,Overall,Overall,35.0,7.2,,
Entire Network,FluSurv-NET,2023-24,2024,1,0-<1 yr,Overall,Overall,Overall,53.0,11.7,,
Entire Network,FluSurv-NET,2023-24,2024,1,1-4 yr,Overall,Overall,Overall,31.0,6.1,,
Entire Network,FluSurv-NET,2023-24,2024,1,12-17 yr,Overall,Overall,Overall,7.0,1.1,,
Entire Network,FluSurv-NET,2023-24,2024,1,18-29 yr,Overall,Overall,Overall,12.0,2.3,,
Entire Network,FluSurv-NET,2023-24,2024,1,18-49 yr,Overall,Overall,Overall,18.0,3.3,,
Entire Network,FluSurv-NET,2023-24,2024,1,30-39 yr,Overall,Overall,Overall,19.0,3.5,,
Entire Network,FluSurv-NET,2023-24,2024,1,40-49 yr,Overall,Overall,Overall,24.0,4.5,,
Entire Network,FluSurv-NET,2023-24,2024,1,5-11 yr,Overall,Overall,Overall,19.0,2.5,,
Entire Network,FluSurv-NET,2023-24,2024,1,5-17 yr,Overall,Overall,Overall,13.0,1.8,,
Entire Network,FluSurv-NET,2023-24,2024,1,50-64 yr,Overall,Overall,Overall,46.0,8.9,,
Entire Network,FluSurv-NET,2023-24,2024,1,65-74 yr,Overall,Overall,Overall,70.0,13.9,,
Entire Network,FluSurv-NET,2023-24,2024,1,75-84 yr,Overall,Overall,Overall,122.0,25.4,,
Entire Network,FluSurv-NET,2023-24,2024,1,>= 65 yr,Overall,Overall,Overall,96.0,19.3,,
Entire Network,FluSurv-NET,2023-24,2024,1,>= 75,Overall,Overall,Overall,135.0,27.2,,
Entire Network,FluSurv-NET,2023-24,2024,1,>= 85,Overall,Overall,Overall,173.0,32.5,,
Entire Network,FluSurv-NET,2023-24,2024,1,Adults,Overall,Overall,Overall,41.0,7.9,,
Entire Network,FluSurv-NET,2023-24,2024,1,Overall,Female,Overall,Overall,38.0,7.0,,
Entire Network,FluSurv-NET,2023-24,2024,1,Overall,Male,Overall,Overall,35.0,6.9,,
Entire Network,FluSurv-NET,2023-24,2024,1,Overall,Overall,"American Indian/Alaska Native, NH",Overall,67.0,12.5,70.79179001666714,13.220328982376339
Entire Network,FluSurv-NET,2023-24,2024,1,Overall,Overall,"Asian/Pacific Islander, NH",Overall,19.0,4.0,21.467030269977,4.430166715982893
Entire Network,FluSurv-NET,2023-24,2024,1,Overall,Overall,"Black, NH",Overall,66.0,11.5,71.50507198964877,12.611435440816507
Entire Network,FluSurv-NET,2023-24,2024,1,Overall,Overall,Hispanic,Overall,31.0,5.7,38.52341678865331,7.135808416426474
Entire Network,FluSurv-NET,2023-24,2024,1,Overall,Overall,Overall,Overall,36.0,6.9,,
Entire Network,FluSurv-NET,2023-24,2024,1,Overall,Overall,"White, NH",Overall,31.0,6.2,26.74763939975606,5.457596161513232
Entire Network,FluSurv-NET,2023-24,2024,1,Pediatrics,Overall,Overall,Overall,19.0,3.2,,
Georgia,FluSurv-NET,2023-24,2024,1,Overall,Overall,Overall,Overall,61.0,10.7,,
Maryland,FluSurv-NET,2023-24,2024,1,Overall,Overall,Overall,Overall,37.0,7.4,,
Michigan,FluSurv-NET,2023-24,2024,1,Overall,Overall,Overall,Overall,18.0,3.6,,
Minnesota,FluSurv-NET,2023-24,2024,1,Overall,Overall,Overall,Overall,21.0,3.8,,
New Mexico,FluSurv-NET,2023-24,2024,1,Overall,Overall,Overall,Overall,50.0,10.2,,
New York,FluSurv-NET,2023-24,2024,1,Overall,Overall,Overall,Overall,40.0,7.4,,
North Carolina,FluSurv-NET,2023-24,2024,1,Overall,Overall,Overall,Overall,72.0,15.0,,
Ohio,FluSurv-NET,2023-24,2024,1,Overall,Overall,Overall,Overall,22.0,5.2,,
Oregon,FluSurv-NET,2023-24,2024,1,Overall,Overall,Overall,Overall,13.0,4.4,,
Tennessee,FluSurv-NET,2023-24,2024,1,Overall,Overall,Overall,Overall,34.0,5.9,,
Utah,FluSurv-NET,2023-24,2024,1,Overall,Overall,Overall,Overall,34.0,7.7,,
California,FluSurv-NET,2023-24,2024,2,Overall,Overall,Overall,Overall,30.0,2.9,,
Colorado,FluSurv-NET,2023-24,2024,2,Overall,Overall,Overall,Overall,43.0,5.8,,
Connecticut,FluSurv-NET,2023-24,2024,2,Overall,Overall,Overall,Overall,48.0,5.8,,
Entire Network,FluSurv-NET,2023-24,2024,2,0-4 yr,Overall,Overall,Overall,41.0,5.8,,
Entire Network,FluSurv-NET,2023-24,2024,2,0-<1 yr,Overall,Overall,Overall,63.0,10.5,,
Entire Network,FluSurv-NET,2023-24,2024,2,1-4 yr,Overall,Overall,Overall,35.0,4.7,,
Entire Network,FluSurv-NET,2023-24,2024,2,12-17 yr,Overall,Overall,Overall,8.0,1.1,,
Entire Network,FluSurv-NET,2023-24,2024,2,18-29 yr,Overall,Overall,Overall,14.0,1.7,,
Entire Network,FluSurv-NET,2023-24,2024,2,18-49 yr,Overall,Overall,Overall,20.0,2.4,,
Entire Network,FluSurv-NET,2023-24,2024,2,30-39 yr,Overall,Overall,Overall,22.0,2.5,,
Entire Network,FluSurv-NET,2023-24,2024,2,40-49 yr,Overall,Overall,Overall,27.0,3.3,,
Entire Network,FluSurv-NET,2023-24,2024,2,5-11 yr,Overall,Overall,Overall,21.0,2.4,,
Entire Network,FluSurv-NET,2023-24,2024,2,5-17 yr,Overall,Overall,Overall,15.0,1.7,,
Entire Network,FluSurv-NET,2023-24,2024,2,50-64 yr,Overall,Overall,Overall,54.0,7.3,,
Entire Network,FluSurv-NET,2023-24,2024,2,65-74 yr,Overall,Overall,Overall,81.0,11.1,,
Entire Network,FluSurv-NET,2023-24,2024,2,75-84 yr,Overall,Overall,Overall,140.0,18.0,,
Entire Network,FluSurv-NET,2023-24,2024,2,>= 65 yr,Overall,Overall,Overall,111.0,14.7,,
Entire Network,FluSurv-NET,2023-24,2024,2,>= 75,Overall,Overall,Overall,155.0,20.0,,
Entire Network,FluSurv-NET,2023-24,2024,2,>= 85,Overall,Overall,Overall,199.0,26.2,,
Entire Network,FluSurv-NET,2023-24,2024,2,Adults,Overall,Overall,Overall,47.0,6.1,,
Entire Network,FluSurv-NET,2023-24,2024,2,Overall,Female,Overall,Overall,43.0,5.3,,
Entire Network,FluSurv-NET,2023-24,2024,2,Overall,Male,Overall,Overall,40.0,5.5,,
Entire Network,FluSurv-NET,2023-24,2024,2,Overall,Overall,"American Indian/Alaska Native, NH",Overall,74.0,7.0,78.03433020387936,7.242540187212249
Entire Network,FluSurv-NET,2023-24,2024,2,Overall,Overall,"Asian/Pacific Islander, NH",Overall,23.0,3.2,24.99945650317654,3.53242623319954
Entire Network,FluSurv-NET,2023-24,2024,2,Overall,Overall,"Black, NH",Overall,75.0,8.6,80.94065364604339,9.43558165639461
Entire Network,FluSurv-NET,2023-24,2024,2,Overall,Overall,Hispanic,Overall,36.0,4.7,44.32798895881692,5.80457217016361
Entire Network,FluSurv-NET,2023-24,2024,2,Overall,Overall,Overall,Overall,42.0,5.4,,
Entire Network,FluSurv-NET,2023-24,2024,2,Overall,Overall,"White, NH",Overall,36.0,5.0,31.10650560335776,4.358866203601711
Entire Network,FluSurv-NET,2023-24,2024,2,Pediatrics,Overall,Overall,Overall,22.0,2.8,,
Georgia,FluSurv-NET,2023-24,2024,2,Overall,Overall,Overall,Overall,68.0,7.7,,
Maryland,FluSurv-NET,2023-24,2024,2,Overall,Overall,Overall,Overall,43.0,5.7,,
Michigan,FluSurv-NET,2023-24,2024,2,Overall,Overall,Overall,Overall,21.0,3.1,,
Minnesota,FluSurv-NET,2023-24,2024,2,Overall,Overall,Overall,Overall,25.0,3.9,,
New Mexico,FluSurv-NET,2023-24,2024,2,Overall,Overall,Overall,Overall,58.0,7.8,,
New York,FluSurv-NET,2023-24,2024,2,Overall,Overall,Overall,Overall,47.0,6.3,,
North Carolina,FluSurv-NET,2023-24,2024,2,Overall,Overall,Overall,Overall,80.0,8.3,,
Ohio,FluSurv-NET,2023-24,2024,2,Overall,Overall,Overall,Overall,28.0,5.2,,
Oregon,FluSurv-NET,2023-24,2024,2,Overall,Overall,Overall,Overall,16.0,2.6,,
Tennessee,FluSurv-NET,2023-24,2024,2,Overall,Overall,Overall,Overall,40.0,6.0,,
Utah,FluSurv-NET,2023-24,2024,2,Overall,Overall,Overall,Overall,40.0,6.0,,
California,FluSurv-NET,2023-24,2024,3,Overall,Overall,Overall,Overall,33.0,2.8,,
Colorado,FluSurv-NET,2023-24,2024,3,Overall,Overall,Overall,Overall,47.0,4.3,,
Connecticut,FluSurv-NET,2023-24,2024,3,Overall,Overall,Overall,Overall,53.0,4.8,,
Entire Network,FluSurv-NET,2023-24,2024,3,0-4 yr,Overall,Overall,Overall,45.0,4.6,,
Entire Network,FluSurv-NET,2023-24,2024,3,0-<1 yr,Overall,Overall,Overall,70.0,6.9,,
Entire Network,FluSurv-NET,2023-24,2024,3,1-4 yr,Overall,Overall,Overall,39.0,4.1,,
Entire Network,FluSurv-NET,2023-24,2024,3,12-17 yr,Overall,Overall,Overall,9.0,0.9,,
Entire Network,FluSurv-NET,2023-24,2024,3,18-29 yr,Overall,Overall,Overall,15.0,1.3,,
Entire Network,FluSurv-NET,2023-24,2024,3,18-49 yr,Overall,Overall,Overall,22.0,1.9,,
Entire Network,FluSurv-NET,2023-24,2024,3,30-39 yr,Overall,Overall,Overall,23.0,1.9,,
Entire Network,FluSurv-NET,2023-24,2024,3,40-49 yr,Overall,Overall,Overall,30.0,2.7,,
Entire Network,FluSurv-NET,2023-24,2024,3,5-11 yr,Overall,Overall,Overall,23.0,1.7,,
Entire Network,FluSurv-NET,2023-24,2024,3,5-17 yr,Overall,Overall,Overall,16.0,1.4,,
Entire Network,FluSurv-NET,2023-24,2024,3,50-64 yr,Overall,Overall,Overall,59.0,5.1,,
Entire Network,FluSurv-NET,2023-24,2024,3,65-74 yr,Overall,Overall,Overall,89.0,8.0,,
Entire Network,FluSurv-NET,2023-24,2024,3,75-84 yr,Overall,Overall,Overall,155.0,15.6,,
Entire Network,FluSurv-NET,2023-24,2024,3,>= 65 yr,Overall,Overall,Overall,123.0,12.0,,
Entire Network,FluSurv-NET,2023-24,2024,3,>= 75,Overall,Overall,Overall,172.0,17.7,,
Entire Network,FluSurv-NET,2023-24,2024,3,>= 85,Overall,Overall,Overall,223.0,24.2,,
Entire Network,FluSurv-NET,2023-24,2024,3,Adults,Overall,Overall,Overall,52.0,4.7,,
Entire Network,FluSurv-NET,2023-24,2024,3,Overall,Female,Overall,Overall,47.0,4.3,,
Entire Network,FluSurv-NET,2023-24,2024,3,Overall,Male,Overall,Overall,44.0,4.1,,
Entire Network,FluSurv-NET,2023-24,2024,3,Overall,Overall,"American Indian/Alaska Native, NH",Overall,80.0,6.0,84.06199350104465,6.027663297165268
Entire Network,FluSurv-NET,2023-24,2024,3,Overall,Overall,"Asian/Pacific Islander, NH",Overall,25.0,2.0,27.225790197163878,2.2263336939873426
Entire Network,FluSurv-NET,2023-24,2024,3,Overall,Overall,"Black, NH",Overall,82.0,7.3,88.95890114234875,8.018247496305374
Entire Network,FluSurv-NET,2023-24,2024,3,Overall,Overall,Hispanic,Overall,39.0,3.3,48.44242306526575,4.114434106448836
Entire Network,FluSurv-NET,2023-24,2024,3,Overall,Overall,Overall,Overall,46.0,4.2,,
Entire Network,FluSurv-NET,2023-24,2024,3,Overall,Overall,"White, NH",Overall,39.0,3.8,34.451475955212075,3.3449703518543052
Entire Network,FluSurv-NET,2023-24,2024,3,Pediatrics,Overall,Overall,Overall,24.0,2.2,,
Georgia,FluSurv-NET,2023-24,2024,3,Overall,Overall,Overall,Overall,75.0,6.6,,
Maryland,FluSurv-NET,2023-24,2024,3,Overall,Overall,Overall,Overall,47.0,4.3,,
Michigan,FluSurv-NET,2023-24,2024,3,Overall,Overall,Overall,Overall,23.0,2.1,,
Minnesota,FluSurv-NET,2023-24,2024,3,Overall,Overall,Overall,Overall,29.0,3.6,,
New Mexico,FluSurv-NET,2023-24,2024,3,Overall,Overall,Overall,Overall,62.0,4.4,,
New York,FluSurv-NET,2023-24,2024,3,Overall,Overall,Overall,Overall,51.0,4.0,,
North Carolina,FluSurv-NET,2023-24,2024,3,Overall,Overall,Overall,Overall,86.0,5.5,,
Ohio,FluSurv-NET,2023-24,2024,3,Overall,Overall,Overall,Overall,33.0,4.9,,
Oregon,FluSurv-NET,2023-24,2024,3,Overall,Overall,Overall,Overall,18.0,2.3,,
Tennessee,FluSurv-NET,2023-24,2024,3,Overall,Overall,Overall,Overall,43.0,3.3,,
Utah,FluSurv-NET,2023-24,2024,3,Overall,Overall,Overall,Overall,44.0,4.3,,
California,FluSurv-NET,2023-24,2024,4,Overall,Overall,Overall,Overall,35.0,1.8,,
Colorado,FluSurv-NET,2023-24,2024,4,Overall,Overall,Overall,Overall,51.0,4.1,,
Connecticut,FluSurv-NET,2023-24,2024,4,Overall,Overall,Overall,Overall,59.0,6.4,,
Entire Network,FluSurv-NET,2023-24,2024,4,0-4 yr,Overall,Overall,Overall,50.0,4.6,,
Entire Network,FluSurv-NET,2023-24,2024,4,0-<1 yr,Overall,Overall,Overall,77.0,6.9,,
Entire Network,FluSurv-NET,2023-24,2024,4,1-4 yr,Overall,Overall,Overall,43.0,4.1,,
Entire Network,FluSurv-NET,2023-24,2024,4,12-17 yr,Overall,Overall,Overall,11.0,1.2,,
Entire Network,FluSurv-NET,2023-24,2024,4,18-29 yr,Overall,Overall,Overall,17.0,1.4,,
Entire Network,FluSurv-NET,2023-24,2024,4,18-49 yr,Overall,Overall,Overall,24.0,2.0,,
Entire Network,FluSurv-NET,2023-24,2024,4,30-39 yr,Overall,Overall,Overall,26.0,2.4,,
Entire Network,FluSurv-NET,2023-24,2024,4,40-49 yr,Overall,Overall,Overall,32.0,2.3,,
Entire Network,FluSurv-NET,2023-24,2024,4,5-11 yr,Overall,Overall,Overall,25.0,2.5,,
Entire Network,FluSurv-NET,2023-24,2024,4,5-17 yr,Overall,Overall,Overall,18.0,1.9,,
Entire Network,FluSurv-NET,2023-24,2024,4,50-64 yr,Overall,Overall,Overall,63.0,4.6,,
Entire Network,FluSurv-NET,2023-24,2024,4,65-74 yr,Overall,Overall,Overall,97.0,7.9,,
Entire Network,FluSurv-NET,2023-24,2024,4,75-84 yr,Overall,Overall,Overall,166.0,10.9,,
Entire Network,FluSurv-NET,2023-24,2024,4,>= 65 yr,Overall,Overall,Overall,133.0,10.2,,
Entire Network,FluSurv-NET,2023-24,2024,4,>= 75,Overall,Overall,Overall,186.0,13.6,,
Entire Network,FluSurv-NET,2023-24,2024,4,>= 85,Overall,Overall,Overall,245.0,21.4,,
Entire Network,FluSurv-NET,2023-24,2024,4,Adults,Overall,Overall,Overall,56.0,4.3,,
Entire Network,FluSurv-NET,2023-24,2024,4,Overall,Female,Overall,Overall,51.0,4.2,,
Entire Network,FluSurv-NET,2023-24,2024,4,Overall,Male,Overall,Overall,48.0,3.7,,
Entire Network,FluSurv-NET,2023-24,2024,4,Overall,Overall,"American Indian/Alaska Native, NH",Overall,87.0,7.0,91.53158080949288,7.469587308448224
Entire Network,FluSurv-NET,2023-24,2024,4,Overall,Overall,"Asian/Pacific Islander, NH",Overall,26.0,1.5,28.858243166228302,1.6324529690644205
Entire Network,FluSurv-NET,2023-24,2024,4,Overall,Overall,"Black, NH",Overall,89.0,7.5,97.12547114309312,8.166570000744358
Entire Network,FluSurv-NET,2023-24,2024,4,Overall,Overall,Hispanic,Overall,42.0,2.9,51.69515639095566,3.252733325689918
Entire Network,FluSurv-NET,2023-24,2024,4,Overall,Overall,Overall,Overall,50.0,3.9,,
Entire Network,FluSurv-NET,2023-24,2024,4,Overall,Overall,"White, NH",Overall,43.0,3.6,37.644077915726776,3.192601960514702
Entire Network,FluSurv-NET,2023-24,2024,4,Pediatrics,Overall,Overall,Overall,26.0,2.6,,
Georgia,FluSurv-NET,2023-24,2024,4,Overall,Overall,Overall,Overall,81.0,5.6,,
Maryland,FluSurv-NET,2023-24,2024,4,Overall,Overall,Overall,Overall,51.0,3.5,,
Michigan,FluSurv-NET,2023-24,2024,4,Overall,Overall,Overall,Overall,26.0,3.4,,
Minnesota,FluSurv-NET,2023-24,2024,4,Overall,Overall,Overall,Overall,33.0,4.3,,
New Mexico,FluSurv-NET,2023-24,2024,4,Overall,Overall,Overall,Overall,66.0,3.3,,
New York,FluSurv-NET,2023-24,2024,4,Overall,Overall,Overall,Overall,55.0,4.1,,
North Carolina,FluSurv-NET,2023-24,2024,4,Overall,Overall,Overall,Overall,91.0,5.0,,
Ohio,FluSurv-NET,2023-24,2024,4,Overall,Overall,Overall,Overall,38.0,5.5,,
Oregon,FluSurv-NET,2023-24,2024,4,Overall,Overall,Overall,Overall,20.0,2.4,,
Tennessee,FluSurv-NET,2023-24,2024,4,Overall,Overall,Overall,Overall,46.0,2.6,,
Utah,FluSurv-NET,2023-24,2024,4,Overall,Overall,Overall,Overall,47.0,3.5,,
California,FluSurv-NET,2023-24,2024,5,Overall,Overall,Overall,Overall,36.0,1.4,,
Colorado,FluSurv-NET,2023-24,2024,5,Overall,Overall,Overall,Overall,54.0,3.3,,
Connecticut,FluSurv-NET,2023-24,2024,5,Overall,Overall,Overall,Overall,65.0,5.7,,
Entire Network,FluSurv-NET,2023-24,2024,5,0-4 yr,Overall,Overall,Overall,53.0,2.9,,
Entire Network,FluSurv-NET,2023-24,2024,5,0-<1 yr,Overall,Overall,Overall,83.0,6.0,,
Entire Network,FluSurv-NET,2023-24,2024,5,1-4 yr,Overall,Overall,Overall,46.0,2.2,,
Entire Network,FluSurv-NET,2023-24,2024,5,12-17 yr,Overall,Overall,Overall,12.0,1.1,,
Entire Network,FluSurv-NET,2023-24,2024,5,18-29 yr,Overall,Overall,Overall,18.0,1.2,,
Entire Network,FluSurv-NET,2023-24,2024,5,18-49 yr,Overall,Overall,Overall,26.0,1.7,,
Entire Network,FluSurv-NET,2023-24,2024,5,30-39 yr,Overall,Overall,Overall,28.0,1.8,,
Entire Network,FluSurv-NET,2023-24,2024,5,40-49 yr,Overall,Overall,Overall,34.0,2.1,,
Entire Network,FluSurv-NET,2023-24,2024,5,5-11 yr,Overall,Overall,Overall,28.0,2.6,,
Entire Network,FluSurv-NET,2023-24,2024,5,5-17 yr,Overall,Overall,Overall,20.0,1.9,,
Entire Network,FluSurv-NET,2023-24,2024,5,50-64 yr,Overall,Overall,Overall,68.0,4.1,,
Entire Network,FluSurv-NET,2023-24,2024,5,65-74 yr,Overall,Overall,Overall,103.0,6.3,,
Entire Network,FluSurv-NET,2023-24,2024,5,75-84 yr,Overall,Overall,Overall,179.0,12.5,,
Entire Network,FluSurv-NET,2023-24,2024,5,>= 65 yr,Overall,Overall,Overall,143.0,9.6,,
Entire Network,FluSurv-NET,2023-24,2024,5,>= 75,Overall,Overall,Overall,200.0,14.3,,
Entire Network,FluSurv-NET,2023-24,2024,5,>= 85,Overall,Overall,Overall,264.0,19.6,,
Entire Network,FluSurv-NET,2023-24,2024,5,Adults,Overall,Overall,Overall,60.0,3.9,,
Entire Network,FluSurv-NET,2023-24,2024,5,Overall,Female,Overall,Overall,55.0,3.6,,
Entire Network,FluSurv-NET,2023-24,2024,5,Overall,Male,Overall,Overall,51.0,3.4,,
Entire Network,FluSurv-NET,2023-24,2024,5,Overall,Overall,"American Indian/Alaska Native, NH",Overall,92.0,4.3,95.98381899688668,4.4522381873938155
Entire Network,FluSurv-NET,2023-24,2024,5,Overall,Overall,"Asian/Pacific Islander, NH",Overall,27.0,1.2,30.146986393385674,1.2887432271573696
Entire Network,FluSurv-NET,2023-24,2024,5,Overall,Overall,"Black, NH",Overall,95.0,5.5,102.9963055044054,5.870834361312274
Entire Network,FluSurv-NET,2023-24,2024,5,Overall,Overall,Hispanic,Overall,44.0,2.6,55.07349856572453,3.3783421747688744
Entire Network,FluSurv-NET,2023-24,2024,5,Overall,Overall,Overall,Overall,53.0,3.5,,
Entire Network,FluSurv-NET,2023-24,2024,5,Overall,Overall,"White, NH",Overall,46.0,3.4,40.7109882574058,3.0669103416790215
Entire Network,FluSurv-NET,2023-24,2024,5,Pediatrics,Overall,Overall,Overall,29.0,2.2,,
Georgia,FluSurv-NET,2023-24,2024,5,Overall,Overall,Overall,Overall,85.0,4.2,,
Maryland,FluSurv-NET,2023-24,2024,5,Overall,Overall,Overall,Overall,54.0,2.9,,
Michigan,FluSurv-NET,2023-24,2024,5,Overall,Overall,Overall,Overall,31.0,4.1,,
Minnesota,FluSurv-NET,2023-24,2024,5,Overall,Overall,Overall,Overall,37.0,4.0,,
New Mexico,FluSurv-NET,2023-24,2024,5,Overall,Overall,Overall,Overall,69.0,3.3,,
New York,FluSurv-NET,2023-24,2024,5,Overall,Overall,Overall,Overall,60.0,4.9,,
North Carolina,FluSurv-NET,2023-24,2024,5,Overall,Overall,Overall,Overall,95.0,4.4,,
Ohio,FluSurv-NET,2023-24,2024,5,Overall,Overall,Overall,Overall,43.0,5.3,,
Oregon,FluSurv-NET,2023-24,2024,5,Overall,Overall,Overall,Overall,22.0,1.7,,
Tennessee,FluSurv-NET,2023-24,2024,5,Overall,Overall,Overall,Overall,48.0,2.6,,
Utah,FluSurv-NET,2023-24,2024,5,Overall,Overall,Overall,Overall,50.0,2.7,,
California,FluSurv-NET,2023-24,2024,6,Overall,Overall,Overall,Overall,37.0,1.3,,
Colorado,FluSurv-NET,2023-24,2024,6,Overall,Overall,Overall,Overall,57.0,2.9,,
Connecticut,FluSurv-NET,2023-24,2024,6,Overall,Overall,Overall,Overall,72.0,7.1,,
Entire Network,FluSurv-NET,2023-24,2024,6,0-4 yr,Overall,Overall,Overall,58.0,4.6,,
Entire Network,FluSurv-NET,2023-24,2024,6,0-<1 yr,Overall,Overall,Overall,90.0,6.3,,
Entire Network,FluSurv-NET,2023-24,2024,6,1-4 yr,Overall,Overall,Overall,50.0,4.1,,
Entire Network,FluSurv-NET,2023-24,2024,6,12-17 yr,Overall,Overall,Overall,13.0,0.9,,
Entire Network,FluSurv-NET,2023-24,2024,6,18-29 yr,Overall,Overall,Overall,19.0,1.4,,
Entire Network,FluSurv-NET,2023-24,2024,6,18-49 yr,Overall,Overall,Overall,28.0,1.6,,
Entire Network,FluSurv-NET,2023-24,2024,6,30-39 yr,Overall,Overall,Overall,29.0,1.5,,
Entire Network,FluSurv-NET,2023-24,2024,6,40-49 yr,Overall,Overall,Overall,36.0,2.2,,
Entire Network,FluSurv-NET,2023-24,2024,6,5-11 yr,Overall,Overall,Overall,30.0,2.4,,
Entire Network,FluSurv-NET,2023-24,2024,6,5-17 yr,Overall,Overall,Overall,22.0,1.7,,
Entire Network,FluSurv-NET,2023-24,2024,6,50-64 yr,Overall,Overall,Overall,72.0,4.0,,
Entire Network,FluSurv-NET,2023-24,2024,6,65-74 yr,Overall,Overall,Overall,111.0,7.1,,
Entire Network,FluSurv-NET,2023-24,2024,6,75-84 yr,Overall,Overall,Overall,190.0,11.1,,
Entire Network,FluSurv-NET,2023-24,2024,6,>= 65 yr,Overall,Overall,Overall,152.0,9.4,,
Entire Network,FluSurv-NET,2023-24,2024,6,>= 75,Overall,Overall,Overall,213.0,12.7,,
Entire Network,FluSurv-NET,2023-24,2024,6,>= 85,Overall,Overall,Overall,281.0,17.2,,
Entire Network,FluSurv-NET,2023-24,2024,6,Adults,Overall,Overall,Overall,64.0,3.8,,
Entire Network,FluSurv-NET,2023-24,2024,6,Overall,Female,Overall,Overall,59.0,3.8,,
Entire Network,FluSurv-NET,2023-24,2024,6,Overall,Male,Overall,Overall,55.0,3.2,,
Entire Network,FluSurv-NET,2023-24,2024,6,Overall,Overall,"American Indian/Alaska Native, NH",Overall,97.0,4.9,101.43283335745618,5.449014360569491
Entire Network,FluSurv-NET,2023-24,2024,6,Overall,Overall,"Asian/Pacific Islander, NH",Overall,29.0,1.5,31.783599082559764,1.6366126891740922
Entire Network,FluSurv-NET,2023-24,2024,6,Overall,Overall,"Black, NH",Overall,100.0,5.5,108.91135991146223,5.9150544070568545
Entire Network,FluSurv-NET,2023-24,2024,6,Overall,Overall,Hispanic,Overall,47.0,2.5,58.033028403765876,2.9595298380413264
Entire Network,FluSurv-NET,2023-24,2024,6,Overall,Overall,Overall,Overall,57.0,3.5,,
Entire Network,FluSurv-NET,2023-24,2024,6,Overall,Overall,"White, NH",Overall,50.0,3.4,43.722500065798535,3.0115118083927386
Entire Network,FluSurv-NET,2023-24,2024,6,Pediatrics,Overall,Overall,Overall,31.0,2.4,,
Georgia,FluSurv-NET,2023-24,2024,6,Overall,Overall,Overall,Overall,88.0,3.6,,
Maryland,FluSurv-NET,2023-24,2024,6,Overall,Overall,Overall,Overall,57.0,3.6,,
Michigan,FluSurv-NET,2023-24,2024,6,Overall,Overall,Overall,Overall,35.0,4.5,,
Minnesota,FluSurv-NET,2023-24,2024,6,Overall,Overall,Overall,Overall,42.0,4.5,,
New Mexico,FluSurv-NET,2023-24,2024,6,Overall,Overall,Overall,Overall,72.0,3.0,,
New York,FluSurv-NET,2023-24,2024,6,Overall,Overall,Overall,Overall,65.0,4.7,,
North Carolina,FluSurv-NET,2023-24,2024,6,Overall,Overall,Overall,Overall,98.0,3.2,,
Ohio,FluSurv-NET,2023-24,2024,6,Overall,Overall,Overall,Overall,49.0,5.4,,
Oregon,FluSurv-NET,2023-24,2024,6,Overall,Overall,Overall,Overall,24.0,2.0,,
Tennessee,FluSurv-NET,2023-24,2024,6,Overall,Overall,Overall,Overall,51.0,3.1,,
Utah,FluSurv-NET,2023-24,2024,6,Overall,Overall,Overall,Overall,52.0,1.5,,
California,FluSurv-NET,2023-24,2024,7,Overall,Overall,Overall,Overall,38.0,1.0,,
Colorado,FluSurv-NET,2023-24,2024,7,Overall,Overall,Overall,Overall,60.0,2.4,,
Connecticut,FluSurv-NET,2023-24,2024,7,Overall,Overall,Overall,Overall,79.0,7.0,,
Entire Network,FluSurv-NET,2023-24,2024,7,0-4 yr,Overall,Overall,Overall,61.0,3.8,,
Entire Network,FluSurv-NET,2023-24,2024,7,0-<1 yr,Overall,Overall,Overall,95.0,5.1,,
Entire Network,FluSurv-NET,2023-24,2024,7,1-4 yr,Overall,Overall,Overall,53.0,3.5,,
Entire Network,FluSurv-NET,2023-24,2024,7,12-17 yr,Overall,Overall,Overall,13.0,0.7,,
Entire Network,FluSurv-NET,2023-24,2024,7,18-29 yr,Overall,Overall,Overall,20.0,1.1,,
Entire Network,FluSurv-NET,2023-24,2024,7,18-49 yr,Overall,Overall,Overall,29.0,1.7,,
Entire Network,FluSurv-NET,2023-24,2024,7,30-39 yr,Overall,Overall,Overall,31.0,1.9,,
Entire Network,FluSurv-NET,2023-24,2024,7,40-49 yr,Overall,Overall,Overall,38.0,2.0,,
Entire Network,FluSurv-NET,2023-24,2024,7,5-11 yr,Overall,Overall,Overall,33.0,2.6,,
Entire Network,FluSurv-NET,2023-24,2024,7,5-17 yr,Overall,Overall,Overall,24.0,1.7,,
Entire Network,FluSurv-NET,2023-24,2024,7,50-64 yr,Overall,Overall,Overall,75.0,3.7,,
Entire Network,FluSurv-NET,2023-24,2024,7,65-74 yr,Overall,Overall,Overall,116.0,5.9,,
Entire Network,FluSurv-NET,2023-24,2024,7,75-84 yr,Overall,Overall,Overall,201.0,11.4,,
Entire Network,FluSurv-NET,2023-24,2024,7,>= 65 yr,Overall,Overall,Overall,161.0,9.0,,
Entire Network,FluSurv-NET,2023-24,2024,7,>= 75,Overall,Overall,Overall,226.0,13.6,,
Entire Network,FluSurv-NET,2023-24,2024,7,>= 85,Overall,Overall,Overall,301.0,20.0,,
Entire Network,FluSurv-NET,2023-24,2024,7,Adults,Overall,Overall,Overall,67.0,3.7,,
Entire Network,FluSurv-NET,2023-24,2024,7,Overall,Female,Overall,Overall,62.0,3.5,,
Entire Network,FluSurv-NET,2023-24,2024,7,Overall,Male,Overall,Overall,58.0,3.2,,
Entire Network,FluSurv-NET,2023-24,2024,7,Overall,Overall,"American Indian/Alaska Native, NH",Overall,100.0,3.8,105.45960016548506,4.026766808028888
Entire Network,FluSurv-NET,2023-24,2024,7,Overall,Overall,"Asian/Pacific Islander, NH",Overall,30.0,1.3,33.219092349293334,1.4354932667335785
Entire Network,FluSurv-NET,2023-24,2024,7,Overall,Overall,"Black, NH",Overall,106.0,5.4,114.64342824953073,5.732068338068478
Entire Network,FluSurv-NET,2023-24,2024,7,Overall,Overall,Hispanic,Overall,49.0,2.0,60.44144100126739,2.408412597501529
Entire Network,FluSurv-NET,2023-24,2024,7,Overall,Overall,Overall,Overall,60.0,3.3,,
Entire Network,FluSurv-NET,2023-24,2024,7,Overall,Overall,"White, NH",Overall,53.0,3.4,46.7915975011259,3.0690974353273615
Entire Network,FluSurv-NET,2023-24,2024,7,Pediatrics,Overall,Overall,Overall,33.0,2.2,,
Georgia,FluSurv-NET,2023-24,2024,7,Overall,Overall,Overall,Overall,92.0,3.1,,
Maryland,FluSurv-NET,2023-24,2024,7,Overall,Overall,Overall,Overall,62.0,4.3,,
Michigan,FluSurv-NET,2023-24,2024,7,Overall,Overall,Overall,Overall,41.0,5.7,,
Minnesota,FluSurv-NET,2023-24,2024,7,Overall,Overall,Overall,Overall,45.0,3.5,,
New Mexico,FluSurv-NET,2023-24,2024,7,Overall,Overall,Overall,Overall,75.0,2.6,,
New York,FluSurv-NET,2023-24,2024,7,Overall,Overall,Overall,Overall,69.0,4.3,,
North Carolina,FluSurv-NET,2023-24,2024,7,Overall,Overall,Overall,Overall,102.0,3.8,,
Ohio,FluSurv-NET,2023-24,2024,7,Overall,Overall,Overall,Overall,54.0,5.5,,
Oregon,FluSurv-NET,2023-24,2024,7,Overall,Overall,Overall,Overall,26.0,1.5,,
Tennessee,FluSurv-NET,2023-24,2024,7,Overall,Overall,Overall,Overall,55.0,3.3,,
Utah,FluSurv-NET,2023-24,2024,7,Overall,Overall,Overall,Overall,54.0,2.1,,
California,FluSurv-NET,2023-24,2024,8,Overall,Overall,Overall,Overall,39.0,1.0,,
Colorado,FluSurv-NET,2023-24,2024,8,Overall,Overall,Overall,Overall,62.0,2.5,,
Connecticut,FluSurv-NET,2023-24,2024,8,Overall,Overall,Overall,Overall,88.0,8.6,,
Entire Network,FluSurv-NET,2023-24,2024,8,0-4 yr,Overall,Overall,Overall,65.0,3.2,,
Entire Network,FluSurv-NET,2023-24,2024,8,0-<1 yr,Overall,Overall,Overall,99.0,3.9,,
Entire Network,FluSurv-NET,2023-24,2024,8,1-4 yr,Overall,Overall,Overall,56.0,3.0,,
Entire Network,FluSurv-NET,2023-24,2024,8,12-17 yr,Overall,Overall,Overall,14.0,0.9,,
Entire Network,FluSurv-NET,2023-24,2024,8,18-29 yr,Overall,Overall,Overall,21.0,1.3,,
Entire Network,FluSurv-NET,2023-24,2024,8,18-49 yr,Overall,Overall,Overall,31.0,1.6,,
Entire Network,FluSurv-NET,2023-24,2024,8,30-39 yr,Overall,Overall,Overall,33.0,1.5,,
Entire Network,FluSurv-NET,2023-24,2024,8,40-49 yr,Overall,Overall,Overall,41.0,2.2,,
Entire Network,FluSurv-NET,2023-24,2024,8,5-11 yr,Overall,Overall,Overall,35.0,2.5,,
Entire Network,FluSurv-NET,2023-24,2024,8,5-17 yr,Overall,Overall,Overall,25.0,1.7,,
Entire Network,FluSurv-NET,2023-24,2024,8,50-64 yr,Overall,Overall,Overall,79.0,3.6,,
Entire Network,FluSurv-NET,2023-24,2024,8,65-74 yr,Overall,Overall,Overall,123.0,6.2,,
Entire Network,FluSurv-NET,2023-24,2024,8,75-84 yr,Overall,Overall,Overall,211.0,9.4,,
Entire Network,FluSurv-NET,2023-24,2024,8,>= 65 yr,Overall,Overall,Overall,170.0,9.2,,
Entire Network,FluSurv-NET,2023-24,2024,8,>= 75,Overall,Overall,Overall,240.0,13.5,,
Entire Network,FluSurv-NET,2023-24,2024,8,>= 85,Overall,Overall,Overall,327.0,25.8,,
Entire Network,FluSurv-NET,2023-24,2024,8,Adults,Overall,Overall,Overall,71.0,3.7,,
Entire Network,FluSurv-NET,2023-24,2024,8,Overall,Female,Overall,Overall,66.0,3.5,,
Entire Network,FluSurv-NET,2023-24,2024,8,Overall,Male,Overall,Overall,61.0,3.1,,
Entire Network,FluSurv-NET,2023-24,2024,8,Overall,Overall,"American Indian/Alaska Native, NH",Overall,106.0,5.4,110.84318993613807,5.383589770652987
Entire Network,FluSurv-NET,2023-24,2024,8,Overall,Overall,"Asian/Pacific Islander, NH",Overall,31.0,1.4,34.832646632308645,1.6135542830153045
Entire Network,FluSurv-NET,2023-24,2024,8,Overall,Overall,"Black, NH",Overall,111.0,5.2,120.17247619013442,5.5290479406037045
Entire Network,FluSurv-NET,2023-24,2024,8,Overall,Overall,Hispanic,Overall,51.0,2.0,63.07934317277523,2.6379021715078372
Entire Network,FluSurv-NET,2023-24,2024,8,Overall,Overall,Overall,Overall,63.0,3.3,,
Entire Network,FluSurv-NET,2023-24,2024,8,Overall,Overall,"White, NH",Overall,57.0,3.4,49.779289178944346,2.9876916778184426
Entire Network,FluSurv-NET,2023-24,2024,8,Pediatrics,Overall,Overall,Overall,35.0,2.1,,
Georgia,FluSurv-NET,2023-24,2024,8,Overall,Overall,Overall,Overall,94.0,2.2,,
Maryland,FluSurv-NET,2023-24,2024,8,Overall,Overall,Overall,Overall,66.0,4.2,,
Michigan,FluSurv-NET,2023-24,2024,8,Overall,Overall,Overall,Overall,48.0,6.7,,
Minnesota,FluSurv-NET,2023-24,2024,8,Overall,Overall,Overall,Overall,49.0,3.5,,
New Mexico,FluSurv-NET,2023-24,2024,8,Overall,Overall,Overall,Overall,77.0,2.2,,
New York,FluSurv-NET,2023-24,2024,8,Overall,Overall,Overall,Overall,74.0,5.5,,
North Carolina,FluSurv-NET,2023-24,2024,8,Overall,Overall,Overall,Overall,104.0,2.2,,
Ohio,FluSurv-NET,2023-24,2024,8,Overall,Overall,Overall,Overall,60.0,5.5,,
Oregon,FluSurv-NET,2023-24,2024,8,Overall,Overall,Overall,Overall,27.0,1.5,,
Tennessee,FluSurv-NET,2023-24,2024,8,Overall,Overall,Overall,Overall,58.0,3.5,,
Utah,FluSurv-NET,2023-24,2024,8,Overall,Overall,Overall,Overall,55.0,1.7,,
California,FluSurv-NET,2023-24,2024,9,Overall,Overall,Overall,Overall,40.0,0.9,,
Colorado,FluSurv-NET,2023-24,2024,9,Overall,Overall,Overall,Overall,64.0,1.5,,
Connecticut,FluSurv-NET,2023-24,2024,9,Overall,Overall,Overall,Overall,95.0,7.2,,
Entire Network,FluSurv-NET,2023-24,2024,9,0-4 yr,Overall,Overall,Overall,69.0,4.4,,
Entire Network,FluSurv-NET,2023-24,2024,9,0-<1 yr,Overall,Overall,Overall,106.0,7.2,,
Entire Network,FluSurv-NET,2023-24,2024,9,1-4 yr,Overall,Overall,Overall,60.0,3.7,,
Entire Network,FluSurv-NET,2023-24,2024,9,12-17 yr,Overall,Overall,Overall,15.0,0.7,,
Entire Network,FluSurv-NET,2023-24,2024,9,18-29 yr,Overall,Overall,Overall,23.0,1.1,,
Entire Network,FluSurv-NET,2023-24,2024,9,18-49 yr,Overall,Overall,Overall,33.0,1.6,,
Entire Network,FluSurv-NET,2023-24,2024,9,30-39 yr,Overall,Overall,Overall,34.0,1.5,,
Entire Network,FluSurv-NET,2023-24,2024,9,40-49 yr,Overall,Overall,Overall,43.0,2.2,,
Entire Network,FluSurv-NET,2023-24,2024,9,5-11 yr,Overall,Overall,Overall,38.0,2.3,,
Entire Network,FluSurv-NET,2023-24,2024,9,5-17 yr,Overall,Overall,Overall,27.0,1.5,,
Entire Network,FluSurv-NET,2023-24,2024,9,50-64 yr,Overall,Overall,Overall,82.0,3.3,,
Entire Network,FluSurv-NET,2023-24,2024,9,65-74 yr,Overall,Overall,Overall,129.0,6.4,,
Entire Network,FluSurv-NET,2023-24,2024,9,75-84 yr,Overall,Overall,Overall,222.0,11.5,,
Entire Network,FluSurv-NET,2023-24,2024,9,>= 65 yr,Overall,Overall,Overall,180.0,9.4,,
Entire Network,FluSurv-NET,2023-24,2024,9,>= 75,Overall,Overall,Overall,254.0,13.9,,
Entire Network,FluSurv-NET,2023-24,2024,9,>= 85,Overall,Overall,Overall,348.0,20.8,,
Entire Network,FluSurv-NET,2023-24,2024,9,Adults,Overall,Overall,Overall,75.0,3.6,,
Entire Network,FluSurv-NET,2023-24,2024,9,Overall,Female,Overall,Overall,69.0,3.5,,
Entire Network,FluSurv-NET,2023-24,2024,9,Overall,Male,Overall,Overall,64.0,3.2,,
Entire Network,FluSurv-NET,2023-24,2024,9,Overall,Overall,"American Indian/Alaska Native, NH",Overall,110.0,4.3,115.57093971762396,4.727749781485895
Entire Network,FluSurv-NET,2023-24,2024,9,Overall,Overall,"Asian/Pacific Islander, NH",Overall,33.0,1.4,36.428099508342186,1.5954528760335422
Entire Network,FluSurv-NET,2023-24,2024,9,Overall,Overall,"Black, NH",Overall,116.0,5.1,125.57855753460952,5.406081344475083
Entire Network,FluSurv-NET,2023-24,2024,9,Overall,Overall,Hispanic,Overall,53.0,2.0,65.6120790365985,2.532735863823274
Entire Network,FluSurv-NET,2023-24,2024,9,Overall,Overall,Overall,Overall,67.0,3.3,,
Entire Network,FluSurv-NET,2023-24,2024,9,Overall,Overall,"White, NH",Overall,60.0,3.4,52.75933679884273,2.9800476198983885
Entire Network,FluSurv-NET,2023-24,2024,9,Pediatrics,Overall,Overall,Overall,38.0,2.2,,
Georgia,FluSurv-NET,2023-24,2024,9,Overall,Overall,Overall,Overall,96.0,2.1,,
Maryland,FluSurv-NET,2023-24,2024,9,Overall,Overall,Overall,Overall,70.0,4.4,,
Michigan,FluSurv-NET,2023-24,2024,9,Overall,Overall,Overall,Overall,57.0,9.9,,
Minnesota,FluSurv-NET,2023-24,2024,9,Overall,Overall,Overall,Overall,53.0,4.4,,
New Mexico,FluSurv-NET,2023-24,2024,9,Overall,Overall,Overall,Overall,80.0,2.6,,
New York,FluSurv-NET,2023-24,2024,9,Overall,Overall,Overall,Overall,80.0,5.3,,
North Carolina,FluSurv-NET,2023-24,2024,9,Overall,Overall,Overall,Overall,107.0,2.5,,
Ohio,FluSurv-NET,2023-24,2024,9,Overall,Overall,Overall,Overall,65.0,5.4,,
Oregon,FluSurv-NET,2023-24,2024,9,Overall,Overall,Overall,Overall,28.0,1.1,,
Tennessee,FluSurv-NET,2023-24,2024,9,Overall,Overall,Overall,Overall,61.0,2.7,,
Utah,FluSurv-NET,2023-24,2024,9,Overall,Overall,Overall,Overall,57.0,1.6,,
California,FluSurv-NET,2023-24,2024,10,Overall,Overall,Overall,Overall,41.0,0.7,,
Colorado,FluSurv-NET,2023-24,2024,10,Overall,Overall,Overall,Overall,65.0,1.6,,
Connecticut,FluSurv-NET,2023-24,2024,10,Overall,Overall,Overall,Overall,101.0,6.2,,
Entire Network,FluSurv-NET,2023-24,2024,10,0-4 yr,Overall,Overall,Overall,72.0,3.0,,
Entire Network,FluSurv-NET,2023-24,2024,10,0-<1 yr,Overall,Overall,Overall,111.0,4.8,,
Entire Network,FluSurv-NET,2023-24,2024,10,1-4 yr,Overall,Overall,Overall,62.0,2.6,,
Entire Network,FluSurv-NET,2023-24,2024,10,12-17 yr,Overall,Overall,Overall,16.0,1.0,,
Entire Network,FluSurv-NET,2023-24,2024,10,18-29 yr,Overall,Overall,Overall,24.0,1.0,,
Entire Network,FluSurv-NET,2023-24,2024,10,18-49 yr,Overall,Overall,Overall,34.0,1.3,,
Entire Network,FluSurv-NET,2023-24,2024,10,30-39 yr,Overall,Overall,Overall,35.0,1.2,,
Entire Network,FluSurv-NET,2023-24,2024,10,40-49 yr,Overall,Overall,Overall,45.0,1.7,,
Entire Network,FluSurv-NET,2023-24,2024,10,5-11 yr,Overall,Overall,Overall,40.0,2.2,,
Entire Network,FluSurv-NET,2023-24,2024,10,5-17 yr,Overall,Overall,Overall,28.0,1.6,,
Entire Network,FluSurv-NET,2023-24,2024,10,50-64 yr,Overall,Overall,Overall,85.0,2.9,,
Entire Network,FluSurv-NET,2023-24,2024,10,65-74 yr,Overall,Overall,Overall,134.0,4.6,,
Entire Network,FluSurv-NET,2023-24,2024,10,75-84 yr,Overall,Overall,Overall,231.0,9.0,,
Entire Network,FluSurv-NET,2023-24,2024,10,>= 65 yr,Overall,Overall,Overall,187.0,7.2,,
Entire Network,FluSurv-NET,2023-24,2024,10,>= 75,Overall,Overall,Overall,265.0,11.0,,
Entire Network,FluSurv-NET,2023-24,2024,10,>= 85,Overall,Overall,Overall,365.0,16.8,,
Entire Network,FluSurv-NET,2023-24,2024,10,Adults,Overall,Overall,Overall,77.0,2.9,,
Entire Network,FluSurv-NET,2023-24,2024,10,Overall,Female,Overall,Overall,72.0,2.8,,
Entire Network,FluSurv-NET,2023-24,2024,10,Overall,Male,Overall,Overall,67.0,2.5,,
Entire Network,FluSurv-NET,2023-24,2024,10,Overall,Overall,"American Indian/Alaska Native, NH",Overall,113.0,2.7,118.38282963560587,2.811889917981906
Entire Network,FluSurv-NET,2023-24,2024,10,Overall,Overall,"Asian/Pacific Islander, NH",Overall,34.0,0.9,37.41419298456423,0.9860934762220382
Entire Network,FluSurv-NET,2023-24,2024,10,Overall,Overall,"Black, NH",Overall,120.0,3.8,129.66057334352809,4.082015808918558
Entire Network,FluSurv-NET,2023-24,2024,10,Overall,Overall,Hispanic,Overall,55.0,2.0,67.7886322847305,2.176553248131992
Entire Network,FluSurv-NET,2023-24,2024,10,Overall,Overall,Overall,Overall,69.0,2.7,,
Entire Network,FluSurv-NET,2023-24,2024,10,Overall,Overall,"White, NH",Overall,63.0,2.9,55.34068211124048,2.5813453123977603
Entire Network,FluSurv-NET,2023-24,2024,10,Pediatrics,Overall,Overall,Overall,40.0,2.0,,
Georgia,FluSurv-NET,2023-24,2024,10,Overall,Overall,Overall,Overall,98.0,1.7,,
Maryland,FluSurv-NET,2023-24,2024,10,Overall,Overall,Overall,Overall,75.0,4.3,,
Michigan,FluSurv-NET,2023-24,2024,10,Overall,Overall,Overall,Overall,64.0,7.0,,
Minnesota,FluSurv-NET,2023-24,2024,10,Overall,Overall,Overall,Overall,57.0,3.5,,
New Mexico,FluSurv-NET,2023-24,2024,10,Overall,Overall,Overall,Overall,82.0,2.8,,
New York,FluSurv-NET,2023-24,2024,10,Overall,Overall,Overall,Overall,83.0,3.6,,
North Carolina,FluSurv-NET,2023-24,2024,10,Overall,Overall,Overall,Overall,109.0,1.9,,
Ohio,FluSurv-NET,2023-24,2024,10,Overall,Overall,Overall,Overall,69.0,3.7,,
Oregon,FluSurv-NET,2023-24,2024,10,Overall,Overall,Overall,Overall,29.0,0.8,,
Tennessee,FluSurv-NET,2023-24,2024,10,Overall,Overall,Overall,Overall,63.0,2.4,,
Utah,FluSurv-NET,2023-24,2024,10,Overall,Overall,Overall,Overall,58.0,1.3,,
California,FluSurv-NET,2023-24,2024,11,Overall,Overall,Overall,Overall,42.0,0.7,,
Colorado,FluSurv-NET,2023-24,2024,11,Overall,Overall,Overall,Overall,67.0,1.8,,
Connecticut,FluSurv-NET,2023-24,2024,11,Overall,Overall,Overall,Overall,105.0,3.9,,
Entire Network,FluSurv-NET,2023-24,2024,11,0-4 yr,Overall,Overall,Overall,74.0,2.5,,
Entire Network,FluSurv-NET,2023-24,2024,11,0-<1 yr,Overall,Overall,Overall,114.0,3.3,,
Entire Network,FluSurv-NET,2023-24,2024,11,1-4 yr,Overall,Overall,Overall,65.0,2.3,,
Entire Network,FluSurv-NET,2023-24,2024,11,12-17 yr,Overall,Overall,Overall,17.0,0.6,,
Entire Network,FluSurv-NET,2023-24,2024,11,18-29 yr,Overall,Overall,Overall,24.0,0.6,,
Entire Network,FluSurv-NET,2023-24,2024,11,18-49 yr,Overall,Overall,Overall,35.0,1.0,,
Entire Network,FluSurv-NET,2023-24,2024,11,30-39 yr,Overall,Overall,Overall,37.0,1.4,,
Entire Network,FluSurv-NET,2023-24,2024,11,40-49 yr,Overall,Overall,Overall,46.0,1.1,,
Entire Network,FluSurv-NET,2023-24,2024,11,5-11 yr,Overall,Overall,Overall,41.0,1.6,,
Entire Network,FluSurv-NET,2023-24,2024,11,5-17 yr,Overall,Overall,Overall,30.0,1.1,,
Entire Network,FluSurv-NET,2023-24,2024,11,50-64 yr,Overall,Overall,Overall,87.0,2.1,,
Entire Network,FluSurv-NET,2023-24,2024,11,65-74 yr,Overall,Overall,Overall,137.0,3.8,,
Entire Network,FluSurv-NET,2023-24,2024,11,75-84 yr,Overall,Overall,Overall,239.0,7.6,,
Entire Network,FluSurv-NET,2023-24,2024,11,>= 65 yr,Overall,Overall,Overall,193.0,6.1,,
Entire Network,FluSurv-NET,2023-24,2024,11,>= 75,Overall,Overall,Overall,274.0,9.6,,
Entire Network,FluSurv-NET,2023-24,2024,11,>= 85,Overall,Overall,Overall,381.0,15.7,,
Entire Network,FluSurv-NET,2023-24,2024,11,Adults,Overall,Overall,Overall,80.0,2.3,,
Entire Network,FluSurv-NET,2023-24,2024,11,Overall,Female,Overall,Overall,74.0,2.2,,
Entire Network,FluSurv-NET,2023-24,2024,11,Overall,Male,Overall,Overall,69.0,2.1,,
Entire Network,FluSurv-NET,2023-24,2024,11,Overall,Overall,"American Indian/Alaska Native, NH",Overall,116.0,3.3,121.76280754162543,3.3799779060195836
Entire Network,FluSurv-NET,2023-24,2024,11,Overall,Overall,"Asian/Pacific Islander, NH",Overall,35.0,0.9,38.346509885829434,0.9323169012652051
Entire Network,FluSurv-NET,2023-24,2024,11,Overall,Overall,"Black, NH",Overall,123.0,2.8,132.65080341556842,2.990230072040347
Entire Network,FluSurv-NET,2023-24,2024,11,Overall,Overall,Hispanic,Overall,56.0,1.5,69.61193313413148,1.8233008494009841
Entire Network,FluSurv-NET,2023-24,2024,11,Overall,Overall,Overall,Overall,72.0,2.1,,
Entire Network,FluSurv-NET,2023-24,2024,11,Overall,Overall,"White, NH",Overall,65.0,2.3,57.34389462771646,2.0032125164759718
Entire Network,FluSurv-NET,2023-24,2024,11,Pediatrics,Overall,Overall,Overall,41.0,1.5,,
Georgia,FluSurv-NET,2023-24,2024,11,Overall,Overall,Overall,Overall,99.0,1.1,,
Maryland,FluSurv-NET,2023-24,2024,11,Overall,Overall,Overall,Overall,77.0,2.1,,
Michigan,FluSurv-NET,2023-24,2024,11,Overall,Overall,Overall,Overall,71.0,6.5,,
Minnesota,FluSurv-NET,2023-24,2024,11,Overall,Overall,Overall,Overall,61.0,3.9,,
New Mexico,FluSurv-NET,2023-24,2024,11,Overall,Overall,Overall,Overall,84.0,2.1,,
New York,FluSurv-NET,2023-24,2024,11,Overall,Overall,Overall,Overall,87.0,3.3,,
North Carolina,FluSurv-NET,2023-24,2024,11,Overall,Overall,Overall,Overall,110.0,1.3,,
Ohio,FluSurv-NET,2023-24,2024,11,Overall,Overall,Overall,Overall,71.0,2.4,,
Oregon,FluSurv-NET,2023-24,2024,11,Overall,Overall,Overall,Overall,30.0,1.0,,
Tennessee,FluSurv-NET,2023-24,2024,11,Overall,Overall,Overall,Overall,65.0,1.6,,
Utah,FluSurv-NET,2023-24,2024,11,Overall,Overall,Overall,Overall,59.0,1.0,,
California,FluSurv-NET,2023-24,2024,12,Overall,Overall,Overall,Overall,42.0,0.6,,
Colorado,FluSurv-NET,2023-24,2024,12,Overall,Overall,Overall,Overall,69.0,1.8,,
Connecticut,FluSurv-NET,2023-24,2024,12,Overall,Overall,Overall,Overall,108.0,3.6,,
Entire Network,FluSurv-NET,2023-24,2024,12,0-4 yr,Overall,Overall,Overall,76.0,1.9,,
Entire Network,FluSurv-NET,2023-24,2024,12,0-<1 yr,Overall,Overall,Overall,117.0,2.7,,
Entire Network,FluSurv-NET,2023-24,2024,12,1-4 yr,Overall,Overall,Overall,66.0,1.7,,
Entire Network,FluSurv-NET,2023-24,2024,12,12-17 yr,Overall,Overall,Overall,17.0,0.6,,
Entire Network,FluSurv-NET,2023-24,2024,12,18-29 yr,Overall,Overall,Overall,25.0,0.7,,
Entire Network,FluSurv-NET,2023-24,2024,12,18-49 yr,Overall,Overall,Overall,36.0,0.9,,
Entire Network,FluSurv-NET,2023-24,2024,12,30-39 yr,Overall,Overall,Overall,38.0,1.0,,
Entire Network,FluSurv-NET,2023-24,2024,12,40-49 yr,Overall,Overall,Overall,47.0,1.1,,
Entire Network,FluSurv-NET,2023-24,2024,12,5-11 yr,Overall,Overall,Overall,43.0,1.8,,
Entire Network,FluSurv-NET,2023-24,2024,12,5-17 yr,Overall,Overall,Overall,31.0,1.2,,
Entire Network,FluSurv-NET,2023-24,2024,12,50-64 yr,Overall,Overall,Overall,89.0,2.1,,
Entire Network,FluSurv-NET,2023-24,2024,12,65-74 yr,Overall,Overall,Overall,141.0,3.3,,
Entire Network,FluSurv-NET,2023-24,2024,12,75-84 yr,Overall,Overall,Overall,245.0,6.3,,
Entire Network,FluSurv-NET,2023-24,2024,12,>= 65 yr,Overall,Overall,Overall,198.0,4.8,,
Entire Network,FluSurv-NET,2023-24,2024,12,>= 75,Overall,Overall,Overall,281.0,7.1,,
Entire Network,FluSurv-NET,2023-24,2024,12,>= 85,Overall,Overall,Overall,390.0,9.5,,
Entire Network,FluSurv-NET,2023-24,2024,12,Adults,Overall,Overall,Overall,82.0,2.0,,
Entire Network,FluSurv-NET,2023-24,2024,12,Overall,Female,Overall,Overall,76.0,2.0,,
Entire Network,FluSurv-NET,2023-24,2024,12,Overall,Male,Overall,Overall,70.0,1.7,,
Entire Network,FluSurv-NET,2023-24,2024,12,Overall,Overall,"American Indian/Alaska Native, NH",Overall,119.0,2.7,124.62202472574616,2.8592171841207166
Entire Network,FluSurv-NET,2023-24,2024,12,Overall,Overall,"Asian/Pacific Islander, NH",Overall,35.0,0.9,39.28228677958735,0.9357768937579162
Entire Network,FluSurv-NET,2023-24,2024,12,Overall,Overall,"Black, NH",Overall,126.0,2.8,135.61826026509183,2.9674568495233937
Entire Network,FluSurv-NET,2023-24,2024,12,Overall,Overall,Hispanic,Overall,58.0,1.3,71.15962003034842,1.5476868962169346
Entire Network,FluSurv-NET,2023-24,2024,12,Overall,Overall,Overall,Overall,73.0,1.9,,
Entire Network,FluSurv-NET,2023-24,2024,12,Overall,Overall,"White, NH",Overall,67.0,1.8,58.978414214150604,1.6345195864341409
Entire Network,FluSurv-NET,2023-24,2024,12,Pediatrics,Overall,Overall,Overall,42.0,1.4,,
Georgia,FluSurv-NET,2023-24,2024,12,Overall,Overall,Overall,Overall,100.0,1.0,,
Maryland,FluSurv-NET,2023-24,2024,12,Overall,Overall,Overall,Overall,79.0,2.3,,
Michigan,FluSurv-NET,2023-24,2024,12,Overall,Overall,Overall,Overall,75.0,4.5,,
Minnesota,FluSurv-NET,2023-24,2024,12,Overall,Overall,Overall,Overall,64.0,2.9,,
New Mexico,FluSurv-NET,2023-24,2024,12,Overall,Overall,Overall,Overall,87.0,2.4,,
New York,FluSurv-NET,2023-24,2024,12,Overall,Overall,Overall,Overall,89.0,2.6,,
North Carolina,FluSurv-NET,2023-24,2024,12,Overall,Overall,Overall,Overall,111.0,1.0,,
Ohio,FluSurv-NET,2023-24,2024,12,Overall,Overall,Overall,Overall,73.0,1.9,,
Oregon,FluSurv-NET,2023-24,2024,12,Overall,Overall,Overall,Overall,31.0,1.4,,
Tennessee,FluSurv-NET,2023-24,2024,12,Overall,Overall,Overall,Overall,66.0,1.3,,
Utah,FluSurv-NET,2023-24,2024,12,Overall,Overall,Overall,Overall,61.0,1.2,,
California,FluSurv-NET,2023-24,2024,13,Overall,Overall,Overall,Overall,43.0,0.8,,
Colorado,FluSurv-NET,2023-24,2024,13,Overall,Overall,Overall,Overall,70.0,1.1,,
Connecticut,FluSurv-NET,2023-24,2024,13,Overall,Overall,Overall,Overall,113.0,4.5,,
Entire Network,FluSurv-NET,2023-24,2024,13,0-4 yr,Overall,Overall,Overall,78.0,1.2,,
Entire Network,FluSurv-NET,2023-24,2024,13,0-<1 yr,Overall,Overall,Overall,118.0,1.5,,
Entire Network,FluSurv-NET,2023-24,2024,13,1-4 yr,Overall,Overall,Overall,67.0,1.1,,
Entire Network,FluSurv-NET,2023-24,2024,13,12-17 yr,Overall,Overall,Overall,17.0,0.3,,
Entire Network,FluSurv-NET,2023-24,2024,13,18-29 yr,Overall,Overall,Overall,26.0,0.6,,
Entire Network,FluSurv-NET,2023-24,2024,13,18-49 yr,Overall,Overall,Overall,37.0,0.9,,
Entire Network,FluSurv-NET,2023-24,2024,13,30-39 yr,Overall,Overall,Overall,39.0,1.2,,
Entire Network,FluSurv-NET,2023-24,2024,13,40-49 yr,Overall,Overall,Overall,48.0,1.0,,
Entire Network,FluSurv-NET,2023-24,2024,13,5-11 yr,Overall,Overall,Overall,44.0,1.1,,
Entire Network,FluSurv-NET,2023-24,2024,13,5-17 yr,Overall,Overall,Overall,31.0,0.7,,
Entire Network,FluSurv-NET,2023-24,2024,13,50-64 yr,Overall,Overall,Overall,91.0,1.8,,
Entire Network,FluSurv-NET,2023-24,2024,13,65-74 yr,Overall,Overall,Overall,144.0,3.4,,
Entire Network,FluSurv-NET,2023-24,2024,13,75-84 yr,Overall,Overall,Overall,251.0,5.5,,
Entire Network,FluSurv-NET,2023-24,2024,13,>= 65 yr,Overall,Overall,Overall,203.0,5.0,,
Entire Network,FluSurv-NET,2023-24,2024,13,>= 75,Overall,Overall,Overall,289.0,7.4,,
Entire Network,FluSurv-NET,2023-24,2024,13,>= 85,Overall,Overall,Overall,403.0,12.9,,
Entire Network,FluSurv-NET,2023-24,2024,13,Adults,Overall,Overall,Overall,84.0,2.0,,
Entire Network,FluSurv-NET,2023-24,2024,13,Overall,Female,Overall,Overall,78.0,1.8,,
Entire Network,FluSurv-NET,2023-24,2024,13,Overall,Male,Overall,Overall,72.0,1.6,,
Entire Network,FluSurv-NET,2023-24,2024,13,Overall,Overall,"American Indian/Alaska Native, NH",Overall,120.0,1.1,125.75518647872696,1.1331617529807831
Entire Network,FluSurv-NET,2023-24,2024,13,Overall,Overall,"Asian/Pacific Islander, NH",Overall,37.0,1.1,40.486655714703666,1.2043689351163145
Entire Network,FluSurv-NET,2023-24,2024,13,Overall,Overall,"Black, NH",Overall,128.0,2.6,138.46246020656352,2.844199941471728
Entire Network,FluSurv-NET,2023-24,2024,13,Overall,Overall,Hispanic,Overall,59.0,1.2,72.65673195976896,1.497111929420539
Entire Network,FluSurv-NET,2023-24,2024,13,Overall,Overall,Overall,Overall,75.0,1.7,,
Entire Network,FluSurv-NET,2023-24,2024,13,Overall,Overall,"White, NH",Overall,69.0,1.7,60.48638188140078,1.5079676672501807
Entire Network,FluSurv-NET,2023-24,2024,13,Pediatrics,Overall,Overall,Overall,43.0,0.8,,
Georgia,FluSurv-NET,2023-24,2024,13,Overall,Overall,Overall,Overall,100.0,0.8,,
Maryland,FluSurv-NET,2023-24,2024,13,Overall,Overall,Overall,Overall,82.0,2.9,,
Michigan,FluSurv-NET,2023-24,2024,13,Overall,Overall,Overall,Overall,80.0,4.1,,
Minnesota,FluSurv-NET,2023-24,2024,13,Overall,Overall,Overall,Overall,66.0,2.6,,
New Mexico,FluSurv-NET,2023-24,2024,13,Overall,Overall,Overall,Overall,88.0,1.4,,
New York,FluSurv-NET,2023-24,2024,13,Overall,Overall,Overall,Overall,92.0,2.8,,
North Carolina,FluSurv-NET,2023-24,2024,13,Overall,Overall,Overall,Overall,113.0,1.6,,
Ohio,FluSurv-NET,2023-24,2024,13,Overall,Overall,Overall,Overall,74.0,1.5,,
Oregon,FluSurv-NET,2023-24,2024,13,Overall,Overall,Overall,Overall,33.0,1.2,,
Tennessee,FluSurv-NET,2023-24,2024,13,Overall,Overall,Overall,Overall,67.0,1.0,,
Utah,FluSurv-NET,2023-24,2024,13,Overall,Overall,Overall,Overall,61.0,0.7,,
California,FluSurv-NET,2023-24,2024,14,Overall,Overall,Overall,Overall,44.0,0.6,,
Colorado,FluSurv-NET,2023-24,2024,14,Overall,Overall,Overall,Overall,71.0,1.2,,
Connecticut,FluSurv-NET,2023-24,2024,14,Overall,Overall,Overall,Overall,116.0,3.1,,
Entire Network,FluSurv-NET,2023-24,2024,14,0-4 yr,Overall,Overall,Overall,79.0,1.6,,
Entire Network,FluSurv-NET,2023-24,2024,14,0-<1 yr,Overall,Overall,Overall,120.0,1.8,,
Entire Network,FluSurv-NET,2023-24,2024,14,1-4 yr,Overall,Overall,Overall,69.0,1.5,,
Entire Network,FluSurv-NET,2023-24,2024,14,12-17 yr,Overall,Overall,Overall,18.0,0.4,,
Entire Network,FluSurv-NET,2023-24,2024,14,18-29 yr,Overall,Overall,Overall,26.0,0.6,,
Entire Network,FluSurv-NET,2023-24,2024,14,18-49 yr,Overall,Overall,Overall,38.0,0.9,,
Entire Network,FluSurv-NET,2023-24,2024,14,30-39 yr,Overall,Overall,Overall,40.0,1.0,,
Entire Network,FluSurv-NET,2023-24,2024,14,40-49 yr,Overall,Overall,Overall,49.0,1.1,,
Entire Network,FluSurv-NET,2023-24,2024,14,5-11 yr,Overall,Overall,Overall,45.0,1.1,,
Entire Network,FluSurv-NET,2023-24,2024,14,5-17 yr,Overall,Overall,Overall,32.0,0.7,,
Entire Network,FluSurv-NET,2023-24,2024,14,50-64 yr,Overall,Overall,Overall,93.0,1.9,,
Entire Network,FluSurv-NET,2023-24,2024,14,65-74 yr,Overall,Overall,Overall,147.0,2.8,,
Entire Network,FluSurv-NET,2023-24,2024,14,75-84 yr,Overall,Overall,Overall,257.0,5.7,,
Entire Network,FluSurv-NET,2023-24,2024,14,>= 65 yr,Overall,Overall,Overall,207.0,4.4,,
Entire Network,FluSurv-NET,2023-24,2024,14,>= 75,Overall,Overall,Overall,295.0,6.6,,
Entire Network,FluSurv-NET,2023-24,2024,14,>= 85,Overall,Overall,Overall,412.0,9.1,,
Entire Network,FluSurv-NET,2023-24,2024,14,Adults,Overall,Overall,Overall,86.0,1.9,,
Entire Network,FluSurv-NET,2023-24,2024,14,Overall,Female,Overall,Overall,80.0,1.9,,
Entire Network,FluSurv-NET,2023-24,2024,14,Overall,Male,Overall,Overall,73.0,1.4,,
Entire Network,FluSurv-NET,2023-24,2024,14,Overall,Overall,"American Indian/Alaska Native, NH",Overall,121.0,1.1,126.97006336877394,1.2148768900469822
Entire Network,FluSurv-NET,2023-24,2024,14,Overall,Overall,"Asian/Pacific Islander, NH",Overall,38.0,1.0,41.53102741162498,1.0443716969213228
Entire Network,FluSurv-NET,2023-24,2024,14,Overall,Overall,"Black, NH",Overall,131.0,2.4,140.89202535397433,2.4295651474108104
Entire Network,FluSurv-NET,2023-24,2024,14,Overall,Overall,Hispanic,Overall,60.0,1.0,73.948039069477,1.2913071097080588
Entire Network,FluSurv-NET,2023-24,2024,14,Overall,Overall,Overall,Overall,77.0,1.7,,
Entire Network,FluSurv-NET,2023-24,2024,14,Overall,Overall,"White, NH",Overall,70.0,1.6,61.93362776330389,1.4472458819031047
Entire Network,FluSurv-NET,2023-24,2024,14,Pediatrics,Overall,Overall,Overall,44.0,0.9,,
Georgia,FluSurv-NET,2023-24,2024,14,Overall,Overall,Overall,Overall,101.0,0.6,,
Maryland,FluSurv-NET,2023-24,2024,14,Overall,Overall,Overall,Overall,84.0,2.4,,
Michigan,FluSurv-NET,2023-24,2024,14,Overall,Overall,Overall,Overall,84.0,4.1,,
Minnesota,FluSurv-NET,2023-24,2024,14,Overall,Overall,Overall,Overall,69.0,2.6,,
New Mexico,FluSurv-NET,2023-24,2024,14,Overall,Overall,Overall,Overall,90.0,1.6,,
New York,FluSurv-NET,2023-24,2024,14,Overall,Overall,Overall,Overall,96.0,3.8,,
North Carolina,FluSurv-NET,2023-24,2024,14,Overall,Overall,Overall,Overall,113.0,0.7,,
Ohio,FluSurv-NET,2023-24,2024,14,Overall,Overall,Overall,Overall,76.0,1.5,,
Oregon,FluSurv-NET,2023-24,2024,14,Overall,Overall,Overall,Overall,34.0,1.2,,
Tennessee,FluSurv-NET,2023-24,2024,14,Overall,Overall,Overall,Overall,68.0,1.1,,
Utah,FluSurv-NET,2023-24,2024,14,Overall,Overall,Overall,Overall,62.0,0.6,,
California,FluSurv-NET,2023-24,2024,15,Overall,Overall,Overall,Overall,44.0,0.6,,
Colorado,FluSurv-NET,2023-24,2024,15,Overall,Overall,Overall,Overall,72.0,1.1,,
Connecticut,FluSurv-NET,2023-24,2024,15,Overall,Overall,Overall,Overall,119.0,3.1,,
Entire Network,FluSurv-NET,2023-24,2024,15,0-4 yr,Overall,Overall,Overall,81.0,1.6,,
Entire Network,FluSurv-NET,2023-24,2024,15,0-<1 yr,Overall,Overall,Overall,122.0,2.4,,
Entire Network,FluSurv-NET,2023-24,2024,15,1-4 yr,Overall,Overall,Overall,70.0,1.4,,
Entire Network,FluSurv-NET,2023-24,2024,15,12-17 yr,Overall,Overall,Overall,18.0,0.2,,
Entire Network,FluSurv-NET,2023-24,2024,15,18-29 yr,Overall,Overall,Overall,27.0,0.6,,
Entire Network,FluSurv-NET,2023-24,2024,15,18-49 yr,Overall,Overall,Overall,38.0,0.6,,
Entire Network,FluSurv-NET,2023-24,2024,15,30-39 yr,Overall,Overall,Overall,41.0,0.6,,
Entire Network,FluSurv-NET,2023-24,2024,15,40-49 yr,Overall,Overall,Overall,49.0,0.6,,
Entire Network,FluSurv-NET,2023-24,2024,15,5-11 yr,Overall,Overall,Overall,46.0,0.6,,
Entire Network,FluSurv-NET,2023-24,2024,15,5-17 yr,Overall,Overall,Overall,33.0,0.4,,
Entire Network,FluSurv-NET,2023-24,2024,15,50-64 yr,Overall,Overall,Overall,95.0,1.5,,
Entire Network,FluSurv-NET,2023-24,2024,15,65-74 yr,Overall,Overall,Overall,149.0,2.3,,
Entire Network,FluSurv-NET,2023-24,2024,15,75-84 yr,Overall,Overall,Overall,261.0,4.5,,
Entire Network,FluSurv-NET,2023-24,2024,15,>= 65 yr,Overall,Overall,Overall,211.0,3.6,,
Entire Network,FluSurv-NET,2023-24,2024,15,>= 75,Overall,Overall,Overall,301.0,5.4,,
Entire Network,FluSurv-NET,2023-24,2024,15,>= 85,Overall,Overall,Overall,420.0,8.1,,
Entire Network,FluSurv-NET,2023-24,2024,15,Adults,Overall,Overall,Overall,87.0,1.4,,
Entire Network,FluSurv-NET,2023-24,2024,15,Overall,Female,Overall,Overall,81.0,1.3,,
Entire Network,FluSurv-NET,2023-24,2024,15,Overall,Male,Overall,Overall,75.0,1.2,,
Entire Network,FluSurv-NET,2023-24,2024,15,Overall,Overall,"American Indian/Alaska Native, NH",Overall,121.0,0.5,127.61091912332819,0.6408557545542792
Entire Network,FluSurv-NET,2023-24,2024,15,Overall,Overall,"Asian/Pacific Islander, NH",Overall,38.0,0.7,42.2542543165937,0.7232269049687193
Entire Network,FluSurv-NET,2023-24,2024,15,Overall,Overall,"Black, NH",Overall,132.0,1.7,142.69043040571216,1.7984050517378067
Entire Network,FluSurv-NET,2023-24,2024,15,Overall,Overall,Hispanic,Overall,61.0,0.9,75.06637838668128,1.118339317204253
Entire Network,FluSurv-NET,2023-24,2024,15,Overall,Overall,Overall,Overall,78.0,1.3,,
Entire Network,FluSurv-NET,2023-24,2024,15,Overall,Overall,"White, NH",Overall,72.0,1.4,63.11250199636797,1.1788742330640767
Entire Network,FluSurv-NET,2023-24,2024,15,Pediatrics,Overall,Overall,Overall,45.0,0.7,,
Georgia,FluSurv-NET,2023-24,2024,15,Overall,Overall,Overall,Overall,102.0,0.5,,
Maryland,FluSurv-NET,2023-24,2024,15,Overall,Overall,Overall,Overall,86.0,2.0,,
Michigan,FluSurv-NET,2023-24,2024,15,Overall,Overall,Overall,Overall,86.0,2.0,,
Minnesota,FluSurv-NET,2023-24,2024,15,Overall,Overall,Overall,Overall,70.0,1.7,,
New Mexico,FluSurv-NET,2023-24,2024,15,Overall,Overall,Overall,Overall,91.0,0.8,,
New York,FluSurv-NET,2023-24,2024,15,Overall,Overall,Overall,Overall,99.0,3.2,,
North Carolina,FluSurv-NET,2023-24,2024,15,Overall,Overall,Overall,Overall,114.0,0.5,,
Ohio,FluSurv-NET,2023-24,2024,15,Overall,Overall,Overall,Overall,77.0,0.6,,
Oregon,FluSurv-NET,2023-24,2024,15,Overall,Overall,Overall,Overall,34.0,0.6,,
Tennessee,FluSurv-NET,2023-24,2024,15,Overall,Overall,Overall,Overall,70.0,1.3,,
Utah,FluSurv-NET,2023-24,2024,15,Overall,Overall,Overall,Overall,62.0,0.4,,
California,FluSurv-NET,2023-24,2024,16,Overall,Overall,Overall,Overall,45.0,0.9,,
Colorado,FluSurv-NET,2023-24,2024,16,Overall,Overall,Overall,Overall,73.0,0.8,,
Connecticut,FluSurv-NET,2023-24,2024,16,Overall,Overall,Overall,Overall,123.0,4.3,,
Entire Network,FluSurv-NET,2023-24,2024,16,0-4 yr,Overall,Overall,Overall,82.0,1.1,,
Entire Network,FluSurv-NET,2023-24,2024,16,0-<1 yr,Overall,Overall,Overall,125.0,3.0,,
Entire Network,FluSurv-NET,2023-24,2024,16,1-4 yr,Overall,Overall,Overall,71.0,0.7,,
Entire Network,FluSurv-NET,2023-24,2024,16,12-17 yr,Overall,Overall,Overall,18.0,0.1,,
Entire Network,FluSurv-NET,2023-24,2024,16,18-29 yr,Overall,Overall,Overall,27.0,0.3,,
Entire Network,FluSurv-NET,2023-24,2024,16,18-49 yr,Overall,Overall,Overall,39.0,0.4,,
Entire Network,FluSurv-NET,2023-24,2024,16,30-39 yr,Overall,Overall,Overall,41.0,0.4,,
Entire Network,FluSurv-NET,2023-24,2024,16,40-49 yr,Overall,Overall,Overall,50.0,0.5,,
Entire Network,FluSurv-NET,2023-24,2024,16,5-11 yr,Overall,Overall,Overall,46.0,0.5,,
Entire Network,FluSurv-NET,2023-24,2024,16,5-17 yr,Overall,Overall,Overall,33.0,0.3,,
Entire Network,FluSurv-NET,2023-24,2024,16,50-64 yr,Overall,Overall,Overall,96.0,1.1,,
Entire Network,FluSurv-NET,2023-24,2024,16,65-74 yr,Overall,Overall,Overall,151.0,2.2,,
Entire Network,FluSurv-NET,2023-24,2024,16,75-84 yr,Overall,Overall,Overall,264.0,2.9,,
Entire Network,FluSurv-NET,2023-24,2024,16,>= 65 yr,Overall,Overall,Overall,213.0,2.7,,
Entire Network,FluSurv-NET,2023-24,2024,16,>= 75,Overall,Overall,Overall,304.0,3.4,,
Entire Network,FluSurv-NET,2023-24,2024,16,>= 85,Overall,Overall,Overall,425.0,4.8,,
Entire Network,FluSurv-NET,2023-24,2024,16,Adults,Overall,Overall,Overall,88.0,1.0,,
Entire Network,FluSurv-NET,2023-24,2024,16,Overall,Female,Overall,Overall,82.0,1.0,,
Entire Network,FluSurv-NET,2023-24,2024,16,Overall,Male,Overall,Overall,76.0,0.9,,
Entire Network,FluSurv-NET,2023-24,2024,16,Overall,Overall,"American Indian/Alaska Native, NH",Overall,123.0,1.6,129.1695522556739,1.5586331323457108
Entire Network,FluSurv-NET,2023-24,2024,16,Overall,Overall,"Asian/Pacific Islander, NH",Overall,39.0,0.6,42.8652579144238,0.6110035978300957
Entire Network,FluSurv-NET,2023-24,2024,16,Overall,Overall,"Black, NH",Overall,134.0,1.2,144.05167090992353,1.361240504211358
Entire Network,FluSurv-NET,2023-24,2024,16,Overall,Overall,Hispanic,Overall,62.0,0.7,75.86574912249662,0.7993707358153538
Entire Network,FluSurv-NET,2023-24,2024,16,Overall,Overall,Overall,Overall,79.0,0.9,,
Entire Network,FluSurv-NET,2023-24,2024,16,Overall,Overall,"White, NH",Overall,72.0,0.9,63.9132895009329,0.8007875045649291
Entire Network,FluSurv-NET,2023-24,2024,16,Pediatrics,Overall,Overall,Overall,45.0,0.5,,
Georgia,FluSurv-NET,2023-24,2024,16,Overall,Overall,Overall,Overall,102.0,0.3,,
Maryland,FluSurv-NET,2023-24,2024,16,Overall,Overall,Overall,Overall,87.0,1.1,,
Michigan,FluSurv-NET,2023-24,2024,16,Overall,Overall,Overall,Overall,87.0,1.0,,
Minnesota,FluSurv-NET,2023-24,2024,16,Overall,Overall,Overall,Overall,71.0,1.0,,
New Mexico,FluSurv-NET,2023-24,2024,16,Overall,Overall,Overall,Overall,92.0,1.2,,
New York,FluSurv-NET,2023-24,2024,16,Overall,Overall,Overall,Overall,100.0,1.4,,
North Carolina,FluSurv-NET,2023-24,2024,16,Overall,Overall,Overall,Overall,115.0,0.6,,
Ohio,FluSurv-NET,2023-24,2024,16,Overall,Overall,Overall,Overall,77.0,0.3,,
Oregon,FluSurv-NET,2023-24,2024,16,Overall,Overall,Overall,Overall,35.0,0.7,,
Tennessee,FluSurv-NET,2023-24,2024,16,Overall,Overall,Overall,Overall,70.0,0.7,,
Utah,FluSurv-NET,2023-24,2024,16,Overall,Overall,Overall,Overall,63.0,0.5,,
California,FluSurv-NET,2023-24,2024,17,Overall,Overall,Overall,Overall,46.0,0.7,,
Colorado,FluSurv-NET,2023-24,2024,17,Overall,Overall,Overall,Overall,74.0,0.7,,
Connecticut,FluSurv-NET,2023-24,2024,17,Overall,Overall,Overall,Overall,126.0,3.1,,
Entire Network,FluSurv-NET,2023-24,2024,17,0-4 yr,Overall,Overall,Overall,83.0,1.1,,
Entire Network,FluSurv-NET,2023-24,2024,17,0-<1 yr,Overall,Overall,Overall,128.0,2.4,,
Entire Network,FluSurv-NET,2023-24,2024,17,1-4 yr,Overall,Overall,Overall,72.0,0.8,,
Entire Network,FluSurv-NET,2023-24,2024,17,12-17 yr,Overall,Overall,Overall,18.0,0.2,,
Entire Network,FluSurv-NET,2023-24,2024,17,18-29 yr,Overall,Overall,Overall,27.0,0.2,,
Entire Network,FluSurv-NET,2023-24,2024,17,18-49 yr,Overall,Overall,Overall,39.0,0.3,,
Entire Network,FluSurv-NET,2023-24,2024,17,30-39 yr,Overall,Overall,Overall,41.0,0.3,,
Entire Network,FluSurv-NET,2023-24,2024,17,40-49 yr,Overall,Overall,Overall,50.0,0.3,,
Entire Network,FluSurv-NET,2023-24,2024,17,5-11 yr,Overall,Overall,Overall,47.0,0.3,,
Entire Network,FluSurv-NET,2023-24,2024,17,5-17 yr,Overall,Overall,Overall,33.0,0.2,,
Entire Network,FluSurv-NET,2023-24,2024,17,50-64 yr,Overall,Overall,Overall,96.0,0.7,,
Entire Network,FluSurv-NET,2023-24,2024,17,65-74 yr,Overall,Overall,Overall,153.0,1.3,,
Entire Network,FluSurv-NET,2023-24,2024,17,75-84 yr,Overall,Overall,Overall,266.0,2.1,,
Entire Network,FluSurv-NET,2023-24,2024,17,>= 65 yr,Overall,Overall,Overall,215.0,2.0,,
Entire Network,FluSurv-NET,2023-24,2024,17,>= 75,Overall,Overall,Overall,307.0,3.1,,
Entire Network,FluSurv-NET,2023-24,2024,17,>= 85,Overall,Overall,Overall,431.0,5.9,,
Entire Network,FluSurv-NET,2023-24,2024,17,Adults,Overall,Overall,Overall,89.0,0.7,,
Entire Network,FluSurv-NET,2023-24,2024,17,Overall,Female,Overall,Overall,83.0,0.6,,
Entire Network,FluSurv-NET,2023-24,2024,17,Overall,Male,Overall,Overall,76.0,0.7,,
Entire Network,FluSurv-NET,2023-24,2024,17,Overall,Overall,"American Indian/Alaska Native, NH",Overall,123.0,0.0,129.1695522556739,0.0
Entire Network,FluSurv-NET,2023-24,2024,17,Overall,Overall,"Asian/Pacific Islander, NH",Overall,40.0,0.8,43.69971986196948,0.8344619475456836
Entire Network,FluSurv-NET,2023-24,2024,17,Overall,Overall,"Black, NH",Overall,134.0,0.8,144.947140804222,0.8954698942984953
Entire Network,FluSurv-NET,2023-24,2024,17,Overall,Overall,Hispanic,Overall,62.0,0.6,76.68180653904226,0.8160574165456387
Entire Network,FluSurv-NET,2023-24,2024,17,Overall,Overall,Overall,Overall,80.0,0.7,,
Entire Network,FluSurv-NET,2023-24,2024,17,Overall,Overall,"White, NH",Overall,73.0,0.6,64.48441388474168,0.571124383808791
Entire Network,FluSurv-NET,2023-24,2024,17,Pediatrics,Overall,Overall,Overall,46.0,0.5,,
Georgia,FluSurv-NET,2023-24,2024,17,Overall,Overall,Overall,Overall,102.0,0.2,,
Maryland,FluSurv-NET,2023-24,2024,17,Overall,Overall,Overall,Overall,88.0,0.4,,
Michigan,FluSurv-NET,2023-24,2024,17,Overall,Overall,Overall,Overall,88.0,0.9,,
Minnesota,FluSurv-NET,2023-24,2024,17,Overall,Overall,Overall,Overall,72.0,0.8,,
New Mexico,FluSurv-NET,2023-24,2024,17,Overall,Overall,Overall,Overall,92.0,0.7,,
New York,FluSurv-NET,2023-24,2024,17,Overall,Overall,Overall,Overall,101.0,1.1,,
North Carolina,FluSurv-NET,2023-24,2024,17,Overall,Overall,Overall,Overall,115.0,0.5,,
Ohio,FluSurv-NET,2023-24,2024,17,Overall,Overall,Overall,Overall,77.0,0.3,,
Oregon,FluSurv-NET,2023-24,2024,17,Overall,Overall,Overall,Overall,35.0,0.4,,
Tennessee,FluSurv-NET,2023-24,2024,17,Overall,Overall,Overall,Overall,71.0,0.7,,
Utah,FluSurv-NET,2023-24,2024,17,Overall,Overall,Overall,Overall,63.0,0.3,,
California,FluSurv-NET,2023-24,2024,18,Overall,Overall,Overall,Overall,46.0,0.6,,
Colorado,FluSurv-NET,2023-24,2024,18,Overall,Overall,Overall,Overall,74.0,0.5,,
Connecticut,FluSurv-NET,2023-24,2024,18,Overall,Overall,Overall,Overall,128.0,1.2,,
Entire Network,FluSurv-NET,2023-24,2024,18,0-4 yr,Overall,Overall,Overall,84.0,0.6,,
Entire Network,FluSurv-NET,2023-24,2024,18,0-<1 yr,Overall,Overall,Overall,128.0,0.3,,
Entire Network,FluSurv-NET,2023-24,2024,18,1-4 yr,Overall,Overall,Overall,72.0,0.7,,
Entire Network,FluSurv-NET,2023-24,2024,18,12-17 yr,Overall,Overall,Overall,18.0,0.0,,
Entire Network,FluSurv-NET,2023-24,2024,18,18-29 yr,Overall,Overall,Overall,27.0,0.1,,
Entire Network,FluSurv-NET,2023-24,2024,18,18-49 yr,Overall,Overall,Overall,39.0,0.2,,
Entire Network,FluSurv-NET,2023-24,2024,18,30-39 yr,Overall,Overall,Overall,42.0,0.1,,
Entire Network,FluSurv-NET,2023-24,2024,18,40-49 yr,Overall,Overall,Overall,51.0,0.3,,
Entire Network,FluSurv-NET,2023-24,2024,18,5-11 yr,Overall,Overall,Overall,47.0,0.1,,
Entire Network,FluSurv-NET,2023-24,2024,18,5-17 yr,Overall,Overall,Overall,33.0,0.1,,
Entire Network,FluSurv-NET,2023-24,2024,18,50-64 yr,Overall,Overall,Overall,97.0,0.4,,
Entire Network,FluSurv-NET,2023-24,2024,18,65-74 yr,Overall,Overall,Overall,154.0,1.0,,
Entire Network,FluSurv-NET,2023-24,2024,18,75-84 yr,Overall,Overall,Overall,268.0,1.6,,
Entire Network,FluSurv-NET,2023-24,2024,18,>= 65 yr,Overall,Overall,Overall,217.0,1.5,,
Entire Network,FluSurv-NET,2023-24,2024,18,>= 75,Overall,Overall,Overall,309.0,2.3,,
Entire Network,FluSurv-NET,2023-24,2024,18,>= 85,Overall,Overall,Overall,435.0,4.2,,
Entire Network,FluSurv-NET,2023-24,2024,18,Adults,Overall,Overall,Overall,89.0,0.5,,
Entire Network,FluSurv-NET,2023-24,2024,18,Overall,Female,Overall,Overall,83.0,0.5,,
Entire Network,FluSurv-NET,2023-24,2024,18,Overall,Male,Overall,Overall,77.0,0.4,,
Entire Network,FluSurv-NET,2023-24,2024,18,Overall,Overall,"American Indian/Alaska Native, NH",Overall,124.0,0.5,129.7435733911666,0.5740211354927031
Entire Network,FluSurv-NET,2023-24,2024,18,Overall,Overall,"Asian/Pacific Islander, NH",Overall,40.0,0.4,44.173222428247946,0.4735025662784586
Entire Network,FluSurv-NET,2023-24,2024,18,Overall,Overall,"Black, NH",Overall,135.0,0.4,145.45389967745322,0.5067588732311968
Entire Network,FluSurv-NET,2023-24,2024,18,Overall,Overall,Hispanic,Overall,63.0,0.5,77.25340361667281,0.5715970776305528
Entire Network,FluSurv-NET,2023-24,2024,18,Overall,Overall,Overall,Overall,80.0,0.5,,
Entire Network,FluSurv-NET,2023-24,2024,18,Overall,Overall,"White, NH",Overall,74.0,0.4,64.84792515844856,0.3635112737068784
Entire Network,FluSurv-NET,2023-24,2024,18,Pediatrics,Overall,Overall,Overall,46.0,0.2,,
Georgia,FluSurv-NET,2023-24,2024,18,Overall,Overall,Overall,Overall,102.0,0.1,,
Maryland,FluSurv-NET,2023-24,2024,18,Overall,Overall,Overall,Overall,88.0,0.5,,
Michigan,FluSurv-NET,2023-24,2024,18,Overall,Overall,Overall,Overall,88.0,0.7,,
Minnesota,FluSurv-NET,2023-24,2024,18,Overall,Overall,Overall,Overall,73.0,0.5,,
New Mexico,FluSurv-NET,2023-24,2024,18,Overall,Overall,Overall,Overall,93.0,0.9,,
New York,FluSurv-NET,2023-24,2024,18,Overall,Overall,Overall,Overall,103.0,1.0,,
North Carolina,FluSurv-NET,2023-24,2024,18,Overall,Overall,Overall,Overall,115.0,0.4,,
Ohio,FluSurv-NET,2023-24,2024,18,Overall,Overall,Overall,Overall,78.0,0.3,,
Oregon,FluSurv-NET,2023-24,2024,18,Overall,Overall,Overall,Overall,35.0,0.1,,
Tennessee,FluSurv-NET,2023-24,2024,18,Overall,Overall,Overall,Overall,71.0,0.2,,
Utah,FluSurv-NET,2023-24,2024,18,Overall,Overall,Overall,Overall,63.0,0.2,,
California,FluSurv-NET,2023-24,2024,19,Overall,Overall,Overall,Overall,47.0,0.5,,
Colorado,FluSurv-NET,2023-24,2024,19,Overall,Overall,Overall,Overall,75.0,0.5,,
Connecticut,FluSurv-NET,2023-24,2024,19,Overall,Overall,Overall,Overall,128.0,0.8,,
Entire Network,FluSurv-NET,2023-24,2024,19,0-4 yr,Overall,Overall,Overall,84.0,0.5,,
Entire Network,FluSurv-NET,2023-24,2024,19,0-<1 yr,Overall,Overall,Overall,128.0,0.3,,
Entire Network,FluSurv-NET,2023-24,2024,19,1-4 yr,Overall,Overall,Overall,73.0,0.5,,
Entire Network,FluSurv-NET,2023-24,2024,19,12-17 yr,Overall,Overall,Overall,19.0,0.2,,
Entire Network,FluSurv-NET,2023-24,2024,19,18-29 yr,Overall,Overall,Overall,27.0,0.1,,
Entire Network,FluSurv-NET,2023-24,2024,19,18-49 yr,Overall,Overall,Overall,39.0,0.1,,
Entire Network,FluSurv-NET,2023-24,2024,19,30-39 yr,Overall,Overall,Overall,42.0,0.2,,
Entire Network,FluSurv-NET,2023-24,2024,19,40-49 yr,Overall,Overall,Overall,51.0,0.1,,
Entire Network,FluSurv-NET,2023-24,2024,19,5-11 yr,Overall,Overall,Overall,47.0,0.3,,
Entire Network,FluSurv-NET,2023-24,2024,19,5-17 yr,Overall,Overall,Overall,33.0,0.2,,
Entire Network,FluSurv-NET,2023-24,2024,19,50-64 yr,Overall,Overall,Overall,97.0,0.3,,
Entire Network,FluSurv-NET,2023-24,2024,19,65-74 yr,Overall,Overall,Overall,155.0,0.8,,
Entire Network,FluSurv-NET,2023-24,2024,19,75-84 yr,Overall,Overall,Overall,269.0,1.5,,
Entire Network,FluSurv-NET,2023-24,2024,19,>= 65 yr,Overall,Overall,Overall,218.0,1.3,,
Entire Network,FluSurv-NET,2023-24,2024,19,>= 75,Overall,Overall,Overall,311.0,1.9,,
Entire Network,FluSurv-NET,2023-24,2024,19,>= 85,Overall,Overall,Overall,438.0,3.2,,
Entire Network,FluSurv-NET,2023-24,2024,19,Adults,Overall,Overall,Overall,90.0,0.4,,
Entire Network,FluSurv-NET,2023-24,2024,19,Overall,Female,Overall,Overall,84.0,0.5,,
Entire Network,FluSurv-NET,2023-24,2024,19,Overall,Male,Overall,Overall,77.0,0.3,,
Entire Network,FluSurv-NET,2023-24,2024,19,Overall,Overall,"American Indian/Alaska Native, NH",Overall,125.0,1.1,130.86316093867964,1.1195875475130421
Entire Network,FluSurv-NET,2023-24,2024,19,Overall,Overall,"Asian/Pacific Islander, NH",Overall,40.0,0.4,44.66621100175644,0.4929885735085009
Entire Network,FluSurv-NET,2023-24,2024,19,Overall,Overall,"Black, NH",Overall,135.0,0.5,146.05313252881774,0.5992328513645367
Entire Network,FluSurv-NET,2023-24,2024,19,Overall,Overall,Hispanic,Overall,63.0,0.3,77.68274036355604,0.42933674688322926
Entire Network,FluSurv-NET,2023-24,2024,19,Overall,Overall,Overall,Overall,80.0,0.4,,
Entire Network,FluSurv-NET,2023-24,2024,19,Overall,Overall,"White, NH",Overall,74.0,0.3,65.1470545284953,0.2991293700467531
Entire Network,FluSurv-NET,2023-24,2024,19,Pediatrics,Overall,Overall,Overall,46.0,0.3,,
Georgia,FluSurv-NET,2023-24,2024,19,Overall,Overall,Overall,Overall,103.0,0.3,,
Maryland,FluSurv-NET,2023-24,2024,19,Overall,Overall,Overall,Overall,88.0,0.3,,
Michigan,FluSurv-NET,2023-24,2024,19,Overall,Overall,Overall,Overall,88.0,0.1,,
Minnesota,FluSurv-NET,2023-24,2024,19,Overall,Overall,Overall,Overall,73.0,0.3,,
New Mexico,FluSurv-NET,2023-24,2024,19,Overall,Overall,Overall,Overall,94.0,0.5,,
New York,FluSurv-NET,2023-24,2024,19,Overall,Overall,Overall,Overall,103.0,0.5,,
North Carolina,FluSurv-NET,2023-24,2024,19,Overall,Overall,Overall,Overall,115.0,0.0,,
Ohio,FluSurv-NET,2023-24,2024,19,Overall,Overall,Overall,Overall,78.0,0.3,,
Oregon,FluSurv-NET,2023-24,2024,19,Overall,Overall,Overall,Overall,36.0,0.6,,
Tennessee,FluSurv-NET,2023-24,2024,19,Overall,Overall,Overall,Overall,71.0,0.2,,
Utah,FluSurv-NET,2023-24,2024,19,Overall,Overall,Overall,Overall,64.0,0.3,,
California,FluSurv-NET,2023-24,2024,20,Overall,Overall,Overall,Overall,47.0,0.5,,
Colorado,FluSurv-NET,2023-24,2024,20,Overall,Overall,Overall,Overall,75.0,0.5,,
Connecticut,FluSurv-NET,2023-24,2024,20,Overall,Overall,Overall,Overall,129.0,0.4,,
Entire Network,FluSurv-NET,2023-24,2024,20,0-4 yr,Overall,Overall,Overall,85.0,0.6,,
Entire Network,FluSurv-NET,2023-24,2024,20,0-<1 yr,Overall,Overall,Overall,128.0,0.0,,
Entire Network,FluSurv-NET,2023-24,2024,20,1-4 yr,Overall,Overall,Overall,74.0,0.8,,
Entire Network,FluSurv-NET,2023-24,2024,20,12-17 yr,Overall,Overall,Overall,19.0,0.0,,
Entire Network,FluSurv-NET,2023-24,2024,20,18-29 yr,Overall,Overall,Overall,28.0,0.1,,
Entire Network,FluSurv-NET,2023-24,2024,20,18-49 yr,Overall,Overall,Overall,39.0,0.1,,
Entire Network,FluSurv-NET,2023-24,2024,20,30-39 yr,Overall,Overall,Overall,42.0,0.2,,
Entire Network,FluSurv-NET,2023-24,2024,20,40-49 yr,Overall,Overall,Overall,51.0,0.1,,
Entire Network,FluSurv-NET,2023-24,2024,20,5-11 yr,Overall,Overall,Overall,47.0,0.3,,
Entire Network,FluSurv-NET,2023-24,2024,20,5-17 yr,Overall,Overall,Overall,34.0,0.2,,
Entire Network,FluSurv-NET,2023-24,2024,20,50-64 yr,Overall,Overall,Overall,97.0,0.2,,
Entire Network,FluSurv-NET,2023-24,2024,20,65-74 yr,Overall,Overall,Overall,155.0,0.5,,
Entire Network,FluSurv-NET,2023-24,2024,20,75-84 yr,Overall,Overall,Overall,270.0,1.2,,
Entire Network,FluSurv-NET,2023-24,2024,20,>= 65 yr,Overall,Overall,Overall,219.0,0.8,,
Entire Network,FluSurv-NET,2023-24,2024,20,>= 75,Overall,Overall,Overall,313.0,1.2,,
Entire Network,FluSurv-NET,2023-24,2024,20,>= 85,Overall,Overall,Overall,439.0,1.2,,
Entire Network,FluSurv-NET,2023-24,2024,20,Adults,Overall,Overall,Overall,90.0,0.3,,
Entire Network,FluSurv-NET,2023-24,2024,20,Overall,Female,Overall,Overall,84.0,0.3,,
Entire Network,FluSurv-NET,2023-24,2024,20,Overall,Male,Overall,Overall,77.0,0.3,,
Entire Network,FluSurv-NET,2023-24,2024,20,Overall,Overall,"American Indian/Alaska Native, NH",Overall,125.0,0.0,130.86316093867964,0.0
Entire Network,FluSurv-NET,2023-24,2024,20,Overall,Overall,"Asian/Pacific Islander, NH",Overall,41.0,0.3,44.935496125217746,0.26928512346130984
Entire Network,FluSurv-NET,2023-24,2024,20,Overall,Overall,"Black, NH",Overall,136.0,0.4,146.4257756390186,0.3726431102008634
Entire Network,FluSurv-NET,2023-24,2024,20,Overall,Overall,Hispanic,Overall,63.0,0.4,78.3647344187017,0.6819940551456631
Entire Network,FluSurv-NET,2023-24,2024,20,Overall,Overall,Overall,Overall,81.0,0.3,,
Entire Network,FluSurv-NET,2023-24,2024,20,Overall,Overall,"White, NH",Overall,74.0,0.2,65.35240707741664,0.20535254892132773
Entire Network,FluSurv-NET,2023-24,2024,20,Pediatrics,Overall,Overall,Overall,47.0,0.3,,
Georgia,FluSurv-NET,2023-24,2024,20,Overall,Overall,Overall,Overall,103.0,0.2,,
Maryland,FluSurv-NET,2023-24,2024,20,Overall,Overall,Overall,Overall,89.0,0.2,,
Michigan,FluSurv-NET,2023-24,2024,20,Overall,Overall,Overall,Overall,89.0,0.1,,
Minnesota,FluSurv-NET,2023-24,2024,20,Overall,Overall,Overall,Overall,73.0,0.1,,
New Mexico,FluSurv-NET,2023-24,2024,20,Overall,Overall,Overall,Overall,95.0,0.9,,
New York,FluSurv-NET,2023-24,2024,20,Overall,Overall,Overall,Overall,103.0,0.2,,
North Carolina,FluSurv-NET,2023-24,2024,20,Overall,Overall,Overall,Overall,116.0,0.2,,
Ohio,FluSurv-NET,2023-24,2024,20,Overall,Overall,Overall,Overall,78.0,0.0,,
Oregon,FluSurv-NET,2023-24,2024,20,Overall,Overall,Overall,Overall,37.0,0.7,,
Tennessee,FluSurv-NET,2023-24,2024,20,Overall,Overall,Overall,Overall,72.0,0.2,,
Utah,FluSurv-NET,2023-24,2024,20,Overall,Overall,Overall,Overall,64.0,0.3,,
California,FluSurv-NET,2023-24,2024,21,Overall,Overall,Overall,Overall,48.0,0.4,,
Colorado,FluSurv-NET,2023-24,2024,21,Overall,Overall,Overall,Overall,76.0,0.3,,
Connecticut,FluSurv-NET,2023-24,2024,21,Overall,Overall,Overall,Overall,129.0,0.5,,
Entire Network,FluSurv-NET,2023-24,2024,21,0-4 yr,Overall,Overall,Overall,85.0,0.1,,
Entire Network,FluSurv-NET,2023-24,2024,21,0-<1 yr,Overall,Overall,Overall,129.0,0.6,,
Entire Network,FluSurv-NET,2023-24,2024,21,1-4 yr,Overall,Overall,Overall,74.0,0.0,,
Entire Network,FluSurv-NET,2023-24,2024,21,12-17 yr,Overall,Overall,Overall,19.0,0.0,,
Entire Network,FluSurv-NET,2023-24,2024,21,18-29 yr,Overall,Overall,Overall,28.0,0.1,,
Entire Network,FluSurv-NET,2023-24,2024,21,18-49 yr,Overall,Overall,Overall,40.0,0.1,,
Entire Network,FluSurv-NET,2023-24,2024,21,30-39 yr,Overall,Overall,Overall,42.0,0.2,,
Entire Network,FluSurv-NET,2023-24,2024,21,40-49 yr,Overall,Overall,Overall,51.0,0.1,,
Entire Network,FluSurv-NET,2023-24,2024,21,5-11 yr,Overall,Overall,Overall,48.0,0.1,,
Entire Network,FluSurv-NET,2023-24,2024,21,5-17 yr,Overall,Overall,Overall,34.0,0.1,,
Entire Network,FluSurv-NET,2023-24,2024,21,50-64 yr,Overall,Overall,Overall,98.0,0.4,,
Entire Network,FluSurv-NET,2023-24,2024,21,65-74 yr,Overall,Overall,Overall,156.0,0.5,,
Entire Network,FluSurv-NET,2023-24,2024,21,75-84 yr,Overall,Overall,Overall,272.0,1.2,,
Entire Network,FluSurv-NET,2023-24,2024,21,>= 65 yr,Overall,Overall,Overall,220.0,0.9,,
Entire Network,FluSurv-NET,2023-24,2024,21,>= 75,Overall,Overall,Overall,314.0,1.3,,
Entire Network,FluSurv-NET,2023-24,2024,21,>= 85,Overall,Overall,Overall,441.0,1.8,,
Entire Network,FluSurv-NET,2023-24,2024,21,Adults,Overall,Overall,Overall,90.0,0.3,,
Entire Network,FluSurv-NET,2023-24,2024,21,Overall,Female,Overall,Overall,85.0,0.3,,
Entire Network,FluSurv-NET,2023-24,2024,21,Overall,Male,Overall,Overall,77.0,0.2,,
Entire Network,FluSurv-NET,2023-24,2024,21,Overall,Overall,"American Indian/Alaska Native, NH",Overall,126.0,1.1,131.84777293553265,0.984611996853008
Entire Network,FluSurv-NET,2023-24,2024,21,Overall,Overall,"Asian/Pacific Islander, NH",Overall,41.0,0.2,45.18925829938141,0.2537621741636521
Entire Network,FluSurv-NET,2023-24,2024,21,Overall,Overall,"Black, NH",Overall,136.0,0.4,146.83990958317617,0.41413394415754673
Entire Network,FluSurv-NET,2023-24,2024,21,Overall,Overall,Hispanic,Overall,64.0,0.2,78.61394340695595,0.24920898825424723
Entire Network,FluSurv-NET,2023-24,2024,21,Overall,Overall,Overall,Overall,81.0,0.3,,
Entire Network,FluSurv-NET,2023-24,2024,21,Overall,Overall,"White, NH",Overall,74.0,0.2,65.55519208449226,0.20278500707561375
Entire Network,FluSurv-NET,2023-24,2024,21,Pediatrics,Overall,Overall,Overall,47.0,0.1,,
Georgia,FluSurv-NET,2023-24,2024,21,Overall,Overall,Overall,Overall,103.0,0.1,,
Maryland,FluSurv-NET,2023-24,2024,21,Overall,Overall,Overall,Overall,89.0,0.2,,
Michigan,FluSurv-NET,2023-24,2024,21,Overall,Overall,Overall,Overall,89.0,0.2,,
Minnesota,FluSurv-NET,2023-24,2024,21,Overall,Overall,Overall,Overall,73.0,0.0,,
New Mexico,FluSurv-NET,2023-24,2024,21,Overall,Overall,Overall,Overall,96.0,1.2,,
New York,FluSurv-NET,2023-24,2024,21,Overall,Overall,Overall,Overall,104.0,0.3,,
North Carolina,FluSurv-NET,2023-24,2024,21,Overall,Overall,Overall,Overall,116.0,0.2,,
Ohio,FluSurv-NET,2023-24,2024,21,Overall,Overall,Overall,Overall,78.0,0.1,,
Oregon,FluSurv-NET,2023-24,2024,21,Overall,Overall,Overall,Overall,37.0,0.3,,
Tennessee,FluSurv-NET,2023-24,2024,21,Overall,Overall,Overall,Overall,72.0,0.3,,
Utah,FluSurv-NET,2023-24,2024,21,Overall,Overall,Overall,Overall,64.0,0.2,,
California,FluSurv-NET,2023-24,2024,22,Overall,Overall,Overall,Overall,48.0,0.6,,
Colorado,FluSurv-NET,2023-24,2024,22,Overall,Overall,Overall,Overall,76.0,0.3,,
Connecticut,FluSurv-NET,2023-24,2024,22,Overall,Overall,Overall,Overall,130.0,0.4,,
Entire Network,FluSurv-NET,2023-24,2024,22,0-4 yr,Overall,Overall,Overall,85.0,0.1,,
Entire Network,FluSurv-NET,2023-24,2024,22,0-<1 yr,Overall,Overall,Overall,129.0,0.0,,
Entire Network,FluSurv-NET,2023-24,2024,22,1-4 yr,Overall,Overall,Overall,74.0,0.2,,
Entire Network,FluSurv-NET,2023-24,2024,22,12-17 yr,Overall,Overall,Overall,19.0,0.0,,
Entire Network,FluSurv-NET,2023-24,2024,22,18-29 yr,Overall,Overall,Overall,28.0,0.2,,
Entire Network,FluSurv-NET,2023-24,2024,22,18-49 yr,Overall,Overall,Overall,40.0,0.1,,
Entire Network,FluSurv-NET,2023-24,2024,22,30-39 yr,Overall,Overall,Overall,42.0,0.1,,
Entire Network,FluSurv-NET,2023-24,2024,22,40-49 yr,Overall,Overall,Overall,51.0,0.1,,
Entire Network,FluSurv-NET,2023-24,2024,22,5-11 yr,Overall,Overall,Overall,48.0,0.0,,
Entire Network,FluSurv-NET,2023-24,2024,22,5-17 yr,Overall,Overall,Overall,34.0,0.0,,
Entire Network,FluSurv-NET,2023-24,2024,22,50-64 yr,Overall,Overall,Overall,98.0,0.3,,
Entire Network,FluSurv-NET,2023-24,2024,22,65-74 yr,Overall,Overall,Overall,156.0,0.5,,
Entire Network,FluSurv-NET,2023-24,2024,22,75-84 yr,Overall,Overall,Overall,273.0,1.0,,
Entire Network,FluSurv-NET,2023-24,2024,22,>= 65 yr,Overall,Overall,Overall,221.0,0.9,,
Entire Network,FluSurv-NET,2023-24,2024,22,>= 75,Overall,Overall,Overall,315.0,1.5,,
Entire Network,FluSurv-NET,2023-24,2024,22,>= 85,Overall,Overall,Overall,444.0,3.0,,
Entire Network,FluSurv-NET,2023-24,2024,22,Adults,Overall,Overall,Overall,91.0,0.3,,
Entire Network,FluSurv-NET,2023-24,2024,22,Overall,Female,Overall,Overall,85.0,0.3,,
Entire Network,FluSurv-NET,2023-24,2024,22,Overall,Male,Overall,Overall,78.0,0.2,,
Entire Network,FluSurv-NET,2023-24,2024,22,Overall,Overall,"American Indian/Alaska Native, NH",Overall,126.0,0.0,131.84777293553265,0.0
Entire Network,FluSurv-NET,2023-24,2024,22,Overall,Overall,"Asian/Pacific Islander, NH",Overall,41.0,0.1,45.358250914806256,0.168992615424845
Entire Network,FluSurv-NET,2023-24,2024,22,Overall,Overall,"Black, NH",Overall,136.0,0.3,147.21884860257174,0.3789390193955775
Entire Network,FluSurv-NET,2023-24,2024,22,Overall,Overall,Hispanic,Overall,64.0,0.3,79.06306951045646,0.4491261035005122
Entire Network,FluSurv-NET,2023-24,2024,22,Overall,Overall,Overall,Overall,81.0,0.3,,
Entire Network,FluSurv-NET,2023-24,2024,22,Overall,Overall,"White, NH",Overall,75.0,0.2,65.74484247450032,0.1896503900080554
Entire Network,FluSurv-NET,2023-24,2024,22,Pediatrics,Overall,Overall,Overall,47.0,0.1,,
Georgia,FluSurv-NET,2023-24,2024,22,Overall,Overall,Overall,Overall,103.0,0.3,,
Maryland,FluSurv-NET,2023-24,2024,22,Overall,Overall,Overall,Overall,89.0,0.1,,
Michigan,FluSurv-NET,2023-24,2024,22,Overall,Overall,Overall,Overall,89.0,0.2,,
Minnesota,FluSurv-NET,2023-24,2024,22,Overall,Overall,Overall,Overall,73.0,0.1,,
New Mexico,FluSurv-NET,2023-24,2024,22,Overall,Overall,Overall,Overall,96.0,0.2,,
New York,FluSurv-NET,2023-24,2024,22,Overall,Overall,Overall,Overall,104.0,0.1,,
North Carolina,FluSurv-NET,2023-24,2024,22,Overall,Overall,Overall,Overall,116.0,0.4,,
Ohio,FluSurv-NET,2023-24,2024,22,Overall,Overall,Overall,Overall,78.0,0.0,,
Oregon,FluSurv-NET,2023-24,2024,22,Overall,Overall,Overall,Overall,38.0,0.7,,
Tennessee,FluSurv-NET,2023-24,2024,22,Overall,Overall,Overall,Overall,72.0,0.1,,
Utah,FluSurv-NET,2023-24,2024,22,Overall,Overall,Overall,Overall,64.0,0.4,,
California,FluSurv-NET,2023-24,2024,23,Overall,Overall,Overall,Overall,49.0,0.5,,
Colorado,FluSurv-NET,2023-24,2024,23,Overall,Overall,Overall,Overall,76.0,0.1,,
Connecticut,FluSurv-NET,2023-24,2024,23,Overall,Overall,Overall,Overall,130.0,0.0,,
Entire Network,FluSurv-NET,2023-24,2024,23,0-4 yr,Overall,Overall,Overall,85.0,0.3,,
Entire Network,FluSurv-NET,2023-24,2024,23,0-<1 yr,Overall,Overall,Overall,130.0,0.6,,
Entire Network,FluSurv-NET,2023-24,2024,23,1-4 yr,Overall,Overall,Overall,74.0,0.2,,
Entire Network,FluSurv-NET,2023-24,2024,23,12-17 yr,Overall,Overall,Overall,19.0,0.0,,
Entire Network,FluSurv-NET,2023-24,2024,23,18-29 yr,Overall,Overall,Overall,28.0,0.1,,
Entire Network,FluSurv-NET,2023-24,2024,23,18-49 yr,Overall,Overall,Overall,40.0,0.1,,
Entire Network,FluSurv-NET,2023-24,2024,23,30-39 yr,Overall,Overall,Overall,42.0,0.1,,
Entire Network,FluSurv-NET,2023-24,2024,23,40-49 yr,Overall,Overall,Overall,51.0,0.1,,
Entire Network,FluSurv-NET,2023-24,2024,23,5-11 yr,Overall,Overall,Overall,48.0,0.1,,
Entire Network,FluSurv-NET,2023-24,2024,23,5-17 yr,Overall,Overall,Overall,34.0,0.1,,
Entire Network,FluSurv-NET,2023-24,2024,23,50-64 yr,Overall,Overall,Overall,98.0,0.3,,
Entire Network,FluSurv-NET,2023-24,2024,23,65-74 yr,Overall,Overall,Overall,157.0,0.4,,
Entire Network,FluSurv-NET,2023-24,2024,23,75-84 yr,Overall,Overall,Overall,273.0,0.6,,
Entire Network,FluSurv-NET,2023-24,2024,23,>= 65 yr,Overall,Overall,Overall,221.0,0.5,,
Entire Network,FluSurv-NET,2023-24,2024,23,>= 75,Overall,Overall,Overall,316.0,0.7,,
Entire Network,FluSurv-NET,2023-24,2024,23,>= 85,Overall,Overall,Overall,445.0,1.0,,
Entire Network,FluSurv-NET,2023-24,2024,23,Adults,Overall,Overall,Overall,91.0,0.2,,
Entire Network,FluSurv-NET,2023-24,2024,23,Overall,Female,Overall,Overall,85.0,0.2,,
Entire Network,FluSurv-NET,2023-24,2024,23,Overall,Male,Overall,Overall,78.0,0.2,,
Entire Network,FluSurv-NET,2023-24,2024,23,Overall,Overall,"American Indian/Alaska Native, NH",Overall,126.0,0.0,131.84777293553265,0.0
Entire Network,FluSurv-NET,2023-24,2024,23,Overall,Overall,"Asian/Pacific Islander, NH",Overall,41.0,0.2,45.54871620861588,0.1904652938096267
Entire Network,FluSurv-NET,2023-24,2024,23,Overall,Overall,"Black, NH",Overall,137.0,0.2,147.49145833665614,0.27260973408438655
Entire Network,FluSurv-NET,2023-24,2024,23,Overall,Overall,Hispanic,Overall,64.0,0.5,79.61663299865279,0.5535634881963333
Entire Network,FluSurv-NET,2023-24,2024,23,Overall,Overall,Overall,Overall,82.0,0.2,,
Entire Network,FluSurv-NET,2023-24,2024,23,Overall,Overall,"White, NH",Overall,75.0,0.1,65.86015352856097,0.11531105406066619
Entire Network,FluSurv-NET,2023-24,2024,23,Pediatrics,Overall,Overall,Overall,47.0,0.1,,
Georgia,FluSurv-NET,2023-24,2024,23,Overall,Overall,Overall,Overall,103.0,0.2,,
Maryland,FluSurv-NET,2023-24,2024,23,Overall,Overall,Overall,Overall,89.0,0.0,,
Michigan,FluSurv-NET,2023-24,2024,23,Overall,Overall,Overall,Overall,89.0,0.2,,
Minnesota,FluSurv-NET,2023-24,2024,23,Overall,Overall,Overall,Overall,73.0,0.1,,
New Mexico,FluSurv-NET,2023-24,2024,23,Overall,Overall,Overall,Overall,97.0,0.8,,
New York,FluSurv-NET,2023-24,2024,23,Overall,Overall,Overall,Overall,104.0,0.1,,
North Carolina,FluSurv-NET,2023-24,2024,23,Overall,Overall,Overall,Overall,117.0,0.3,,
Ohio,FluSurv-NET,2023-24,2024,23,Overall,Overall,Overall,Overall,78.0,0.1,,
Oregon,FluSurv-NET,2023-24,2024,23,Overall,Overall,Overall,Overall,38.0,0.4,,
Tennessee,FluSurv-NET,2023-24,2024,23,Overall,Overall,Overall,Overall,72.0,0.0,,
Utah,FluSurv-NET,2023-24,2024,23,Overall,Overall,Overall,Overall,65.0,0.3,,
California,FluSurv-NET,2023-24,2024,24,Overall,Overall,Overall,Overall,49.0,0.3,,
Colorado,FluSurv-NET,2023-24,2024,24,Overall,Overall,Overall,Overall,76.0,0.0,,
Connecticut,FluSurv-NET,2023-24,2024,24,Overall,Overall,Overall,Overall,130.0,0.1,,
Entire Network,FluSurv-NET,2023-24,2024,24,0-4 yr,Overall,Overall,Overall,85.0,0.1,,
Entire Network,FluSurv-NET,2023-24,2024,24,0-<1 yr,Overall,Overall,Overall,130.0,0.3,,
Entire Network,FluSurv-NET,2023-24,2024,24,1-4 yr,Overall,Overall,Overall,74.0,0.0,,
Entire Network,FluSurv-NET,2023-24,2024,24,12-17 yr,Overall,Overall,Overall,19.0,0.0,,
Entire Network,FluSurv-NET,2023-24,2024,24,18-29 yr,Overall,Overall,Overall,28.0,0.1,,
Entire Network,FluSurv-NET,2023-24,2024,24,18-49 yr,Overall,Overall,Overall,40.0,0.1,,
Entire Network,FluSurv-NET,2023-24,2024,24,30-39 yr,Overall,Overall,Overall,42.0,0.0,,
Entire Network,FluSurv-NET,2023-24,2024,24,40-49 yr,Overall,Overall,Overall,51.0,0.1,,
Entire Network,FluSurv-NET,2023-24,2024,24,5-11 yr,Overall,Overall,Overall,48.0,0.1,,
Entire Network,FluSurv-NET,2023-24,2024,24,5-17 yr,Overall,Overall,Overall,34.0,0.1,,
Entire Network,FluSurv-NET,2023-24,2024,24,50-64 yr,Overall,Overall,Overall,98.0,0.2,,
Entire Network,FluSurv-NET,2023-24,2024,24,65-74 yr,Overall,Overall,Overall,157.0,0.3,,
Entire Network,FluSurv-NET,2023-24,2024,24,75-84 yr,Overall,Overall,Overall,274.0,0.7,,
Entire Network,FluSurv-NET,2023-24,2024,24,>= 65 yr,Overall,Overall,Overall,222.0,0.5,,
Entire Network,FluSurv-NET,2023-24,2024,24,>= 75,Overall,Overall,Overall,317.0,0.7,,
Entire Network,FluSurv-NET,2023-24,2024,24,>= 85,Overall,Overall,Overall,446.0,1.0,,
Entire Network,FluSurv-NET,2023-24,2024,24,Adults,Overall,Overall,Overall,91.0,0.2,,
Entire Network,FluSurv-NET,2023-24,2024,24,Overall,Female,Overall,Overall,85.0,0.2,,
Entire Network,FluSurv-NET,2023-24,2024,24,Overall,Male,Overall,Overall,78.0,0.1,,
Entire Network,FluSurv-NET,2023-24,2024,24,Overall,Overall,"American Indian/Alaska Native, NH",Overall,126.0,0.0,131.84777293553265,0.0
Entire Network,FluSurv-NET,2023-24,2024,24,Overall,Overall,"Asian/Pacific Islander, NH",Overall,41.0,0.1,45.717982075067106,0.16926586645122954
Entire Network,FluSurv-NET,2023-24,2024,24,Overall,Overall,"Black, NH",Overall,137.0,0.2,147.7166208963104,0.22516255965427465
Entire Network,FluSurv-NET,2023-24,2024,24,Overall,Overall,Hispanic,Overall,64.0,0.2,79.79182027099301,0.17518727234020737
Entire Network,FluSurv-NET,2023-24,2024,24,Overall,Overall,Overall,Overall,82.0,0.2,,
Entire Network,FluSurv-NET,2023-24,2024,24,Overall,Overall,"White, NH",Overall,75.0,0.2,65.99182263017725,0.13166910161627607
Entire Network,FluSurv-NET,2023-24,2024,24,Pediatrics,Overall,Overall,Overall,47.0,0.1,,
Georgia,FluSurv-NET,2023-24,2024,24,Overall,Overall,Overall,Overall,103.0,0.2,,
Maryland,FluSurv-NET,2023-24,2024,24,Overall,Overall,Overall,Overall,89.0,0.3,,
Michigan,FluSurv-NET,2023-24,2024,24,Overall,Overall,Overall,Overall,89.0,0.1,,
Minnesota,FluSurv-NET,2023-24,2024,24,Overall,Overall,Overall,Overall,73.0,0.1,,
New Mexico,FluSurv-NET,2023-24,2024,24,Overall,Overall,Overall,Overall,97.0,0.2,,
New York,FluSurv-NET,2023-24,2024,24,Overall,Overall,Overall,Overall,104.0,0.1,,
North Carolina,FluSurv-NET,2023-24,2024,24,Overall,Overall,Overall,Overall,117.0,0.0,,
Ohio,FluSurv-NET,2023-24,2024,24,Overall,Overall,Overall,Overall,78.0,0.0,,
Oregon,FluSurv-NET,2023-24,2024,24,Overall,Overall,Overall,Overall,38.0,0.2,,
Tennessee,FluSurv-NET,2023-24,2024,24,Overall,Overall,Overall,Overall,72.0,0.4,,
Utah,FluSurv-NET,2023-24,2024,24,Overall,Overall,Overall,Overall,65.0,0.2,,
California,FluSurv-NET,2023-24,2024,25,Overall,Overall,Overall,Overall,50.0,0.6,,
Colorado,FluSurv-NET,2023-24,2024,25,Overall,Overall,Overall,Overall,76.0,0.1,,
Connecticut,FluSurv-NET,2023-24,2024,25,Overall,Overall,Overall,Overall,130.0,0.1,,
Entire Network,FluSurv-NET,2023-24,2024,25,0-4 yr,Overall,Overall,Overall,85.0,0.2,,
Entire Network,FluSurv-NET,2023-24,2024,25,0-<1 yr,Overall,Overall,Overall,130.0,0.6,,
Entire Network,FluSurv-NET,2023-24,2024,25,1-4 yr,Overall,Overall,Overall,74.0,0.1,,
Entire Network,FluSurv-NET,2023-24,2024,25,12-17 yr,Overall,Overall,Overall,19.0,0.0,,
Entire Network,FluSurv-NET,2023-24,2024,25,18-29 yr,Overall,Overall,Overall,28.0,0.1,,
Entire Network,FluSurv-NET,2023-24,2024,25,18-49 yr,Overall,Overall,Overall,40.0,0.0,,
Entire Network,FluSurv-NET,2023-24,2024,25,30-39 yr,Overall,Overall,Overall,42.0,0.0,,
Entire Network,FluSurv-NET,2023-24,2024,25,40-49 yr,Overall,Overall,Overall,51.0,0.0,,
Entire Network,FluSurv-NET,2023-24,2024,25,5-11 yr,Overall,Overall,Overall,48.0,0.0,,
Entire Network,FluSurv-NET,2023-24,2024,25,5-17 yr,Overall,Overall,Overall,34.0,0.0,,
Entire Network,FluSurv-NET,2023-24,2024,25,50-64 yr,Overall,Overall,Overall,99.0,0.3,,
Entire Network,FluSurv-NET,2023-24,2024,25,65-74 yr,Overall,Overall,Overall,157.0,0.4,,
Entire Network,FluSurv-NET,2023-24,2024,25,75-84 yr,Overall,Overall,Overall,275.0,1.2,,
Entire Network,FluSurv-NET,2023-24,2024,25,>= 65 yr,Overall,Overall,Overall,223.0,0.8,,
Entire Network,FluSurv-NET,2023-24,2024,25,>= 75,Overall,Overall,Overall,318.0,1.5,,
Entire Network,FluSurv-NET,2023-24,2024,25,>= 85,Overall,Overall,Overall,448.0,2.4,,
Entire Network,FluSurv-NET,2023-24,2024,25,Adults,Overall,Overall,Overall,91.0,0.3,,
Entire Network,FluSurv-NET,2023-24,2024,25,Overall,Female,Overall,Overall,85.0,0.2,,
Entire Network,FluSurv-NET,2023-24,2024,25,Overall,Male,Overall,Overall,78.0,0.2,,
Entire Network,FluSurv-NET,2023-24,2024,25,Overall,Overall,"American Indian/Alaska Native, NH",Overall,126.0,0.0,131.84777293553265,0.0
Entire Network,FluSurv-NET,2023-24,2024,25,Overall,Overall,"Asian/Pacific Islander, NH",Overall,42.0,0.2,45.94464800759857,0.22666593253147282
Entire Network,FluSurv-NET,2023-24,2024,25,Overall,Overall,"Black, NH",Overall,137.0,0.2,147.89365151855054,0.17703062224017047
Entire Network,FluSurv-NET,2023-24,2024,25,Overall,Overall,Hispanic,Overall,65.0,0.2,80.0448586287415,0.25303835774850414
Entire Network,FluSurv-NET,2023-24,2024,25,Overall,Overall,Overall,Overall,82.0,0.2,,
Entire Network,FluSurv-NET,2023-24,2024,25,Overall,Overall,"White, NH",Overall,75.0,0.3,66.21004023011399,0.21821759993673365
Entire Network,FluSurv-NET,2023-24,2024,25,Pediatrics,Overall,Overall,Overall,47.0,0.1,,
Georgia,FluSurv-NET,2023-24,2024,25,Overall,Overall,Overall,Overall,104.0,0.2,,
Maryland,FluSurv-NET,2023-24,2024,25,Overall,Overall,Overall,Overall,89.0,0.1,,
Michigan,FluSurv-NET,2023-24,2024,25,Overall,Overall,Overall,Overall,89.0,0.1,,
Minnesota,FluSurv-NET,2023-24,2024,25,Overall,Overall,Overall,Overall,73.0,0.2,,
New Mexico,FluSurv-NET,2023-24,2024,25,Overall,Overall,Overall,Overall,97.0,0.1,,
New York,FluSurv-NET,2023-24,2024,25,Overall,Overall,Overall,Overall,104.0,0.1,,
North Carolina,FluSurv-NET,2023-24,2024,25,Overall,Overall,Overall,Overall,117.0,0.3,,
Ohio,FluSurv-NET,2023-24,2024,25,Overall,Overall,Overall,Overall,78.0,0.0,,
Oregon,FluSurv-NET,2023-24,2024,25,Overall,Overall,Overall,Overall,39.0,0.6,,
Tennessee,FluSurv-NET,2023-24,2024,25,Overall,Overall,Overall,Overall,72.0,0.1,,
Utah,FluSurv-NET,2023-24,2024,25,Overall,Overall,Overall,Overall,65.0,0.2,,
California,FluSurv-NET,2023-24,2024,26,Overall,Overall,Overall,Overall,50.0,0.4,,
Colorado,FluSurv-NET,2023-24,2024,26,Overall,Overall,Overall,Overall,76.0,0.1,,
Connecticut,FluSurv-NET,2023-24,2024,26,Overall,Overall,Overall,Overall,130.0,0.3,,
Entire Network,FluSurv-NET,2023-24,2024,26,0-4 yr,Overall,Overall,Overall,86.0,0.2,,
Entire Network,FluSurv-NET,2023-24,2024,26,0-<1 yr,Overall,Overall,Overall,130.0,0.0,,
Entire Network,FluSurv-NET,2023-24,2024,26,1-4 yr,Overall,Overall,Overall,74.0,0.3,,
Entire Network,FluSurv-NET,2023-24,2024,26,12-17 yr,Overall,Overall,Overall,19.0,0.1,,
Entire Network,FluSurv-NET,2023-24,2024,26,18-29 yr,Overall,Overall,Overall,28.0,0.1,,
Entire Network,FluSurv-NET,2023-24,2024,26,18-49 yr,Overall,Overall,Overall,40.0,0.1,,
Entire Network,FluSurv-NET,2023-24,2024,26,30-39 yr,Overall,Overall,Overall,42.0,0.0,,
Entire Network,FluSurv-NET,2023-24,2024,26,40-49 yr,Overall,Overall,Overall,52.0,0.1,,
Entire Network,FluSurv-NET,2023-24,2024,26,5-11 yr,Overall,Overall,Overall,48.0,0.0,,
Entire Network,FluSurv-NET,2023-24,2024,26,5-17 yr,Overall,Overall,Overall,34.0,0.1,,
Entire Network,FluSurv-NET,2023-24,2024,26,50-64 yr,Overall,Overall,Overall,99.0,0.2,,
Entire Network,FluSurv-NET,2023-24,2024,26,65-74 yr,Overall,Overall,Overall,157.0,0.2,,
Entire Network,FluSurv-NET,2023-24,2024,26,75-84 yr,Overall,Overall,Overall,275.0,0.5,,
Entire Network,FluSurv-NET,2023-24,2024,26,>= 65 yr,Overall,Overall,Overall,223.0,0.4,,
Entire Network,FluSurv-NET,2023-24,2024,26,>= 75,Overall,Overall,Overall,319.0,0.6,,
Entire Network,FluSurv-NET,2023-24,2024,26,>= 85,Overall,Overall,Overall,449.0,0.8,,
Entire Network,FluSurv-NET,2023-24,2024,26,Adults,Overall,Overall,Overall,92.0,0.2,,
Entire Network,FluSurv-NET,2023-24,2024,26,Overall,Female,Overall,Overall,86.0,0.2,,
Entire Network,FluSurv-NET,2023-24,2024,26,Overall,Male,Overall,Overall,78.0,0.1,,
Entire Network,FluSurv-NET,2023-24,2024,26,Overall,Overall,"American Indian/Alaska Native, NH",Overall,126.0,0.0,131.84777293553265,0.0
Entire Network,FluSurv-NET,2023-24,2024,26,Overall,Overall,"Asian/Pacific Islander, NH",Overall,42.0,0.2,46.210477061336185,0.26582905373760074
Entire Network,FluSurv-NET,2023-24,2024,26,Overall,Overall,"Black, NH",Overall,137.0,0.2,148.08827317874233,0.19462166019177077
Entire Network,FluSurv-NET,2023-24,2024,26,Overall,Overall,Hispanic,Overall,65.0,0.2,80.3510469750937,0.30618834635218384
Entire Network,FluSurv-NET,2023-24,2024,26,Overall,Overall,Overall,Overall,82.0,0.2,,
Entire Network,FluSurv-NET,2023-24,2024,26,Overall,Overall,"White, NH",Overall,75.0,0.1,66.30781036673457,0.09777013662058752
Entire Network,FluSurv-NET,2023-24,2024,26,Pediatrics,Overall,Overall,Overall,47.0,0.1,,
Georgia,FluSurv-NET,2023-24,2024,26,Overall,Overall,Overall,Overall,104.0,0.1,,
Maryland,FluSurv-NET,2023-24,2024,26,Overall,Overall,Overall,Overall,89.0,0.1,,
Michigan,FluSurv-NET,2023-24,2024,26,Overall,Overall,Overall,Overall,89.0,0.1,,
Minnesota,FluSurv-NET,2023-24,2024,26,Overall,Overall,Overall,Overall,74.0,0.1,,
New Mexico,FluSurv-NET,2023-24,2024,26,Overall,Overall,Overall,Overall,97.0,0.1,,
New York,FluSurv-NET,2023-24,2024,26,Overall,Overall,Overall,Overall,104.0,0.1,,
North Carolina,FluSurv-NET,2023-24,2024,26,Overall,Overall,Overall,Overall,117.0,0.1,,
Ohio,FluSurv-NET,2023-24,2024,26,Overall,Overall,Overall,Overall,78.0,0.0,,
Oregon,FluSurv-NET,2023-24,2024,26,Overall,Overall,Overall,Overall,39.0,0.2,,
Tennessee,FluSurv-NET,2023-24,2024,26,Overall,Overall,Overall,Overall,73.0,0.2,,
Utah,FluSurv-NET,2023-24,2024,26,Overall,Overall,Overall,Overall,65.0,0.1,,
California,FluSurv-NET,2023-24,2024,27,Overall,Overall,Overall,Overall,51.0,0.5,,
Colorado,FluSurv-NET,2023-24,2024,27,Overall,Overall,Overall,Overall,76.0,0.1,,
Connecticut,FluSurv-NET,2023-24,2024,27,Overall,Overall,Overall,Overall,130.0,0.2,,
Entire Network,FluSurv-NET,2023-24,2024,27,0-4 yr,Overall,Overall,Overall,86.0,0.2,,
Entire Network,FluSurv-NET,2023-24,2024,27,0-<1 yr,Overall,Overall,Overall,131.0,0.6,,
Entire Network,FluSurv-NET,2023-24,2024,27,1-4 yr,Overall,Overall,Overall,75.0,0.1,,
Entire Network,FluSurv-NET,2023-24,2024,27,12-17 yr,Overall,Overall,Overall,19.0,0.0,,
Entire Network,FluSurv-NET,2023-24,2024,27,18-29 yr,Overall,Overall,Overall,28.0,0.1,,
Entire Network,FluSurv-NET,2023-24,2024,27,18-49 yr,Overall,Overall,Overall,40.0,0.1,,
Entire Network,FluSurv-NET,2023-24,2024,27,30-39 yr,Overall,Overall,Overall,42.0,0.1,,
Entire Network,FluSurv-NET,2023-24,2024,27,40-49 yr,Overall,Overall,Overall,52.0,0.0,,
Entire Network,FluSurv-NET,2023-24,2024,27,5-11 yr,Overall,Overall,Overall,48.0,0.0,,
Entire Network,FluSurv-NET,2023-24,2024,27,5-17 yr,Overall,Overall,Overall,34.0,0.0,,
Entire Network,FluSurv-NET,2023-24,2024,27,50-64 yr,Overall,Overall,Overall,99.0,0.2,,
Entire Network,FluSurv-NET,2023-24,2024,27,65-74 yr,Overall,Overall,Overall,158.0,0.4,,
Entire Network,FluSurv-NET,2023-24,2024,27,75-84 yr,Overall,Overall,Overall,276.0,0.7,,
Entire Network,FluSurv-NET,2023-24,2024,27,>= 65 yr,Overall,Overall,Overall,224.0,0.5,,
Entire Network,FluSurv-NET,2023-24,2024,27,>= 75,Overall,Overall,Overall,320.0,0.8,,
Entire Network,FluSurv-NET,2023-24,2024,27,>= 85,Overall,Overall,Overall,450.0,1.2,,
Entire Network,FluSurv-NET,2023-24,2024,27,Adults,Overall,Overall,Overall,92.0,0.2,,
Entire Network,FluSurv-NET,2023-24,2024,27,Overall,Female,Overall,Overall,86.0,0.2,,
Entire Network,FluSurv-NET,2023-24,2024,27,Overall,Male,Overall,Overall,79.0,0.2,,
Entire Network,FluSurv-NET,2023-24,2024,27,Overall,Overall,"American Indian/Alaska Native, NH",Overall,126.0,0.5,132.53387539098503,0.6861024554523839
Entire Network,FluSurv-NET,2023-24,2024,27,Overall,Overall,"Asian/Pacific Islander, NH",Overall,42.0,0.2,46.43097292856748,0.2204958672313062
Entire Network,FluSurv-NET,2023-24,2024,27,Overall,Overall,"Black, NH",Overall,137.0,0.2,148.35226947968488,0.2639963009425554
Entire Network,FluSurv-NET,2023-24,2024,27,Overall,Overall,Hispanic,Overall,65.0,0.2,80.71322970471901,0.3621827296253047
Entire Network,FluSurv-NET,2023-24,2024,27,Overall,Overall,Overall,Overall,82.0,0.2,,
Entire Network,FluSurv-NET,2023-24,2024,27,Overall,Overall,"White, NH",Overall,75.0,0.1,66.39728485691649,0.08947449018189554
Entire Network,FluSurv-NET,2023-24,2024,27,Pediatrics,Overall,Overall,Overall,47.0,0.1,,
Georgia,FluSurv-NET,2023-24,2024,27,Overall,Overall,Overall,Overall,104.0,0.1,,
Maryland,FluSurv-NET,2023-24,2024,27,Overall,Overall,Overall,Overall,90.0,0.1,,
Michigan,FluSurv-NET,2023-24,2024,27,Overall,Overall,Overall,Overall,89.0,0.2,,
Minnesota,FluSurv-NET,2023-24,2024,27,Overall,Overall,Overall,Overall,74.0,0.1,,
New Mexico,FluSurv-NET,2023-24,2024,27,Overall,Overall,Overall,Overall,97.0,0.2,,
New York,FluSurv-NET,2023-24,2024,27,Overall,Overall,Overall,Overall,104.0,0.0,,
North Carolina,FluSurv-NET,2023-24,2024,27,Overall,Overall,Overall,Overall,117.0,0.0,,
Ohio,FluSurv-NET,2023-24,2024,27,Overall,Overall,Overall,Overall,78.0,0.0,,
Oregon,FluSurv-NET,2023-24,2024,27,Overall,Overall,Overall,Overall,40.0,0.4,,
Tennessee,FluSurv-NET,2023-24,2024,27,Overall,Overall,Overall,Overall,73.0,0.2,,
Utah,FluSurv-NET,2023-24,2024,27,Overall,Overall,Overall,Overall,65.0,0.1,,
California,FluSurv-NET,2023-24,2024,28,Overall,Overall,Overall,Overall,51.0,0.4,,
Colorado,FluSurv-NET,2023-24,2024,28,Overall,Overall,Overall,Overall,76.0,0.1,,
Connecticut,FluSurv-NET,2023-24,2024,28,Overall,Overall,Overall,Overall,131.0,0.2,,
Entire Network,FluSurv-NET,2023-24,2024,28,0-4 yr,Overall,Overall,Overall,86.0,0.1,,
Entire Network,FluSurv-NET,2023-24,2024,28,0-<1 yr,Overall,Overall,Overall,131.0,0.0,,
Entire Network,FluSurv-NET,2023-24,2024,28,1-4 yr,Overall,Overall,Overall,75.0,0.2,,
Entire Network,FluSurv-NET,2023-24,2024,28,12-17 yr,Overall,Overall,Overall,19.0,0.0,,
Entire Network,FluSurv-NET,2023-24,2024,28,18-29 yr,Overall,Overall,Overall,28.0,0.0,,
Entire Network,FluSurv-NET,2023-24,2024,28,18-49 yr,Overall,Overall,Overall,40.0,0.0,,
Entire Network,FluSurv-NET,2023-24,2024,28,30-39 yr,Overall,Overall,Overall,43.0,0.0,,
Entire Network,FluSurv-NET,2023-24,2024,28,40-49 yr,Overall,Overall,Overall,52.0,0.0,,
Entire Network,FluSurv-NET,2023-24,2024,28,5-11 yr,Overall,Overall,Overall,48.0,0.0,,
Entire Network,FluSurv-NET,2023-24,2024,28,5-17 yr,Overall,Overall,Overall,34.0,0.0,,
Entire Network,FluSurv-NET,2023-24,2024,28,50-64 yr,Overall,Overall,Overall,99.0,0.2,,
Entire Network,FluSurv-NET,2023-24,2024,28,65-74 yr,Overall,Overall,Overall,158.0,0.4,,
Entire Network,FluSurv-NET,2023-24,2024,28,75-84 yr,Overall,Overall,Overall,277.0,0.9,,
Entire Network,FluSurv-NET,2023-24,2024,28,>= 65 yr,Overall,Overall,Overall,224.0,0.6,,
Entire Network,FluSurv-NET,2023-24,2024,28,>= 75,Overall,Overall,Overall,321.0,1.0,,
Entire Network,FluSurv-NET,2023-24,2024,28,>= 85,Overall,Overall,Overall,452.0,1.2,,
Entire Network,FluSurv-NET,2023-24,2024,28,Adults,Overall,Overall,Overall,92.0,0.2,,
Entire Network,FluSurv-NET,2023-24,2024,28,Overall,Female,Overall,Overall,86.0,0.2,,
Entire Network,FluSurv-NET,2023-24,2024,28,Overall,Male,Overall,Overall,79.0,0.1,,
Entire Network,FluSurv-NET,2023-24,2024,28,Overall,Overall,"American Indian/Alaska Native, NH",Overall,126.0,0.0,132.53387539098503,0.0
Entire Network,FluSurv-NET,2023-24,2024,28,Overall,Overall,"Asian/Pacific Islander, NH",Overall,42.0,0.2,46.69436516052402,0.2633922319565299
Entire Network,FluSurv-NET,2023-24,2024,28,Overall,Overall,"Black, NH",Overall,138.0,0.2,148.6249498473977,0.2726803677128163
Entire Network,FluSurv-NET,2023-24,2024,28,Overall,Overall,Hispanic,Overall,65.0,0.2,80.98832010459296,0.2750903998739598
Entire Network,FluSurv-NET,2023-24,2024,28,Overall,Overall,Overall,Overall,82.0,0.2,,
Entire Network,FluSurv-NET,2023-24,2024,28,Overall,Overall,"White, NH",Overall,75.0,0.2,66.53186260558383,0.13457774866735656
Entire Network,FluSurv-NET,2023-24,2024,28,Pediatrics,Overall,Overall,Overall,47.0,0.1,,
Georgia,FluSurv-NET,2023-24,2024,28,Overall,Overall,Overall,Overall,104.0,0.1,,
Maryland,FluSurv-NET,2023-24,2024,28,Overall,Overall,Overall,Overall,90.0,0.1,,
Michigan,FluSurv-NET,2023-24,2024,28,Overall,Overall,Overall,Overall,90.0,0.1,,
Minnesota,FluSurv-NET,2023-24,2024,28,Overall,Overall,Overall,Overall,74.0,0.2,,
New Mexico,FluSurv-NET,2023-24,2024,28,Overall,Overall,Overall,Overall,98.0,0.1,,
New York,FluSurv-NET,2023-24,2024,28,Overall,Overall,Overall,Overall,104.0,0.1,,
North Carolina,FluSurv-NET,2023-24,2024,28,Overall,Overall,Overall,Overall,117.0,0.2,,
Ohio,FluSurv-NET,2023-24,2024,28,Overall,Overall,Overall,Overall,78.0,0.1,,
Oregon,FluSurv-NET,2023-24,2024,28,Overall,Overall,Overall,Overall,40.0,0.3,,
Tennessee,FluSurv-NET,2023-24,2024,28,Overall,Overall,Overall,Overall,73.0,0.4,,
Utah,FluSurv-NET,2023-24,2024,28,Overall,Overall,Overall,Overall,65.0,0.0,,
California,FluSurv-NET,2023-24,2024,29,Overall,Overall,Overall,Overall,51.0,0.2,,
Colorado,FluSurv-NET,2023-24,2024,29,Overall,Overall,Overall,Overall,76.0,0.0,,
Connecticut,FluSurv-NET,2023-24,2024,29,Overall,Overall,Overall,Overall,131.0,0.0,,
Entire Network,FluSurv-NET,2023-24,2024,29,0-4 yr,Overall,Overall,Overall,86.0,0.0,,
Entire Network,FluSurv-NET,2023-24,2024,29,0-<1 yr,Overall,Overall,Overall,131.0,0.0,,
Entire Network,FluSurv-NET,2023-24,2024,29,1-4 yr,Overall,Overall,Overall,75.0,0.0,,
Entire Network,FluSurv-NET,2023-24,2024,29,12-17 yr,Overall,Overall,Overall,19.0,0.0,,
Entire Network,FluSurv-NET,2023-24,2024,29,18-29 yr,Overall,Overall,Overall,28.0,0.0,,
Entire Network,FluSurv-NET,2023-24,2024,29,18-49 yr,Overall,Overall,Overall,40.0,0.0,,
Entire Network,FluSurv-NET,2023-24,2024,29,30-39 yr,Overall,Overall,Overall,43.0,0.0,,
Entire Network,FluSurv-NET,2023-24,2024,29,40-49 yr,Overall,Overall,Overall,52.0,0.1,,
Entire Network,FluSurv-NET,2023-24,2024,29,5-11 yr,Overall,Overall,Overall,48.0,0.0,,
Entire Network,FluSurv-NET,2023-24,2024,29,5-17 yr,Overall,Overall,Overall,34.0,0.0,,
Entire Network,FluSurv-NET,2023-24,2024,29,50-64 yr,Overall,Overall,Overall,99.0,0.1,,
Entire Network,FluSurv-NET,2023-24,2024,29,65-74 yr,Overall,Overall,Overall,159.0,0.4,,
Entire Network,FluSurv-NET,2023-24,2024,29,75-84 yr,Overall,Overall,Overall,278.0,0.5,,
Entire Network,FluSurv-NET,2023-24,2024,29,>= 65 yr,Overall,Overall,Overall,225.0,0.4,,
Entire Network,FluSurv-NET,2023-24,2024,29,>= 75,Overall,Overall,Overall,321.0,0.5,,
Entire Network,FluSurv-NET,2023-24,2024,29,>= 85,Overall,Overall,Overall,452.0,0.6,,
Entire Network,FluSurv-NET,2023-24,2024,29,Adults,Overall,Overall,Overall,92.0,0.1,,
Entire Network,FluSurv-NET,2023-24,2024,29,Overall,Female,Overall,Overall,86.0,0.1,,
Entire Network,FluSurv-NET,2023-24,2024,29,Overall,Male,Overall,Overall,79.0,0.1,,
Entire Network,FluSurv-NET,2023-24,2024,29,Overall,Overall,"American Indian/Alaska Native, NH",Overall,126.0,0.0,132.53387539098503,0.0
Entire Network,FluSurv-NET,2023-24,2024,29,Overall,Overall,"Asian/Pacific Islander, NH",Overall,42.0,0.1,46.81829784046896,0.123932679944935
Entire Network,FluSurv-NET,2023-24,2024,29,Overall,Overall,"Black, NH",Overall,138.0,0.2,148.80690016977016,0.181950322372477
Entire Network,FluSurv-NET,2023-24,2024,29,Overall,Overall,Hispanic,Overall,65.0,0.1,81.1401145535576,0.15179444896463956
Entire Network,FluSurv-NET,2023-24,2024,29,Overall,Overall,Overall,Overall,83.0,0.1,,
Entire Network,FluSurv-NET,2023-24,2024,29,Overall,Overall,"White, NH",Overall,76.0,0.1,66.61856597267696,0.08670336709314803
Entire Network,FluSurv-NET,2023-24,2024,29,Pediatrics,Overall,Overall,Overall,47.0,0.0,,
Georgia,FluSurv-NET,2023-24,2024,29,Overall,Overall,Overall,Overall,104.0,0.2,,
Maryland,FluSurv-NET,2023-24,2024,29,Overall,Overall,Overall,Overall,90.0,0.0,,
Michigan,FluSurv-NET,2023-24,2024,29,Overall,Overall,Overall,Overall,90.0,0.1,,
Minnesota,FluSurv-NET,2023-24,2024,29,Overall,Overall,Overall,Overall,74.0,0.0,,
New Mexico,FluSurv-NET,2023-24,2024,29,Overall,Overall,Overall,Overall,98.0,0.1,,
New York,FluSurv-NET,2023-24,2024,29,Overall,Overall,Overall,Overall,104.0,0.1,,
North Carolina,FluSurv-NET,2023-24,2024,29,Overall,Overall,Overall,Overall,117.0,0.2,,
Ohio,FluSurv-NET,2023-24,2024,29,Overall,Overall,Overall,Overall,79.0,0.2,,
Oregon,FluSurv-NET,2023-24,2024,29,Overall,Overall,Overall,Overall,40.0,0.2,,
Tennessee,FluSurv-NET,2023-24,2024,29,Overall,Overall,Overall,Overall,73.0,0.2,,
Utah,FluSurv-NET,2023-24,2024,29,Overall,Overall,Overall,Overall,65.0,0.1,,
California,FluSurv-NET,2023-24,2024,30,Overall,Overall,Overall,Overall,51.0,0.1,,
Colorado,FluSurv-NET,2023-24,2024,30,Overall,Overall,Overall,Overall,77.0,0.1,,
Connecticut,FluSurv-NET,2023-24,2024,30,Overall,Overall,Overall,Overall,131.0,0.1,,
Entire Network,FluSurv-NET,2023-24,2024,30,0-4 yr,Overall,Overall,Overall,86.0,0.2,,
Entire Network,FluSurv-NET,2023-24,2024,30,0-<1 yr,Overall,Overall,Overall,131.0,0.0,,
Entire Network,FluSurv-NET,2023-24,2024,30,1-4 yr,Overall,Overall,Overall,75.0,0.2,,
Entire Network,FluSurv-NET,2023-24,2024,30,12-17 yr,Overall,Overall,Overall,19.0,0.0,,
Entire Network,FluSurv-NET,2023-24,2024,30,18-29 yr,Overall,Overall,Overall,28.0,0.0,,
Entire Network,FluSurv-NET,2023-24,2024,30,18-49 yr,Overall,Overall,Overall,40.0,0.1,,
Entire Network,FluSurv-NET,2023-24,2024,30,30-39 yr,Overall,Overall,Overall,43.0,0.1,,
Entire Network,FluSurv-NET,2023-24,2024,30,40-49 yr,Overall,Overall,Overall,52.0,0.1,,
Entire Network,FluSurv-NET,2023-24,2024,30,5-11 yr,Overall,Overall,Overall,48.0,0.0,,
Entire Network,FluSurv-NET,2023-24,2024,30,5-17 yr,Overall,Overall,Overall,34.0,0.0,,
Entire Network,FluSurv-NET,2023-24,2024,30,50-64 yr,Overall,Overall,Overall,100.0,0.1,,
Entire Network,FluSurv-NET,2023-24,2024,30,65-74 yr,Overall,Overall,Overall,159.0,0.1,,
Entire Network,FluSurv-NET,2023-24,2024,30,75-84 yr,Overall,Overall,Overall,278.0,0.3,,
Entire Network,FluSurv-NET,2023-24,2024,30,>= 65 yr,Overall,Overall,Overall,225.0,0.2,,
Entire Network,FluSurv-NET,2023-24,2024,30,>= 75,Overall,Overall,Overall,322.0,0.4,,
Entire Network,FluSurv-NET,2023-24,2024,30,>= 85,Overall,Overall,Overall,453.0,0.6,,
Entire Network,FluSurv-NET,2023-24,2024,30,Adults,Overall,Overall,Overall,92.0,0.1,,
Entire Network,FluSurv-NET,2023-24,2024,30,Overall,Female,Overall,Overall,86.0,0.1,,
Entire Network,FluSurv-NET,2023-24,2024,30,Overall,Male,Overall,Overall,79.0,0.1,,
Entire Network,FluSurv-NET,2023-24,2024,30,Overall,Overall,"American Indian/Alaska Native, NH",Overall,126.0,0.0,132.53387539098503,0.0
Entire Network,FluSurv-NET,2023-24,2024,30,Overall,Overall,"Asian/Pacific Islander, NH",Overall,42.0,0.1,46.945690512906594,0.12739267243764618
Entire Network,FluSurv-NET,2023-24,2024,30,Overall,Overall,"Black, NH",Overall,138.0,0.2,149.00351572044258,0.19661555067239614
Entire Network,FluSurv-NET,2023-24,2024,30,Overall,Overall,Hispanic,Overall,65.0,0.0,81.1597387217839,0.019624168226306134
Entire Network,FluSurv-NET,2023-24,2024,30,Overall,Overall,Overall,Overall,83.0,0.1,,
Entire Network,FluSurv-NET,2023-24,2024,30,Overall,Overall,"White, NH",Overall,76.0,0.1,66.68436826312856,0.06580229045159357
Entire Network,FluSurv-NET,2023-24,2024,30,Pediatrics,Overall,Overall,Overall,47.0,0.1,,
Georgia,FluSurv-NET,2023-24,2024,30,Overall,Overall,Overall,Overall,104.0,0.1,,
Maryland,FluSurv-NET,2023-24,2024,30,Overall,Overall,Overall,Overall,90.0,0.1,,
Michigan,FluSurv-NET,2023-24,2024,30,Overall,Overall,Overall,Overall,90.0,0.2,,
Minnesota,FluSurv-NET,2023-24,2024,30,Overall,Overall,Overall,Overall,74.0,0.1,,
New Mexico,FluSurv-NET,2023-24,2024,30,Overall,Overall,Overall,Overall,98.0,0.0,,
New York,FluSurv-NET,2023-24,2024,30,Overall,Overall,Overall,Overall,105.0,0.1,,
North Carolina,FluSurv-NET,2023-24,2024,30,Overall,Overall,Overall,Overall,117.0,0.0,,
Ohio,FluSurv-NET,2023-24,2024,30,Overall,Overall,Overall,Overall,79.0,0.0,,
Oregon,FluSurv-NET,2023-24,2024,30,Overall,Overall,Overall,Overall,40.0,0.1,,
Tennessee,FluSurv-NET,2023-24,2024,30,Overall,Overall,Overall,Overall,73.0,0.1,,
Utah,FluSurv-NET,2023-24,2024,30,Overall,Overall,Overall,Overall,65.0,0.1,,
California,FluSurv-NET,2023-24,2024,31,Overall,Overall,Overall,Overall,52.0,0.1,,
Colorado,FluSurv-NET,2023-24,2024,31,Overall,Overall,Overall,Overall,77.0,0.1,,
Connecticut,FluSurv-NET,2023-24,2024,31,Overall,Overall,Overall,Overall,131.0,0.0,,
Entire Network,FluSurv-NET,2023-24,2024,31,0-4 yr,Overall,Overall,Overall,86.0,0.0,,
Entire Network,FluSurv-NET,2023-24,2024,31,0-<1 yr,Overall,Overall,Overall,131.0,0.0,,
Entire Network,FluSurv-NET,2023-24,2024,31,1-4 yr,Overall,Overall,Overall,75.0,0.0,,
Entire Network,FluSurv-NET,2023-24,2024,31,12-17 yr,Overall,Overall,Overall,19.0,0.0,,
Entire Network,FluSurv-NET,2023-24,2024,31,18-29 yr,Overall,Overall,Overall,28.0,0.0,,
Entire Network,FluSurv-NET,2023-24,2024,31,18-49 yr,Overall,Overall,Overall,40.0,0.0,,
Entire Network,FluSurv-NET,2023-24,2024,31,30-39 yr,Overall,Overall,Overall,43.0,0.0,,
Entire Network,FluSurv-NET,2023-24,2024,31,40-49 yr,Overall,Overall,Overall,52.0,0.0,,
Entire Network,FluSurv-NET,2023-24,2024,31,5-11 yr,Overall,Overall,Overall,48.0,0.0,,
Entire Network,FluSurv-NET,2023-24,2024,31,5-17 yr,Overall,Overall,Overall,34.0,0.0,,
Entire Network,FluSurv-NET,2023-24,2024,31,50-64 yr,Overall,Overall,Overall,100.0,0.1,,
Entire Network,FluSurv-NET,2023-24,2024,31,65-74 yr,Overall,Overall,Overall,159.0,0.1,,
Entire Network,FluSurv-NET,2023-24,2024,31,75-84 yr,Overall,Overall,Overall,278.0,0.5,,
Entire Network,FluSurv-NET,2023-24,2024,31,>= 65 yr,Overall,Overall,Overall,225.0,0.2,,
Entire Network,FluSurv-NET,2023-24,2024,31,>= 75,Overall,Overall,Overall,322.0,0.4,,
Entire Network,FluSurv-NET,2023-24,2024,31,>= 85,Overall,Overall,Overall,453.0,0.2,,
Entire Network,FluSurv-NET,2023-24,2024,31,Adults,Overall,Overall,Overall,92.0,0.1,,
Entire Network,FluSurv-NET,2023-24,2024,31,Overall,Female,Overall,Overall,86.0,0.1,,
Entire Network,FluSurv-NET,2023-24,2024,31,Overall,Male,Overall,Overall,79.0,0.1,,
Entire Network,FluSurv-NET,2023-24,2024,31,Overall,Overall,"American Indian/Alaska Native, NH",Overall,126.0,0.0,132.53387539098503,0.0
Entire Network,FluSurv-NET,2023-24,2024,31,Overall,Overall,"Asian/Pacific Islander, NH",Overall,42.0,0.1,47.03018682061902,0.0844963077124225
Entire Network,FluSurv-NET,2023-24,2024,31,Overall,Overall,"Black, NH",Overall,138.0,0.0,149.02293259108674,0.019416870644140383
Entire Network,FluSurv-NET,2023-24,2024,31,Overall,Overall,Hispanic,Overall,65.0,0.0,81.17936289001021,0.019624168226306134
Entire Network,FluSurv-NET,2023-24,2024,31,Overall,Overall,Overall,Overall,83.0,0.1,,
Entire Network,FluSurv-NET,2023-24,2024,31,Overall,Overall,"White, NH",Overall,76.0,0.1,66.74598559337932,0.061617330250749586
Entire Network,FluSurv-NET,2023-24,2024,31,Pediatrics,Overall,Overall,Overall,47.0,0.0,,
Georgia,FluSurv-NET,2023-24,2024,31,Overall,Overall,Overall,Overall,104.0,0.0,,
Maryland,FluSurv-NET,2023-24,2024,31,Overall,Overall,Overall,Overall,90.0,0.1,,
Michigan,FluSurv-NET,2023-24,2024,31,Overall,Overall,Overall,Overall,90.0,0.2,,
Minnesota,FluSurv-NET,2023-24,2024,31,Overall,Overall,Overall,Overall,74.0,0.0,,
New Mexico,FluSurv-NET,2023-24,2024,31,Overall,Overall,Overall,Overall,98.0,0.0,,
New York,FluSurv-NET,2023-24,2024,31,Overall,Overall,Overall,Overall,105.0,0.0,,
North Carolina,FluSurv-NET,2023-24,2024,31,Overall,Overall,Overall,Overall,118.0,0.2,,
Ohio,FluSurv-NET,2023-24,2024,31,Overall,Overall,Overall,Overall,79.0,0.0,,
Oregon,FluSurv-NET,2023-24,2024,31,Overall,Overall,Overall,Overall,40.0,0.0,,
Tennessee,FluSurv-NET,2023-24,2024,31,Overall,Overall,Overall,Overall,73.0,0.1,,
Utah,FluSurv-NET,2023-24,2024,31,Overall,Overall,Overall,Overall,65.0,0.1,,
California,FluSurv-NET,2023-24,2024,32,Overall,Overall,Overall,Overall,52.0,0.1,,
Colorado,FluSurv-NET,2023-24,2024,32,Overall,Overall,Overall,Overall,77.0,0.1,,
Connecticut,FluSurv-NET,2023-24,2024,32,Overall,Overall,Overall,Overall,131.0,0.2,,
Entire Network,FluSurv-NET,2023-24,2024,32,0-4 yr,Overall,Overall,Overall,86.0,0.1,,
Entire Network,FluSurv-NET,2023-24,2024,32,0-<1 yr,Overall,Overall,Overall,131.0,0.3,,
Entire Network,FluSurv-NET,2023-24,2024,32,1-4 yr,Overall,Overall,Overall,75.0,0.0,,
Entire Network,FluSurv-NET,2023-24,2024,32,12-17 yr,Overall,Overall,Overall,19.0,0.0,,
Entire Network,FluSurv-NET,2023-24,2024,32,18-29 yr,Overall,Overall,Overall,28.0,0.1,,
Entire Network,FluSurv-NET,2023-24,2024,32,18-49 yr,Overall,Overall,Overall,40.0,0.0,,
Entire Network,FluSurv-NET,2023-24,2024,32,30-39 yr,Overall,Overall,Overall,43.0,0.0,,
Entire Network,FluSurv-NET,2023-24,2024,32,40-49 yr,Overall,Overall,Overall,52.0,0.0,,
Entire Network,FluSurv-NET,2023-24,2024,32,5-11 yr,Overall,Overall,Overall,48.0,0.0,,
Entire Network,FluSurv-NET,2023-24,2024,32,5-17 yr,Overall,Overall,Overall,34.0,0.0,,
Entire Network,FluSurv-NET,2023-24,2024,32,50-64 yr,Overall,Overall,Overall,100.0,0.1,,
Entire Network,FluSurv-NET,2023-24,2024,32,65-74 yr,Overall,Overall,Overall,159.0,0.3,,
Entire Network,FluSurv-NET,2023-24,2024,32,75-84 yr,Overall,Overall,Overall,279.0,0.4,,
Entire Network,FluSurv-NET,2023-24,2024,32,>= 65 yr,Overall,Overall,Overall,225.0,0.4,,
Entire Network,FluSurv-NET,2023-24,2024,32,>= 75,Overall,Overall,Overall,322.0,0.5,,
Entire Network,FluSurv-NET,2023-24,2024,32,>= 85,Overall,Overall,Overall,454.0,0.8,,
Entire Network,FluSurv-NET,2023-24,2024,32,Adults,Overall,Overall,Overall,92.0,0.1,,
Entire Network,FluSurv-NET,2023-24,2024,32,Overall,Female,Overall,Overall,86.0,0.1,,
Entire Network,FluSurv-NET,2023-24,2024,32,Overall,Male,Overall,Overall,79.0,0.1,,
Entire Network,FluSurv-NET,2023-24,2024,32,Overall,Overall,"American Indian/Alaska Native, NH",Overall,126.0,0.0,132.53387539098503,0.0
Entire Network,FluSurv-NET,2023-24,2024,32,Overall,Overall,"Asian/Pacific Islander, NH",Overall,43.0,0.1,47.199452687070256,0.16926586645122954
Entire Network,FluSurv-NET,2023-24,2024,32,Overall,Overall,"Black, NH",Overall,138.0,0.2,149.2063424121237,0.1834098210369826
Entire Network,FluSurv-NET,2023-24,2024,32,Overall,Overall,Hispanic,Overall,65.0,0.1,81.41708046199984,0.23771757198962748
Entire Network,FluSurv-NET,2023-24,2024,32,Overall,Overall,Overall,Overall,83.0,0.1,,
Entire Network,FluSurv-NET,2023-24,2024,32,Overall,Overall,"White, NH",Overall,76.0,0.1,66.80216948986627,0.056183896486941394
Entire Network,FluSurv-NET,2023-24,2024,32,Pediatrics,Overall,Overall,Overall,47.0,0.0,,
Georgia,FluSurv-NET,2023-24,2024,32,Overall,Overall,Overall,Overall,104.0,0.1,,
Maryland,FluSurv-NET,2023-24,2024,32,Overall,Overall,Overall,Overall,90.0,0.0,,
Michigan,FluSurv-NET,2023-24,2024,32,Overall,Overall,Overall,Overall,90.0,0.1,,
Minnesota,FluSurv-NET,2023-24,2024,32,Overall,Overall,Overall,Overall,74.0,0.1,,
New Mexico,FluSurv-NET,2023-24,2024,32,Overall,Overall,Overall,Overall,98.0,0.2,,
New York,FluSurv-NET,2023-24,2024,32,Overall,Overall,Overall,Overall,105.0,0.0,,
North Carolina,FluSurv-NET,2023-24,2024,32,Overall,Overall,Overall,Overall,118.0,0.0,,
Ohio,FluSurv-NET,2023-24,2024,32,Overall,Overall,Overall,Overall,79.0,0.0,,
Oregon,FluSurv-NET,2023-24,2024,32,Overall,Overall,Overall,Overall,40.0,0.2,,
Tennessee,FluSurv-NET,2023-24,2024,32,Overall,Overall,Overall,Overall,73.0,0.2,,
Utah,FluSurv-NET,2023-24,2024,32,Overall,Overall,Overall,Overall,66.0,0.3,,
California,FluSurv-NET,2023-24,2024,33,Overall,Overall,Overall,Overall,52.0,0.3,,
Colorado,FluSurv-NET,2023-24,2024,33,Overall,Overall,Overall,Overall,77.0,0.0,,
Connecticut,FluSurv-NET,2023-24,2024,33,Overall,Overall,Overall,Overall,131.0,0.2,,
Entire Network,FluSurv-NET,2023-24,2024,33,0-4 yr,Overall,Overall,Overall,86.0,0.1,,
Entire Network,FluSurv-NET,2023-24,2024,33,0-<1 yr,Overall,Overall,Overall,131.0,0.0,,
Entire Network,FluSurv-NET,2023-24,2024,33,1-4 yr,Overall,Overall,Overall,75.0,0.1,,
Entire Network,FluSurv-NET,2023-24,2024,33,12-17 yr,Overall,Overall,Overall,19.0,0.0,,
Entire Network,FluSurv-NET,2023-24,2024,33,18-29 yr,Overall,Overall,Overall,28.0,0.0,,
Entire Network,FluSurv-NET,2023-24,2024,33,18-49 yr,Overall,Overall,Overall,40.0,0.0,,
Entire Network,FluSurv-NET,2023-24,2024,33,30-39 yr,Overall,Overall,Overall,43.0,0.0,,
Entire Network,FluSurv-NET,2023-24,2024,33,40-49 yr,Overall,Overall,Overall,52.0,0.0,,
Entire Network,FluSurv-NET,2023-24,2024,33,5-11 yr,Overall,Overall,Overall,48.0,0.0,,
Entire Network,FluSurv-NET,2023-24,2024,33,5-17 yr,Overall,Overall,Overall,34.0,0.0,,
Entire Network,FluSurv-NET,2023-24,2024,33,50-64 yr,Overall,Overall,Overall,100.0,0.1,,
Entire Network,FluSurv-NET,2023-24,2024,33,65-74 yr,Overall,Overall,Overall,159.0,0.2,,
Entire Network,FluSurv-NET,2023-24,2024,33,75-84 yr,Overall,Overall,Overall,279.0,0.5,,
Entire Network,FluSurv-NET,2023-24,2024,33,>= 65 yr,Overall,Overall,Overall,226.0,0.3,,
Entire Network,FluSurv-NET,2023-24,2024,33,>= 75,Overall,Overall,Overall,323.0,0.5,,
Entire Network,FluSurv-NET,2023-24,2024,33,>= 85,Overall,Overall,Overall,454.0,0.6,,
Entire Network,FluSurv-NET,2023-24,2024,33,Adults,Overall,Overall,Overall,92.0,0.1,,
Entire Network,FluSurv-NET,2023-24,2024,33,Overall,Female,Overall,Overall,86.0,0.1,,
Entire Network,FluSurv-NET,2023-24,2024,33,Overall,Male,Overall,Overall,79.0,0.1,,
Entire Network,FluSurv-NET,2023-24,2024,33,Overall,Overall,"American Indian/Alaska Native, NH",Overall,126.0,0.0,132.53387539098503,0.0
Entire Network,FluSurv-NET,2023-24,2024,33,Overall,Overall,"Asian/Pacific Islander, NH",Overall,43.0,0.3,47.549778048520274,0.35032536145002324
Entire Network,FluSurv-NET,2023-24,2024,33,Overall,Overall,"Black, NH",Overall,138.0,0.2,149.3791184360341,0.17277602391041766
Entire Network,FluSurv-NET,2023-24,2024,33,Overall,Overall,Hispanic,Overall,66.0,0.0,81.452025415985,0.03494495398518277
Entire Network,FluSurv-NET,2023-24,2024,33,Overall,Overall,Overall,Overall,83.0,0.1,,
Entire Network,FluSurv-NET,2023-24,2024,33,Overall,Overall,"White, NH",Overall,76.0,0.1,66.85762834522447,0.05545885535821005
Entire Network,FluSurv-NET,2023-24,2024,33,Pediatrics,Overall,Overall,Overall,47.0,0.0,,
Georgia,FluSurv-NET,2023-24,2024,33,Overall,Overall,Overall,Overall,105.0,0.1,,
Maryland,FluSurv-NET,2023-24,2024,33,Overall,Overall,Overall,Overall,90.0,0.1,,
Michigan,FluSurv-NET,2023-24,2024,33,Overall,Overall,Overall,Overall,90.0,0.1,,
Minnesota,FluSurv-NET,2023-24,2024,33,Overall,Overall,Overall,Overall,74.0,0.0,,
New Mexico,FluSurv-NET,2023-24,2024,33,Overall,Overall,Overall,Overall,98.0,0.1,,
New York,FluSurv-NET,2023-24,2024,33,Overall,Overall,Overall,Overall,105.0,0.0,,
North Carolina,FluSurv-NET,2023-24,2024,33,Overall,Overall,Overall,Overall,118.0,0.1,,
Ohio,FluSurv-NET,2023-24,2024,33,Overall,Overall,Overall,Overall,79.0,0.0,,
Oregon,FluSurv-NET,2023-24,2024,33,Overall,Overall,Overall,Overall,40.0,0.1,,
Tennessee,FluSurv-NET,2023-24,2024,33,Overall,Overall,Overall,Overall,74.0,0.2,,
Utah,FluSurv-NET,2023-24,2024,33,Overall,Overall,Overall,Overall,66.0,0.2,,
California,FluSurv-NET,2023-24,2024,34,Overall,Overall,Overall,Overall,52.0,0.1,,
Colorado,FluSurv-NET,2023-24,2024,34,Overall,Overall,Overall,Overall,77.0,0.1,,
Connecticut,FluSurv-NET,2023-24,2024,34,Overall,Overall,Overall,Overall,131.0,0.1,,
Entire Network,FluSurv-NET,2023-24,2024,34,0-4 yr,Overall,Overall,Overall,86.0,0.0,,
Entire Network,FluSurv-NET,2023-24,2024,34,0-<1 yr,Overall,Overall,Overall,131.0,0.0,,
Entire Network,FluSurv-NET,2023-24,2024,34,1-4 yr,Overall,Overall,Overall,75.0,0.0,,
Entire Network,FluSurv-NET,2023-24,2024,34,12-17 yr,Overall,Overall,Overall,19.0,0.0,,
Entire Network,FluSurv-NET,2023-24,2024,34,18-29 yr,Overall,Overall,Overall,28.0,0.0,,
Entire Network,FluSurv-NET,2023-24,2024,34,18-49 yr,Overall,Overall,Overall,40.0,0.0,,
Entire Network,FluSurv-NET,2023-24,2024,34,30-39 yr,Overall,Overall,Overall,43.0,0.0,,
Entire Network,FluSurv-NET,2023-24,2024,34,40-49 yr,Overall,Overall,Overall,52.0,0.1,,
Entire Network,FluSurv-NET,2023-24,2024,34,5-11 yr,Overall,Overall,Overall,48.0,0.0,,
Entire Network,FluSurv-NET,2023-24,2024,34,5-17 yr,Overall,Overall,Overall,34.0,0.0,,
Entire Network,FluSurv-NET,2023-24,2024,34,50-64 yr,Overall,Overall,Overall,100.0,0.0,,
Entire Network,FluSurv-NET,2023-24,2024,34,65-74 yr,Overall,Overall,Overall,159.0,0.0,,
Entire Network,FluSurv-NET,2023-24,2024,34,75-84 yr,Overall,Overall,Overall,280.0,0.5,,
Entire Network,FluSurv-NET,2023-24,2024,34,>= 65 yr,Overall,Overall,Overall,226.0,0.2,,
Entire Network,FluSurv-NET,2023-24,2024,34,>= 75,Overall,Overall,Overall,324.0,0.5,,
Entire Network,FluSurv-NET,2023-24,2024,34,>= 85,Overall,Overall,Overall,455.0,0.6,,
Entire Network,FluSurv-NET,2023-24,2024,34,Adults,Overall,Overall,Overall,93.0,0.1,,
Entire Network,FluSurv-NET,2023-24,2024,34,Overall,Female,Overall,Overall,87.0,0.1,,
Entire Network,FluSurv-NET,2023-24,2024,34,Overall,Male,Overall,Overall,79.0,0.1,,
Entire Network,FluSurv-NET,2023-24,2024,34,Overall,Overall,"American Indian/Alaska Native, NH",Overall,126.0,0.0,132.53387539098503,0.0
Entire Network,FluSurv-NET,2023-24,2024,34,Overall,Overall,"Asian/Pacific Islander, NH",Overall,43.0,0.1,47.70697703539756,0.15719898687728084
Entire Network,FluSurv-NET,2023-24,2024,34,Overall,Overall,"Black, NH",Overall,138.0,0.1,149.4790227798365,0.0999043438023986
Entire Network,FluSurv-NET,2023-24,2024,34,Overall,Overall,Hispanic,Overall,66.0,0.0,81.47164958421132,0.019624168226306134
Entire Network,FluSurv-NET,2023-24,2024,34,Overall,Overall,Overall,Overall,83.0,0.1,,
Entire Network,FluSurv-NET,2023-24,2024,34,Overall,Overall,"White, NH",Overall,76.0,0.1,66.90733670528776,0.049708360063284406
Entire Network,FluSurv-NET,2023-24,2024,34,Pediatrics,Overall,Overall,Overall,47.0,0.0,,
Georgia,FluSurv-NET,2023-24,2024,34,Overall,Overall,Overall,Overall,105.0,0.0,,
Maryland,FluSurv-NET,2023-24,2024,34,Overall,Overall,Overall,Overall,90.0,0.1,,
Michigan,FluSurv-NET,2023-24,2024,34,Overall,Overall,Overall,Overall,90.0,0.1,,
Minnesota,FluSurv-NET,2023-24,2024,34,Overall,Overall,Overall,Overall,74.0,0.0,,
New Mexico,FluSurv-NET,2023-24,2024,34,Overall,Overall,Overall,Overall,98.0,0.1,,
New York,FluSurv-NET,2023-24,2024,34,Overall,Overall,Overall,Overall,105.0,0.0,,
North Carolina,FluSurv-NET,2023-24,2024,34,Overall,Overall,Overall,Overall,118.0,0.1,,
Ohio,FluSurv-NET,2023-24,2024,34,Overall,Overall,Overall,Overall,79.0,0.1,,
Oregon,FluSurv-NET,2023-24,2024,34,Overall,Overall,Overall,Overall,40.0,0.0,,
Tennessee,FluSurv-NET,2023-24,2024,34,Overall,Overall,Overall,Overall,74.0,0.1,,
Utah,FluSurv-NET,2023-24,2024,34,Overall,Overall,Overall,Overall,66.0,0.0,,
California,FluSurv-NET,2023-24,2024,35,Overall,Overall,Overall,Overall,52.0,0.2,,
Colorado,FluSurv-NET,2023-24,2024,35,Overall,Overall,Overall,Overall,77.0,0.0,,
Connecticut,FluSurv-NET,2023-24,2024,35,Overall,Overall,Overall,Overall,131.0,0.1,,
Entire Network,FluSurv-NET,2023-24,2024,35,0-4 yr,Overall,Overall,Overall,86.0,0.2,,
Entire Network,FluSurv-NET,2023-24,2024,35,0-<1 yr,Overall,Overall,Overall,131.0,0.0,,
Entire Network,FluSurv-NET,2023-24,2024,35,1-4 yr,Overall,Overall,Overall,75.0,0.3,,
Entire Network,FluSurv-NET,2023-24,2024,35,12-17 yr,Overall,Overall,Overall,19.0,0.0,,
Entire Network,FluSurv-NET,2023-24,2024,35,18-29 yr,Overall,Overall,Overall,28.0,0.0,,
Entire Network,FluSurv-NET,2023-24,2024,35,18-49 yr,Overall,Overall,Overall,40.0,0.0,,
Entire Network,FluSurv-NET,2023-24,2024,35,30-39 yr,Overall,Overall,Overall,43.0,0.0,,
Entire Network,FluSurv-NET,2023-24,2024,35,40-49 yr,Overall,Overall,Overall,52.0,0.0,,
Entire Network,FluSurv-NET,2023-24,2024,35,5-11 yr,Overall,Overall,Overall,48.0,0.0,,
Entire Network,FluSurv-NET,2023-24,2024,35,5-17 yr,Overall,Overall,Overall,34.0,0.0,,
Entire Network,FluSurv-NET,2023-24,2024,35,50-64 yr,Overall,Overall,Overall,100.0,0.1,,
Entire Network,FluSurv-NET,2023-24,2024,35,65-74 yr,Overall,Overall,Overall,160.0,0.3,,
Entire Network,FluSurv-NET,2023-24,2024,35,75-84 yr,Overall,Overall,Overall,280.0,0.3,,
Entire Network,FluSurv-NET,2023-24,2024,35,>= 65 yr,Overall,Overall,Overall,226.0,0.3,,
Entire Network,FluSurv-NET,2023-24,2024,35,>= 75,Overall,Overall,Overall,324.0,0.4,,
Entire Network,FluSurv-NET,2023-24,2024,35,>= 85,Overall,Overall,Overall,456.0,0.8,,
Entire Network,FluSurv-NET,2023-24,2024,35,Adults,Overall,Overall,Overall,93.0,0.1,,
Entire Network,FluSurv-NET,2023-24,2024,35,Overall,Female,Overall,Overall,87.0,0.1,,
Entire Network,FluSurv-NET,2023-24,2024,35,Overall,Male,Overall,Overall,79.0,0.1,,
Entire Network,FluSurv-NET,2023-24,2024,35,Overall,Overall,"American Indian/Alaska Native, NH",Overall,126.0,0.0,132.53387539098503,0.0
Entire Network,FluSurv-NET,2023-24,2024,35,Overall,Overall,"Asian/Pacific Islander, NH",Overall,43.0,0.2,47.91133055868649,0.20435352328893866
Entire Network,FluSurv-NET,2023-24,2024,35,Overall,Overall,"Black, NH",Overall,139.0,0.1,149.5923912058723,0.11336842603576558
Entire Network,FluSurv-NET,2023-24,2024,35,Overall,Overall,Hispanic,Overall,66.0,0.1,81.52994690965294,0.05829732544161331
Entire Network,FluSurv-NET,2023-24,2024,35,Overall,Overall,Overall,Overall,83.0,0.1,,
Entire Network,FluSurv-NET,2023-24,2024,35,Overall,Overall,"White, NH",Overall,76.0,0.1,66.97704699031729,0.06971028502953659
Entire Network,FluSurv-NET,2023-24,2024,35,Pediatrics,Overall,Overall,Overall,47.0,0.1,,
Georgia,FluSurv-NET,2023-24,2024,35,Overall,Overall,Overall,Overall,105.0,0.1,,
Maryland,FluSurv-NET,2023-24,2024,35,Overall,Overall,Overall,Overall,90.0,0.1,,
Michigan,FluSurv-NET,2023-24,2024,35,Overall,Overall,Overall,Overall,90.0,0.2,,
Minnesota,FluSurv-NET,2023-24,2024,35,Overall,Overall,Overall,Overall,74.0,0.1,,
New Mexico,FluSurv-NET,2023-24,2024,35,Overall,Overall,Overall,Overall,98.0,0.0,,
New York,FluSurv-NET,2023-24,2024,35,Overall,Overall,Overall,Overall,105.0,0.0,,
North Carolina,FluSurv-NET,2023-24,2024,35,Overall,Overall,Overall,Overall,118.0,0.3,,
Ohio,FluSurv-NET,2023-24,2024,35,Overall,Overall,Overall,Overall,79.0,0.0,,
Oregon,FluSurv-NET,2023-24,2024,35,Overall,Overall,Overall,Overall,40.0,0.1,,
Tennessee,FluSurv-NET,2023-24,2024,35,Overall,Overall,Overall,Overall,74.0,0.3,,
Utah,FluSurv-NET,2023-24,2024,35,Overall,Overall,Overall,Overall,66.0,0.1,,
California,FluSurv-NET,2023-24,2024,36,Overall,Overall,Overall,Overall,52.0,0.1,,
Colorado,FluSurv-NET,2023-24,2024,36,Overall,Overall,Overall,Overall,77.0,0.0,,
Connecticut,FluSurv-NET,2023-24,2024,36,Overall,Overall,Overall,Overall,131.0,0.2,,
Entire Network,FluSurv-NET,2023-24,2024,36,0-4 yr,Overall,Overall,Overall,87.0,0.2,,
Entire Network,FluSurv-NET,2023-24,2024,36,0-<1 yr,Overall,Overall,Overall,132.0,0.3,,
Entire Network,FluSurv-NET,2023-24,2024,36,1-4 yr,Overall,Overall,Overall,75.0,0.2,,
Entire Network,FluSurv-NET,2023-24,2024,36,12-17 yr,Overall,Overall,Overall,19.0,0.0,,
Entire Network,FluSurv-NET,2023-24,2024,36,18-29 yr,Overall,Overall,Overall,28.0,0.0,,
Entire Network,FluSurv-NET,2023-24,2024,36,18-49 yr,Overall,Overall,Overall,40.0,0.0,,
Entire Network,FluSurv-NET,2023-24,2024,36,30-39 yr,Overall,Overall,Overall,43.0,0.1,,
Entire Network,FluSurv-NET,2023-24,2024,36,40-49 yr,Overall,Overall,Overall,52.0,0.0,,
Entire Network,FluSurv-NET,2023-24,2024,36,5-11 yr,Overall,Overall,Overall,48.0,0.0,,
Entire Network,FluSurv-NET,2023-24,2024,36,5-17 yr,Overall,Overall,Overall,34.0,0.0,,
Entire Network,FluSurv-NET,2023-24,2024,36,50-64 yr,Overall,Overall,Overall,100.0,0.1,,
Entire Network,FluSurv-NET,2023-24,2024,36,65-74 yr,Overall,Overall,Overall,160.0,0.1,,
Entire Network,FluSurv-NET,2023-24,2024,36,75-84 yr,Overall,Overall,Overall,281.0,0.5,,
Entire Network,FluSurv-NET,2023-24,2024,36,>= 65 yr,Overall,Overall,Overall,227.0,0.3,,
Entire Network,FluSurv-NET,2023-24,2024,36,>= 75,Overall,Overall,Overall,324.0,0.5,,
Entire Network,FluSurv-NET,2023-24,2024,36,>= 85,Overall,Overall,Overall,456.0,0.4,,
Entire Network,FluSurv-NET,2023-24,2024,36,Adults,Overall,Overall,Overall,93.0,0.1,,
Entire Network,FluSurv-NET,2023-24,2024,36,Overall,Female,Overall,Overall,87.0,0.1,,
Entire Network,FluSurv-NET,2023-24,2024,36,Overall,Male,Overall,Overall,79.0,0.1,,
Entire Network,FluSurv-NET,2023-24,2024,36,Overall,Overall,"American Indian/Alaska Native, NH",Overall,126.0,0.0,132.53387539098503,0.0
Entire Network,FluSurv-NET,2023-24,2024,36,Overall,Overall,"Asian/Pacific Islander, NH",Overall,43.0,0.1,48.03526323863143,0.123932679944935
Entire Network,FluSurv-NET,2023-24,2024,36,Overall,Overall,"Black, NH",Overall,139.0,0.1,149.69797419848206,0.10558299260978217
Entire Network,FluSurv-NET,2023-24,2024,36,Overall,Overall,Hispanic,Overall,66.0,0.0,81.59169255510274,0.06174564544980005
Entire Network,FluSurv-NET,2023-24,2024,36,Overall,Overall,Overall,Overall,83.0,0.1,,
Entire Network,FluSurv-NET,2023-24,2024,36,Overall,Overall,"White, NH",Overall,76.0,0.1,67.05214825952326,0.07510126920596984
Entire Network,FluSurv-NET,2023-24,2024,36,Pediatrics,Overall,Overall,Overall,48.0,0.0,,
Georgia,FluSurv-NET,2023-24,2024,36,Overall,Overall,Overall,Overall,105.0,0.1,,
Maryland,FluSurv-NET,2023-24,2024,36,Overall,Overall,Overall,Overall,90.0,0.1,,
Michigan,FluSurv-NET,2023-24,2024,36,Overall,Overall,Overall,Overall,91.0,0.2,,
Minnesota,FluSurv-NET,2023-24,2024,36,Overall,Overall,Overall,Overall,74.0,0.0,,
New Mexico,FluSurv-NET,2023-24,2024,36,Overall,Overall,Overall,Overall,98.0,0.2,,
New York,FluSurv-NET,2023-24,2024,36,Overall,Overall,Overall,Overall,105.0,0.1,,
North Carolina,FluSurv-NET,2023-24,2024,36,Overall,Overall,Overall,Overall,118.0,0.2,,
Ohio,FluSurv-NET,2023-24,2024,36,Overall,Overall,Overall,Overall,79.0,0.0,,
Oregon,FluSurv-NET,2023-24,2024,36,Overall,Overall,Overall,Overall,40.0,0.1,,
Tennessee,FluSurv-NET,2023-24,2024,36,Overall,Overall,Overall,Overall,74.0,0.2,,
Utah,FluSurv-NET,2023-24,2024,36,Overall,Overall,Overall,Overall,66.0,0.1,,
California,FluSurv-NET,2023-24,2024,37,Overall,Overall,Overall,Overall,53.0,0.1,,
Colorado,FluSurv-NET,2023-24,2024,37,Overall,Overall,Overall,Overall,77.0,0.0,,
Connecticut,FluSurv-NET,2023-24,2024,37,Overall,Overall,Overall,Overall,131.0,0.1,,
Entire Network,FluSurv-NET,2023-24,2024,37,0-4 yr,Overall,Overall,Overall,87.0,0.0,,
Entire Network,FluSurv-NET,2023-24,2024,37,0-<1 yr,Overall,Overall,Overall,132.0,0.0,,
Entire Network,FluSurv-NET,2023-24,2024,37,1-4 yr,Overall,Overall,Overall,75.0,0.0,,
Entire Network,FluSurv-NET,2023-24,2024,37,12-17 yr,Overall,Overall,Overall,19.0,0.0,,
Entire Network,FluSurv-NET,2023-24,2024,37,18-29 yr,Overall,Overall,Overall,28.0,0.0,,
Entire Network,FluSurv-NET,2023-24,2024,37,18-49 yr,Overall,Overall,Overall,40.0,0.0,,
Entire Network,FluSurv-NET,2023-24,2024,37,30-39 yr,Overall,Overall,Overall,43.0,0.1,,
Entire Network,FluSurv-NET,2023-24,2024,37,40-49 yr,Overall,Overall,Overall,52.0,0.0,,
Entire Network,FluSurv-NET,2023-24,2024,37,5-11 yr,Overall,Overall,Overall,48.0,0.0,,
Entire Network,FluSurv-NET,2023-24,2024,37,5-17 yr,Overall,Overall,Overall,34.0,0.0,,
Entire Network,FluSurv-NET,2023-24,2024,37,50-64 yr,Overall,Overall,Overall,100.0,0.1,,
Entire Network,FluSurv-NET,2023-24,2024,37,65-74 yr,Overall,Overall,Overall,160.0,0.2,,
Entire Network,FluSurv-NET,2023-24,2024,37,75-84 yr,Overall,Overall,Overall,281.0,0.3,,
Entire Network,FluSurv-NET,2023-24,2024,37,>= 65 yr,Overall,Overall,Overall,227.0,0.3,,
Entire Network,FluSurv-NET,2023-24,2024,37,>= 75,Overall,Overall,Overall,325.0,0.4,,
Entire Network,FluSurv-NET,2023-24,2024,37,>= 85,Overall,Overall,Overall,457.0,0.8,,
Entire Network,FluSurv-NET,2023-24,2024,37,Adults,Overall,Overall,Overall,93.0,0.1,,
Entire Network,FluSurv-NET,2023-24,2024,37,Overall,Female,Overall,Overall,87.0,0.1,,
Entire Network,FluSurv-NET,2023-24,2024,37,Overall,Male,Overall,Overall,80.0,0.1,,
Entire Network,FluSurv-NET,2023-24,2024,37,Overall,Overall,"American Indian/Alaska Native, NH",Overall,126.0,0.0,132.53387539098503,0.0
Entire Network,FluSurv-NET,2023-24,2024,37,Overall,Overall,"Asian/Pacific Islander, NH",Overall,43.0,0.0,48.03526323863143,0.0
Entire Network,FluSurv-NET,2023-24,2024,37,Overall,Overall,"Black, NH",Overall,139.0,0.1,149.83817178223723,0.14019758375518498
Entire Network,FluSurv-NET,2023-24,2024,37,Overall,Overall,Hispanic,Overall,66.0,0.1,81.68721394781137,0.0955213927086259
Entire Network,FluSurv-NET,2023-24,2024,37,Overall,Overall,Overall,Overall,83.0,0.1,,
Entire Network,FluSurv-NET,2023-24,2024,37,Overall,Overall,"White, NH",Overall,76.0,0.1,67.13318633604185,0.0810380765185836
Entire Network,FluSurv-NET,2023-24,2024,37,Pediatrics,Overall,Overall,Overall,48.0,0.0,,
Georgia,FluSurv-NET,2023-24,2024,37,Overall,Overall,Overall,Overall,105.0,0.0,,
Maryland,FluSurv-NET,2023-24,2024,37,Overall,Overall,Overall,Overall,90.0,0.1,,
Michigan,FluSurv-NET,2023-24,2024,37,Overall,Overall,Overall,Overall,91.0,0.0,,
Minnesota,FluSurv-NET,2023-24,2024,37,Overall,Overall,Overall,Overall,74.0,0.1,,
New Mexico,FluSurv-NET,2023-24,2024,37,Overall,Overall,Overall,Overall,98.0,0.3,,
New York,FluSurv-NET,2023-24,2024,37,Overall,Overall,Overall,Overall,105.0,0.1,,
North Carolina,FluSurv-NET,2023-24,2024,37,Overall,Overall,Overall,Overall,118.0,0.2,,
Ohio,FluSurv-NET,2023-24,2024,37,Overall,Overall,Overall,Overall,79.0,0.2,,
Oregon,FluSurv-NET,2023-24,2024,37,Overall,Overall,Overall,Overall,40.0,0.0,,
Tennessee,FluSurv-NET,2023-24,2024,37,Overall,Overall,Overall,Overall,74.0,0.1,,
Utah,FluSurv-NET,2023-24,2024,37,Overall,Overall,Overall,Overall,66.0,0.0,,
California,FluSurv-NET,2023-24,2024,38,Overall,Overall,Overall,Overall,53.0,0.2,,
Colorado,FluSurv-NET,2023-24,2024,38,Overall,Overall,Overall,Overall,77.0,0.0,,
Connecticut,FluSurv-NET,2023-24,2024,38,Overall,Overall,Overall,Overall,132.0,0.2,,
Entire Network,FluSurv-NET,2023-24,2024,38,0-4 yr,Overall,Overall,Overall,87.0,0.2,,
Entire Network,FluSurv-NET,2023-24,2024,38,0-<1 yr,Overall,Overall,Overall,132.0,0.0,,
Entire Network,FluSurv-NET,2023-24,2024,38,1-4 yr,Overall,Overall,Overall,76.0,0.2,,
Entire Network,FluSurv-NET,2023-24,2024,38,12-17 yr,Overall,Overall,Overall,19.0,0.0,,
Entire Network,FluSurv-NET,2023-24,2024,38,18-29 yr,Overall,Overall,Overall,28.0,0.0,,
Entire Network,FluSurv-NET,2023-24,2024,38,18-49 yr,Overall,Overall,Overall,40.0,0.0,,
Entire Network,FluSurv-NET,2023-24,2024,38,30-39 yr,Overall,Overall,Overall,43.0,0.0,,
Entire Network,FluSurv-NET,2023-24,2024,38,40-49 yr,Overall,Overall,Overall,52.0,0.1,,
Entire Network,FluSurv-NET,2023-24,2024,38,5-11 yr,Overall,Overall,Overall,48.0,0.0,,
Entire Network,FluSurv-NET,2023-24,2024,38,5-17 yr,Overall,Overall,Overall,34.0,0.0,,
Entire Network,FluSurv-NET,2023-24,2024,38,50-64 yr,Overall,Overall,Overall,100.0,0.1,,
Entire Network,FluSurv-NET,2023-24,2024,38,65-74 yr,Overall,Overall,Overall,160.0,0.3,,
Entire Network,FluSurv-NET,2023-24,2024,38,75-84 yr,Overall,Overall,Overall,282.0,0.7,,
Entire Network,FluSurv-NET,2023-24,2024,38,>= 65 yr,Overall,Overall,Overall,227.0,0.4,,
Entire Network,FluSurv-NET,2023-24,2024,38,>= 75,Overall,Overall,Overall,326.0,0.7,,
Entire Network,FluSurv-NET,2023-24,2024,38,>= 85,Overall,Overall,Overall,458.0,0.8,,
Entire Network,FluSurv-NET,2023-24,2024,38,Adults,Overall,Overall,Overall,93.0,0.1,,
Entire Network,FluSurv-NET,2023-24,2024,38,Overall,Female,Overall,Overall,87.0,0.1,,
Entire Network,FluSurv-NET,2023-24,2024,38,Overall,Male,Overall,Overall,80.0,0.1,,
Entire Network,FluSurv-NET,2023-24,2024,38,Overall,Overall,"American Indian/Alaska Native, NH",Overall,126.0,0.0,132.53387539098503,0.0
Entire Network,FluSurv-NET,2023-24,2024,38,Overall,Overall,"Asian/Pacific Islander, NH",Overall,43.0,0.1,48.15892266754997,0.12365942891855046
Entire Network,FluSurv-NET,2023-24,2024,38,Overall,Overall,"Black, NH",Overall,139.0,0.2,150.09514867349688,0.256976891259639
Entire Network,FluSurv-NET,2023-24,2024,38,Overall,Overall,Hispanic,Overall,66.0,0.1,81.804081210143,0.11686726233163645
Entire Network,FluSurv-NET,2023-24,2024,38,Overall,Overall,Overall,Overall,83.0,0.1,,
Entire Network,FluSurv-NET,2023-24,2024,38,Overall,Overall,"White, NH",Overall,76.0,0.1,67.21353163178824,0.0803452957463967
Entire Network,FluSurv-NET,2023-24,2024,38,Pediatrics,Overall,Overall,Overall,48.0,0.1,,
Georgia,FluSurv-NET,2023-24,2024,38,Overall,Overall,Overall,Overall,105.0,0.0,,
Maryland,FluSurv-NET,2023-24,2024,38,Overall,Overall,Overall,Overall,91.0,0.2,,
Michigan,FluSurv-NET,2023-24,2024,38,Overall,Overall,Overall,Overall,91.0,0.1,,
Minnesota,FluSurv-NET,2023-24,2024,38,Overall,Overall,Overall,Overall,74.0,0.1,,
New Mexico,FluSurv-NET,2023-24,2024,38,Overall,Overall,Overall,Overall,99.0,0.2,,
New York,FluSurv-NET,2023-24,2024,38,Overall,Overall,Overall,Overall,105.0,0.1,,
North Carolina,FluSurv-NET,2023-24,2024,38,Overall,Overall,Overall,Overall,119.0,0.2,,
Ohio,FluSurv-NET,2023-24,2024,38,Overall,Overall,Overall,Overall,79.0,0.2,,
Oregon,FluSurv-NET,2023-24,2024,38,Overall,Overall,Overall,Overall,41.0,0.1,,
Tennessee,FluSurv-NET,2023-24,2024,38,Overall,Overall,Overall,Overall,74.0,0.2,,
Utah,FluSurv-NET,2023-24,2024,38,Overall,Overall,Overall,Overall,66.0,0.1,,
California,FluSurv-NET,2023-24,2024,39,Overall,Overall,Overall,Overall,53.0,0.3,,
Colorado,FluSurv-NET,2023-24,2024,39,Overall,Overall,Overall,Overall,77.0,0.1,,
Connecticut,FluSurv-NET,2023-24,2024,39,Overall,Overall,Overall,Overall,132.0,0.0,,
Entire Network,FluSurv-NET,2023-24,2024,39,0-4 yr,Overall,Overall,Overall,87.0,0.1,,
Entire Network,FluSurv-NET,2023-24,2024,39,0-<1 yr,Overall,Overall,Overall,132.0,0.6,,
Entire Network,FluSurv-NET,2023-24,2024,39,1-4 yr,Overall,Overall,Overall,76.0,0.0,,
Entire Network,FluSurv-NET,2023-24,2024,39,12-17 yr,Overall,Overall,Overall,19.0,0.0,,
Entire Network,FluSurv-NET,2023-24,2024,39,18-29 yr,Overall,Overall,Overall,28.0,0.0,,
Entire Network,FluSurv-NET,2023-24,2024,39,18-49 yr,Overall,Overall,Overall,40.0,0.1,,
Entire Network,FluSurv-NET,2023-24,2024,39,30-39 yr,Overall,Overall,Overall,43.0,0.1,,
Entire Network,FluSurv-NET,2023-24,2024,39,40-49 yr,Overall,Overall,Overall,52.0,0.0,,
Entire Network,FluSurv-NET,2023-24,2024,39,5-11 yr,Overall,Overall,Overall,48.0,0.0,,
Entire Network,FluSurv-NET,2023-24,2024,39,5-17 yr,Overall,Overall,Overall,34.0,0.0,,
Entire Network,FluSurv-NET,2023-24,2024,39,50-64 yr,Overall,Overall,Overall,100.0,0.1,,
Entire Network,FluSurv-NET,2023-24,2024,39,65-74 yr,Overall,Overall,Overall,160.0,0.1,,
Entire Network,FluSurv-NET,2023-24,2024,39,75-84 yr,Overall,Overall,Overall,282.0,0.8,,
Entire Network,FluSurv-NET,2023-24,2024,39,>= 65 yr,Overall,Overall,Overall,228.0,0.4,,
Entire Network,FluSurv-NET,2023-24,2024,39,>= 75,Overall,Overall,Overall,327.0,0.9,,
Entire Network,FluSurv-NET,2023-24,2024,39,>= 85,Overall,Overall,Overall,459.0,1.4,,
Entire Network,FluSurv-NET,2023-24,2024,39,Adults,Overall,Overall,Overall,93.0,0.1,,
Entire Network,FluSurv-NET,2023-24,2024,39,Overall,Female,Overall,Overall,87.0,0.1,,
Entire Network,FluSurv-NET,2023-24,2024,39,Overall,Male,Overall,Overall,80.0,0.1,,
Entire Network,FluSurv-NET,2023-24,2024,39,Overall,Overall,"American Indian/Alaska Native, NH",Overall,126.0,0.0,132.53387539098503,0.0
Entire Network,FluSurv-NET,2023-24,2024,39,Overall,Overall,"Asian/Pacific Islander, NH",Overall,44.0,0.2,48.41024801993256,0.2513253523825812
Entire Network,FluSurv-NET,2023-24,2024,39,Overall,Overall,"Black, NH",Overall,139.0,0.1,150.20529558948138,0.11014691598447963
Entire Network,FluSurv-NET,2023-24,2024,39,Overall,Overall,Hispanic,Overall,66.0,0.1,81.89074591103531,0.08666470089231466
Entire Network,FluSurv-NET,2023-24,2024,39,Overall,Overall,Overall,Overall,83.0,0.1,,
Entire Network,FluSurv-NET,2023-24,2024,39,Overall,Overall,"White, NH",Overall,76.0,0.1,67.31942388833845,0.10589225655022581
Entire Network,FluSurv-NET,2023-24,2024,39,Pediatrics,Overall,Overall,Overall,48.0,0.1,,
Georgia,FluSurv-NET,2023-24,2024,39,Overall,Overall,Overall,Overall,105.0,0.2,,
Maryland,FluSurv-NET,2023-24,2024,39,Overall,Overall,Overall,Overall,91.0,0.0,,
Michigan,FluSurv-NET,2023-24,2024,39,Overall,Overall,Overall,Overall,91.0,0.1,,
Minnesota,FluSurv-NET,2023-24,2024,39,Overall,Overall,Overall,Overall,74.0,0.1,,
New Mexico,FluSurv-NET,2023-24,2024,39,Overall,Overall,Overall,Overall,99.0,0.2,,
New York,FluSurv-NET,2023-24,2024,39,Overall,Overall,Overall,Overall,105.0,0.1,,
North Carolina,FluSurv-NET,2023-24,2024,39,Overall,Overall,Overall,Overall,119.0,0.1,,
Ohio,FluSurv-NET,2023-24,2024,39,Overall,Overall,Overall,Overall,79.0,0.1,,
Oregon,FluSurv-NET,2023-24,2024,39,Overall,Overall,Overall,Overall,41.0,0.1,,
Tennessee,FluSurv-NET,2023-24,2024,39,Overall,Overall,Overall,Overall,75.0,0.2,,
Utah,FluSurv-NET,2023-24,2024,39,Overall,Overall,Overall,Overall,66.0,0.0,,
California,FluSurv-NET,2024-25,2024,40,Overall,Overall,Overall,Overall,0.0,0.2,,
Colorado,FluSurv-NET,2024-25,2024,40,Overall,Overall,Overall,Overall,0.0,0.0,,
Connecticut,FluSurv-NET,2024-25,2024,40,Overall,Overall,Overall,Overall,0.0,0.2,,
Entire Network,FluSurv-NET,2024-25,2024,40,0-4 yr,Overall,Overall,Overall,0.0,0.0,,
Entire Network,FluSurv-NET,2024-25,2024,40,0-<1 yr,Overall,Overall,Overall,0.0,0.0,,
Entire Network,FluSurv-NET,2024-25,2024,40,1-4 yr,Overall,Overall,Overall,0.0,0.0,,
Entire Network,FluSurv-NET,2024-25,2024,40,12-17 yr,Overall,Overall,Overall,0.0,0.0,,
Entire Network,FluSurv-NET,2024-25,2024,40,18-29 yr,Overall,Overall,Overall,0.0,0.0,,
Entire Network,FluSurv-NET,2024-25,2024,40,18-49 yr,Overall,Overall,Overall,0.0,0.0,,
Entire Network,FluSurv-NET,2024-25,2024,40,30-39 yr,Overall,Overall,Overall,0.0,0.0,,
Entire Network,FluSurv-NET,2024-25,2024,40,40-49 yr,Overall,Overall,Overall,0.0,0.1,,
Entire Network,FluSurv-NET,2024-25,2024,40,5-11 yr,Overall,Overall,Overall,0.0,0.0,,
Entire Network,FluSurv-NET,2024-25,2024,40,5-17 yr,Overall,Overall,Overall,0.0,0.0,,
Entire Network,FluSurv-NET,2024-25,2024,40,50-64 yr,Overall,Overall,Overall,0.0,0.1,,
Entire Network,FluSurv-NET,2024-25,2024,40,65-74 yr,Overall,Overall,Overall,0.0,0.2,,
Entire Network,FluSurv-NET,2024-25,2024,40,75-84 yr,Overall,Overall,Overall,0.0,0.3,,
Entire Network,FluSurv-NET,2024-25,2024,40,>= 65 yr,Overall,Overall,Overall,0.0,0.3,,
Entire Network,FluSurv-NET,2024-25,2024,40,>= 75,Overall,Overall,Overall,0.0,0.4,,
Entire Network,FluSurv-NET,2024-25,2024,40,>= 85,Overall,Overall,Overall,1.0,0.8,,
Entire Network,FluSurv-NET,2024-25,2024,40,Adults,Overall,Overall,Overall,0.0,0.1,,
Entire Network,FluSurv-NET,2024-25,2024,40,Overall,Female,Overall,Overall,0.0,0.1,,
Entire Network,FluSurv-NET,2024-25,2024,40,Overall,Male,Overall,Overall,0.0,0.1,,
Entire Network,FluSurv-NET,2024-25,2024,40,Overall,Overall,"American Indian/Alaska Native, NH",Overall,0.0,0.0,0.0,0.0
Entire Network,FluSurv-NET,2024-25,2024,40,Overall,Overall,"Asian/Pacific Islander, NH",Overall,0.0,0.1,0.0866647945030638,0.0866647945030638
Entire Network,FluSurv-NET,2024-25,2024,40,Overall,Overall,"Black, NH",Overall,0.0,0.2,0.19143134772222323,0.19143134772222323
Entire Network,FluSurv-NET,2024-25,2024,40,Overall,Overall,Hispanic,Overall,0.0,0.0,0.045181450062675765,0.045181450062675765
Entire Network,FluSurv-NET,2024-25,2024,40,Overall,Overall,Overall,Overall,0.0,0.1,,
Entire Network,FluSurv-NET,2024-25,2024,40,Overall,Overall,"White, NH",Overall,0.0,0.1,0.056063273077313,0.056063273077313
Entire Network,FluSurv-NET,2024-25,2024,40,Pediatrics,Overall,Overall,Overall,0.0,0.0,,
Georgia,FluSurv-NET,2024-25,2024,40,Overall,Overall,Overall,Overall,0.0,0.0,,
Maryland,FluSurv-NET,2024-25,2024,40,Overall,Overall,Overall,Overall,0.0,0.1,,
Michigan,FluSurv-NET,2024-25,2024,40,Overall,Overall,Overall,Overall,0.0,0.0,,
Minnesota,FluSurv-NET,2024-25,2024,40,Overall,Overall,Overall,Overall,0.0,0.1,,
New Mexico,FluSurv-NET,2024-25,2024,40,Overall,Overall,Overall,Overall,0.0,0.0,,
New York,FluSurv-NET,2024-25,2024,40,Overall,Overall,Overall,Overall,0.0,0.0,,
North Carolina,FluSurv-NET,2024-25,2024,40,Overall,Overall,Overall,Overall,0.0,0.4,,
Ohio,FluSurv-NET,2024-25,2024,40,Overall,Overall,Overall,Overall,0.0,0.0,,
Oregon,FluSurv-NET,2024-25,2024,40,Overall,Overall,Overall,Overall,0.0,0.0,,
Tennessee,FluSurv-NET,2024-25,2024,40,Overall,Overall,Overall,Overall,0.0,0.2,,
Utah,FluSurv-NET,2024-25,2024,40,Overall,Overall,Overall,Overall,0.0,0.2,,
California,FluSurv-NET,2024-25,2024,41,Overall,Overall,Overall,Overall,0.0,0.2,,
Colorado,FluSurv-NET,2024-25,2024,41,Overall,Overall,Overall,Overall,0.0,0.2,,
Connecticut,FluSurv-NET,2024-25,2024,41,Overall,Overall,Overall,Overall,0.0,0.2,,
Entire Network,FluSurv-NET,2024-25,2024,41,0-4 yr,Overall,Overall,Overall,0.0,0.1,,
Entire Network,FluSurv-NET,2024-25,2024,41,0-<1 yr,Overall,Overall,Overall,1.0,0.6,,
Entire Network,FluSurv-NET,2024-25,2024,41,1-4 yr,Overall,Overall,Overall,0.0,0.0,,
Entire Network,FluSurv-NET,2024-25,2024,41,12-17 yr,Overall,Overall,Overall,0.0,0.0,,
Entire Network,FluSurv-NET,2024-25,2024,41,18-29 yr,Overall,Overall,Overall,0.0,0.0,,
Entire Network,FluSurv-NET,2024-25,2024,41,18-49 yr,Overall,Overall,Overall,0.0,0.1,,
Entire Network,FluSurv-NET,2024-25,2024,41,30-39 yr,Overall,Overall,Overall,0.0,0.1,,
Entire Network,FluSurv-NET,2024-25,2024,41,40-49 yr,Overall,Overall,Overall,0.0,0.1,,
Entire Network,FluSurv-NET,2024-25,2024,41,5-11 yr,Overall,Overall,Overall,0.0,0.0,,
Entire Network,FluSurv-NET,2024-25,2024,41,5-17 yr,Overall,Overall,Overall,0.0,0.0,,
Entire Network,FluSurv-NET,2024-25,2024,41,50-64 yr,Overall,Overall,Overall,0.0,0.1,,
Entire Network,FluSurv-NET,2024-25,2024,41,65-74 yr,Overall,Overall,Overall,0.0,0.2,,
Entire Network,FluSurv-NET,2024-25,2024,41,75-84 yr,Overall,Overall,Overall,1.0,0.6,,
Entire Network,FluSurv-NET,2024-25,2024,41,>= 65 yr,Overall,Overall,Overall,1.0,0.4,,
Entire Network,FluSurv-NET,2024-25,2024,41,>= 75,Overall,Overall,Overall,1.0,0.7,,
Entire Network,FluSurv-NET,2024-25,2024,41,>= 85,Overall,Overall,Overall,2.0,0.8,,
Entire Network,FluSurv-NET,2024-25,2024,41,Adults,Overall,Overall,Overall,0.0,0.1,,
Entire Network,FluSurv-NET,2024-25,2024,41,Overall,Female,Overall,Overall,0.0,0.1,,
Entire Network,FluSurv-NET,2024-25,2024,41,Overall,Male,Overall,Overall,0.0,0.1,,
Entire Network,FluSurv-NET,2024-25,2024,41,Overall,Overall,"American Indian/Alaska Native, NH",Overall,0.0,0.0,0.0,0.0
Entire Network,FluSurv-NET,2024-25,2024,41,Overall,Overall,"Asian/Pacific Islander, NH",Overall,0.0,0.1,0.20472838206369154,0.11806358756062774
Entire Network,FluSurv-NET,2024-25,2024,41,Overall,Overall,"Black, NH",Overall,0.0,0.1,0.3023714130354667,0.11094006531324348
Entire Network,FluSurv-NET,2024-25,2024,41,Overall,Overall,Hispanic,Overall,0.0,0.1,0.11638262805364537,0.07120117799096959
Entire Network,FluSurv-NET,2024-25,2024,41,Overall,Overall,Overall,Overall,0.0,0.1,,
Entire Network,FluSurv-NET,2024-25,2024,41,Overall,Overall,"White, NH",Overall,0.0,0.2,0.18715107460185507,0.13108780152454205
Entire Network,FluSurv-NET,2024-25,2024,41,Pediatrics,Overall,Overall,Overall,0.0,0.0,,
Georgia,FluSurv-NET,2024-25,2024,41,Overall,Overall,Overall,Overall,0.0,0.1,,
Maryland,FluSurv-NET,2024-25,2024,41,Overall,Overall,Overall,Overall,0.0,0.2,,
Michigan,FluSurv-NET,2024-25,2024,41,Overall,Overall,Overall,Overall,0.0,0.0,,
Minnesota,FluSurv-NET,2024-25,2024,41,Overall,Overall,Overall,Overall,0.0,0.0,,
New Mexico,FluSurv-NET,2024-25,2024,41,Overall,Overall,Overall,Overall,0.0,0.1,,
New York,FluSurv-NET,2024-25,2024,41,Overall,Overall,Overall,Overall,0.0,0.0,,
North Carolina,FluSurv-NET,2024-25,2024,41,Overall,Overall,Overall,Overall,0.0,0.0,,
Ohio,FluSurv-NET,2024-25,2024,41,Overall,Overall,Overall,Overall,0.0,0.0,,
Oregon,FluSurv-NET,2024-25,2024,41,Overall,Overall,Overall,Overall,0.0,0.1,,
Tennessee,FluSurv-NET,2024-25,2024,41,Overall,Overall,Overall,Overall,1.0,0.5,,
Utah,FluSurv-NET,2024-25,2024,41,Overall,Overall,Overall,Overall,0.0,0.2,,
California,FluSurv-NET,2024-25,2024,42,Overall,Overall,Overall,Overall,1.0,0.2,,
Colorado,FluSurv-NET,2024-25,2024,42,Overall,Overall,Overall,Overall,0.0,0.1,,
Connecticut,FluSurv-NET,2024-25,2024,42,Overall,Overall,Overall,Overall,1.0,0.1,,
Entire Network,FluSurv-NET,2024-25,2024,42,0-4 yr,Overall,Overall,Overall,0.0,0.1,,
Entire Network,FluSurv-NET,2024-25,2024,42,0-<1 yr,Overall,Overall,Overall,1.0,0.3,,
Entire Network,FluSurv-NET,2024-25,2024,42,1-4 yr,Overall,Overall,Overall,0.0,0.1,,
Entire Network,FluSurv-NET,2024-25,2024,42,12-17 yr,Overall,Overall,Overall,0.0,0.0,,
Entire Network,FluSurv-NET,2024-25,2024,42,18-29 yr,Overall,Overall,Overall,0.0,0.0,,
Entire Network,FluSurv-NET,2024-25,2024,42,18-49 yr,Overall,Overall,Overall,0.0,0.1,,
Entire Network,FluSurv-NET,2024-25,2024,42,30-39 yr,Overall,Overall,Overall,0.0,0.1,,
Entire Network,FluSurv-NET,2024-25,2024,42,40-49 yr,Overall,Overall,Overall,0.0,0.1,,
Entire Network,FluSurv-NET,2024-25,2024,42,5-11 yr,Overall,Overall,Overall,0.0,0.0,,
Entire Network,FluSurv-NET,2024-25,2024,42,5-17 yr,Overall,Overall,Overall,0.0,0.0,,
Entire Network,FluSurv-NET,2024-25,2024,42,50-64 yr,Overall,Overall,Overall,0.0,0.2,,
Entire Network,FluSurv-NET,2024-25,2024,42,65-74 yr,Overall,Overall,Overall,1.0,0.5,,
Entire Network,FluSurv-NET,2024-25,2024,42,75-84 yr,Overall,Overall,Overall,2.0,0.6,,
Entire Network,FluSurv-NET,2024-25,2024,42,>= 65 yr,Overall,Overall,Overall,1.0,0.6,,
Entire Network,FluSurv-NET,2024-25,2024,42,>= 75,Overall,Overall,Overall,2.0,0.7,,
Entire Network,FluSurv-NET,2024-25,2024,42,>= 85,Overall,Overall,Overall,3.0,1.0,,
Entire Network,FluSurv-NET,2024-25,2024,42,Adults,Overall,Overall,Overall,0.0,0.2,,
Entire Network,FluSurv-NET,2024-25,2024,42,Overall,Female,Overall,Overall,0.0,0.2,,
Entire Network,FluSurv-NET,2024-25,2024,42,Overall,Male,Overall,Overall,0.0,0.2,,
Entire Network,FluSurv-NET,2024-25,2024,42,Overall,Overall,"American Indian/Alaska Native, NH",Overall,1.0,0.5,0.49512054427819113,0.49512054427819113
Entire Network,FluSurv-NET,2024-25,2024,42,Overall,Overall,"Asian/Pacific Islander, NH",Overall,0.0,0.2,0.40273535580401454,0.19800697374032303
Entire Network,FluSurv-NET,2024-25,2024,42,Overall,Overall,"Black, NH",Overall,0.0,0.1,0.45677899644316683,0.15440758340770014
Entire Network,FluSurv-NET,2024-25,2024,42,Overall,Overall,Hispanic,Overall,0.0,0.3,0.5386095008465571,0.4222268727929119
Entire Network,FluSurv-NET,2024-25,2024,42,Overall,Overall,Overall,Overall,0.0,0.2,,
Entire Network,FluSurv-NET,2024-25,2024,42,Overall,Overall,"White, NH",Overall,0.0,0.2,0.3179202465150369,0.1307691719131819
Entire Network,FluSurv-NET,2024-25,2024,42,Pediatrics,Overall,Overall,Overall,0.0,0.0,,
Georgia,FluSurv-NET,2024-25,2024,42,Overall,Overall,Overall,Overall,0.0,0.1,,
Maryland,FluSurv-NET,2024-25,2024,42,Overall,Overall,Overall,Overall,0.0,0.1,,
Michigan,FluSurv-NET,2024-25,2024,42,Overall,Overall,Overall,Overall,0.0,0.0,,
Minnesota,FluSurv-NET,2024-25,2024,42,Overall,Overall,Overall,Overall,0.0,0.1,,
New Mexico,FluSurv-NET,2024-25,2024,42,Overall,Overall,Overall,Overall,1.0,0.5,,
New York,FluSurv-NET,2024-25,2024,42,Overall,Overall,Overall,Overall,0.0,0.0,,
North Carolina,FluSurv-NET,2024-25,2024,42,Overall,Overall,Overall,Overall,1.0,0.3,,
Ohio,FluSurv-NET,2024-25,2024,42,Overall,Overall,Overall,Overall,0.0,0.3,,
Oregon,FluSurv-NET,2024-25,2024,42,Overall,Overall,Overall,Overall,0.0,0.2,,
Tennessee,FluSurv-NET,2024-25,2024,42,Overall,Overall,Overall,Overall,1.0,0.5,,
Utah,FluSurv-NET,2024-25,2024,42,Overall,Overall,Overall,Overall,1.0,0.2,,
California,FluSurv-NET,2024-25,2024,43,Overall,Overall,Overall,Overall,1.0,0.4,,
Colorado,FluSurv-NET,2024-25,2024,43,Overall,Overall,Overall,Overall,0.0,0.1,,
Connecticut,FluSurv-NET,2024-25,2024,43,Overall,Overall,Overall,Overall,1.0,0.6,,
Entire Network,FluSurv-NET,2024-25,2024,43,0-4 yr,Overall,Overall,Overall,0.0,0.1,,
Entire Network,FluSurv-NET,2024-25,2024,43,0-<1 yr,Overall,Overall,Overall,1.0,0.0,,
Entire Network,FluSurv-NET,2024-25,2024,43,1-4 yr,Overall,Overall,Overall,0.0,0.1,,
Entire Network,FluSurv-NET,2024-25,2024,43,12-17 yr,Overall,Overall,Overall,0.0,0.0,,
Entire Network,FluSurv-NET,2024-25,2024,43,18-29 yr,Overall,Overall,Overall,0.0,0.1,,
Entire Network,FluSurv-NET,2024-25,2024,43,18-49 yr,Overall,Overall,Overall,0.0,0.1,,
Entire Network,FluSurv-NET,2024-25,2024,43,30-39 yr,Overall,Overall,Overall,0.0,0.1,,
Entire Network,FluSurv-NET,2024-25,2024,43,40-49 yr,Overall,Overall,Overall,0.0,0.1,,
Entire Network,FluSurv-NET,2024-25,2024,43,5-11 yr,Overall,Overall,Overall,0.0,0.1,,
Entire Network,FluSurv-NET,2024-25,2024,43,5-17 yr,Overall,Overall,Overall,0.0,0.1,,
Entire Network,FluSurv-NET,2024-25,2024,43,50-64 yr,Overall,Overall,Overall,1.0,0.3,,
Entire Network,FluSurv-NET,2024-25,2024,43,65-74 yr,Overall,Overall,Overall,2.0,0.6,,
Entire Network,FluSurv-NET,2024-25,2024,43,75-84 yr,Overall,Overall,Overall,2.0,0.7,,
Entire Network,FluSurv-NET,2024-25,2024,43,>= 65 yr,Overall,Overall,Overall,2.0,0.7,,
Entire Network,FluSurv-NET,2024-25,2024,43,>= 75,Overall,Overall,Overall,3.0,0.8,,
Entire Network,FluSurv-NET,2024-25,2024,43,>= 85,Overall,Overall,Overall,4.0,1.1,,
Entire Network,FluSurv-NET,2024-25,2024,43,Adults,Overall,Overall,Overall,1.0,0.3,,
Entire Network,FluSurv-NET,2024-25,2024,43,Overall,Female,Overall,Overall,1.0,0.3,,
Entire Network,FluSurv-NET,2024-25,2024,43,Overall,Male,Overall,Overall,1.0,0.2,,
Entire Network,FluSurv-NET,2024-25,2024,43,Overall,Overall,"American Indian/Alaska Native, NH",Overall,1.0,0.5,1.061547322216343,0.5664267779381519
Entire Network,FluSurv-NET,2024-25,2024,43,Overall,Overall,"Asian/Pacific Islander, NH",Overall,1.0,0.1,0.5260111392352418,0.1232757834312272
Entire Network,FluSurv-NET,2024-25,2024,43,Overall,Overall,"Black, NH",Overall,1.0,0.3,0.8414140748961068,0.3846350784529399
Entire Network,FluSurv-NET,2024-25,2024,43,Overall,Overall,Hispanic,Overall,1.0,0.2,0.762972799726609,0.22436329888005174
Entire Network,FluSurv-NET,2024-25,2024,43,Overall,Overall,Overall,Overall,1.0,0.2,,
Entire Network,FluSurv-NET,2024-25,2024,43,Overall,Overall,"White, NH",Overall,1.0,0.2,0.4972652322686921,0.17934498575365515
Entire Network,FluSurv-NET,2024-25,2024,43,Pediatrics,Overall,Overall,Overall,0.0,0.1,,
Georgia,FluSurv-NET,2024-25,2024,43,Overall,Overall,Overall,Overall,0.0,0.2,,
Maryland,FluSurv-NET,2024-25,2024,43,Overall,Overall,Overall,Overall,1.0,0.0,,
Michigan,FluSurv-NET,2024-25,2024,43,Overall,Overall,Overall,Overall,0.0,0.0,,
Minnesota,FluSurv-NET,2024-25,2024,43,Overall,Overall,Overall,Overall,0.0,0.0,,
New Mexico,FluSurv-NET,2024-25,2024,43,Overall,Overall,Overall,Overall,1.0,0.3,,
New York,FluSurv-NET,2024-25,2024,43,Overall,Overall,Overall,Overall,0.0,0.1,,
North Carolina,FluSurv-NET,2024-25,2024,43,Overall,Overall,Overall,Overall,1.0,0.3,,
Ohio,FluSurv-NET,2024-25,2024,43,Overall,Overall,Overall,Overall,1.0,0.4,,
Oregon,FluSurv-NET,2024-25,2024,43,Overall,Overall,Overall,Overall,1.0,0.2,,
Tennessee,FluSurv-NET,2024-25,2024,43,Overall,Overall,Overall,Overall,2.0,0.5,,
Utah,FluSurv-NET,2024-25,2024,43,Overall,Overall,Overall,Overall,1.0,0.2,,
California,FluSurv-NET,2024-25,2024,44,Overall,Overall,Overall,Overall,1.0,0.4,,
Colorado,FluSurv-NET,2024-25,2024,44,Overall,Overall,Overall,Overall,1.0,0.3,,
Connecticut,FluSurv-NET,2024-25,2024,44,Overall,Overall,Overall,Overall,1.0,0.0,,
Entire Network,FluSurv-NET,2024-25,2024,44,0-4 yr,Overall,Overall,Overall,1.0,0.2,,
Entire Network,FluSurv-NET,2024-25,2024,44,0-<1 yr,Overall,Overall,Overall,1.0,0.3,,
Entire Network,FluSurv-NET,2024-25,2024,44,1-4 yr,Overall,Overall,Overall,0.0,0.2,,
Entire Network,FluSurv-NET,2024-25,2024,44,12-17 yr,Overall,Overall,Overall,0.0,0.0,,
Entire Network,FluSurv-NET,2024-25,2024,44,18-29 yr,Overall,Overall,Overall,0.0,0.0,,
Entire Network,FluSurv-NET,2024-25,2024,44,18-49 yr,Overall,Overall,Overall,0.0,0.1,,
Entire Network,FluSurv-NET,2024-25,2024,44,30-39 yr,Overall,Overall,Overall,0.0,0.1,,
Entire Network,FluSurv-NET,2024-25,2024,44,40-49 yr,Overall,Overall,Overall,1.0,0.2,,
Entire Network,FluSurv-NET,2024-25,2024,44,5-11 yr,Overall,Overall,Overall,0.0,0.1,,
Entire Network,FluSurv-NET,2024-25,2024,44,5-17 yr,Overall,Overall,Overall,0.0,0.0,,
Entire Network,FluSurv-NET,2024-25,2024,44,50-64 yr,Overall,Overall,Overall,1.0,0.3,,
Entire Network,FluSurv-NET,2024-25,2024,44,65-74 yr,Overall,Overall,Overall,2.0,0.4,,
Entire Network,FluSurv-NET,2024-25,2024,44,75-84 yr,Overall,Overall,Overall,3.0,0.7,,
Entire Network,FluSurv-NET,2024-25,2024,44,>= 65 yr,Overall,Overall,Overall,3.0,0.6,,
Entire Network,FluSurv-NET,2024-25,2024,44,>= 75,Overall,Overall,Overall,3.0,0.8,,
Entire Network,FluSurv-NET,2024-25,2024,44,>= 85,Overall,Overall,Overall,5.0,1.1,,
Entire Network,FluSurv-NET,2024-25,2024,44,Adults,Overall,Overall,Overall,1.0,0.3,,
Entire Network,FluSurv-NET,2024-25,2024,44,Overall,Female,Overall,Overall,1.0,0.2,,
Entire Network,FluSurv-NET,2024-25,2024,44,Overall,Male,Overall,Overall,1.0,0.2,,
Entire Network,FluSurv-NET,2024-25,2024,44,Overall,Overall,"American Indian/Alaska Native, NH",Overall,1.0,0.0,1.061547322216343,0.0
Entire Network,FluSurv-NET,2024-25,2024,44,Overall,Overall,"Asian/Pacific Islander, NH",Overall,1.0,0.1,0.6806857157240329,0.15467457648879113
Entire Network,FluSurv-NET,2024-25,2024,44,Overall,Overall,"Black, NH",Overall,1.0,0.4,1.248733667782396,0.4073195928862893
Entire Network,FluSurv-NET,2024-25,2024,44,Overall,Overall,Hispanic,Overall,1.0,0.1,0.8791512270394216,0.1161784273128125
Entire Network,FluSurv-NET,2024-25,2024,44,Overall,Overall,Overall,Overall,1.0,0.2,,
Entire Network,FluSurv-NET,2024-25,2024,44,Overall,Overall,"White, NH",Overall,1.0,0.2,0.6778247679341207,0.18055953566542865
Entire Network,FluSurv-NET,2024-25,2024,44,Pediatrics,Overall,Overall,Overall,0.0,0.1,,
Georgia,FluSurv-NET,2024-25,2024,44,Overall,Overall,Overall,Overall,1.0,0.3,,
Maryland,FluSurv-NET,2024-25,2024,44,Overall,Overall,Overall,Overall,1.0,0.2,,
Michigan,FluSurv-NET,2024-25,2024,44,Overall,Overall,Overall,Overall,0.0,0.0,,
Minnesota,FluSurv-NET,2024-25,2024,44,Overall,Overall,Overall,Overall,0.0,0.0,,
New Mexico,FluSurv-NET,2024-25,2024,44,Overall,Overall,Overall,Overall,1.0,0.2,,
New York,FluSurv-NET,2024-25,2024,44,Overall,Overall,Overall,Overall,0.0,0.2,,
North Carolina,FluSurv-NET,2024-25,2024,44,Overall,Overall,Overall,Overall,2.0,0.5,,
Ohio,FluSurv-NET,2024-25,2024,44,Overall,Overall,Overall,Overall,1.0,0.1,,
Oregon,FluSurv-NET,2024-25,2024,44,Overall,Overall,Overall,Overall,1.0,0.0,,
Tennessee,FluSurv-NET,2024-25,2024,44,Overall,Overall,Overall,Overall,2.0,0.6,,
Utah,FluSurv-NET,2024-25,2024,44,Overall,Overall,Overall,Overall,1.0,0.2,,
California,FluSurv-NET,2024-25,2024,45,Overall,Overall,Overall,Overall,2.0,0.4,,
Colorado,FluSurv-NET,2024-25,2024,45,Overall,Overall,Overall,Overall,1.0,0.2,,
Connecticut,FluSurv-NET,2024-25,2024,45,Overall,Overall,Overall,Overall,1.0,0.2,,
Entire Network,FluSurv-NET,2024-25,2024,45,0-4 yr,Overall,Overall,Overall,1.0,0.4,,
Entire Network,FluSurv-NET,2024-25,2024,45,0-<1 yr,Overall,Overall,Overall,2.0,0.6,,
Entire Network,FluSurv-NET,2024-25,2024,45,1-4 yr,Overall,Overall,Overall,1.0,0.3,,
Entire Network,FluSurv-NET,2024-25,2024,45,12-17 yr,Overall,Overall,Overall,0.0,0.2,,
Entire Network,FluSurv-NET,2024-25,2024,45,18-29 yr,Overall,Overall,Overall,0.0,0.1,,
Entire Network,FluSurv-NET,2024-25,2024,45,18-49 yr,Overall,Overall,Overall,1.0,0.1,,
Entire Network,FluSurv-NET,2024-25,2024,45,30-39 yr,Overall,Overall,Overall,0.0,0.1,,
Entire Network,FluSurv-NET,2024-25,2024,45,40-49 yr,Overall,Overall,Overall,1.0,0.1,,
Entire Network,FluSurv-NET,2024-25,2024,45,5-11 yr,Overall,Overall,Overall,0.0,0.2,,
Entire Network,FluSurv-NET,2024-25,2024,45,5-17 yr,Overall,Overall,Overall,0.0,0.2,,
Entire Network,FluSurv-NET,2024-25,2024,45,50-64 yr,Overall,Overall,Overall,1.0,0.3,,
Entire Network,FluSurv-NET,2024-25,2024,45,65-74 yr,Overall,Overall,Overall,2.0,0.5,,
Entire Network,FluSurv-NET,2024-25,2024,45,75-84 yr,Overall,Overall,Overall,4.0,0.9,,
Entire Network,FluSurv-NET,2024-25,2024,45,>= 65 yr,Overall,Overall,Overall,3.0,0.8,,
Entire Network,FluSurv-NET,2024-25,2024,45,>= 75,Overall,Overall,Overall,5.0,1.2,,
Entire Network,FluSurv-NET,2024-25,2024,45,>= 85,Overall,Overall,Overall,7.0,1.9,,
Entire Network,FluSurv-NET,2024-25,2024,45,Adults,Overall,Overall,Overall,1.0,0.3,,
Entire Network,FluSurv-NET,2024-25,2024,45,Overall,Female,Overall,Overall,1.0,0.3,,
Entire Network,FluSurv-NET,2024-25,2024,45,Overall,Male,Overall,Overall,1.0,0.3,,
Entire Network,FluSurv-NET,2024-25,2024,45,Overall,Overall,"American Indian/Alaska Native, NH",Overall,1.0,0.0,1.061547322216343,0.0
Entire Network,FluSurv-NET,2024-25,2024,45,Overall,Overall,"Asian/Pacific Islander, NH",Overall,1.0,0.0,0.7240181129755647,0.0433323972515319
Entire Network,FluSurv-NET,2024-25,2024,45,Overall,Overall,"Black, NH",Overall,2.0,0.4,1.6424235693112308,0.39368990152883504
Entire Network,FluSurv-NET,2024-25,2024,45,Overall,Overall,Hispanic,Overall,1.0,0.2,1.1797332916060415,0.3005820645666198
Entire Network,FluSurv-NET,2024-25,2024,45,Overall,Overall,Overall,Overall,1.0,0.3,,
Entire Network,FluSurv-NET,2024-25,2024,45,Overall,Overall,"White, NH",Overall,1.0,0.3,0.9042297621709786,0.22640499423685786
Entire Network,FluSurv-NET,2024-25,2024,45,Pediatrics,Overall,Overall,Overall,1.0,0.2,,
Georgia,FluSurv-NET,2024-25,2024,45,Overall,Overall,Overall,Overall,1.0,0.2,,
Maryland,FluSurv-NET,2024-25,2024,45,Overall,Overall,Overall,Overall,1.0,0.1,,
Michigan,FluSurv-NET,2024-25,2024,45,Overall,Overall,Overall,Overall,0.0,0.2,,
Minnesota,FluSurv-NET,2024-25,2024,45,Overall,Overall,Overall,Overall,0.0,0.2,,
New Mexico,FluSurv-NET,2024-25,2024,45,Overall,Overall,Overall,Overall,2.0,1.0,,
New York,FluSurv-NET,2024-25,2024,45,Overall,Overall,Overall,Overall,1.0,0.1,,
North Carolina,FluSurv-NET,2024-25,2024,45,Overall,Overall,Overall,Overall,2.0,0.5,,
Ohio,FluSurv-NET,2024-25,2024,45,Overall,Overall,Overall,Overall,1.0,0.2,,
Oregon,FluSurv-NET,2024-25,2024,45,Overall,Overall,Overall,Overall,1.0,0.3,,
Tennessee,FluSurv-NET,2024-25,2024,45,Overall,Overall,Overall,Overall,3.0,0.4,,
Utah,FluSurv-NET,2024-25,2024,45,Overall,Overall,Overall,Overall,1.0,0.1,,
California,FluSurv-NET,2024-25,2024,46,Overall,Overall,Overall,Overall,2.0,0.5,,
Colorado,FluSurv-NET,2024-25,2024,46,Overall,Overall,Overall,Overall,1.0,0.3,,
Connecticut,FluSurv-NET,2024-25,2024,46,Overall,Overall,Overall,Overall,2.0,0.4,,
Entire Network,FluSurv-NET,2024-25,2024,46,0-4 yr,Overall,Overall,Overall,1.0,0.4,,
Entire Network,FluSurv-NET,2024-25,2024,46,0-<1 yr,Overall,Overall,Overall,3.0,0.9,,
Entire Network,FluSurv-NET,2024-25,2024,46,1-4 yr,Overall,Overall,Overall,1.0,0.2,,
Entire Network,FluSurv-NET,2024-25,2024,46,12-17 yr,Overall,Overall,Overall,0.0,0.0,,
Entire Network,FluSurv-NET,2024-25,2024,46,18-29 yr,Overall,Overall,Overall,0.0,0.1,,
Entire Network,FluSurv-NET,2024-25,2024,46,18-49 yr,Overall,Overall,Overall,1.0,0.2,,
Entire Network,FluSurv-NET,2024-25,2024,46,30-39 yr,Overall,Overall,Overall,1.0,0.2,,
Entire Network,FluSurv-NET,2024-25,2024,46,40-49 yr,Overall,Overall,Overall,1.0,0.2,,
Entire Network,FluSurv-NET,2024-25,2024,46,5-11 yr,Overall,Overall,Overall,1.0,0.2,,
Entire Network,FluSurv-NET,2024-25,2024,46,5-17 yr,Overall,Overall,Overall,0.0,0.1,,
Entire Network,FluSurv-NET,2024-25,2024,46,50-64 yr,Overall,Overall,Overall,2.0,0.5,,
Entire Network,FluSurv-NET,2024-25,2024,46,65-74 yr,Overall,Overall,Overall,3.0,0.7,,
Entire Network,FluSurv-NET,2024-25,2024,46,75-84 yr,Overall,Overall,Overall,6.0,1.7,,
Entire Network,FluSurv-NET,2024-25,2024,46,>= 65 yr,Overall,Overall,Overall,4.0,1.1,,
Entire Network,FluSurv-NET,2024-25,2024,46,>= 75,Overall,Overall,Overall,6.0,1.8,,
Entire Network,FluSurv-NET,2024-25,2024,46,>= 85,Overall,Overall,Overall,9.0,1.9,,
Entire Network,FluSurv-NET,2024-25,2024,46,Adults,Overall,Overall,Overall,2.0,0.5,,
Entire Network,FluSurv-NET,2024-25,2024,46,Overall,Female,Overall,Overall,2.0,0.4,,
Entire Network,FluSurv-NET,2024-25,2024,46,Overall,Male,Overall,Overall,1.0,0.4,,
Entire Network,FluSurv-NET,2024-25,2024,46,Overall,Overall,"American Indian/Alaska Native, NH",Overall,2.0,1.1,2.295731570160412,1.2341842479440688
Entire Network,FluSurv-NET,2024-25,2024,46,Overall,Overall,"Asian/Pacific Islander, NH",Overall,1.0,0.3,1.0622239253865289,0.33820581241096415
Entire Network,FluSurv-NET,2024-25,2024,46,Overall,Overall,"Black, NH",Overall,2.0,0.6,2.2695254461132417,0.6271018768020109
Entire Network,FluSurv-NET,2024-25,2024,46,Overall,Overall,Hispanic,Overall,1.0,0.2,1.4136625820616253,0.23392929045558428
Entire Network,FluSurv-NET,2024-25,2024,46,Overall,Overall,Overall,Overall,2.0,0.4,,
Entire Network,FluSurv-NET,2024-25,2024,46,Overall,Overall,"White, NH",Overall,2.0,0.4,1.2584140770131054,0.3541843148421265
Entire Network,FluSurv-NET,2024-25,2024,46,Pediatrics,Overall,Overall,Overall,1.0,0.2,,
Georgia,FluSurv-NET,2024-25,2024,46,Overall,Overall,Overall,Overall,1.0,0.5,,
Maryland,FluSurv-NET,2024-25,2024,46,Overall,Overall,Overall,Overall,1.0,0.3,,
Michigan,FluSurv-NET,2024-25,2024,46,Overall,Overall,Overall,Overall,0.0,0.0,,
Minnesota,FluSurv-NET,2024-25,2024,46,Overall,Overall,Overall,Overall,1.0,0.3,,
New Mexico,FluSurv-NET,2024-25,2024,46,Overall,Overall,Overall,Overall,3.0,0.7,,
New York,FluSurv-NET,2024-25,2024,46,Overall,Overall,Overall,Overall,1.0,0.3,,
North Carolina,FluSurv-NET,2024-25,2024,46,Overall,Overall,Overall,Overall,2.0,0.2,,
Ohio,FluSurv-NET,2024-25,2024,46,Overall,Overall,Overall,Overall,2.0,0.4,,
Oregon,FluSurv-NET,2024-25,2024,46,Overall,Overall,Overall,Overall,1.0,0.4,,
Tennessee,FluSurv-NET,2024-25,2024,46,Overall,Overall,Overall,Overall,3.0,0.6,,
Utah,FluSurv-NET,2024-25,2024,46,Overall,Overall,Overall,Overall,1.0,0.4,,
California,FluSurv-NET,2024-25,2024,47,Overall,Overall,Overall,Overall,3.0,0.8,,
Colorado,FluSurv-NET,2024-25,2024,47,Overall,Overall,Overall,Overall,2.0,0.5,,
Connecticut,FluSurv-NET,2024-25,2024,47,Overall,Overall,Overall,Overall,2.0,0.1,,
Entire Network,FluSurv-NET,2024-25,2024,47,0-4 yr,Overall,Overall,Overall,2.0,0.5,,
Entire Network,FluSurv-NET,2024-25,2024,47,0-<1 yr,Overall,Overall,Overall,4.0,1.2,,
Entire Network,FluSurv-NET,2024-25,2024,47,1-4 yr,Overall,Overall,Overall,1.0,0.3,,
Entire Network,FluSurv-NET,2024-25,2024,47,12-17 yr,Overall,Overall,Overall,0.0,0.1,,
Entire Network,FluSurv-NET,2024-25,2024,47,18-29 yr,Overall,Overall,Overall,1.0,0.2,,
Entire Network,FluSurv-NET,2024-25,2024,47,18-49 yr,Overall,Overall,Overall,1.0,0.2,,
Entire Network,FluSurv-NET,2024-25,2024,47,30-39 yr,Overall,Overall,Overall,1.0,0.2,,
Entire Network,FluSurv-NET,2024-25,2024,47,40-49 yr,Overall,Overall,Overall,1.0,0.3,,
Entire Network,FluSurv-NET,2024-25,2024,47,5-11 yr,Overall,Overall,Overall,1.0,0.2,,
Entire Network,FluSurv-NET,2024-25,2024,47,5-17 yr,Overall,Overall,Overall,1.0,0.1,,
Entire Network,FluSurv-NET,2024-25,2024,47,50-64 yr,Overall,Overall,Overall,2.0,0.5,,
Entire Network,FluSurv-NET,2024-25,2024,47,65-74 yr,Overall,Overall,Overall,4.0,1.1,,
Entire Network,FluSurv-NET,2024-25,2024,47,75-84 yr,Overall,Overall,Overall,8.0,2.2,,
Entire Network,FluSurv-NET,2024-25,2024,47,>= 65 yr,Overall,Overall,Overall,6.0,1.5,,
Entire Network,FluSurv-NET,2024-25,2024,47,>= 75,Overall,Overall,Overall,9.0,2.2,,
Entire Network,FluSurv-NET,2024-25,2024,47,>= 85,Overall,Overall,Overall,11.0,2.1,,
Entire Network,FluSurv-NET,2024-25,2024,47,Adults,Overall,Overall,Overall,2.0,0.6,,
Entire Network,FluSurv-NET,2024-25,2024,47,Overall,Female,Overall,Overall,2.0,0.6,,
Entire Network,FluSurv-NET,2024-25,2024,47,Overall,Male,Overall,Overall,2.0,0.4,,
Entire Network,FluSurv-NET,2024-25,2024,47,Overall,Overall,"American Indian/Alaska Native, NH",Overall,3.0,0.5,2.7908521144386036,0.49512054427819113
Entire Network,FluSurv-NET,2024-25,2024,47,Overall,Overall,"Asian/Pacific Islander, NH",Overall,1.0,0.3,1.4025609182346335,0.3403369928481044
Entire Network,FluSurv-NET,2024-25,2024,47,Overall,Overall,"Black, NH",Overall,3.0,0.6,2.9307998111852687,0.6612743650720273
Entire Network,FluSurv-NET,2024-25,2024,47,Overall,Overall,Hispanic,Overall,2.0,0.6,2.1748492560990167,0.761186674037391
Entire Network,FluSurv-NET,2024-25,2024,47,Overall,Overall,Overall,Overall,2.0,0.5,,
Entire Network,FluSurv-NET,2024-25,2024,47,Overall,Overall,"White, NH",Overall,2.0,0.4,1.6351858259295962,0.37677174891649134
Entire Network,FluSurv-NET,2024-25,2024,47,Pediatrics,Overall,Overall,Overall,1.0,0.2,,
Georgia,FluSurv-NET,2024-25,2024,47,Overall,Overall,Overall,Overall,2.0,0.4,,
Maryland,FluSurv-NET,2024-25,2024,47,Overall,Overall,Overall,Overall,2.0,0.5,,
Michigan,FluSurv-NET,2024-25,2024,47,Overall,Overall,Overall,Overall,1.0,0.3,,
Minnesota,FluSurv-NET,2024-25,2024,47,Overall,Overall,Overall,Overall,1.0,0.1,,
New Mexico,FluSurv-NET,2024-25,2024,47,Overall,Overall,Overall,Overall,4.0,1.2,,
New York,FluSurv-NET,2024-25,2024,47,Overall,Overall,Overall,Overall,1.0,0.4,,
North Carolina,FluSurv-NET,2024-25,2024,47,Overall,Overall,Overall,Overall,3.0,0.3,,
Ohio,FluSurv-NET,2024-25,2024,47,Overall,Overall,Overall,Overall,2.0,0.5,,
Oregon,FluSurv-NET,2024-25,2024,47,Overall,Overall,Overall,Overall,2.0,0.7,,
Tennessee,FluSurv-NET,2024-25,2024,47,Overall,Overall,Overall,Overall,4.0,0.6,,
Utah,FluSurv-NET,2024-25,2024,47,Overall,Overall,Overall,Overall,2.0,0.5,,
California,FluSurv-NET,2024-25,2024,48,Overall,Overall,Overall,Overall,4.0,0.7,,
Colorado,FluSurv-NET,2024-25,2024,48,Overall,Overall,Overall,Overall,2.0,0.6,,
Connecticut,FluSurv-NET,2024-25,2024,48,Overall,Overall,Overall,Overall,2.0,0.5,,
Entire Network,FluSurv-NET,2024-25,2024,48,0-4 yr,Overall,Overall,Overall,3.0,0.7,,
Entire Network,FluSurv-NET,2024-25,2024,48,0-<1 yr,Overall,Overall,Overall,5.0,0.6,,
Entire Network,FluSurv-NET,2024-25,2024,48,1-4 yr,Overall,Overall,Overall,2.0,0.7,,
Entire Network,FluSurv-NET,2024-25,2024,48,12-17 yr,Overall,Overall,Overall,1.0,0.1,,
Entire Network,FluSurv-NET,2024-25,2024,48,18-29 yr,Overall,Overall,Overall,1.0,0.2,,
Entire Network,FluSurv-NET,2024-25,2024,48,18-49 yr,Overall,Overall,Overall,1.0,0.2,,
Entire Network,FluSurv-NET,2024-25,2024,48,30-39 yr,Overall,Overall,Overall,1.0,0.2,,
Entire Network,FluSurv-NET,2024-25,2024,48,40-49 yr,Overall,Overall,Overall,2.0,0.3,,
Entire Network,FluSurv-NET,2024-25,2024,48,5-11 yr,Overall,Overall,Overall,1.0,0.3,,
Entire Network,FluSurv-NET,2024-25,2024,48,5-17 yr,Overall,Overall,Overall,1.0,0.2,,
Entire Network,FluSurv-NET,2024-25,2024,48,50-64 yr,Overall,Overall,Overall,3.0,0.6,,
Entire Network,FluSurv-NET,2024-25,2024,48,65-74 yr,Overall,Overall,Overall,5.0,1.1,,
Entire Network,FluSurv-NET,2024-25,2024,48,75-84 yr,Overall,Overall,Overall,10.0,2.4,,
Entire Network,FluSurv-NET,2024-25,2024,48,>= 65 yr,Overall,Overall,Overall,8.0,1.7,,
Entire Network,FluSurv-NET,2024-25,2024,48,>= 75,Overall,Overall,Overall,11.0,2.6,,
Entire Network,FluSurv-NET,2024-25,2024,48,>= 85,Overall,Overall,Overall,14.0,3.2,,
Entire Network,FluSurv-NET,2024-25,2024,48,Adults,Overall,Overall,Overall,3.0,0.6,,
Entire Network,FluSurv-NET,2024-25,2024,48,Overall,Female,Overall,Overall,3.0,0.6,,
Entire Network,FluSurv-NET,2024-25,2024,48,Overall,Male,Overall,Overall,2.0,0.5,,
Entire Network,FluSurv-NET,2024-25,2024,48,Overall,Overall,"American Indian/Alaska Native, NH",Overall,4.0,1.6,4.5301180803893635,1.7392659659507599
Entire Network,FluSurv-NET,2024-25,2024,48,Overall,Overall,"Asian/Pacific Islander, NH",Overall,2.0,0.3,1.774995740246811,0.37243482201217787
Entire Network,FluSurv-NET,2024-25,2024,48,Overall,Overall,"Black, NH",Overall,3.0,0.6,3.56352213907083,0.6327223278855607
Entire Network,FluSurv-NET,2024-25,2024,48,Overall,Overall,Hispanic,Overall,2.0,0.5,2.859334644064277,0.6844853879652603
Entire Network,FluSurv-NET,2024-25,2024,48,Overall,Overall,Overall,Overall,3.0,0.6,,
Entire Network,FluSurv-NET,2024-25,2024,48,Overall,Overall,"White, NH",Overall,3.0,0.6,2.188472926271642,0.5532871003420456
Entire Network,FluSurv-NET,2024-25,2024,48,Pediatrics,Overall,Overall,Overall,1.0,0.3,,
Georgia,FluSurv-NET,2024-25,2024,48,Overall,Overall,Overall,Overall,2.0,0.4,,
Maryland,FluSurv-NET,2024-25,2024,48,Overall,Overall,Overall,Overall,2.0,0.4,,
Michigan,FluSurv-NET,2024-25,2024,48,Overall,Overall,Overall,Overall,1.0,0.3,,
Minnesota,FluSurv-NET,2024-25,2024,48,Overall,Overall,Overall,Overall,1.0,0.3,,
New Mexico,FluSurv-NET,2024-25,2024,48,Overall,Overall,Overall,Overall,5.0,1.4,,
New York,FluSurv-NET,2024-25,2024,48,Overall,Overall,Overall,Overall,2.0,0.5,,
North Carolina,FluSurv-NET,2024-25,2024,48,Overall,Overall,Overall,Overall,3.0,0.2,,
Ohio,FluSurv-NET,2024-25,2024,48,Overall,Overall,Overall,Overall,3.0,0.7,,
Oregon,FluSurv-NET,2024-25,2024,48,Overall,Overall,Overall,Overall,3.0,1.2,,
Tennessee,FluSurv-NET,2024-25,2024,48,Overall,Overall,Overall,Overall,4.0,0.7,,
Utah,FluSurv-NET,2024-25,2024,48,Overall,Overall,Overall,Overall,3.0,0.7,,
California,FluSurv-NET,2024-25,2024,49,Overall,Overall,Overall,Overall,5.0,1.5,,
Colorado,FluSurv-NET,2024-25,2024,49,Overall,Overall,Overall,Overall,3.0,1.1,,
Connecticut,FluSurv-NET,2024-25,2024,49,Overall,Overall,Overall,Overall,3.0,0.9,,
Entire Network,FluSurv-NET,2024-25,2024,49,0-4 yr,Overall,Overall,Overall,3.0,0.8,,
Entire Network,FluSurv-NET,2024-25,2024,49,0-<1 yr,Overall,Overall,Overall,6.0,0.9,,
Entire Network,FluSurv-NET,2024-25,2024,49,1-4 yr,Overall,Overall,Overall,3.0,0.7,,
Entire Network,FluSurv-NET,2024-25,2024,49,12-17 yr,Overall,Overall,Overall,1.0,0.2,,
Entire Network,FluSurv-NET,2024-25,2024,49,18-29 yr,Overall,Overall,Overall,1.0,0.4,,
Entire Network,FluSurv-NET,2024-25,2024,49,18-49 yr,Overall,Overall,Overall,2.0,0.5,,
Entire Network,FluSurv-NET,2024-25,2024,49,30-39 yr,Overall,Overall,Overall,2.0,0.5,,
Entire Network,FluSurv-NET,2024-25,2024,49,40-49 yr,Overall,Overall,Overall,2.0,0.8,,
Entire Network,FluSurv-NET,2024-25,2024,49,5-11 yr,Overall,Overall,Overall,2.0,0.5,,
Entire Network,FluSurv-NET,2024-25,2024,49,5-17 yr,Overall,Overall,Overall,1.0,0.3,,
Entire Network,FluSurv-NET,2024-25,2024,49,50-64 yr,Overall,Overall,Overall,4.0,1.2,,
Entire Network,FluSurv-NET,2024-25,2024,49,65-74 yr,Overall,Overall,Overall,8.0,2.7,,
Entire Network,FluSurv-NET,2024-25,2024,49,75-84 yr,Overall,Overall,Overall,15.0,4.4,,
Entire Network,FluSurv-NET,2024-25,2024,49,>= 65 yr,Overall,Overall,Overall,11.0,3.6,,
Entire Network,FluSurv-NET,2024-25,2024,49,>= 75,Overall,Overall,Overall,16.0,4.9,,
Entire Network,FluSurv-NET,2024-25,2024,49,>= 85,Overall,Overall,Overall,20.0,6.3,,
Entire Network,FluSurv-NET,2024-25,2024,49,Adults,Overall,Overall,Overall,4.0,1.3,,
Entire Network,FluSurv-NET,2024-25,2024,49,Overall,Female,Overall,Overall,4.0,1.2,,
Entire Network,FluSurv-NET,2024-25,2024,49,Overall,Male,Overall,Overall,3.0,1.1,,
Entire Network,FluSurv-NET,2024-25,2024,49,Overall,Overall,"American Indian/Alaska Native, NH",Overall,7.0,2.2,6.937141516346041,2.407023435956677
Entire Network,FluSurv-NET,2024-25,2024,49,Overall,Overall,"Asian/Pacific Islander, NH",Overall,2.0,0.8,2.6664322102513944,0.8914364700045835
Entire Network,FluSurv-NET,2024-25,2024,49,Overall,Overall,"Black, NH",Overall,5.0,1.3,5.018012076947224,1.4544899378763947
Entire Network,FluSurv-NET,2024-25,2024,49,Overall,Overall,Hispanic,Overall,3.0,0.9,4.07279420619024,1.2134595621259632
Entire Network,FluSurv-NET,2024-25,2024,49,Overall,Overall,Overall,Overall,4.0,1.2,,
Entire Network,FluSurv-NET,2024-25,2024,49,Overall,Overall,"White, NH",Overall,4.0,1.2,3.2168010772040074,1.0283281509323656
Entire Network,FluSurv-NET,2024-25,2024,49,Pediatrics,Overall,Overall,Overall,2.0,0.4,,
Georgia,FluSurv-NET,2024-25,2024,49,Overall,Overall,Overall,Overall,3.0,0.7,,
Maryland,FluSurv-NET,2024-25,2024,49,Overall,Overall,Overall,Overall,2.0,0.6,,
Michigan,FluSurv-NET,2024-25,2024,49,Overall,Overall,Overall,Overall,1.0,0.6,,
Minnesota,FluSurv-NET,2024-25,2024,49,Overall,Overall,Overall,Overall,2.0,1.0,,
New Mexico,FluSurv-NET,2024-25,2024,49,Overall,Overall,Overall,Overall,8.0,2.9,,
New York,FluSurv-NET,2024-25,2024,49,Overall,Overall,Overall,Overall,3.0,1.4,,
North Carolina,FluSurv-NET,2024-25,2024,49,Overall,Overall,Overall,Overall,3.0,0.7,,
Ohio,FluSurv-NET,2024-25,2024,49,Overall,Overall,Overall,Overall,4.0,0.7,,
Oregon,FluSurv-NET,2024-25,2024,49,Overall,Overall,Overall,Overall,5.0,2.1,,
Tennessee,FluSurv-NET,2024-25,2024,49,Overall,Overall,Overall,Overall,6.0,1.4,,
Utah,FluSurv-NET,2024-25,2024,49,Overall,Overall,Overall,Overall,4.0,1.5,,
California,FluSurv-NET,2024-25,2024,50,Overall,Overall,Overall,Overall,8.0,2.4,,
Colorado,FluSurv-NET,2024-25,2024,50,Overall,Overall,Overall,Overall,5.0,2.0,,
Connecticut,FluSurv-NET,2024-25,2024,50,Overall,Overall,Overall,Overall,5.0,2.2,,
Entire Network,FluSurv-NET,2024-25,2024,50,0-4 yr,Overall,Overall,Overall,5.0,1.6,,
Entire Network,FluSurv-NET,2024-25,2024,50,0-<1 yr,Overall,Overall,Overall,8.0,2.4,,
Entire Network,FluSurv-NET,2024-25,2024,50,1-4 yr,Overall,Overall,Overall,4.0,1.4,,
Entire Network,FluSurv-NET,2024-25,2024,50,12-17 yr,Overall,Overall,Overall,1.0,0.5,,
Entire Network,FluSurv-NET,2024-25,2024,50,18-29 yr,Overall,Overall,Overall,2.0,0.6,,
Entire Network,FluSurv-NET,2024-25,2024,50,18-49 yr,Overall,Overall,Overall,3.0,1.0,,
Entire Network,FluSurv-NET,2024-25,2024,50,30-39 yr,Overall,Overall,Overall,3.0,0.9,,
Entire Network,FluSurv-NET,2024-25,2024,50,40-49 yr,Overall,Overall,Overall,4.0,1.4,,
Entire Network,FluSurv-NET,2024-25,2024,50,5-11 yr,Overall,Overall,Overall,3.0,1.0,,
Entire Network,FluSurv-NET,2024-25,2024,50,5-17 yr,Overall,Overall,Overall,2.0,0.8,,
Entire Network,FluSurv-NET,2024-25,2024,50,50-64 yr,Overall,Overall,Overall,7.0,2.9,,
Entire Network,FluSurv-NET,2024-25,2024,50,65-74 yr,Overall,Overall,Overall,12.0,3.5,,
Entire Network,FluSurv-NET,2024-25,2024,50,75-84 yr,Overall,Overall,Overall,21.0,6.4,,
Entire Network,FluSurv-NET,2024-25,2024,50,>= 65 yr,Overall,Overall,Overall,17.0,5.7,,
Entire Network,FluSurv-NET,2024-25,2024,50,>= 75,Overall,Overall,Overall,25.0,8.8,,
Entire Network,FluSurv-NET,2024-25,2024,50,>= 85,Overall,Overall,Overall,36.0,16.0,,
Entire Network,FluSurv-NET,2024-25,2024,50,Adults,Overall,Overall,Overall,7.0,2.4,,
Entire Network,FluSurv-NET,2024-25,2024,50,Overall,Female,Overall,Overall,6.0,2.2,,
Entire Network,FluSurv-NET,2024-25,2024,50,Overall,Male,Overall,Overall,5.0,2.0,,
Entire Network,FluSurv-NET,2024-25,2024,50,Overall,Overall,"American Indian/Alaska Native, NH",Overall,10.0,3.2,10.106123182233242,3.168981665887201
Entire Network,FluSurv-NET,2024-25,2024,50,Overall,Overall,"Asian/Pacific Islander, NH",Overall,4.0,1.1,3.8954024402483656,1.2289702299969707
Entire Network,FluSurv-NET,2024-25,2024,50,Overall,Overall,"Black, NH",Overall,8.0,2.9,8.216070616441478,3.198058539494254
Entire Network,FluSurv-NET,2024-25,2024,50,Overall,Overall,Hispanic,Overall,5.0,1.8,6.6891126304379664,2.616318424247726
Entire Network,FluSurv-NET,2024-25,2024,50,Overall,Overall,Overall,Overall,6.0,2.1,,
Entire Network,FluSurv-NET,2024-25,2024,50,Overall,Overall,"White, NH",Overall,6.0,2.0,5.012741725720779,1.7959406485167706
Entire Network,FluSurv-NET,2024-25,2024,50,Pediatrics,Overall,Overall,Overall,3.0,1.0,,
Georgia,FluSurv-NET,2024-25,2024,50,Overall,Overall,Overall,Overall,5.0,2.4,,
Maryland,FluSurv-NET,2024-25,2024,50,Overall,Overall,Overall,Overall,4.0,1.2,,
Michigan,FluSurv-NET,2024-25,2024,50,Overall,Overall,Overall,Overall,2.0,0.5,,
Minnesota,FluSurv-NET,2024-25,2024,50,Overall,Overall,Overall,Overall,4.0,1.5,,
New Mexico,FluSurv-NET,2024-25,2024,50,Overall,Overall,Overall,Overall,12.0,3.9,,
New York,FluSurv-NET,2024-25,2024,50,Overall,Overall,Overall,Overall,5.0,1.4,,
North Carolina,FluSurv-NET,2024-25,2024,50,Overall,Overall,Overall,Overall,5.0,1.4,,
Ohio,FluSurv-NET,2024-25,2024,50,Overall,Overall,Overall,Overall,4.0,0.7,,
Oregon,FluSurv-NET,2024-25,2024,50,Overall,Overall,Overall,Overall,10.0,4.5,,
Tennessee,FluSurv-NET,2024-25,2024,50,Overall,Overall,Overall,Overall,9.0,3.0,,
Utah,FluSurv-NET,2024-25,2024,50,Overall,Overall,Overall,Overall,7.0,2.5,,
California,FluSurv-NET,2024-25,2024,51,Overall,Overall,Overall,Overall,11.0,3.2,,
Colorado,FluSurv-NET,2024-25,2024,51,Overall,Overall,Overall,Overall,9.0,3.4,,
Connecticut,FluSurv-NET,2024-25,2024,51,Overall,Overall,Overall,Overall,8.0,2.7,,
Entire Network,FluSurv-NET,2024-25,2024,51,0-4 yr,Overall,Overall,Overall,8.0,3.4,,
Entire Network,FluSurv-NET,2024-25,2024,51,0-<1 yr,Overall,Overall,Overall,13.0,4.6,,
Entire Network,FluSurv-NET,2024-25,2024,51,1-4 yr,Overall,Overall,Overall,7.0,3.1,,
Entire Network,FluSurv-NET,2024-25,2024,51,12-17 yr,Overall,Overall,Overall,2.0,0.6,,
Entire Network,FluSurv-NET,2024-25,2024,51,18-29 yr,Overall,Overall,Overall,3.0,1.4,,
Entire Network,FluSurv-NET,2024-25,2024,51,18-49 yr,Overall,Overall,Overall,4.0,1.8,,
Entire Network,FluSurv-NET,2024-25,2024,51,30-39 yr,Overall,Overall,Overall,4.0,1.8,,
Entire Network,FluSurv-NET,2024-25,2024,51,40-49 yr,Overall,Overall,Overall,6.0,2.3,,
Entire Network,FluSurv-NET,2024-25,2024,51,5-11 yr,Overall,Overall,Overall,5.0,2.6,,
Entire Network,FluSurv-NET,2024-25,2024,51,5-17 yr,Overall,Overall,Overall,4.0,1.6,,
Entire Network,FluSurv-NET,2024-25,2024,51,50-64 yr,Overall,Overall,Overall,12.0,4.8,,
Entire Network,FluSurv-NET,2024-25,2024,51,65-74 yr,Overall,Overall,Overall,19.0,7.3,,
Entire Network,FluSurv-NET,2024-25,2024,51,75-84 yr,Overall,Overall,Overall,34.0,12.6,,
Entire Network,FluSurv-NET,2024-25,2024,51,>= 65 yr,Overall,Overall,Overall,27.0,10.4,,
Entire Network,FluSurv-NET,2024-25,2024,51,>= 75,Overall,Overall,Overall,40.0,14.8,,
Entire Network,FluSurv-NET,2024-25,2024,51,>= 85,Overall,Overall,Overall,58.0,21.5,,
Entire Network,FluSurv-NET,2024-25,2024,51,Adults,Overall,Overall,Overall,11.0,4.3,,
Entire Network,FluSurv-NET,2024-25,2024,51,Overall,Female,Overall,Overall,10.0,4.0,,
Entire Network,FluSurv-NET,2024-25,2024,51,Overall,Male,Overall,Overall,9.0,3.6,,
Entire Network,FluSurv-NET,2024-25,2024,51,Overall,Overall,"American Indian/Alaska Native, NH",Overall,18.0,8.1,18.694917944343114,8.588794762109874
Entire Network,FluSurv-NET,2024-25,2024,51,Overall,Overall,"Asian/Pacific Islander, NH",Overall,6.0,2.2,6.332618306035153,2.437215865786788
Entire Network,FluSurv-NET,2024-25,2024,51,Overall,Overall,"Black, NH",Overall,13.0,5.6,14.381812781217375,6.165742164775897
Entire Network,FluSurv-NET,2024-25,2024,51,Overall,Overall,Hispanic,Overall,8.0,3.2,10.54034494835166,3.8512323179136914
Entire Network,FluSurv-NET,2024-25,2024,51,Overall,Overall,Overall,Overall,10.0,3.8,,
Entire Network,FluSurv-NET,2024-25,2024,51,Overall,Overall,"White, NH",Overall,9.0,3.6,8.19064528279057,3.1779035570697913
Entire Network,FluSurv-NET,2024-25,2024,51,Pediatrics,Overall,Overall,Overall,5.0,2.1,,
Georgia,FluSurv-NET,2024-25,2024,51,Overall,Overall,Overall,Overall,10.0,4.4,,
Maryland,FluSurv-NET,2024-25,2024,51,Overall,Overall,Overall,Overall,6.0,2.4,,
Michigan,FluSurv-NET,2024-25,2024,51,Overall,Overall,Overall,Overall,3.0,1.3,,
Minnesota,FluSurv-NET,2024-25,2024,51,Overall,Overall,Overall,Overall,8.0,4.0,,
New Mexico,FluSurv-NET,2024-25,2024,51,Overall,Overall,Overall,Overall,19.0,6.9,,
New York,FluSurv-NET,2024-25,2024,51,Overall,Overall,Overall,Overall,7.0,2.4,,
North Carolina,FluSurv-NET,2024-25,2024,51,Overall,Overall,Overall,Overall,7.0,1.8,,
Ohio,FluSurv-NET,2024-25,2024,51,Overall,Overall,Overall,Overall,6.0,1.7,,
Oregon,FluSurv-NET,2024-25,2024,51,Overall,Overall,Overall,Overall,18.0,8.4,,
Tennessee,FluSurv-NET,2024-25,2024,51,Overall,Overall,Overall,Overall,15.0,5.9,,
Utah,FluSurv-NET,2024-25,2024,51,Overall,Overall,Overall,Overall,12.0,5.8,,
California,FluSurv-NET,2024-25,2024,52,Overall,Overall,Overall,Overall,18.0,6.7,,
Colorado,FluSurv-NET,2024-25,2024,52,Overall,Overall,Overall,Overall,16.0,6.8,,
Connecticut,FluSurv-NET,2024-25,2024,52,Overall,Overall,Overall,Overall,15.0,6.8,,
Entire Network,FluSurv-NET,2024-25,2024,52,0-4 yr,Overall,Overall,Overall,16.0,7.4,,
Entire Network,FluSurv-NET,2024-25,2024,52,0-<1 yr,Overall,Overall,Overall,22.0,9.7,,
Entire Network,FluSurv-NET,2024-25,2024,52,1-4 yr,Overall,Overall,Overall,14.0,6.9,,
Entire Network,FluSurv-NET,2024-25,2024,52,12-17 yr,Overall,Overall,Overall,3.0,1.0,,
Entire Network,FluSurv-NET,2024-25,2024,52,18-29 yr,Overall,Overall,Overall,6.0,2.9,,
Entire Network,FluSurv-NET,2024-25,2024,52,18-49 yr,Overall,Overall,Overall,8.0,3.5,,
Entire Network,FluSurv-NET,2024-25,2024,52,30-39 yr,Overall,Overall,Overall,8.0,3.2,,
Entire Network,FluSurv-NET,2024-25,2024,52,40-49 yr,Overall,Overall,Overall,11.0,4.6,,
Entire Network,FluSurv-NET,2024-25,2024,52,5-11 yr,Overall,Overall,Overall,9.0,3.7,,
Entire Network,FluSurv-NET,2024-25,2024,52,5-17 yr,Overall,Overall,Overall,6.0,2.4,,
Entire Network,FluSurv-NET,2024-25,2024,52,50-64 yr,Overall,Overall,Overall,21.0,8.9,,
Entire Network,FluSurv-NET,2024-25,2024,52,65-74 yr,Overall,Overall,Overall,34.0,15.2,,
Entire Network,FluSurv-NET,2024-25,2024,52,75-84 yr,Overall,Overall,Overall,61.0,27.5,,
Entire Network,FluSurv-NET,2024-25,2024,52,>= 65 yr,Overall,Overall,Overall,50.0,22.9,,
Entire Network,FluSurv-NET,2024-25,2024,52,>= 75,Overall,Overall,Overall,73.0,33.7,,
Entire Network,FluSurv-NET,2024-25,2024,52,>= 85,Overall,Overall,Overall,111.0,52.8,,
Entire Network,FluSurv-NET,2024-25,2024,52,Adults,Overall,Overall,Overall,20.0,8.8,,
Entire Network,FluSurv-NET,2024-25,2024,52,Overall,Female,Overall,Overall,19.0,8.4,,
Entire Network,FluSurv-NET,2024-25,2024,52,Overall,Male,Overall,Overall,16.0,7.0,,
Entire Network,FluSurv-NET,2024-25,2024,52,Overall,Overall,"American Indian/Alaska Native, NH",Overall,32.0,14.1,33.38284699155805,14.687929047214936
Entire Network,FluSurv-NET,2024-25,2024,52,Overall,Overall,"Asian/Pacific Islander, NH",Overall,10.0,4.3,11.164999076070306,4.832380770035151
Entire Network,FluSurv-NET,2024-25,2024,52,Overall,Overall,"Black, NH",Overall,25.0,11.7,27.228337085265657,12.846524304048284
Entire Network,FluSurv-NET,2024-25,2024,52,Overall,Overall,Hispanic,Overall,14.0,6.1,18.041948968918398,7.501604020566741
Entire Network,FluSurv-NET,2024-25,2024,52,Overall,Overall,Overall,Overall,17.0,7.7,,
Entire Network,FluSurv-NET,2024-25,2024,52,Overall,Overall,"White, NH",Overall,17.0,7.4,14.546063084616014,6.355417801825447
Entire Network,FluSurv-NET,2024-25,2024,52,Pediatrics,Overall,Overall,Overall,8.0,3.7,,
Georgia,FluSurv-NET,2024-25,2024,52,Overall,Overall,Overall,Overall,19.0,9.2,,
Maryland,FluSurv-NET,2024-25,2024,52,Overall,Overall,Overall,Overall,11.0,4.5,,
Michigan,FluSurv-NET,2024-25,2024,52,Overall,Overall,Overall,Overall,7.0,3.8,,
Minnesota,FluSurv-NET,2024-25,2024,52,Overall,Overall,Overall,Overall,18.0,10.5,,
New Mexico,FluSurv-NET,2024-25,2024,52,Overall,Overall,Overall,Overall,30.0,10.9,,
New York,FluSurv-NET,2024-25,2024,52,Overall,Overall,Overall,Overall,13.0,6.4,,
North Carolina,FluSurv-NET,2024-25,2024,52,Overall,Overall,Overall,Overall,11.0,4.7,,
Ohio,FluSurv-NET,2024-25,2024,52,Overall,Overall,Overall,Overall,10.0,4.4,,
Oregon,FluSurv-NET,2024-25,2024,52,Overall,Overall,Overall,Overall,30.0,11.9,,
Tennessee,FluSurv-NET,2024-25,2024,52,Overall,Overall,Overall,Overall,26.0,11.3,,
Utah,FluSurv-NET,2024-25,2024,52,Overall,Overall,Overall,Overall,20.0,8.1,,
California,FluSurv-NET,2024-25,2025,1,Overall,Overall,Overall,Overall,26.0,8.5,,
Colorado,FluSurv-NET,2024-25,2025,1,Overall,Overall,Overall,Overall,24.0,8.7,,
Connecticut,FluSurv-NET,2024-25,2025,1,Overall,Overall,Overall,Overall,28.0,12.8,,
Entire Network,FluSurv-NET,2024-25,2025,1,0-4 yr,Overall,Overall,Overall,24.0,7.8,,
Entire Network,FluSurv-NET,2024-25,2025,1,0-<1 yr,Overall,Overall,Overall,32.0,10.0,,
Entire Network,FluSurv-NET,2024-25,2025,1,1-4 yr,Overall,Overall,Overall,21.0,7.2,,
Entire Network,FluSurv-NET,2024-25,2025,1,12-17 yr,Overall,Overall,Overall,4.0,1.7,,
Entire Network,FluSurv-NET,2024-25,2025,1,18-29 yr,Overall,Overall,Overall,10.0,4.1,,
Entire Network,FluSurv-NET,2024-25,2025,1,18-49 yr,Overall,Overall,Overall,12.0,4.5,,
Entire Network,FluSurv-NET,2024-25,2025,1,30-39 yr,Overall,Overall,Overall,12.0,4.5,,
Entire Network,FluSurv-NET,2024-25,2025,1,40-49 yr,Overall,Overall,Overall,16.0,5.0,,
Entire Network,FluSurv-NET,2024-25,2025,1,5-11 yr,Overall,Overall,Overall,12.0,2.8,,
Entire Network,FluSurv-NET,2024-25,2025,1,5-17 yr,Overall,Overall,Overall,8.0,2.3,,
Entire Network,FluSurv-NET,2024-25,2025,1,50-64 yr,Overall,Overall,Overall,32.0,11.9,,
Entire Network,FluSurv-NET,2024-25,2025,1,65-74 yr,Overall,Overall,Overall,54.0,20.2,,
Entire Network,FluSurv-NET,2024-25,2025,1,75-84 yr,Overall,Overall,Overall,101.0,39.5,,
Entire Network,FluSurv-NET,2024-25,2025,1,>= 65 yr,Overall,Overall,Overall,82.0,31.5,,
Entire Network,FluSurv-NET,2024-25,2025,1,>= 75,Overall,Overall,Overall,121.0,47.5,,
Entire Network,FluSurv-NET,2024-25,2025,1,>= 85,Overall,Overall,Overall,183.0,72.2,,
Entire Network,FluSurv-NET,2024-25,2025,1,Adults,Overall,Overall,Overall,32.0,11.9,,
Entire Network,FluSurv-NET,2024-25,2025,1,Overall,Female,Overall,Overall,30.0,11.1,,
Entire Network,FluSurv-NET,2024-25,2025,1,Overall,Male,Overall,Overall,25.0,9.2,,
Entire Network,FluSurv-NET,2024-25,2025,1,Overall,Overall,"American Indian/Alaska Native, NH",Overall,44.0,12.4,46.93054732017156,13.547700328613509
Entire Network,FluSurv-NET,2024-25,2025,1,Overall,Overall,"Asian/Pacific Islander, NH",Overall,16.0,6.2,18.00638647651449,6.8413874004441855
Entire Network,FluSurv-NET,2024-25,2025,1,Overall,Overall,"Black, NH",Overall,39.0,14.6,43.45581681299921,16.227479727733556
Entire Network,FluSurv-NET,2024-25,2025,1,Overall,Overall,Hispanic,Overall,22.0,8.1,28.583756588128875,10.541807619210482
Entire Network,FluSurv-NET,2024-25,2025,1,Overall,Overall,Overall,Overall,27.0,10.1,,
Entire Network,FluSurv-NET,2024-25,2025,1,Overall,Overall,"White, NH",Overall,27.0,9.9,23.026384256590056,8.480321171974042
Entire Network,FluSurv-NET,2024-25,2025,1,Pediatrics,Overall,Overall,Overall,12.0,3.7,,
Georgia,FluSurv-NET,2024-25,2025,1,Overall,Overall,Overall,Overall,31.0,12.0,,
Maryland,FluSurv-NET,2024-25,2025,1,Overall,Overall,Overall,Overall,19.0,8.3,,
Michigan,FluSurv-NET,2024-25,2025,1,Overall,Overall,Overall,Overall,12.0,5.3,,
Minnesota,FluSurv-NET,2024-25,2025,1,Overall,Overall,Overall,Overall,34.0,15.9,,
New Mexico,FluSurv-NET,2024-25,2025,1,Overall,Overall,Overall,Overall,44.0,14.3,,
New York,FluSurv-NET,2024-25,2025,1,Overall,Overall,Overall,Overall,23.0,9.2,,
North Carolina,FluSurv-NET,2024-25,2025,1,Overall,Overall,Overall,Overall,20.0,8.3,,
Ohio,FluSurv-NET,2024-25,2025,1,Overall,Overall,Overall,Overall,16.0,6.0,,
Oregon,FluSurv-NET,2024-25,2025,1,Overall,Overall,Overall,Overall,38.0,8.3,,
Tennessee,FluSurv-NET,2024-25,2025,1,Overall,Overall,Overall,Overall,37.0,11.1,,
Utah,FluSurv-NET,2024-25,2025,1,Overall,Overall,Overall,Overall,31.0,10.4,,
California,FluSurv-NET,2024-25,2025,2,Overall,Overall,Overall,Overall,34.0,7.6,,
Colorado,FluSurv-NET,2024-25,2025,2,Overall,Overall,Overall,Overall,32.0,7.2,,
Connecticut,FluSurv-NET,2024-25,2025,2,Overall,Overall,Overall,Overall,38.0,10.2,,
Entire Network,FluSurv-NET,2024-25,2025,2,0-4 yr,Overall,Overall,Overall,31.0,7.1,,
Entire Network,FluSurv-NET,2024-25,2025,2,0-<1 yr,Overall,Overall,Overall,40.0,7.9,,
Entire Network,FluSurv-NET,2024-25,2025,2,1-4 yr,Overall,Overall,Overall,28.0,6.9,,
Entire Network,FluSurv-NET,2024-25,2025,2,12-17 yr,Overall,Overall,Overall,5.0,0.9,,
Entire Network,FluSurv-NET,2024-25,2025,2,18-29 yr,Overall,Overall,Overall,13.0,2.7,,
Entire Network,FluSurv-NET,2024-25,2025,2,18-49 yr,Overall,Overall,Overall,16.0,3.7,,
Entire Network,FluSurv-NET,2024-25,2025,2,30-39 yr,Overall,Overall,Overall,16.0,3.5,,
Entire Network,FluSurv-NET,2024-25,2025,2,40-49 yr,Overall,Overall,Overall,20.0,4.9,,
Entire Network,FluSurv-NET,2024-25,2025,2,5-11 yr,Overall,Overall,Overall,14.0,2.7,,
Entire Network,FluSurv-NET,2024-25,2025,2,5-17 yr,Overall,Overall,Overall,10.0,1.9,,
Entire Network,FluSurv-NET,2024-25,2025,2,50-64 yr,Overall,Overall,Overall,43.0,10.1,,
Entire Network,FluSurv-NET,2024-25,2025,2,65-74 yr,Overall,Overall,Overall,72.0,17.5,,
Entire Network,FluSurv-NET,2024-25,2025,2,75-84 yr,Overall,Overall,Overall,133.0,31.8,,
Entire Network,FluSurv-NET,2024-25,2025,2,>= 65 yr,Overall,Overall,Overall,108.0,25.8,,
Entire Network,FluSurv-NET,2024-25,2025,2,>= 75,Overall,Overall,Overall,159.0,37.7,,
Entire Network,FluSurv-NET,2024-25,2025,2,>= 85,Overall,Overall,Overall,239.0,55.8,,
Entire Network,FluSurv-NET,2024-25,2025,2,Adults,Overall,Overall,Overall,41.0,9.8,,
Entire Network,FluSurv-NET,2024-25,2025,2,Overall,Female,Overall,Overall,38.0,8.8,,
Entire Network,FluSurv-NET,2024-25,2025,2,Overall,Male,Overall,Overall,33.0,8.0,,
Entire Network,FluSurv-NET,2024-25,2025,2,Overall,Overall,"American Indian/Alaska Native, NH",Overall,56.0,11.9,59.57815316241792,12.647605842246355
Entire Network,FluSurv-NET,2024-25,2025,2,Overall,Overall,"Asian/Pacific Islander, NH",Overall,22.0,5.4,24.04269416583229,6.036307689317804
Entire Network,FluSurv-NET,2024-25,2025,2,Overall,Overall,"Black, NH",Overall,53.0,13.1,58.04219945286252,14.586382639863304
Entire Network,FluSurv-NET,2024-25,2025,2,Overall,Overall,Hispanic,Overall,28.0,5.8,36.14425079071561,7.560494202586728
Entire Network,FluSurv-NET,2024-25,2025,2,Overall,Overall,Overall,Overall,36.0,8.4,,
Entire Network,FluSurv-NET,2024-25,2025,2,Overall,Overall,"White, NH",Overall,35.0,8.1,30.04279093348636,7.0164066768962945
Entire Network,FluSurv-NET,2024-25,2025,2,Pediatrics,Overall,Overall,Overall,15.0,3.2,,
Georgia,FluSurv-NET,2024-25,2025,2,Overall,Overall,Overall,Overall,40.0,9.3,,
Maryland,FluSurv-NET,2024-25,2025,2,Overall,Overall,Overall,Overall,26.0,7.3,,
Michigan,FluSurv-NET,2024-25,2025,2,Overall,Overall,Overall,Overall,17.0,5.1,,
Minnesota,FluSurv-NET,2024-25,2025,2,Overall,Overall,Overall,Overall,49.0,15.2,,
New Mexico,FluSurv-NET,2024-25,2025,2,Overall,Overall,Overall,Overall,55.0,11.0,,
New York,FluSurv-NET,2024-25,2025,2,Overall,Overall,Overall,Overall,31.0,8.3,,
North Carolina,FluSurv-NET,2024-25,2025,2,Overall,Overall,Overall,Overall,30.0,10.7,,
Ohio,FluSurv-NET,2024-25,2025,2,Overall,Overall,Overall,Overall,21.0,5.1,,
Oregon,FluSurv-NET,2024-25,2025,2,Overall,Overall,Overall,Overall,44.0,6.1,,
Tennessee,FluSurv-NET,2024-25,2025,2,Overall,Overall,Overall,Overall,43.0,5.4,,
Utah,FluSurv-NET,2024-25,2025,2,Overall,Overall,Overall,Overall,38.0,6.7,,
California,FluSurv-NET,2024-25,2025,3,Overall,Overall,Overall,Overall,42.0,8.6,,
Colorado,FluSurv-NET,2024-25,2025,3,Overall,Overall,Overall,Overall,38.0,6.2,,
Connecticut,FluSurv-NET,2024-25,2025,3,Overall,Overall,Overall,Overall,50.0,12.4,,
Entire Network,FluSurv-NET,2024-25,2025,3,0-4 yr,Overall,Overall,Overall,40.0,8.9,,
Entire Network,FluSurv-NET,2024-25,2025,3,0-<1 yr,Overall,Overall,Overall,54.0,14.3,,
Entire Network,FluSurv-NET,2024-25,2025,3,1-4 yr,Overall,Overall,Overall,36.0,7.6,,
Entire Network,FluSurv-NET,2024-25,2025,3,12-17 yr,Overall,Overall,Overall,7.0,1.3,,
Entire Network,FluSurv-NET,2024-25,2025,3,18-29 yr,Overall,Overall,Overall,16.0,2.5,,
Entire Network,FluSurv-NET,2024-25,2025,3,18-49 yr,Overall,Overall,Overall,20.0,3.7,,
Entire Network,FluSurv-NET,2024-25,2025,3,30-39 yr,Overall,Overall,Overall,19.0,3.7,,
Entire Network,FluSurv-NET,2024-25,2025,3,40-49 yr,Overall,Overall,Overall,26.0,5.0,,
Entire Network,FluSurv-NET,2024-25,2025,3,5-11 yr,Overall,Overall,Overall,20.0,5.2,,
Entire Network,FluSurv-NET,2024-25,2025,3,5-17 yr,Overall,Overall,Overall,13.0,3.3,,
Entire Network,FluSurv-NET,2024-25,2025,3,50-64 yr,Overall,Overall,Overall,54.0,11.4,,
Entire Network,FluSurv-NET,2024-25,2025,3,65-74 yr,Overall,Overall,Overall,91.0,19.5,,
Entire Network,FluSurv-NET,2024-25,2025,3,75-84 yr,Overall,Overall,Overall,164.0,31.3,,
Entire Network,FluSurv-NET,2024-25,2025,3,>= 65 yr,Overall,Overall,Overall,135.0,27.0,,
Entire Network,FluSurv-NET,2024-25,2025,3,>= 75,Overall,Overall,Overall,196.0,37.5,,
Entire Network,FluSurv-NET,2024-25,2025,3,>= 85,Overall,Overall,Overall,295.0,56.6,,
Entire Network,FluSurv-NET,2024-25,2025,3,Adults,Overall,Overall,Overall,52.0,10.3,,
Entire Network,FluSurv-NET,2024-25,2025,3,Overall,Female,Overall,Overall,48.0,9.5,,
Entire Network,FluSurv-NET,2024-25,2025,3,Overall,Male,Overall,Overall,42.0,8.8,,
Entire Network,FluSurv-NET,2024-25,2025,3,Overall,Overall,"American Indian/Alaska Native, NH",Overall,71.0,15.2,75.49053569169398,15.912382529276053
Entire Network,FluSurv-NET,2024-25,2025,3,Overall,Overall,"Asian/Pacific Islander, NH",Overall,27.0,5.1,29.836037431293065,5.793343265460768
Entire Network,FluSurv-NET,2024-25,2025,3,Overall,Overall,"Black, NH",Overall,69.0,16.0,75.47648608660003,17.43428663373751
Entire Network,FluSurv-NET,2024-25,2025,3,Overall,Overall,Hispanic,Overall,34.0,5.7,43.74402329400335,7.5997725032877455
Entire Network,FluSurv-NET,2024-25,2025,3,Overall,Overall,Overall,Overall,45.0,9.2,,
Entire Network,FluSurv-NET,2024-25,2025,3,Overall,Overall,"White, NH",Overall,43.0,8.7,37.55889003516428,7.516099101677925
Entire Network,FluSurv-NET,2024-25,2025,3,Pediatrics,Overall,Overall,Overall,20.0,4.8,,
Georgia,FluSurv-NET,2024-25,2025,3,Overall,Overall,Overall,Overall,51.0,11.0,,
Maryland,FluSurv-NET,2024-25,2025,3,Overall,Overall,Overall,Overall,37.0,10.4,,
Michigan,FluSurv-NET,2024-25,2025,3,Overall,Overall,Overall,Overall,24.0,6.4,,
Minnesota,FluSurv-NET,2024-25,2025,3,Overall,Overall,Overall,Overall,63.0,13.6,,
New Mexico,FluSurv-NET,2024-25,2025,3,Overall,Overall,Overall,Overall,65.0,9.2,,
New York,FluSurv-NET,2024-25,2025,3,Overall,Overall,Overall,Overall,41.0,10.1,,
North Carolina,FluSurv-NET,2024-25,2025,3,Overall,Overall,Overall,Overall,43.0,12.3,,
Ohio,FluSurv-NET,2024-25,2025,3,Overall,Overall,Overall,Overall,29.0,7.6,,
Oregon,FluSurv-NET,2024-25,2025,3,Overall,Overall,Overall,Overall,49.0,5.0,,
Tennessee,FluSurv-NET,2024-25,2025,3,Overall,Overall,Overall,Overall,49.0,6.2,,
Utah,FluSurv-NET,2024-25,2025,3,Overall,Overall,Overall,Overall,43.0,5.6,,
California,FluSurv-NET,2024-25,2025,4,Overall,Overall,Overall,Overall,53.0,10.3,,
Colorado,FluSurv-NET,2024-25,2025,4,Overall,Overall,Overall,Overall,45.0,7.3,,
Connecticut,FluSurv-NET,2024-25,2025,4,Overall,Overall,Overall,Overall,66.0,15.9,,
Entire Network,FluSurv-NET,2024-25,2025,4,0-4 yr,Overall,Overall,Overall,49.0,9.0,,
Entire Network,FluSurv-NET,2024-25,2025,4,0-<1 yr,Overall,Overall,Overall,69.0,14.3,,
Entire Network,FluSurv-NET,2024-25,2025,4,1-4 yr,Overall,Overall,Overall,44.0,7.7,,
Entire Network,FluSurv-NET,2024-25,2025,4,12-17 yr,Overall,Overall,Overall,9.0,2.2,,
Entire Network,FluSurv-NET,2024-25,2025,4,18-29 yr,Overall,Overall,Overall,19.0,3.2,,
Entire Network,FluSurv-NET,2024-25,2025,4,18-49 yr,Overall,Overall,Overall,24.0,4.4,,
Entire Network,FluSurv-NET,2024-25,2025,4,30-39 yr,Overall,Overall,Overall,24.0,4.6,,
Entire Network,FluSurv-NET,2024-25,2025,4,40-49 yr,Overall,Overall,Overall,31.0,5.7,,
Entire Network,FluSurv-NET,2024-25,2025,4,5-11 yr,Overall,Overall,Overall,24.0,4.4,,
Entire Network,FluSurv-NET,2024-25,2025,4,5-17 yr,Overall,Overall,Overall,17.0,3.4,,
Entire Network,FluSurv-NET,2024-25,2025,4,50-64 yr,Overall,Overall,Overall,68.0,13.7,,
Entire Network,FluSurv-NET,2024-25,2025,4,65-74 yr,Overall,Overall,Overall,114.0,22.8,,
Entire Network,FluSurv-NET,2024-25,2025,4,75-84 yr,Overall,Overall,Overall,203.0,39.4,,
Entire Network,FluSurv-NET,2024-25,2025,4,>= 65 yr,Overall,Overall,Overall,167.0,32.7,,
Entire Network,FluSurv-NET,2024-25,2025,4,>= 75,Overall,Overall,Overall,243.0,46.8,,
Entire Network,FluSurv-NET,2024-25,2025,4,>= 85,Overall,Overall,Overall,365.0,69.7,,
Entire Network,FluSurv-NET,2024-25,2025,4,Adults,Overall,Overall,Overall,64.0,12.5,,
Entire Network,FluSurv-NET,2024-25,2025,4,Overall,Female,Overall,Overall,59.0,11.6,,
Entire Network,FluSurv-NET,2024-25,2025,4,Overall,Male,Overall,Overall,52.0,10.2,,
Entire Network,FluSurv-NET,2024-25,2025,4,Overall,Overall,"American Indian/Alaska Native, NH",Overall,86.0,14.6,90.42920382699405,14.938668135300098
Entire Network,FluSurv-NET,2024-25,2025,4,Overall,Overall,"Asian/Pacific Islander, NH",Overall,33.0,5.8,36.35111536480337,6.51507793351031
Entire Network,FluSurv-NET,2024-25,2025,4,Overall,Overall,"Black, NH",Overall,88.0,19.0,96.60732599313748,21.130839906537453
Entire Network,FluSurv-NET,2024-25,2025,4,Overall,Overall,Hispanic,Overall,41.0,6.8,52.751007988381865,9.006984694378517
Entire Network,FluSurv-NET,2024-25,2025,4,Overall,Overall,Overall,Overall,56.0,10.9,,
Entire Network,FluSurv-NET,2024-25,2025,4,Overall,Overall,"White, NH",Overall,54.0,10.4,46.62952743715754,9.07063740199326
Entire Network,FluSurv-NET,2024-25,2025,4,Pediatrics,Overall,Overall,Overall,25.0,4.8,,
Georgia,FluSurv-NET,2024-25,2025,4,Overall,Overall,Overall,Overall,64.0,13.1,,
Maryland,FluSurv-NET,2024-25,2025,4,Overall,Overall,Overall,Overall,50.0,13.2,,
Michigan,FluSurv-NET,2024-25,2025,4,Overall,Overall,Overall,Overall,35.0,11.6,,
Minnesota,FluSurv-NET,2024-25,2025,4,Overall,Overall,Overall,Overall,76.0,13.5,,
New Mexico,FluSurv-NET,2024-25,2025,4,Overall,Overall,Overall,Overall,74.0,9.4,,
New York,FluSurv-NET,2024-25,2025,4,Overall,Overall,Overall,Overall,52.0,11.1,,
North Carolina,FluSurv-NET,2024-25,2025,4,Overall,Overall,Overall,Overall,60.0,17.4,,
Ohio,FluSurv-NET,2024-25,2025,4,Overall,Overall,Overall,Overall,40.0,11.1,,
Oregon,FluSurv-NET,2024-25,2025,4,Overall,Overall,Overall,Overall,54.0,4.9,,
Tennessee,FluSurv-NET,2024-25,2025,4,Overall,Overall,Overall,Overall,57.0,7.6,,
Utah,FluSurv-NET,2024-25,2025,4,Overall,Overall,Overall,Overall,48.0,4.7,,
California,FluSurv-NET,2024-25,2025,5,Overall,Overall,Overall,Overall,63.0,10.5,,
Colorado,FluSurv-NET,2024-25,2025,5,Overall,Overall,Overall,Overall,53.0,8.0,,
Connecticut,FluSurv-NET,2024-25,2025,5,Overall,Overall,Overall,Overall,87.0,21.0,,
Entire Network,FluSurv-NET,2024-25,2025,5,0-4 yr,Overall,Overall,Overall,58.0,9.3,,
Entire Network,FluSurv-NET,2024-25,2025,5,0-<1 yr,Overall,Overall,Overall,84.0,14.9,,
Entire Network,FluSurv-NET,2024-25,2025,5,1-4 yr,Overall,Overall,Overall,52.0,8.0,,
Entire Network,FluSurv-NET,2024-25,2025,5,12-17 yr,Overall,Overall,Overall,11.0,2.4,,
Entire Network,FluSurv-NET,2024-25,2025,5,18-29 yr,Overall,Overall,Overall,22.0,3.1,,
Entire Network,FluSurv-NET,2024-25,2025,5,18-49 yr,Overall,Overall,Overall,29.0,4.8,,
Entire Network,FluSurv-NET,2024-25,2025,5,30-39 yr,Overall,Overall,Overall,29.0,5.0,,
Entire Network,FluSurv-NET,2024-25,2025,5,40-49 yr,Overall,Overall,Overall,38.0,6.7,,
Entire Network,FluSurv-NET,2024-25,2025,5,5-11 yr,Overall,Overall,Overall,29.0,5.0,,
Entire Network,FluSurv-NET,2024-25,2025,5,5-17 yr,Overall,Overall,Overall,21.0,3.8,,
Entire Network,FluSurv-NET,2024-25,2025,5,50-64 yr,Overall,Overall,Overall,84.0,15.9,,
Entire Network,FluSurv-NET,2024-25,2025,5,65-74 yr,Overall,Overall,Overall,143.0,29.5,,
Entire Network,FluSurv-NET,2024-25,2025,5,75-84 yr,Overall,Overall,Overall,257.0,53.7,,
Entire Network,FluSurv-NET,2024-25,2025,5,>= 65 yr,Overall,Overall,Overall,211.0,43.9,,
Entire Network,FluSurv-NET,2024-25,2025,5,>= 75,Overall,Overall,Overall,307.0,64.2,,
Entire Network,FluSurv-NET,2024-25,2025,5,>= 85,Overall,Overall,Overall,461.0,96.4,,
Entire Network,FluSurv-NET,2024-25,2025,5,Adults,Overall,Overall,Overall,80.0,15.5,,
Entire Network,FluSurv-NET,2024-25,2025,5,Overall,Female,Overall,Overall,73.0,14.0,,
Entire Network,FluSurv-NET,2024-25,2025,5,Overall,Male,Overall,Overall,65.0,12.7,,
Entire Network,FluSurv-NET,2024-25,2025,5,Overall,Overall,"American Indian/Alaska Native, NH",Overall,98.0,11.9,102.86664122760654,12.437437400612483
Entire Network,FluSurv-NET,2024-25,2025,5,Overall,Overall,"Asian/Pacific Islander, NH",Overall,39.0,6.2,43.27751684220519,6.926401477401807
Entire Network,FluSurv-NET,2024-25,2025,5,Overall,Overall,"Black, NH",Overall,108.0,20.8,119.89844547449361,23.29111948135613
Entire Network,FluSurv-NET,2024-25,2025,5,Overall,Overall,Hispanic,Overall,48.0,7.1,62.18600631803221,9.434998329650341
Entire Network,FluSurv-NET,2024-25,2025,5,Overall,Overall,Overall,Overall,69.0,13.4,,
Entire Network,FluSurv-NET,2024-25,2025,5,Overall,Overall,"White, NH",Overall,68.0,14.2,58.74260396277384,12.113076525616302
Entire Network,FluSurv-NET,2024-25,2025,5,Pediatrics,Overall,Overall,Overall,30.0,5.2,,
Georgia,FluSurv-NET,2024-25,2025,5,Overall,Overall,Overall,Overall,78.0,13.4,,
Maryland,FluSurv-NET,2024-25,2025,5,Overall,Overall,Overall,Overall,69.0,19.2,,
Michigan,FluSurv-NET,2024-25,2025,5,Overall,Overall,Overall,Overall,46.0,10.4,,
Minnesota,FluSurv-NET,2024-25,2025,5,Overall,Overall,Overall,Overall,90.0,13.8,,
New Mexico,FluSurv-NET,2024-25,2025,5,Overall,Overall,Overall,Overall,83.0,9.3,,
New York,FluSurv-NET,2024-25,2025,5,Overall,Overall,Overall,Overall,70.0,17.5,,
North Carolina,FluSurv-NET,2024-25,2025,5,Overall,Overall,Overall,Overall,84.0,23.4,,
Ohio,FluSurv-NET,2024-25,2025,5,Overall,Overall,Overall,Overall,59.0,18.6,,
Oregon,FluSurv-NET,2024-25,2025,5,Overall,Overall,Overall,Overall,61.0,7.1,,
Tennessee,FluSurv-NET,2024-25,2025,5,Overall,Overall,Overall,Overall,70.0,13.2,,
Utah,FluSurv-NET,2024-25,2025,5,Overall,Overall,Overall,Overall,52.0,4.3,,
California,FluSurv-NET,2024-25,2025,6,Overall,Overall,Overall,Overall,73.0,9.7,,
Colorado,FluSurv-NET,2024-25,2025,6,Overall,Overall,Overall,Overall,62.0,9.1,,
Connecticut,FluSurv-NET,2024-25,2025,6,Overall,Overall,Overall,Overall,110.0,22.6,,
Entire Network,FluSurv-NET,2024-25,2025,6,0-4 yr,Overall,Overall,Overall,68.0,10.3,,
Entire Network,FluSurv-NET,2024-25,2025,6,0-<1 yr,Overall,Overall,Overall,98.0,14.6,,
Entire Network,FluSurv-NET,2024-25,2025,6,1-4 yr,Overall,Overall,Overall,61.0,9.3,,
Entire Network,FluSurv-NET,2024-25,2025,6,12-17 yr,Overall,Overall,Overall,14.0,2.8,,
Entire Network,FluSurv-NET,2024-25,2025,6,18-29 yr,Overall,Overall,Overall,25.0,3.2,,
Entire Network,FluSurv-NET,2024-25,2025,6,18-49 yr,Overall,Overall,Overall,34.0,5.0,,
Entire Network,FluSurv-NET,2024-25,2025,6,30-39 yr,Overall,Overall,Overall,34.0,5.1,,
Entire Network,FluSurv-NET,2024-25,2025,6,40-49 yr,Overall,Overall,Overall,45.0,7.0,,
Entire Network,FluSurv-NET,2024-25,2025,6,5-11 yr,Overall,Overall,Overall,35.0,5.7,,
Entire Network,FluSurv-NET,2024-25,2025,6,5-17 yr,Overall,Overall,Overall,25.0,4.3,,
Entire Network,FluSurv-NET,2024-25,2025,6,50-64 yr,Overall,Overall,Overall,100.0,16.6,,
Entire Network,FluSurv-NET,2024-25,2025,6,65-74 yr,Overall,Overall,Overall,173.0,29.6,,
Entire Network,FluSurv-NET,2024-25,2025,6,75-84 yr,Overall,Overall,Overall,310.0,53.5,,
Entire Network,FluSurv-NET,2024-25,2025,6,>= 65 yr,Overall,Overall,Overall,254.0,42.6,,
Entire Network,FluSurv-NET,2024-25,2025,6,>= 75,Overall,Overall,Overall,368.0,60.9,,
Entire Network,FluSurv-NET,2024-25,2025,6,>= 85,Overall,Overall,Overall,545.0,83.7,,
Entire Network,FluSurv-NET,2024-25,2025,6,Adults,Overall,Overall,Overall,95.0,15.5,,
Entire Network,FluSurv-NET,2024-25,2025,6,Overall,Female,Overall,Overall,88.0,14.2,,
Entire Network,FluSurv-NET,2024-25,2025,6,Overall,Male,Overall,Overall,78.0,12.7,,
Entire Network,FluSurv-NET,2024-25,2025,6,Overall,Overall,"American Indian/Alaska Native, NH",Overall,113.0,14.6,118.35476461065268,15.488123383046148
Entire Network,FluSurv-NET,2024-25,2025,6,Overall,Overall,"Asian/Pacific Islander, NH",Overall,45.0,6.2,50.36718866791353,7.089671825708342
Entire Network,FluSurv-NET,2024-25,2025,6,Overall,Overall,"Black, NH",Overall,130.0,21.4,143.6542993523412,23.755853877847574
Entire Network,FluSurv-NET,2024-25,2025,6,Overall,Overall,Hispanic,Overall,55.0,6.8,71.13771100280745,8.951704684775253
Entire Network,FluSurv-NET,2024-25,2025,6,Overall,Overall,Overall,Overall,83.0,13.5,,
Entire Network,FluSurv-NET,2024-25,2025,6,Overall,Overall,"White, NH",Overall,82.0,14.2,71.02676360220191,12.284159639428086
Entire Network,FluSurv-NET,2024-25,2025,6,Pediatrics,Overall,Overall,Overall,36.0,5.9,,
Georgia,FluSurv-NET,2024-25,2025,6,Overall,Overall,Overall,Overall,90.0,11.9,,
Maryland,FluSurv-NET,2024-25,2025,6,Overall,Overall,Overall,Overall,90.0,21.0,,
Michigan,FluSurv-NET,2024-25,2025,6,Overall,Overall,Overall,Overall,63.0,17.0,,
Minnesota,FluSurv-NET,2024-25,2025,6,Overall,Overall,Overall,Overall,100.0,9.8,,
New Mexico,FluSurv-NET,2024-25,2025,6,Overall,Overall,Overall,Overall,94.0,10.9,,
New York,FluSurv-NET,2024-25,2025,6,Overall,Overall,Overall,Overall,87.0,17.3,,
North Carolina,FluSurv-NET,2024-25,2025,6,Overall,Overall,Overall,Overall,105.0,21.3,,
Ohio,FluSurv-NET,2024-25,2025,6,Overall,Overall,Overall,Overall,80.0,21.8,,
Oregon,FluSurv-NET,2024-25,2025,6,Overall,Overall,Overall,Overall,68.0,7.1,,
Tennessee,FluSurv-NET,2024-25,2025,6,Overall,Overall,Overall,Overall,82.0,12.2,,
Utah,FluSurv-NET,2024-25,2025,6,Overall,Overall,Overall,Overall,58.0,6.1,,
California,FluSurv-NET,2024-25,2025,7,Overall,Overall,Overall,Overall,81.0,7.7,,
Colorado,FluSurv-NET,2024-25,2025,7,Overall,Overall,Overall,Overall,69.0,6.8,,
Connecticut,FluSurv-NET,2024-25,2025,7,Overall,Overall,Overall,Overall,126.0,16.3,,
Entire Network,FluSurv-NET,2024-25,2025,7,0-4 yr,Overall,Overall,Overall,78.0,9.9,,
Entire Network,FluSurv-NET,2024-25,2025,7,0-<1 yr,Overall,Overall,Overall,115.0,16.4,,
Entire Network,FluSurv-NET,2024-25,2025,7,1-4 yr,Overall,Overall,Overall,69.0,8.3,,
Entire Network,FluSurv-NET,2024-25,2025,7,12-17 yr,Overall,Overall,Overall,16.0,1.5,,
Entire Network,FluSurv-NET,2024-25,2025,7,18-29 yr,Overall,Overall,Overall,27.0,2.3,,
Entire Network,FluSurv-NET,2024-25,2025,7,18-49 yr,Overall,Overall,Overall,38.0,3.8,,
Entire Network,FluSurv-NET,2024-25,2025,7,30-39 yr,Overall,Overall,Overall,38.0,3.8,,
Entire Network,FluSurv-NET,2024-25,2025,7,40-49 yr,Overall,Overall,Overall,50.0,5.5,,
Entire Network,FluSurv-NET,2024-25,2025,7,5-11 yr,Overall,Overall,Overall,40.0,4.9,,
Entire Network,FluSurv-NET,2024-25,2025,7,5-17 yr,Overall,Overall,Overall,28.0,3.3,,
Entire Network,FluSurv-NET,2024-25,2025,7,50-64 yr,Overall,Overall,Overall,113.0,12.4,,
Entire Network,FluSurv-NET,2024-25,2025,7,65-74 yr,Overall,Overall,Overall,198.0,24.4,,
Entire Network,FluSurv-NET,2024-25,2025,7,75-84 yr,Overall,Overall,Overall,350.0,39.5,,
Entire Network,FluSurv-NET,2024-25,2025,7,>= 65 yr,Overall,Overall,Overall,288.0,34.2,,
Entire Network,FluSurv-NET,2024-25,2025,7,>= 75,Overall,Overall,Overall,416.0,48.1,,
Entire Network,FluSurv-NET,2024-25,2025,7,>= 85,Overall,Overall,Overall,619.0,74.3,,
Entire Network,FluSurv-NET,2024-25,2025,7,Adults,Overall,Overall,Overall,107.0,12.1,,
Entire Network,FluSurv-NET,2024-25,2025,7,Overall,Female,Overall,Overall,99.0,11.3,,
Entire Network,FluSurv-NET,2024-25,2025,7,Overall,Male,Overall,Overall,88.0,10.0,,
Entire Network,FluSurv-NET,2024-25,2025,7,Overall,Overall,"American Indian/Alaska Native, NH",Overall,121.0,8.7,127.44957550993783,9.094810899285147
Entire Network,FluSurv-NET,2024-25,2025,7,Overall,Overall,"Asian/Pacific Islander, NH",Overall,51.0,5.5,56.5399946271813,6.1728059592677855
Entire Network,FluSurv-NET,2024-25,2025,7,Overall,Overall,"Black, NH",Overall,144.0,14.4,159.63769050975037,15.983391157409164
Entire Network,FluSurv-NET,2024-25,2025,7,Overall,Overall,Hispanic,Overall,61.0,6.1,79.46367974552984,8.325968742722377
Entire Network,FluSurv-NET,2024-25,2025,7,Overall,Overall,Overall,Overall,93.0,10.6,,
Entire Network,FluSurv-NET,2024-25,2025,7,Overall,Overall,"White, NH",Overall,94.0,11.7,81.14010866953815,10.113345067336226
Entire Network,FluSurv-NET,2024-25,2025,7,Pediatrics,Overall,Overall,Overall,41.0,5.0,,
Georgia,FluSurv-NET,2024-25,2025,7,Overall,Overall,Overall,Overall,96.0,6.1,,
Maryland,FluSurv-NET,2024-25,2025,7,Overall,Overall,Overall,Overall,109.0,18.8,,
Michigan,FluSurv-NET,2024-25,2025,7,Overall,Overall,Overall,Overall,79.0,16.5,,
Minnesota,FluSurv-NET,2024-25,2025,7,Overall,Overall,Overall,Overall,107.0,7.2,,
New Mexico,FluSurv-NET,2024-25,2025,7,Overall,Overall,Overall,Overall,106.0,11.3,,
New York,FluSurv-NET,2024-25,2025,7,Overall,Overall,Overall,Overall,103.0,15.9,,
North Carolina,FluSurv-NET,2024-25,2025,7,Overall,Overall,Overall,Overall,119.0,14.1,,
Ohio,FluSurv-NET,2024-25,2025,7,Overall,Overall,Overall,Overall,100.0,20.0,,
Oregon,FluSurv-NET,2024-25,2025,7,Overall,Overall,Overall,Overall,75.0,6.4,,
Tennessee,FluSurv-NET,2024-25,2025,7,Overall,Overall,Overall,Overall,89.0,7.3,,
Utah,FluSurv-NET,2024-25,2025,7,Overall,Overall,Overall,Overall,63.0,4.5,,
California,FluSurv-NET,2024-25,2025,8,Overall,Overall,Overall,Overall,87.0,6.3,,
Colorado,FluSurv-NET,2024-25,2025,8,Overall,Overall,Overall,Overall,75.0,6.3,,
Connecticut,FluSurv-NET,2024-25,2025,8,Overall,Overall,Overall,Overall,139.0,12.4,,
Entire Network,FluSurv-NET,2024-25,2025,8,0-4 yr,Overall,Overall,Overall,84.0,6.2,,
Entire Network,FluSurv-NET,2024-25,2025,8,0-<1 yr,Overall,Overall,Overall,127.0,12.1,,
Entire Network,FluSurv-NET,2024-25,2025,8,1-4 yr,Overall,Overall,Overall,74.0,4.8,,
Entire Network,FluSurv-NET,2024-25,2025,8,12-17 yr,Overall,Overall,Overall,17.0,1.3,,
Entire Network,FluSurv-NET,2024-25,2025,8,18-29 yr,Overall,Overall,Overall,29.0,1.9,,
Entire Network,FluSurv-NET,2024-25,2025,8,18-49 yr,Overall,Overall,Overall,41.0,3.0,,
Entire Network,FluSurv-NET,2024-25,2025,8,30-39 yr,Overall,Overall,Overall,41.0,3.1,,
Entire Network,FluSurv-NET,2024-25,2025,8,40-49 yr,Overall,Overall,Overall,55.0,4.3,,
Entire Network,FluSurv-NET,2024-25,2025,8,5-11 yr,Overall,Overall,Overall,43.0,3.0,,
Entire Network,FluSurv-NET,2024-25,2025,8,5-17 yr,Overall,Overall,Overall,30.0,2.2,,
Entire Network,FluSurv-NET,2024-25,2025,8,50-64 yr,Overall,Overall,Overall,123.0,10.2,,
Entire Network,FluSurv-NET,2024-25,2025,8,65-74 yr,Overall,Overall,Overall,216.0,18.5,,
Entire Network,FluSurv-NET,2024-25,2025,8,75-84 yr,Overall,Overall,Overall,386.0,36.3,,
Entire Network,FluSurv-NET,2024-25,2025,8,>= 65 yr,Overall,Overall,Overall,316.0,27.8,,
Entire Network,FluSurv-NET,2024-25,2025,8,>= 75,Overall,Overall,Overall,457.0,40.9,,
Entire Network,FluSurv-NET,2024-25,2025,8,>= 85,Overall,Overall,Overall,674.0,55.1,,
Entire Network,FluSurv-NET,2024-25,2025,8,Adults,Overall,Overall,Overall,117.0,9.8,,
Entire Network,FluSurv-NET,2024-25,2025,8,Overall,Female,Overall,Overall,108.0,8.9,,
Entire Network,FluSurv-NET,2024-25,2025,8,Overall,Male,Overall,Overall,96.0,7.9,,
Entire Network,FluSurv-NET,2024-25,2025,8,Overall,Overall,"American Indian/Alaska Native, NH",Overall,128.0,7.0,135.040622125993,7.591046616055145
Entire Network,FluSurv-NET,2024-25,2025,8,Overall,Overall,"Asian/Pacific Islander, NH",Overall,55.0,4.2,61.34738615778691,4.807391530605602
Entire Network,FluSurv-NET,2024-25,2025,8,Overall,Overall,"Black, NH",Overall,155.0,10.9,171.81467321516405,12.176982705413684
Entire Network,FluSurv-NET,2024-25,2025,8,Overall,Overall,Hispanic,Overall,65.0,4.7,85.8731902563477,6.409510510817849
Entire Network,FluSurv-NET,2024-25,2025,8,Overall,Overall,Overall,Overall,102.0,8.4,,
Entire Network,FluSurv-NET,2024-25,2025,8,Overall,Overall,"White, NH",Overall,103.0,9.5,89.33179192444777,8.191683254909615
Entire Network,FluSurv-NET,2024-25,2025,8,Pediatrics,Overall,Overall,Overall,44.0,3.2,,
Georgia,FluSurv-NET,2024-25,2025,8,Overall,Overall,Overall,Overall,100.0,4.2,,
Maryland,FluSurv-NET,2024-25,2025,8,Overall,Overall,Overall,Overall,121.0,12.4,,
Michigan,FluSurv-NET,2024-25,2025,8,Overall,Overall,Overall,Overall,96.0,16.6,,
Minnesota,FluSurv-NET,2024-25,2025,8,Overall,Overall,Overall,Overall,112.0,5.4,,
New Mexico,FluSurv-NET,2024-25,2025,8,Overall,Overall,Overall,Overall,116.0,10.4,,
New York,FluSurv-NET,2024-25,2025,8,Overall,Overall,Overall,Overall,116.0,13.3,,
North Carolina,FluSurv-NET,2024-25,2025,8,Overall,Overall,Overall,Overall,129.0,10.1,,
Ohio,FluSurv-NET,2024-25,2025,8,Overall,Overall,Overall,Overall,116.0,16.1,,
Oregon,FluSurv-NET,2024-25,2025,8,Overall,Overall,Overall,Overall,80.0,5.5,,
Tennessee,FluSurv-NET,2024-25,2025,8,Overall,Overall,Overall,Overall,94.0,5.2,,
Utah,FluSurv-NET,2024-25,2025,8,Overall,Overall,Overall,Overall,68.0,5.0,,
California,FluSurv-NET,2024-25,2025,9,Overall,Overall,Overall,Overall,91.0,4.7,,
Colorado,FluSurv-NET,2024-25,2025,9,Overall,Overall,Overall,Overall,80.0,4.5,,
Connecticut,FluSurv-NET,2024-25,2025,9,Overall,Overall,Overall,Overall,148.0,9.5,,
Entire Network,FluSurv-NET,2024-25,2025,9,0-4 yr,Overall,Overall,Overall,89.0,5.1,,
Entire Network,FluSurv-NET,2024-25,2025,9,0-<1 yr,Overall,Overall,Overall,132.0,5.5,,
Entire Network,FluSurv-NET,2024-25,2025,9,1-4 yr,Overall,Overall,Overall,79.0,5.0,,
Entire Network,FluSurv-NET,2024-25,2025,9,12-17 yr,Overall,Overall,Overall,18.0,1.2,,
Entire Network,FluSurv-NET,2024-25,2025,9,18-29 yr,Overall,Overall,Overall,31.0,1.4,,
Entire Network,FluSurv-NET,2024-25,2025,9,18-49 yr,Overall,Overall,Overall,43.0,2.2,,
Entire Network,FluSurv-NET,2024-25,2025,9,30-39 yr,Overall,Overall,Overall,43.0,2.1,,
Entire Network,FluSurv-NET,2024-25,2025,9,40-49 yr,Overall,Overall,Overall,58.0,3.2,,
Entire Network,FluSurv-NET,2024-25,2025,9,5-11 yr,Overall,Overall,Overall,45.0,2.7,,
Entire Network,FluSurv-NET,2024-25,2025,9,5-17 yr,Overall,Overall,Overall,32.0,2.0,,
Entire Network,FluSurv-NET,2024-25,2025,9,50-64 yr,Overall,Overall,Overall,131.0,8.4,,
Entire Network,FluSurv-NET,2024-25,2025,9,65-74 yr,Overall,Overall,Overall,231.0,14.7,,
Entire Network,FluSurv-NET,2024-25,2025,9,75-84 yr,Overall,Overall,Overall,413.0,26.4,,
Entire Network,FluSurv-NET,2024-25,2025,9,>= 65 yr,Overall,Overall,Overall,337.0,21.7,,
Entire Network,FluSurv-NET,2024-25,2025,9,>= 75,Overall,Overall,Overall,489.0,31.6,,
Entire Network,FluSurv-NET,2024-25,2025,9,>= 85,Overall,Overall,Overall,722.0,47.4,,
Entire Network,FluSurv-NET,2024-25,2025,9,Adults,Overall,Overall,Overall,125.0,7.7,,
Entire Network,FluSurv-NET,2024-25,2025,9,Overall,Female,Overall,Overall,115.0,7.0,,
Entire Network,FluSurv-NET,2024-25,2025,9,Overall,Male,Overall,Overall,102.0,6.4,,
Entire Network,FluSurv-NET,2024-25,2025,9,Overall,Overall,"American Indian/Alaska Native, NH",Overall,134.0,5.4,140.78284535022232,5.742223224229317
Entire Network,FluSurv-NET,2024-25,2025,9,Overall,Overall,"Asian/Pacific Islander, NH",Overall,58.0,3.5,65.29307809130717,3.94569193352026
Entire Network,FluSurv-NET,2024-25,2025,9,Overall,Overall,"Black, NH",Overall,164.0,8.8,181.6784405756538,9.863767360489794
Entire Network,FluSurv-NET,2024-25,2025,9,Overall,Overall,Hispanic,Overall,69.0,3.5,90.6997315842142,4.826541327866513
Entire Network,FluSurv-NET,2024-25,2025,9,Overall,Overall,Overall,Overall,109.0,6.7,,
Entire Network,FluSurv-NET,2024-25,2025,9,Overall,Overall,"White, NH",Overall,111.0,7.4,95.74091107523226,6.409119150784508
Entire Network,FluSurv-NET,2024-25,2025,9,Pediatrics,Overall,Overall,Overall,47.0,2.8,,
Georgia,FluSurv-NET,2024-25,2025,9,Overall,Overall,Overall,Overall,104.0,4.6,,
Maryland,FluSurv-NET,2024-25,2025,9,Overall,Overall,Overall,Overall,130.0,9.0,,
Michigan,FluSurv-NET,2024-25,2025,9,Overall,Overall,Overall,Overall,108.0,11.6,,
Minnesota,FluSurv-NET,2024-25,2025,9,Overall,Overall,Overall,Overall,117.0,4.1,,
New Mexico,FluSurv-NET,2024-25,2025,9,Overall,Overall,Overall,Overall,123.0,7.2,,
New York,FluSurv-NET,2024-25,2025,9,Overall,Overall,Overall,Overall,128.0,12.3,,
North Carolina,FluSurv-NET,2024-25,2025,9,Overall,Overall,Overall,Overall,136.0,7.0,,
Ohio,FluSurv-NET,2024-25,2025,9,Overall,Overall,Overall,Overall,128.0,11.9,,
Oregon,FluSurv-NET,2024-25,2025,9,Overall,Overall,Overall,Overall,84.0,3.7,,
Tennessee,FluSurv-NET,2024-25,2025,9,Overall,Overall,Overall,Overall,100.0,5.6,,
Utah,FluSurv-NET,2024-25,2025,9,Overall,Overall,Overall,Overall,72.0,4.4,,
California,FluSurv-NET,2024-25,2025,10,Overall,Overall,Overall,Overall,93.0,1.5,,
Colorado,FluSurv-NET,2024-25,2025,10,Overall,Overall,Overall,Overall,83.0,3.4,,
Connecticut,FluSurv-NET,2024-25,2025,10,Overall,Overall,Overall,Overall,155.0,6.9,,
Entire Network,FluSurv-NET,2024-25,2025,10,0-4 yr,Overall,Overall,Overall,92.0,3.1,,
Entire Network,FluSurv-NET,2024-25,2025,10,0-<1 yr,Overall,Overall,Overall,138.0,5.5,,
Entire Network,FluSurv-NET,2024-25,2025,10,1-4 yr,Overall,Overall,Overall,81.0,2.5,,
Entire Network,FluSurv-NET,2024-25,2025,10,12-17 yr,Overall,Overall,Overall,19.0,0.6,,
Entire Network,FluSurv-NET,2024-25,2025,10,18-29 yr,Overall,Overall,Overall,31.0,0.9,,
Entire Network,FluSurv-NET,2024-25,2025,10,18-49 yr,Overall,Overall,Overall,45.0,1.6,,
Entire Network,FluSurv-NET,2024-25,2025,10,30-39 yr,Overall,Overall,Overall,45.0,1.9,,
Entire Network,FluSurv-NET,2024-25,2025,10,40-49 yr,Overall,Overall,Overall,60.0,2.2,,
Entire Network,FluSurv-NET,2024-25,2025,10,5-11 yr,Overall,Overall,Overall,48.0,2.7,,
Entire Network,FluSurv-NET,2024-25,2025,10,5-17 yr,Overall,Overall,Overall,34.0,1.7,,
Entire Network,FluSurv-NET,2024-25,2025,10,50-64 yr,Overall,Overall,Overall,137.0,5.7,,
Entire Network,FluSurv-NET,2024-25,2025,10,65-74 yr,Overall,Overall,Overall,242.0,11.3,,
Entire Network,FluSurv-NET,2024-25,2025,10,75-84 yr,Overall,Overall,Overall,431.0,18.7,,
Entire Network,FluSurv-NET,2024-25,2025,10,>= 65 yr,Overall,Overall,Overall,353.0,15.7,,
Entire Network,FluSurv-NET,2024-25,2025,10,>= 75,Overall,Overall,Overall,511.0,22.1,,
Entire Network,FluSurv-NET,2024-25,2025,10,>= 85,Overall,Overall,Overall,754.0,32.2,,
Entire Network,FluSurv-NET,2024-25,2025,10,Adults,Overall,Overall,Overall,130.0,5.5,,
Entire Network,FluSurv-NET,2024-25,2025,10,Overall,Female,Overall,Overall,120.0,5.1,,
Entire Network,FluSurv-NET,2024-25,2025,10,Overall,Male,Overall,Overall,106.0,4.4,,
Entire Network,FluSurv-NET,2024-25,2025,10,Overall,Overall,"American Indian/Alaska Native, NH",Overall,139.0,4.9,145.8945543869484,5.111709036726102
Entire Network,FluSurv-NET,2024-25,2025,10,Overall,Overall,"Asian/Pacific Islander, NH",Overall,60.0,2.0,67.52663446122367,2.2335563699164975
Entire Network,FluSurv-NET,2024-25,2025,10,Overall,Overall,"Black, NH",Overall,171.0,6.7,189.1872495897612,7.508809014107365
Entire Network,FluSurv-NET,2024-25,2025,10,Overall,Overall,Hispanic,Overall,71.0,2.4,94.03581861358185,3.3360870293676532
Entire Network,FluSurv-NET,2024-25,2025,10,Overall,Overall,Overall,Overall,113.0,4.8,,
Entire Network,FluSurv-NET,2024-25,2025,10,Overall,Overall,"White, NH",Overall,116.0,5.3,100.31487338266862,4.573962307436337
Entire Network,FluSurv-NET,2024-25,2025,10,Pediatrics,Overall,Overall,Overall,49.0,2.0,,
Georgia,FluSurv-NET,2024-25,2025,10,Overall,Overall,Overall,Overall,108.0,3.8,,
Maryland,FluSurv-NET,2024-25,2025,10,Overall,Overall,Overall,Overall,136.0,6.0,,
Michigan,FluSurv-NET,2024-25,2025,10,Overall,Overall,Overall,Overall,118.0,10.4,,
Minnesota,FluSurv-NET,2024-25,2025,10,Overall,Overall,Overall,Overall,120.0,3.1,,
New Mexico,FluSurv-NET,2024-25,2025,10,Overall,Overall,Overall,Overall,130.0,6.5,,
New York,FluSurv-NET,2024-25,2025,10,Overall,Overall,Overall,Overall,136.0,7.9,,
North Carolina,FluSurv-NET,2024-25,2025,10,Overall,Overall,Overall,Overall,144.0,7.7,,
Ohio,FluSurv-NET,2024-25,2025,10,Overall,Overall,Overall,Overall,135.0,6.9,,
Oregon,FluSurv-NET,2024-25,2025,10,Overall,Overall,Overall,Overall,87.0,2.8,,
Tennessee,FluSurv-NET,2024-25,2025,10,Overall,Overall,Overall,Overall,105.0,5.2,,
Utah,FluSurv-NET,2024-25,2025,10,Overall,Overall,Overall,Overall,76.0,3.6,,
California,FluSurv-NET,2024-25,2025,11,Overall,Overall,Overall,Overall,95.0,2.5,,
Colorado,FluSurv-NET,2024-25,2025,11,Overall,Overall,Overall,Overall,86.0,2.5,,
Connecticut,FluSurv-NET,2024-25,2025,11,Overall,Overall,Overall,Overall,159.0,4.2,,
Entire Network,FluSurv-NET,2024-25,2025,11,0-4 yr,Overall,Overall,Overall,96.0,3.1,,
Entire Network,FluSurv-NET,2024-25,2025,11,0-<1 yr,Overall,Overall,Overall,142.0,4.3,,
Entire Network,FluSurv-NET,2024-25,2025,11,1-4 yr,Overall,Overall,Overall,84.0,2.8,,
Entire Network,FluSurv-NET,2024-25,2025,11,12-17 yr,Overall,Overall,Overall,20.0,1.0,,
Entire Network,FluSurv-NET,2024-25,2025,11,18-29 yr,Overall,Overall,Overall,32.0,0.7,,
Entire Network,FluSurv-NET,2024-25,2025,11,18-49 yr,Overall,Overall,Overall,46.0,1.1,,
Entire Network,FluSurv-NET,2024-25,2025,11,30-39 yr,Overall,Overall,Overall,46.0,1.1,,
Entire Network,FluSurv-NET,2024-25,2025,11,40-49 yr,Overall,Overall,Overall,62.0,1.6,,
Entire Network,FluSurv-NET,2024-25,2025,11,5-11 yr,Overall,Overall,Overall,50.0,2.1,,
Entire Network,FluSurv-NET,2024-25,2025,11,5-17 yr,Overall,Overall,Overall,36.0,1.6,,
Entire Network,FluSurv-NET,2024-25,2025,11,50-64 yr,Overall,Overall,Overall,141.0,4.5,,
Entire Network,FluSurv-NET,2024-25,2025,11,65-74 yr,Overall,Overall,Overall,250.0,8.4,,
Entire Network,FluSurv-NET,2024-25,2025,11,75-84 yr,Overall,Overall,Overall,446.0,15.2,,
Entire Network,FluSurv-NET,2024-25,2025,11,>= 65 yr,Overall,Overall,Overall,366.0,12.4,,
Entire Network,FluSurv-NET,2024-25,2025,11,>= 75,Overall,Overall,Overall,529.0,18.0,,
Entire Network,FluSurv-NET,2024-25,2025,11,>= 85,Overall,Overall,Overall,781.0,26.5,,
Entire Network,FluSurv-NET,2024-25,2025,11,Adults,Overall,Overall,Overall,135.0,4.3,,
Entire Network,FluSurv-NET,2024-25,2025,11,Overall,Female,Overall,Overall,124.0,4.1,,
Entire Network,FluSurv-NET,2024-25,2025,11,Overall,Male,Overall,Overall,110.0,3.4,,
Entire Network,FluSurv-NET,2024-25,2025,11,Overall,Overall,"American Indian/Alaska Native, NH",Overall,145.0,6.0,152.31175390527855,6.417199518330132
Entire Network,FluSurv-NET,2024-25,2025,11,Overall,Overall,"Asian/Pacific Islander, NH",Overall,63.0,2.3,70.13227729049322,2.6056428292695553
Entire Network,FluSurv-NET,2024-25,2025,11,Overall,Overall,"Black, NH",Overall,176.0,4.9,194.73421547510904,5.54696588534782
Entire Network,FluSurv-NET,2024-25,2025,11,Overall,Overall,Hispanic,Overall,74.0,2.6,97.41532577891175,3.3795071653299016
Entire Network,FluSurv-NET,2024-25,2025,11,Overall,Overall,Overall,Overall,117.0,3.8,,
Entire Network,FluSurv-NET,2024-25,2025,11,Overall,Overall,"White, NH",Overall,120.0,3.9,103.68949044841395,3.3746170657453236
Entire Network,FluSurv-NET,2024-25,2025,11,Pediatrics,Overall,Overall,Overall,51.0,2.0,,
Georgia,FluSurv-NET,2024-25,2025,11,Overall,Overall,Overall,Overall,112.0,3.3,,
Maryland,FluSurv-NET,2024-25,2025,11,Overall,Overall,Overall,Overall,140.0,4.0,,
Michigan,FluSurv-NET,2024-25,2025,11,Overall,Overall,Overall,Overall,125.0,7.3,,
Minnesota,FluSurv-NET,2024-25,2025,11,Overall,Overall,Overall,Overall,122.0,2.5,,
New Mexico,FluSurv-NET,2024-25,2025,11,Overall,Overall,Overall,Overall,135.0,5.6,,
New York,FluSurv-NET,2024-25,2025,11,Overall,Overall,Overall,Overall,142.0,6.0,,
North Carolina,FluSurv-NET,2024-25,2025,11,Overall,Overall,Overall,Overall,151.0,6.8,,
Ohio,FluSurv-NET,2024-25,2025,11,Overall,Overall,Overall,Overall,139.0,3.6,,
Oregon,FluSurv-NET,2024-25,2025,11,Overall,Overall,Overall,Overall,89.0,2.3,,
Tennessee,FluSurv-NET,2024-25,2025,11,Overall,Overall,Overall,Overall,110.0,4.4,,
Utah,FluSurv-NET,2024-25,2025,11,Overall,Overall,Overall,Overall,79.0,3.7,,
California,FluSurv-NET,2024-25,2025,12,Overall,Overall,Overall,Overall,97.0,1.6,,
Colorado,FluSurv-NET,2024-25,2025,12,Overall,Overall,Overall,Overall,88.0,1.9,,
Connecticut,FluSurv-NET,2024-25,2025,12,Overall,Overall,Overall,Overall,163.0,3.6,,
Entire Network,FluSurv-NET,2024-25,2025,12,0-4 yr,Overall,Overall,Overall,98.0,2.5,,
Entire Network,FluSurv-NET,2024-25,2025,12,0-<1 yr,Overall,Overall,Overall,147.0,4.9,,
Entire Network,FluSurv-NET,2024-25,2025,12,1-4 yr,Overall,Overall,Overall,86.0,1.9,,
Entire Network,FluSurv-NET,2024-25,2025,12,12-17 yr,Overall,Overall,Overall,20.0,0.4,,
Entire Network,FluSurv-NET,2024-25,2025,12,18-29 yr,Overall,Overall,Overall,33.0,0.5,,
Entire Network,FluSurv-NET,2024-25,2025,12,18-49 yr,Overall,Overall,Overall,47.0,0.9,,
Entire Network,FluSurv-NET,2024-25,2025,12,30-39 yr,Overall,Overall,Overall,47.0,1.1,,
Entire Network,FluSurv-NET,2024-25,2025,12,40-49 yr,Overall,Overall,Overall,63.0,1.2,,
Entire Network,FluSurv-NET,2024-25,2025,12,5-11 yr,Overall,Overall,Overall,52.0,1.5,,
Entire Network,FluSurv-NET,2024-25,2025,12,5-17 yr,Overall,Overall,Overall,37.0,1.0,,
Entire Network,FluSurv-NET,2024-25,2025,12,50-64 yr,Overall,Overall,Overall,144.0,2.7,,
Entire Network,FluSurv-NET,2024-25,2025,12,65-74 yr,Overall,Overall,Overall,256.0,5.9,,
Entire Network,FluSurv-NET,2024-25,2025,12,75-84 yr,Overall,Overall,Overall,457.0,10.6,,
Entire Network,FluSurv-NET,2024-25,2025,12,>= 65 yr,Overall,Overall,Overall,374.0,8.8,,
Entire Network,FluSurv-NET,2024-25,2025,12,>= 75,Overall,Overall,Overall,542.0,13.0,,
Entire Network,FluSurv-NET,2024-25,2025,12,>= 85,Overall,Overall,Overall,801.0,20.2,,
Entire Network,FluSurv-NET,2024-25,2025,12,Adults,Overall,Overall,Overall,138.0,3.0,,
Entire Network,FluSurv-NET,2024-25,2025,12,Overall,Female,Overall,Overall,127.0,2.7,,
Entire Network,FluSurv-NET,2024-25,2025,12,Overall,Male,Overall,Overall,112.0,2.6,,
Entire Network,FluSurv-NET,2024-25,2025,12,Overall,Overall,"American Indian/Alaska Native, NH",Overall,148.0,3.2,155.7179716938077,3.4062177885291534
Entire Network,FluSurv-NET,2024-25,2025,12,Overall,Overall,"Asian/Pacific Islander, NH",Overall,64.0,0.9,71.08122757888034,0.948950288387135
Entire Network,FluSurv-NET,2024-25,2025,12,Overall,Overall,"Black, NH",Overall,179.0,3.2,198.28681265196698,3.552597176857958
Entire Network,FluSurv-NET,2024-25,2025,12,Overall,Overall,Hispanic,Overall,76.0,1.8,100.06520712365226,2.6498813447405043
Entire Network,FluSurv-NET,2024-25,2025,12,Overall,Overall,Overall,Overall,120.0,2.6,,
Entire Network,FluSurv-NET,2024-25,2025,12,Overall,Overall,"White, NH",Overall,123.0,3.0,106.31066741782398,2.621176969410047
Entire Network,FluSurv-NET,2024-25,2025,12,Pediatrics,Overall,Overall,Overall,52.0,1.4,,
Georgia,FluSurv-NET,2024-25,2025,12,Overall,Overall,Overall,Overall,114.0,1.9,,
Maryland,FluSurv-NET,2024-25,2025,12,Overall,Overall,Overall,Overall,143.0,3.0,,
Michigan,FluSurv-NET,2024-25,2025,12,Overall,Overall,Overall,Overall,131.0,5.2,,
Minnesota,FluSurv-NET,2024-25,2025,12,Overall,Overall,Overall,Overall,124.0,1.6,,
New Mexico,FluSurv-NET,2024-25,2025,12,Overall,Overall,Overall,Overall,140.0,4.7,,
New York,FluSurv-NET,2024-25,2025,12,Overall,Overall,Overall,Overall,148.0,5.5,,
North Carolina,FluSurv-NET,2024-25,2025,12,Overall,Overall,Overall,Overall,154.0,3.9,,
Ohio,FluSurv-NET,2024-25,2025,12,Overall,Overall,Overall,Overall,141.0,2.4,,
Oregon,FluSurv-NET,2024-25,2025,12,Overall,Overall,Overall,Overall,91.0,1.5,,
Tennessee,FluSurv-NET,2024-25,2025,12,Overall,Overall,Overall,Overall,112.0,2.7,,
Utah,FluSurv-NET,2024-25,2025,12,Overall,Overall,Overall,Overall,81.0,2.0,,
California,FluSurv-NET,2024-25,2025,13,Overall,Overall,Overall,Overall,98.0,1.3,,
Colorado,FluSurv-NET,2024-25,2025,13,Overall,Overall,Overall,Overall,89.0,1.7,,
Connecticut,FluSurv-NET,2024-25,2025,13,Overall,Overall,Overall,Overall,165.0,1.9,,
Entire Network,FluSurv-NET,2024-25,2025,13,0-4 yr,Overall,Overall,Overall,100.0,1.6,,
Entire Network,FluSurv-NET,2024-25,2025,13,0-<1 yr,Overall,Overall,Overall,149.0,2.4,,
Entire Network,FluSurv-NET,2024-25,2025,13,1-4 yr,Overall,Overall,Overall,87.0,1.3,,
Entire Network,FluSurv-NET,2024-25,2025,13,12-17 yr,Overall,Overall,Overall,20.0,0.3,,
Entire Network,FluSurv-NET,2024-25,2025,13,18-29 yr,Overall,Overall,Overall,33.0,0.3,,
Entire Network,FluSurv-NET,2024-25,2025,13,18-49 yr,Overall,Overall,Overall,47.0,0.8,,
Entire Network,FluSurv-NET,2024-25,2025,13,30-39 yr,Overall,Overall,Overall,48.0,0.8,,
Entire Network,FluSurv-NET,2024-25,2025,13,40-49 yr,Overall,Overall,Overall,64.0,1.4,,
Entire Network,FluSurv-NET,2024-25,2025,13,5-11 yr,Overall,Overall,Overall,53.0,1.3,,
Entire Network,FluSurv-NET,2024-25,2025,13,5-17 yr,Overall,Overall,Overall,37.0,0.8,,
Entire Network,FluSurv-NET,2024-25,2025,13,50-64 yr,Overall,Overall,Overall,146.0,2.2,,
Entire Network,FluSurv-NET,2024-25,2025,13,65-74 yr,Overall,Overall,Overall,260.0,4.1,,
Entire Network,FluSurv-NET,2024-25,2025,13,75-84 yr,Overall,Overall,Overall,465.0,7.8,,
Entire Network,FluSurv-NET,2024-25,2025,13,>= 65 yr,Overall,Overall,Overall,381.0,6.4,,
Entire Network,FluSurv-NET,2024-25,2025,13,>= 75,Overall,Overall,Overall,551.0,9.6,,
Entire Network,FluSurv-NET,2024-25,2025,13,>= 85,Overall,Overall,Overall,816.0,14.9,,
Entire Network,FluSurv-NET,2024-25,2025,13,Adults,Overall,Overall,Overall,140.0,2.3,,
Entire Network,FluSurv-NET,2024-25,2025,13,Overall,Female,Overall,Overall,129.0,2.1,,
Entire Network,FluSurv-NET,2024-25,2025,13,Overall,Male,Overall,Overall,114.0,1.9,,
Entire Network,FluSurv-NET,2024-25,2025,13,Overall,Overall,"American Indian/Alaska Native, NH",Overall,151.0,3.2,158.98727614205026,3.2693044482425604
Entire Network,FluSurv-NET,2024-25,2025,13,Overall,Overall,"Asian/Pacific Islander, NH",Overall,65.0,1.2,72.38831859318653,1.3070910143061667
Entire Network,FluSurv-NET,2024-25,2025,13,Overall,Overall,"Black, NH",Overall,181.0,2.6,201.14316744571315,2.856354793746152
Entire Network,FluSurv-NET,2024-25,2025,13,Overall,Overall,Hispanic,Overall,77.0,1.4,101.94375231857508,1.8785451949228191
Entire Network,FluSurv-NET,2024-25,2025,13,Overall,Overall,Overall,Overall,122.0,2.0,,
Entire Network,FluSurv-NET,2024-25,2025,13,Overall,Overall,"White, NH",Overall,125.0,2.1,108.1518225647244,1.8411551469004268
Entire Network,FluSurv-NET,2024-25,2025,13,Pediatrics,Overall,Overall,Overall,53.0,1.0,,
Georgia,FluSurv-NET,2024-25,2025,13,Overall,Overall,Overall,Overall,115.0,2.0,,
Maryland,FluSurv-NET,2024-25,2025,13,Overall,Overall,Overall,Overall,146.0,2.4,,
Michigan,FluSurv-NET,2024-25,2025,13,Overall,Overall,Overall,Overall,133.0,2.9,,
Minnesota,FluSurv-NET,2024-25,2025,13,Overall,Overall,Overall,Overall,125.0,1.1,,
New Mexico,FluSurv-NET,2024-25,2025,13,Overall,Overall,Overall,Overall,144.0,3.6,,
New York,FluSurv-NET,2024-25,2025,13,Overall,Overall,Overall,Overall,152.0,3.8,,
North Carolina,FluSurv-NET,2024-25,2025,13,Overall,Overall,Overall,Overall,158.0,3.6,,
Ohio,FluSurv-NET,2024-25,2025,13,Overall,Overall,Overall,Overall,143.0,1.3,,
Oregon,FluSurv-NET,2024-25,2025,13,Overall,Overall,Overall,Overall,92.0,1.2,,
Tennessee,FluSurv-NET,2024-25,2025,13,Overall,Overall,Overall,Overall,114.0,1.9,,
Utah,FluSurv-NET,2024-25,2025,13,Overall,Overall,Overall,Overall,83.0,2.0,,
California,FluSurv-NET,2024-25,2025,14,Overall,Overall,Overall,Overall,99.0,1.0,,
Colorado,FluSurv-NET,2024-25,2025,14,Overall,Overall,Overall,Overall,91.0,1.3,,
Connecticut,FluSurv-NET,2024-25,2025,14,Overall,Overall,Overall,Overall,167.0,2.1,,
Entire Network,FluSurv-NET,2024-25,2025,14,0-4 yr,Overall,Overall,Overall,101.0,1.6,,
Entire Network,FluSurv-NET,2024-25,2025,14,0-<1 yr,Overall,Overall,Overall,151.0,1.8,,
Entire Network,FluSurv-NET,2024-25,2025,14,1-4 yr,Overall,Overall,Overall,89.0,1.6,,
Entire Network,FluSurv-NET,2024-25,2025,14,12-17 yr,Overall,Overall,Overall,21.0,0.6,,
Entire Network,FluSurv-NET,2024-25,2025,14,18-29 yr,Overall,Overall,Overall,33.0,0.3,,
Entire Network,FluSurv-NET,2024-25,2025,14,18-49 yr,Overall,Overall,Overall,48.0,0.6,,
Entire Network,FluSurv-NET,2024-25,2025,14,30-39 yr,Overall,Overall,Overall,49.0,0.7,,
Entire Network,FluSurv-NET,2024-25,2025,14,40-49 yr,Overall,Overall,Overall,65.0,0.9,,
Entire Network,FluSurv-NET,2024-25,2025,14,5-11 yr,Overall,Overall,Overall,54.0,1.5,,
Entire Network,FluSurv-NET,2024-25,2025,14,5-17 yr,Overall,Overall,Overall,38.0,1.0,,
Entire Network,FluSurv-NET,2024-25,2025,14,50-64 yr,Overall,Overall,Overall,148.0,1.9,,
Entire Network,FluSurv-NET,2024-25,2025,14,65-74 yr,Overall,Overall,Overall,263.0,2.9,,
Entire Network,FluSurv-NET,2024-25,2025,14,75-84 yr,Overall,Overall,Overall,471.0,5.7,,
Entire Network,FluSurv-NET,2024-25,2025,14,>= 65 yr,Overall,Overall,Overall,385.0,4.4,,
Entire Network,FluSurv-NET,2024-25,2025,14,>= 75,Overall,Overall,Overall,558.0,6.7,,
Entire Network,FluSurv-NET,2024-25,2025,14,>= 85,Overall,Overall,Overall,825.0,9.5,,
Entire Network,FluSurv-NET,2024-25,2025,14,Adults,Overall,Overall,Overall,142.0,1.7,,
Entire Network,FluSurv-NET,2024-25,2025,14,Overall,Female,Overall,Overall,131.0,1.7,,
Entire Network,FluSurv-NET,2024-25,2025,14,Overall,Male,Overall,Overall,116.0,1.5,,
Entire Network,FluSurv-NET,2024-25,2025,14,Overall,Overall,"American Indian/Alaska Native, NH",Overall,152.0,1.1,160.12012969792656,1.1328535558763038
Entire Network,FluSurv-NET,2024-25,2025,14,Overall,Overall,"Asian/Pacific Islander, NH",Overall,66.0,1.0,73.48825176676695,1.0999331735804196
Entire Network,FluSurv-NET,2024-25,2025,14,Overall,Overall,"Black, NH",Overall,184.0,2.3,203.62861163635824,2.4854441906451252
Entire Network,FluSurv-NET,2024-25,2025,14,Overall,Overall,Hispanic,Overall,78.0,1.2,103.41982219185032,1.4760698732752318
Entire Network,FluSurv-NET,2024-25,2025,14,Overall,Overall,Overall,Overall,123.0,1.6,,
Entire Network,FluSurv-NET,2024-25,2025,14,Overall,Overall,"White, NH",Overall,127.0,1.6,109.59128793048734,1.4394653657629115
Entire Network,FluSurv-NET,2024-25,2025,14,Pediatrics,Overall,Overall,Overall,54.0,1.2,,
Georgia,FluSurv-NET,2024-25,2025,14,Overall,Overall,Overall,Overall,117.0,1.5,,
Maryland,FluSurv-NET,2024-25,2025,14,Overall,Overall,Overall,Overall,148.0,2.2,,
Michigan,FluSurv-NET,2024-25,2025,14,Overall,Overall,Overall,Overall,136.0,2.1,,
Minnesota,FluSurv-NET,2024-25,2025,14,Overall,Overall,Overall,Overall,126.0,0.9,,
New Mexico,FluSurv-NET,2024-25,2025,14,Overall,Overall,Overall,Overall,146.0,2.5,,
New York,FluSurv-NET,2024-25,2025,14,Overall,Overall,Overall,Overall,155.0,3.0,,
North Carolina,FluSurv-NET,2024-25,2025,14,Overall,Overall,Overall,Overall,160.0,1.9,,
Ohio,FluSurv-NET,2024-25,2025,14,Overall,Overall,Overall,Overall,144.0,1.3,,
Oregon,FluSurv-NET,2024-25,2025,14,Overall,Overall,Overall,Overall,93.0,1.0,,
Tennessee,FluSurv-NET,2024-25,2025,14,Overall,Overall,Overall,Overall,115.0,1.1,,
Utah,FluSurv-NET,2024-25,2025,14,Overall,Overall,Overall,Overall,86.0,2.2,,
California,FluSurv-NET,2024-25,2025,15,Overall,Overall,Overall,Overall,100.0,0.8,,
Colorado,FluSurv-NET,2024-25,2025,15,Overall,Overall,Overall,Overall,91.0,0.7,,
Connecticut,FluSurv-NET,2024-25,2025,15,Overall,Overall,Overall,Overall,169.0,2.4,,
Entire Network,FluSurv-NET,2024-25,2025,15,0-4 yr,Overall,Overall,Overall,103.0,1.6,,
Entire Network,FluSurv-NET,2024-25,2025,15,0-<1 yr,Overall,Overall,Overall,153.0,2.1,,
Entire Network,FluSurv-NET,2024-25,2025,15,1-4 yr,Overall,Overall,Overall,90.0,1.5,,
Entire Network,FluSurv-NET,2024-25,2025,15,12-17 yr,Overall,Overall,Overall,22.0,0.5,,
Entire Network,FluSurv-NET,2024-25,2025,15,18-29 yr,Overall,Overall,Overall,33.0,0.3,,
Entire Network,FluSurv-NET,2024-25,2025,15,18-49 yr,Overall,Overall,Overall,48.0,0.5,,
Entire Network,FluSurv-NET,2024-25,2025,15,30-39 yr,Overall,Overall,Overall,49.0,0.4,,
Entire Network,FluSurv-NET,2024-25,2025,15,40-49 yr,Overall,Overall,Overall,66.0,0.7,,
Entire Network,FluSurv-NET,2024-25,2025,15,5-11 yr,Overall,Overall,Overall,55.0,1.1,,
Entire Network,FluSurv-NET,2024-25,2025,15,5-17 yr,Overall,Overall,Overall,39.0,0.8,,
Entire Network,FluSurv-NET,2024-25,2025,15,50-64 yr,Overall,Overall,Overall,149.0,1.0,,
Entire Network,FluSurv-NET,2024-25,2025,15,65-74 yr,Overall,Overall,Overall,265.0,2.0,,
Entire Network,FluSurv-NET,2024-25,2025,15,75-84 yr,Overall,Overall,Overall,474.0,3.8,,
Entire Network,FluSurv-NET,2024-25,2025,15,>= 65 yr,Overall,Overall,Overall,388.0,3.1,,
Entire Network,FluSurv-NET,2024-25,2025,15,>= 75,Overall,Overall,Overall,563.0,4.7,,
Entire Network,FluSurv-NET,2024-25,2025,15,>= 85,Overall,Overall,Overall,833.0,7.4,,
Entire Network,FluSurv-NET,2024-25,2025,15,Adults,Overall,Overall,Overall,143.0,1.1,,
Entire Network,FluSurv-NET,2024-25,2025,15,Overall,Female,Overall,Overall,132.0,1.1,,
Entire Network,FluSurv-NET,2024-25,2025,15,Overall,Male,Overall,Overall,117.0,1.1,,
Entire Network,FluSurv-NET,2024-25,2025,15,Overall,Overall,"American Indian/Alaska Native, NH",Overall,154.0,2.2,162.32074149040167,2.20061179247514
Entire Network,FluSurv-NET,2024-25,2025,15,Overall,Overall,"Asian/Pacific Islander, NH",Overall,66.0,0.7,74.32026994431477,0.8320181775478299
Entire Network,FluSurv-NET,2024-25,2025,15,Overall,Overall,"Black, NH",Overall,185.0,1.5,205.2047518871258,1.5761402507675624
Entire Network,FluSurv-NET,2024-25,2025,15,Overall,Overall,Hispanic,Overall,79.0,1.2,104.97568151966016,1.5558593278098594
Entire Network,FluSurv-NET,2024-25,2025,15,Overall,Overall,Overall,Overall,124.0,1.1,,
Entire Network,FluSurv-NET,2024-25,2025,15,Overall,Overall,"White, NH",Overall,128.0,1.0,110.47940076673015,0.8881128362428345
Entire Network,FluSurv-NET,2024-25,2025,15,Pediatrics,Overall,Overall,Overall,55.0,1.0,,
Georgia,FluSurv-NET,2024-25,2025,15,Overall,Overall,Overall,Overall,118.0,0.9,,
Maryland,FluSurv-NET,2024-25,2025,15,Overall,Overall,Overall,Overall,149.0,1.3,,
Michigan,FluSurv-NET,2024-25,2025,15,Overall,Overall,Overall,Overall,137.0,1.5,,
Minnesota,FluSurv-NET,2024-25,2025,15,Overall,Overall,Overall,Overall,127.0,0.8,,
New Mexico,FluSurv-NET,2024-25,2025,15,Overall,Overall,Overall,Overall,148.0,1.6,,
New York,FluSurv-NET,2024-25,2025,15,Overall,Overall,Overall,Overall,157.0,2.6,,
North Carolina,FluSurv-NET,2024-25,2025,15,Overall,Overall,Overall,Overall,161.0,1.3,,
Ohio,FluSurv-NET,2024-25,2025,15,Overall,Overall,Overall,Overall,144.0,0.6,,
Oregon,FluSurv-NET,2024-25,2025,15,Overall,Overall,Overall,Overall,94.0,0.6,,
Tennessee,FluSurv-NET,2024-25,2025,15,Overall,Overall,Overall,Overall,116.0,0.9,,
Utah,FluSurv-NET,2024-25,2025,15,Overall,Overall,Overall,Overall,87.0,1.5,,
California,FluSurv-NET,2024-25,2025,16,Overall,Overall,Overall,Overall,101.0,0.8,,
Colorado,FluSurv-NET,2024-25,2025,16,Overall,Overall,Overall,Overall,92.0,0.6,,
Connecticut,FluSurv-NET,2024-25,2025,16,Overall,Overall,Overall,Overall,170.0,0.9,,
Entire Network,FluSurv-NET,2024-25,2025,16,0-4 yr,Overall,Overall,Overall,103.0,0.4,,
Entire Network,FluSurv-NET,2024-25,2025,16,0-<1 yr,Overall,Overall,Overall,153.0,0.0,,
Entire Network,FluSurv-NET,2024-25,2025,16,1-4 yr,Overall,Overall,Overall,91.0,0.4,,
Entire Network,FluSurv-NET,2024-25,2025,16,12-17 yr,Overall,Overall,Overall,22.0,0.3,,
Entire Network,FluSurv-NET,2024-25,2025,16,18-29 yr,Overall,Overall,Overall,34.0,0.2,,
Entire Network,FluSurv-NET,2024-25,2025,16,18-49 yr,Overall,Overall,Overall,49.0,0.4,,
Entire Network,FluSurv-NET,2024-25,2025,16,30-39 yr,Overall,Overall,Overall,50.0,0.5,,
Entire Network,FluSurv-NET,2024-25,2025,16,40-49 yr,Overall,Overall,Overall,66.0,0.5,,
Entire Network,FluSurv-NET,2024-25,2025,16,5-11 yr,Overall,Overall,Overall,56.0,0.6,,
Entire Network,FluSurv-NET,2024-25,2025,16,5-17 yr,Overall,Overall,Overall,40.0,0.4,,
Entire Network,FluSurv-NET,2024-25,2025,16,50-64 yr,Overall,Overall,Overall,150.0,0.7,,
Entire Network,FluSurv-NET,2024-25,2025,16,65-74 yr,Overall,Overall,Overall,267.0,1.8,,
Entire Network,FluSurv-NET,2024-25,2025,16,75-84 yr,Overall,Overall,Overall,477.0,2.6,,
Entire Network,FluSurv-NET,2024-25,2025,16,>= 65 yr,Overall,Overall,Overall,391.0,2.6,,
Entire Network,FluSurv-NET,2024-25,2025,16,>= 75,Overall,Overall,Overall,566.0,3.6,,
Entire Network,FluSurv-NET,2024-25,2025,16,>= 85,Overall,Overall,Overall,839.0,6.9,,
Entire Network,FluSurv-NET,2024-25,2025,16,Adults,Overall,Overall,Overall,144.0,0.9,,
Entire Network,FluSurv-NET,2024-25,2025,16,Overall,Female,Overall,Overall,132.0,0.8,,
Entire Network,FluSurv-NET,2024-25,2025,16,Overall,Male,Overall,Overall,118.0,0.8,,
Entire Network,FluSurv-NET,2024-25,2025,16,Overall,Overall,"American Indian/Alaska Native, NH",Overall,155.0,0.5,162.94281420123798,0.6220727108362843
Entire Network,FluSurv-NET,2024-25,2025,16,Overall,Overall,"Asian/Pacific Islander, NH",Overall,67.0,0.5,74.81788898537015,0.49761904105539195
Entire Network,FluSurv-NET,2024-25,2025,16,Overall,Overall,"Black, NH",Overall,186.0,1.0,206.2530135370339,1.0482616499080746
Entire Network,FluSurv-NET,2024-25,2025,16,Overall,Overall,Hispanic,Overall,80.0,0.9,106.16054544476422,1.1848639251040523
Entire Network,FluSurv-NET,2024-25,2025,16,Overall,Overall,Overall,Overall,125.0,0.8,,
Entire Network,FluSurv-NET,2024-25,2025,16,Overall,Overall,"White, NH",Overall,129.0,0.8,111.16815313571044,0.6887523689802848
Entire Network,FluSurv-NET,2024-25,2025,16,Pediatrics,Overall,Overall,Overall,56.0,0.4,,
Georgia,FluSurv-NET,2024-25,2025,16,Overall,Overall,Overall,Overall,119.0,0.6,,
Maryland,FluSurv-NET,2024-25,2025,16,Overall,Overall,Overall,Overall,150.0,1.1,,
Michigan,FluSurv-NET,2024-25,2025,16,Overall,Overall,Overall,Overall,138.0,0.6,,
Minnesota,FluSurv-NET,2024-25,2025,16,Overall,Overall,Overall,Overall,127.0,0.4,,
New Mexico,FluSurv-NET,2024-25,2025,16,Overall,Overall,Overall,Overall,150.0,2.1,,
New York,FluSurv-NET,2024-25,2025,16,Overall,Overall,Overall,Overall,159.0,1.9,,
North Carolina,FluSurv-NET,2024-25,2025,16,Overall,Overall,Overall,Overall,161.0,0.2,,
Ohio,FluSurv-NET,2024-25,2025,16,Overall,Overall,Overall,Overall,145.0,0.4,,
Oregon,FluSurv-NET,2024-25,2025,16,Overall,Overall,Overall,Overall,94.0,0.2,,
Tennessee,FluSurv-NET,2024-25,2025,16,Overall,Overall,Overall,Overall,117.0,0.7,,
Utah,FluSurv-NET,2024-25,2025,16,Overall,Overall,Overall,Overall,89.0,1.5,,
California,FluSurv-NET,2024-25,2025,17,Overall,Overall,Overall,Overall,101.0,0.5,,
Colorado,FluSurv-NET,2024-25,2025,17,Overall,Overall,Overall,Overall,93.0,0.9,,
Connecticut,FluSurv-NET,2024-25,2025,17,Overall,Overall,Overall,Overall,171.0,1.1,,
Entire Network,FluSurv-NET,2024-25,2025,17,0-4 yr,Overall,Overall,Overall,104.0,0.5,,
Entire Network,FluSurv-NET,2024-25,2025,17,0-<1 yr,Overall,Overall,Overall,154.0,0.9,,
Entire Network,FluSurv-NET,2024-25,2025,17,1-4 yr,Overall,Overall,Overall,91.0,0.4,,
Entire Network,FluSurv-NET,2024-25,2025,17,12-17 yr,Overall,Overall,Overall,22.0,0.3,,
Entire Network,FluSurv-NET,2024-25,2025,17,18-29 yr,Overall,Overall,Overall,34.0,0.2,,
Entire Network,FluSurv-NET,2024-25,2025,17,18-49 yr,Overall,Overall,Overall,49.0,0.3,,
Entire Network,FluSurv-NET,2024-25,2025,17,30-39 yr,Overall,Overall,Overall,50.0,0.5,,
Entire Network,FluSurv-NET,2024-25,2025,17,40-49 yr,Overall,Overall,Overall,67.0,0.3,,
Entire Network,FluSurv-NET,2024-25,2025,17,5-11 yr,Overall,Overall,Overall,57.0,0.7,,
Entire Network,FluSurv-NET,2024-25,2025,17,5-17 yr,Overall,Overall,Overall,40.0,0.5,,
Entire Network,FluSurv-NET,2024-25,2025,17,50-64 yr,Overall,Overall,Overall,151.0,0.7,,
Entire Network,FluSurv-NET,2024-25,2025,17,65-74 yr,Overall,Overall,Overall,268.0,1.2,,
Entire Network,FluSurv-NET,2024-25,2025,17,75-84 yr,Overall,Overall,Overall,480.0,2.9,,
Entire Network,FluSurv-NET,2024-25,2025,17,>= 65 yr,Overall,Overall,Overall,393.0,2.0,,
Entire Network,FluSurv-NET,2024-25,2025,17,>= 75,Overall,Overall,Overall,569.0,3.1,,
Entire Network,FluSurv-NET,2024-25,2025,17,>= 85,Overall,Overall,Overall,843.0,4.0,,
Entire Network,FluSurv-NET,2024-25,2025,17,Adults,Overall,Overall,Overall,144.0,0.8,,
Entire Network,FluSurv-NET,2024-25,2025,17,Overall,Female,Overall,Overall,133.0,0.7,,
Entire Network,FluSurv-NET,2024-25,2025,17,Overall,Male,Overall,Overall,118.0,0.7,,
Entire Network,FluSurv-NET,2024-25,2025,17,Overall,Overall,"American Indian/Alaska Native, NH",Overall,158.0,2.7,165.6156674131346,2.6728532118966037
Entire Network,FluSurv-NET,2024-25,2025,17,Overall,Overall,"Asian/Pacific Islander, NH",Overall,67.0,0.3,75.16494738654166,0.34705840117147296
Entire Network,FluSurv-NET,2024-25,2025,17,Overall,Overall,"Black, NH",Overall,187.0,0.8,207.07172387257225,0.8187103355383583
Entire Network,FluSurv-NET,2024-25,2025,17,Overall,Overall,Hispanic,Overall,81.0,0.8,107.24542015481087,1.0848747100466438
Entire Network,FluSurv-NET,2024-25,2025,17,Overall,Overall,Overall,Overall,126.0,0.7,,
Entire Network,FluSurv-NET,2024-25,2025,17,Overall,Overall,"White, NH",Overall,129.0,0.7,111.78351875747762,0.6153656217671836
Entire Network,FluSurv-NET,2024-25,2025,17,Pediatrics,Overall,Overall,Overall,56.0,0.5,,
Georgia,FluSurv-NET,2024-25,2025,17,Overall,Overall,Overall,Overall,119.0,0.3,,
Maryland,FluSurv-NET,2024-25,2025,17,Overall,Overall,Overall,Overall,151.0,0.6,,
Michigan,FluSurv-NET,2024-25,2025,17,Overall,Overall,Overall,Overall,138.0,0.5,,
Minnesota,FluSurv-NET,2024-25,2025,17,Overall,Overall,Overall,Overall,127.0,0.3,,
New Mexico,FluSurv-NET,2024-25,2025,17,Overall,Overall,Overall,Overall,151.0,1.4,,
New York,FluSurv-NET,2024-25,2025,17,Overall,Overall,Overall,Overall,161.0,2.0,,
North Carolina,FluSurv-NET,2024-25,2025,17,Overall,Overall,Overall,Overall,162.0,0.4,,
Ohio,FluSurv-NET,2024-25,2025,17,Overall,Overall,Overall,Overall,145.0,0.3,,
Oregon,FluSurv-NET,2024-25,2025,17,Overall,Overall,Overall,Overall,94.0,0.7,,
Tennessee,FluSurv-NET,2024-25,2025,17,Overall,Overall,Overall,Overall,118.0,1.0,,
Utah,FluSurv-NET,2024-25,2025,17,Overall,Overall,Overall,Overall,89.0,0.6,,
California,FluSurv-NET,2024-25,2025,18,Overall,Overall,Overall,Overall,102.0,0.5,,
Colorado,FluSurv-NET,2024-25,2025,18,Overall,Overall,Overall,Overall,93.0,0.2,,
Connecticut,FluSurv-NET,2024-25,2025,18,Overall,Overall,Overall,Overall,171.0,0.2,,
Entire Network,FluSurv-NET,2024-25,2025,18,0-4 yr,Overall,Overall,Overall,104.0,0.2,,
Entire Network,FluSurv-NET,2024-25,2025,18,0-<1 yr,Overall,Overall,Overall,154.0,0.3,,
Entire Network,FluSurv-NET,2024-25,2025,18,1-4 yr,Overall,Overall,Overall,92.0,0.2,,
Entire Network,FluSurv-NET,2024-25,2025,18,12-17 yr,Overall,Overall,Overall,22.0,0.3,,
Entire Network,FluSurv-NET,2024-25,2025,18,18-29 yr,Overall,Overall,Overall,34.0,0.1,,
Entire Network,FluSurv-NET,2024-25,2025,18,18-49 yr,Overall,Overall,Overall,49.0,0.2,,
Entire Network,FluSurv-NET,2024-25,2025,18,30-39 yr,Overall,Overall,Overall,50.0,0.2,,
Entire Network,FluSurv-NET,2024-25,2025,18,40-49 yr,Overall,Overall,Overall,67.0,0.2,,
Entire Network,FluSurv-NET,2024-25,2025,18,5-11 yr,Overall,Overall,Overall,57.0,0.3,,
Entire Network,FluSurv-NET,2024-25,2025,18,5-17 yr,Overall,Overall,Overall,40.0,0.3,,
Entire Network,FluSurv-NET,2024-25,2025,18,50-64 yr,Overall,Overall,Overall,151.0,0.3,,
Entire Network,FluSurv-NET,2024-25,2025,18,65-74 yr,Overall,Overall,Overall,269.0,0.4,,
Entire Network,FluSurv-NET,2024-25,2025,18,75-84 yr,Overall,Overall,Overall,481.0,1.3,,
Entire Network,FluSurv-NET,2024-25,2025,18,>= 65 yr,Overall,Overall,Overall,394.0,0.8,,
Entire Network,FluSurv-NET,2024-25,2025,18,>= 75,Overall,Overall,Overall,571.0,1.4,,
Entire Network,FluSurv-NET,2024-25,2025,18,>= 85,Overall,Overall,Overall,845.0,1.7,,
Entire Network,FluSurv-NET,2024-25,2025,18,Adults,Overall,Overall,Overall,145.0,0.3,,
Entire Network,FluSurv-NET,2024-25,2025,18,Overall,Female,Overall,Overall,133.0,0.3,,
Entire Network,FluSurv-NET,2024-25,2025,18,Overall,Male,Overall,Overall,119.0,0.3,,
Entire Network,FluSurv-NET,2024-25,2025,18,Overall,Overall,"American Indian/Alaska Native, NH",Overall,159.0,1.1,166.73185275853666,1.1161853454020696
Entire Network,FluSurv-NET,2024-25,2025,18,Overall,Overall,"Asian/Pacific Islander, NH",Overall,67.0,0.3,75.50569533257678,0.3407479460351462
Entire Network,FluSurv-NET,2024-25,2025,18,Overall,Overall,"Black, NH",Overall,187.0,0.4,207.46294071006366,0.3912168374914208
Entire Network,FluSurv-NET,2024-25,2025,18,Overall,Overall,Hispanic,Overall,81.0,0.3,107.5689363575348,0.3235162027239093
Entire Network,FluSurv-NET,2024-25,2025,18,Overall,Overall,Overall,Overall,126.0,0.3,,
Entire Network,FluSurv-NET,2024-25,2025,18,Overall,Overall,"White, NH",Overall,130.0,0.3,112.02892550028025,0.24540674280265193
Entire Network,FluSurv-NET,2024-25,2025,18,Pediatrics,Overall,Overall,Overall,57.0,0.3,,
Georgia,FluSurv-NET,2024-25,2025,18,Overall,Overall,Overall,Overall,119.0,0.2,,
Maryland,FluSurv-NET,2024-25,2025,18,Overall,Overall,Overall,Overall,151.0,0.3,,
Michigan,FluSurv-NET,2024-25,2025,18,Overall,Overall,Overall,Overall,138.0,0.4,,
Minnesota,FluSurv-NET,2024-25,2025,18,Overall,Overall,Overall,Overall,128.0,0.2,,
New Mexico,FluSurv-NET,2024-25,2025,18,Overall,Overall,Overall,Overall,152.0,0.9,,
New York,FluSurv-NET,2024-25,2025,18,Overall,Overall,Overall,Overall,161.0,0.3,,
North Carolina,FluSurv-NET,2024-25,2025,18,Overall,Overall,Overall,Overall,162.0,0.3,,
Ohio,FluSurv-NET,2024-25,2025,18,Overall,Overall,Overall,Overall,145.0,0.1,,
Oregon,FluSurv-NET,2024-25,2025,18,Overall,Overall,Overall,Overall,95.0,0.5,,
Tennessee,FluSurv-NET,2024-25,2025,18,Overall,Overall,Overall,Overall,118.0,0.2,,
Utah,FluSurv-NET,2024-25,2025,18,Overall,Overall,Overall,Overall,89.0,0.2,,
California,FluSurv-NET,2025-26,2025,40,Overall,Overall,Overall,Overall,0.0,0.0,,
Colorado,FluSurv-NET,2025-26,2025,40,Overall,Overall,Overall,Overall,0.0,0.2,,
Connecticut,FluSurv-NET,2025-26,2025,40,Overall,Overall,Overall,Overall,0.0,0.1,,
Entire Network,FluSurv-NET,2025-26,2025,40,0-4 yr,Overall,Overall,Overall,0.0,0.1,,
Entire Network,FluSurv-NET,2025-26,2025,40,0-<1 yr,Overall,Overall,Overall,0.0,0.0,,
Entire Network,FluSurv-NET,2025-26,2025,40,1-4 yr,Overall,Overall,Overall,0.0,0.1,,
Entire Network,FluSurv-NET,2025-26,2025,40,12-17 yr,Overall,Overall,Overall,0.0,0.0,,
Entire Network,FluSurv-NET,2025-26,2025,40,18-29 yr,Overall,Overall,Overall,0.0,0.0,,
Entire Network,FluSurv-NET,2025-26,2025,40,18-49 yr,Overall,Overall,Overall,0.0,0.0,,
Entire Network,FluSurv-NET,2025-26,2025,40,30-39 yr,Overall,Overall,Overall,0.0,0.0,,
Entire Network,FluSurv-NET,2025-26,2025,40,40-49 yr,Overall,Overall,Overall,0.0,0.0,,
Entire Network,FluSurv-NET,2025-26,2025,40,5-11 yr,Overall,Overall,Overall,0.0,0.0,,
Entire Network,FluSurv-NET,2025-26,2025,40,5-17 yr,Overall,Overall,Overall,0.0,0.0,,
Entire Network,FluSurv-NET,2025-26,2025,40,50-64 yr,Overall,Overall,Overall,0.0,0.1,,
Entire Network,FluSurv-NET,2025-26,2025,40,65-74 yr,Overall,Overall,Overall,0.0,0.2,,
Entire Network,FluSurv-NET,2025-26,2025,40,75-84 yr,Overall,Overall,Overall,0.0,0.3,,
Entire Network,FluSurv-NET,2025-26,2025,40,>= 65 yr,Overall,Overall,Overall,0.0,0.2,,
Entire Network,FluSurv-NET,2025-26,2025,40,>= 75,Overall,Overall,Overall,0.0,0.3,,
Entire Network,FluSurv-NET,2025-26,2025,40,>= 85,Overall,Overall,Overall,0.0,0.3,,
Entire Network,FluSurv-NET,2025-26,2025,40,Adults,Overall,Overall,Overall,0.0,0.1,,
Entire Network,FluSurv-NET,2025-26,2025,40,Overall,Female,Overall,Overall,0.0,0.0,,
Entire Network,FluSurv-NET,2025-26,2025,40,Overall,Male,Overall,Overall,0.0,0.1,,
Entire Network,FluSurv-NET,2025-26,2025,40,Overall,Overall,"American Indian/Alaska Native, NH",Overall,0.0,0.0,0.0,0.0
Entire Network,FluSurv-NET,2025-26,2025,40,Overall,Overall,"Asian/Pacific Islander, NH",Overall,0.0,0.0,0.02457010886365689,0.02457010886365689
Entire Network,FluSurv-NET,2025-26,2025,40,Overall,Overall,"Black, NH",Overall,0.0,0.1,0.11897650763829473,0.11897650763829473
Entire Network,FluSurv-NET,2025-26,2025,40,Overall,Overall,Hispanic,Overall,0.0,0.1,0.09330769530141432,0.09330769530141432
Entire Network,FluSurv-NET,2025-26,2025,40,Overall,Overall,Overall,Overall,0.0,0.1,,
Entire Network,FluSurv-NET,2025-26,2025,40,Overall,Overall,"White, NH",Overall,0.0,0.1,0.057276678652303785,0.057276678652303785
Entire Network,FluSurv-NET,2025-26,2025,40,Pediatrics,Overall,Overall,Overall,0.0,0.0,,
Georgia,FluSurv-NET,2025-26,2025,40,Overall,Overall,Overall,Overall,0.0,0.1,,
Maryland,FluSurv-NET,2025-26,2025,40,Overall,Overall,Overall,Overall,0.0,0.0,,
Michigan,FluSurv-NET,2025-26,2025,40,Overall,Overall,Overall,Overall,0.0,0.1,,
Minnesota,FluSurv-NET,2025-26,2025,40,Overall,Overall,Overall,Overall,0.0,0.0,,
New Mexico,FluSurv-NET,2025-26,2025,40,Overall,Overall,Overall,Overall,0.0,0.1,,
New York,FluSurv-NET,2025-26,2025,40,Overall,Overall,Overall,Overall,0.0,0.0,,
North Carolina,FluSurv-NET,2025-26,2025,40,Overall,Overall,Overall,Overall,0.0,0.0,,
Oregon,FluSurv-NET,2025-26,2025,40,Overall,Overall,Overall,Overall,0.0,0.1,,
Tennessee,FluSurv-NET,2025-26,2025,40,Overall,Overall,Overall,Overall,0.0,0.0,,
Utah,FluSurv-NET,2025-26,2025,40,Overall,Overall,Overall,Overall,0.0,0.0,,
Washington,FluSurv-NET,2025-26,2025,40,Overall,Overall,Overall,Overall,0.0,0.1,,
California,FluSurv-NET,2025-26,2025,41,Overall,Overall,Overall,Overall,0.0,0.1,,
Colorado,FluSurv-NET,2025-26,2025,41,Overall,Overall,Overall,Overall,0.0,0.1,,
Connecticut,FluSurv-NET,2025-26,2025,41,Overall,Overall,Overall,Overall,0.0,0.0,,
Entire Network,FluSurv-NET,2025-26,2025,41,0-4 yr,Overall,Overall,Overall,0.0,0.1,,
Entire Network,FluSurv-NET,2025-26,2025,41,0-<1 yr,Overall,Overall,Overall,0.0,0.0,,
Entire Network,FluSurv-NET,2025-26,2025,41,1-4 yr,Overall,Overall,Overall,0.0,0.1,,
Entire Network,FluSurv-NET,2025-26,2025,41,12-17 yr,Overall,Overall,Overall,0.0,0.1,,
Entire Network,FluSurv-NET,2025-26,2025,41,18-29 yr,Overall,Overall,Overall,0.0,0.1,,
Entire Network,FluSurv-NET,2025-26,2025,41,18-49 yr,Overall,Overall,Overall,0.0,0.1,,
Entire Network,FluSurv-NET,2025-26,2025,41,30-39 yr,Overall,Overall,Overall,0.0,0.0,,
Entire Network,FluSurv-NET,2025-26,2025,41,40-49 yr,Overall,Overall,Overall,0.0,0.0,,
Entire Network,FluSurv-NET,2025-26,2025,41,5-11 yr,Overall,Overall,Overall,0.0,0.1,,
Entire Network,FluSurv-NET,2025-26,2025,41,5-17 yr,Overall,Overall,Overall,0.0,0.1,,
Entire Network,FluSurv-NET,2025-26,2025,41,50-64 yr,Overall,Overall,Overall,0.0,0.2,,
Entire Network,FluSurv-NET,2025-26,2025,41,65-74 yr,Overall,Overall,Overall,1.0,0.4,,
Entire Network,FluSurv-NET,2025-26,2025,41,75-84 yr,Overall,Overall,Overall,1.0,0.6,,
Entire Network,FluSurv-NET,2025-26,2025,41,>= 65 yr,Overall,Overall,Overall,1.0,0.5,,
Entire Network,FluSurv-NET,2025-26,2025,41,>= 75,Overall,Overall,Overall,1.0,0.7,,
Entire Network,FluSurv-NET,2025-26,2025,41,>= 85,Overall,Overall,Overall,1.0,1.0,,
Entire Network,FluSurv-NET,2025-26,2025,41,Adults,Overall,Overall,Overall,0.0,0.2,,
Entire Network,FluSurv-NET,2025-26,2025,41,Overall,Female,Overall,Overall,0.0,0.2,,
Entire Network,FluSurv-NET,2025-26,2025,41,Overall,Male,Overall,Overall,0.0,0.1,,
Entire Network,FluSurv-NET,2025-26,2025,41,Overall,Overall,"American Indian/Alaska Native, NH",Overall,0.0,0.4,0.4416124942418352,0.4416124942418352
Entire Network,FluSurv-NET,2025-26,2025,41,Overall,Overall,"Asian/Pacific Islander, NH",Overall,0.0,0.1,0.11383707079440623,0.08926696193074934
Entire Network,FluSurv-NET,2025-26,2025,41,Overall,Overall,"Black, NH",Overall,0.0,0.2,0.3273925457629442,0.2084160381246495
Entire Network,FluSurv-NET,2025-26,2025,41,Overall,Overall,Hispanic,Overall,0.0,0.1,0.23568562875358867,0.1423779334521744
Entire Network,FluSurv-NET,2025-26,2025,41,Overall,Overall,Overall,Overall,0.0,0.2,,
Entire Network,FluSurv-NET,2025-26,2025,41,Overall,Overall,"White, NH",Overall,0.0,0.2,0.18877222680098274,0.13149554814867892
Entire Network,FluSurv-NET,2025-26,2025,41,Pediatrics,Overall,Overall,Overall,0.0,0.1,,
Georgia,FluSurv-NET,2025-26,2025,41,Overall,Overall,Overall,Overall,0.0,0.1,,
Maryland,FluSurv-NET,2025-26,2025,41,Overall,Overall,Overall,Overall,0.0,0.2,,
Michigan,FluSurv-NET,2025-26,2025,41,Overall,Overall,Overall,Overall,0.0,0.1,,
Minnesota,FluSurv-NET,2025-26,2025,41,Overall,Overall,Overall,Overall,0.0,0.1,,
New Mexico,FluSurv-NET,2025-26,2025,41,Overall,Overall,Overall,Overall,1.0,0.5,,
New York,FluSurv-NET,2025-26,2025,41,Overall,Overall,Overall,Overall,0.0,0.0,,
North Carolina,FluSurv-NET,2025-26,2025,41,Overall,Overall,Overall,Overall,0.0,0.2,,
Oregon,FluSurv-NET,2025-26,2025,41,Overall,Overall,Overall,Overall,0.0,0.1,,
Tennessee,FluSurv-NET,2025-26,2025,41,Overall,Overall,Overall,Overall,0.0,0.3,,
Utah,FluSurv-NET,2025-26,2025,41,Overall,Overall,Overall,Overall,0.0,0.2,,
Washington,FluSurv-NET,2025-26,2025,41,Overall,Overall,Overall,Overall,0.0,0.2,,
California,FluSurv-NET,2025-26,2025,42,Overall,Overall,Overall,Overall,1.0,0.3,,
Colorado,FluSurv-NET,2025-26,2025,42,Overall,Overall,Overall,Overall,1.0,0.2,,
Connecticut,FluSurv-NET,2025-26,2025,42,Overall,Overall,Overall,Overall,0.0,0.1,,
Entire Network,FluSurv-NET,2025-26,2025,42,0-4 yr,Overall,Overall,Overall,0.0,0.0,,
Entire Network,FluSurv-NET,2025-26,2025,42,0-<1 yr,Overall,Overall,Overall,0.0,0.0,,
Entire Network,FluSurv-NET,2025-26,2025,42,1-4 yr,Overall,Overall,Overall,0.0,0.0,,
Entire Network,FluSurv-NET,2025-26,2025,42,12-17 yr,Overall,Overall,Overall,0.0,0.0,,
Entire Network,FluSurv-NET,2025-26,2025,42,18-29 yr,Overall,Overall,Overall,0.0,0.0,,
Entire Network,FluSurv-NET,2025-26,2025,42,18-49 yr,Overall,Overall,Overall,0.0,0.0,,
Entire Network,FluSurv-NET,2025-26,2025,42,30-39 yr,Overall,Overall,Overall,0.0,0.0,,
Entire Network,FluSurv-NET,2025-26,2025,42,40-49 yr,Overall,Overall,Overall,0.0,0.0,,
Entire Network,FluSurv-NET,2025-26,2025,42,5-11 yr,Overall,Overall,Overall,0.0,0.1,,
Entire Network,FluSurv-NET,2025-26,2025,42,5-17 yr,Overall,Overall,Overall,0.0,0.1,,
Entire Network,FluSurv-NET,2025-26,2025,42,50-64 yr,Overall,Overall,Overall,1.0,0.3,,
Entire Network,FluSurv-NET,2025-26,2025,42,65-74 yr,Overall,Overall,Overall,1.0,0.2,,
Entire Network,FluSurv-NET,2025-26,2025,42,75-84 yr,Overall,Overall,Overall,2.0,0.8,,
Entire Network,FluSurv-NET,2025-26,2025,42,>= 65 yr,Overall,Overall,Overall,1.0,0.5,,
Entire Network,FluSurv-NET,2025-26,2025,42,>= 75,Overall,Overall,Overall,2.0,1.1,,
Entire Network,FluSurv-NET,2025-26,2025,42,>= 85,Overall,Overall,Overall,3.0,1.9,,
Entire Network,FluSurv-NET,2025-26,2025,42,Adults,Overall,Overall,Overall,0.0,0.2,,
Entire Network,FluSurv-NET,2025-26,2025,42,Overall,Female,Overall,Overall,0.0,0.1,,
Entire Network,FluSurv-NET,2025-26,2025,42,Overall,Male,Overall,Overall,0.0,0.2,,
Entire Network,FluSurv-NET,2025-26,2025,42,Overall,Overall,"American Indian/Alaska Native, NH",Overall,0.0,0.0,0.4416124942418352,0.0
Entire Network,FluSurv-NET,2025-26,2025,42,Overall,Overall,"Asian/Pacific Islander, NH",Overall,0.0,0.2,0.31863644211844544,0.2047993713240392
Entire Network,FluSurv-NET,2025-26,2025,42,Overall,Overall,"Black, NH",Overall,1.0,0.3,0.6487847918317644,0.32139224606882016
Entire Network,FluSurv-NET,2025-26,2025,42,Overall,Overall,Hispanic,Overall,0.0,0.1,0.3660989312742773,0.13041330252068856
Entire Network,FluSurv-NET,2025-26,2025,42,Overall,Overall,Overall,Overall,0.0,0.2,,
Entire Network,FluSurv-NET,2025-26,2025,42,Overall,Overall,"White, NH",Overall,0.0,0.1,0.302200559936044,0.11342833313506126
Entire Network,FluSurv-NET,2025-26,2025,42,Pediatrics,Overall,Overall,Overall,0.0,0.1,,
Georgia,FluSurv-NET,2025-26,2025,42,Overall,Overall,Overall,Overall,0.0,0.1,,
Maryland,FluSurv-NET,2025-26,2025,42,Overall,Overall,Overall,Overall,1.0,0.3,,
Michigan,FluSurv-NET,2025-26,2025,42,Overall,Overall,Overall,Overall,0.0,0.0,,
Minnesota,FluSurv-NET,2025-26,2025,42,Overall,Overall,Overall,Overall,0.0,0.1,,
New Mexico,FluSurv-NET,2025-26,2025,42,Overall,Overall,Overall,Overall,1.0,0.1,,
New York,FluSurv-NET,2025-26,2025,42,Overall,Overall,Overall,Overall,0.0,0.0,,
North Carolina,FluSurv-NET,2025-26,2025,42,Overall,Overall,Overall,Overall,0.0,0.2,,
Oregon,FluSurv-NET,2025-26,2025,42,Overall,Overall,Overall,Overall,0.0,0.0,,
Tennessee,FluSurv-NET,2025-26,2025,42,Overall,Overall,Overall,Overall,1.0,0.4,,
Utah,FluSurv-NET,2025-26,2025,42,Overall,Overall,Overall,Overall,0.0,0.0,,
Washington,FluSurv-NET,2025-26,2025,42,Overall,Overall,Overall,Overall,1.0,0.2,,
California,FluSurv-NET,2025-26,2025,43,Overall,Overall,Overall,Overall,1.0,0.2,,
Colorado,FluSurv-NET,2025-26,2025,43,Overall,Overall,Overall,Overall,1.0,0.2,,
Connecticut,FluSurv-NET,2025-26,2025,43,Overall,Overall,Overall,Overall,1.0,0.6,,
Entire Network,FluSurv-NET,2025-26,2025,43,0-4 yr,Overall,Overall,Overall,0.0,0.0,,
Entire Network,FluSurv-NET,2025-26,2025,43,0-<1 yr,Overall,Overall,Overall,0.0,0.0,,
Entire Network,FluSurv-NET,2025-26,2025,43,1-4 yr,Overall,Overall,Overall,0.0,0.0,,
Entire Network,FluSurv-NET,2025-26,2025,43,12-17 yr,Overall,Overall,Overall,0.0,0.0,,
Entire Network,FluSurv-NET,2025-26,2025,43,18-29 yr,Overall,Overall,Overall,0.0,0.1,,
Entire Network,FluSurv-NET,2025-26,2025,43,18-49 yr,Overall,Overall,Overall,0.0,0.1,,
Entire Network,FluSurv-NET,2025-26,2025,43,30-39 yr,Overall,Overall,Overall,0.0,0.1,,
Entire Network,FluSurv-NET,2025-26,2025,43,40-49 yr,Overall,Overall,Overall,0.0,0.2,,
Entire Network,FluSurv-NET,2025-26,2025,43,5-11 yr,Overall,Overall,Overall,0.0,0.1,,
Entire Network,FluSurv-NET,2025-26,2025,43,5-17 yr,Overall,Overall,Overall,0.0,0.1,,
Entire Network,FluSurv-NET,2025-26,2025,43,50-64 yr,Overall,Overall,Overall,1.0,0.2,,
Entire Network,FluSurv-NET,2025-26,2025,43,65-74 yr,Overall,Overall,Overall,1.0,0.4,,
Entire Network,FluSurv-NET,2025-26,2025,43,75-84 yr,Overall,Overall,Overall,3.0,1.2,,
Entire Network,FluSurv-NET,2025-26,2025,43,>= 65 yr,Overall,Overall,Overall,2.0,0.7,,
Entire Network,FluSurv-NET,2025-26,2025,43,>= 75,Overall,Overall,Overall,3.0,1.1,,
Entire Network,FluSurv-NET,2025-26,2025,43,>= 85,Overall,Overall,Overall,4.0,1.0,,
Entire Network,FluSurv-NET,2025-26,2025,43,Adults,Overall,Overall,Overall,1.0,0.3,,
Entire Network,FluSurv-NET,2025-26,2025,43,Overall,Female,Overall,Overall,1.0,0.3,,
Entire Network,FluSurv-NET,2025-26,2025,43,Overall,Male,Overall,Overall,1.0,0.1,,
Entire Network,FluSurv-NET,2025-26,2025,43,Overall,Overall,"American Indian/Alaska Native, NH",Overall,0.0,0.0,0.4416124942418352,0.0
Entire Network,FluSurv-NET,2025-26,2025,43,Overall,Overall,"Asian/Pacific Islander, NH",Overall,0.0,0.1,0.4077912127166545,0.08915477059820914
Entire Network,FluSurv-NET,2025-26,2025,43,Overall,Overall,"Black, NH",Overall,1.0,0.3,0.9846215229743129,0.3358367311425485
Entire Network,FluSurv-NET,2025-26,2025,43,Overall,Overall,Hispanic,Overall,1.0,0.2,0.6749300001750773,0.3088310689008
Entire Network,FluSurv-NET,2025-26,2025,43,Overall,Overall,Overall,Overall,1.0,0.2,,
Entire Network,FluSurv-NET,2025-26,2025,43,Overall,Overall,"White, NH",Overall,1.0,0.2,0.45577829182376817,0.1535777318877242
Entire Network,FluSurv-NET,2025-26,2025,43,Pediatrics,Overall,Overall,Overall,0.0,0.0,,
Georgia,FluSurv-NET,2025-26,2025,43,Overall,Overall,Overall,Overall,1.0,0.2,,
Maryland,FluSurv-NET,2025-26,2025,43,Overall,Overall,Overall,Overall,1.0,0.2,,
Michigan,FluSurv-NET,2025-26,2025,43,Overall,Overall,Overall,Overall,0.0,0.1,,
Minnesota,FluSurv-NET,2025-26,2025,43,Overall,Overall,Overall,Overall,0.0,0.0,,
New Mexico,FluSurv-NET,2025-26,2025,43,Overall,Overall,Overall,Overall,1.0,0.2,,
New York,FluSurv-NET,2025-26,2025,43,Overall,Overall,Overall,Overall,0.0,0.2,,
North Carolina,FluSurv-NET,2025-26,2025,43,Overall,Overall,Overall,Overall,1.0,0.2,,
Oregon,FluSurv-NET,2025-26,2025,43,Overall,Overall,Overall,Overall,0.0,0.1,,
Tennessee,FluSurv-NET,2025-26,2025,43,Overall,Overall,Overall,Overall,1.0,0.4,,
Utah,FluSurv-NET,2025-26,2025,43,Overall,Overall,Overall,Overall,0.0,0.2,,
Washington,FluSurv-NET,2025-26,2025,43,Overall,Overall,Overall,Overall,1.0,0.2,,
California,FluSurv-NET,2025-26,2025,44,Overall,Overall,Overall,Overall,1.0,0.3,,
Colorado,FluSurv-NET,2025-26,2025,44,Overall,Overall,Overall,Overall,1.0,0.4,,
Connecticut,FluSurv-NET,2025-26,2025,44,Overall,Overall,Overall,Overall,1.0,0.2,,
Entire Network,FluSurv-NET,2025-26,2025,44,0-4 yr,Overall,Overall,Overall,1.0,0.3,,
Entire Network,FluSurv-NET,2025-26,2025,44,0-<1 yr,Overall,Overall,Overall,1.0,0.5,,
Entire Network,FluSurv-NET,2025-26,2025,44,1-4 yr,Overall,Overall,Overall,1.0,0.3,,
Entire Network,FluSurv-NET,2025-26,2025,44,12-17 yr,Overall,Overall,Overall,0.0,0.1,,
Entire Network,FluSurv-NET,2025-26,2025,44,18-29 yr,Overall,Overall,Overall,0.0,0.1,,
Entire Network,FluSurv-NET,2025-26,2025,44,18-49 yr,Overall,Overall,Overall,0.0,0.1,,
Entire Network,FluSurv-NET,2025-26,2025,44,30-39 yr,Overall,Overall,Overall,0.0,0.1,,
Entire Network,FluSurv-NET,2025-26,2025,44,40-49 yr,Overall,Overall,Overall,0.0,0.2,,
Entire Network,FluSurv-NET,2025-26,2025,44,5-11 yr,Overall,Overall,Overall,1.0,0.2,,
Entire Network,FluSurv-NET,2025-26,2025,44,5-17 yr,Overall,Overall,Overall,0.0,0.2,,
Entire Network,FluSurv-NET,2025-26,2025,44,50-64 yr,Overall,Overall,Overall,1.0,0.2,,
Entire Network,FluSurv-NET,2025-26,2025,44,65-74 yr,Overall,Overall,Overall,2.0,0.5,,
Entire Network,FluSurv-NET,2025-26,2025,44,75-84 yr,Overall,Overall,Overall,4.0,0.9,,
Entire Network,FluSurv-NET,2025-26,2025,44,>= 65 yr,Overall,Overall,Overall,3.0,0.7,,
Entire Network,FluSurv-NET,2025-26,2025,44,>= 75,Overall,Overall,Overall,4.0,1.0,,
Entire Network,FluSurv-NET,2025-26,2025,44,>= 85,Overall,Overall,Overall,6.0,1.4,,
Entire Network,FluSurv-NET,2025-26,2025,44,Adults,Overall,Overall,Overall,1.0,0.3,,
Entire Network,FluSurv-NET,2025-26,2025,44,Overall,Female,Overall,Overall,1.0,0.3,,
Entire Network,FluSurv-NET,2025-26,2025,44,Overall,Male,Overall,Overall,1.0,0.2,,
Entire Network,FluSurv-NET,2025-26,2025,44,Overall,Overall,"American Indian/Alaska Native, NH",Overall,1.0,0.4,0.8832249884836704,0.4416124942418352
Entire Network,FluSurv-NET,2025-26,2025,44,Overall,Overall,"Asian/Pacific Islander, NH",Overall,1.0,0.1,0.5755444588043399,0.1677532460876853
Entire Network,FluSurv-NET,2025-26,2025,44,Overall,Overall,"Black, NH",Overall,1.0,0.3,1.2637418557257154,0.2791203327514024
Entire Network,FluSurv-NET,2025-26,2025,44,Overall,Overall,Hispanic,Overall,1.0,0.2,0.9913655581249454,0.31643555794986816
Entire Network,FluSurv-NET,2025-26,2025,44,Overall,Overall,Overall,Overall,1.0,0.2,,
Entire Network,FluSurv-NET,2025-26,2025,44,Overall,Overall,"White, NH",Overall,1.0,0.3,0.697343046958993,0.2415647551352248
Entire Network,FluSurv-NET,2025-26,2025,44,Pediatrics,Overall,Overall,Overall,0.0,0.2,,
Georgia,FluSurv-NET,2025-26,2025,44,Overall,Overall,Overall,Overall,1.0,0.3,,
Maryland,FluSurv-NET,2025-26,2025,44,Overall,Overall,Overall,Overall,1.0,0.3,,
Michigan,FluSurv-NET,2025-26,2025,44,Overall,Overall,Overall,Overall,0.0,0.0,,
Minnesota,FluSurv-NET,2025-26,2025,44,Overall,Overall,Overall,Overall,0.0,0.0,,
New Mexico,FluSurv-NET,2025-26,2025,44,Overall,Overall,Overall,Overall,1.0,0.2,,
New York,FluSurv-NET,2025-26,2025,44,Overall,Overall,Overall,Overall,0.0,0.1,,
North Carolina,FluSurv-NET,2025-26,2025,44,Overall,Overall,Overall,Overall,1.0,0.0,,
Oregon,FluSurv-NET,2025-26,2025,44,Overall,Overall,Overall,Overall,1.0,0.3,,
Tennessee,FluSurv-NET,2025-26,2025,44,Overall,Overall,Overall,Overall,2.0,0.5,,
Utah,FluSurv-NET,2025-26,2025,44,Overall,Overall,Overall,Overall,1.0,0.3,,
Washington,FluSurv-NET,2025-26,2025,44,Overall,Overall,Overall,Overall,1.0,0.3,,
California,FluSurv-NET,2025-26,2025,45,Overall,Overall,Overall,Overall,1.0,0.3,,
Colorado,FluSurv-NET,2025-26,2025,45,Overall,Overall,Overall,Overall,2.0,1.0,,
Connecticut,FluSurv-NET,2025-26,2025,45,Overall,Overall,Overall,Overall,2.0,0.7,,
Entire Network,FluSurv-NET,2025-26,2025,45,0-4 yr,Overall,Overall,Overall,1.0,0.6,,
Entire Network,FluSurv-NET,2025-26,2025,45,0-<1 yr,Overall,Overall,Overall,2.0,1.1,,
Entire Network,FluSurv-NET,2025-26,2025,45,1-4 yr,Overall,Overall,Overall,1.0,0.5,,
Entire Network,FluSurv-NET,2025-26,2025,45,12-17 yr,Overall,Overall,Overall,1.0,0.2,,
Entire Network,FluSurv-NET,2025-26,2025,45,18-29 yr,Overall,Overall,Overall,1.0,0.2,,
Entire Network,FluSurv-NET,2025-26,2025,45,18-49 yr,Overall,Overall,Overall,1.0,0.2,,
Entire Network,FluSurv-NET,2025-26,2025,45,30-39 yr,Overall,Overall,Overall,0.0,0.1,,
Entire Network,FluSurv-NET,2025-26,2025,45,40-49 yr,Overall,Overall,Overall,1.0,0.3,,
Entire Network,FluSurv-NET,2025-26,2025,45,5-11 yr,Overall,Overall,Overall,1.0,0.4,,
Entire Network,FluSurv-NET,2025-26,2025,45,5-17 yr,Overall,Overall,Overall,1.0,0.3,,
Entire Network,FluSurv-NET,2025-26,2025,45,50-64 yr,Overall,Overall,Overall,1.0,0.3,,
Entire Network,FluSurv-NET,2025-26,2025,45,65-74 yr,Overall,Overall,Overall,3.0,0.9,,
Entire Network,FluSurv-NET,2025-26,2025,45,75-84 yr,Overall,Overall,Overall,5.0,1.6,,
Entire Network,FluSurv-NET,2025-26,2025,45,>= 65 yr,Overall,Overall,Overall,4.0,1.4,,
Entire Network,FluSurv-NET,2025-26,2025,45,>= 75,Overall,Overall,Overall,6.0,2.1,,
Entire Network,FluSurv-NET,2025-26,2025,45,>= 85,Overall,Overall,Overall,9.0,3.4,,
Entire Network,FluSurv-NET,2025-26,2025,45,Adults,Overall,Overall,Overall,1.0,0.5,,
Entire Network,FluSurv-NET,2025-26,2025,45,Overall,Female,Overall,Overall,1.0,0.5,,
Entire Network,FluSurv-NET,2025-26,2025,45,Overall,Male,Overall,Overall,1.0,0.4,,
Entire Network,FluSurv-NET,2025-26,2025,45,Overall,Overall,"American Indian/Alaska Native, NH",Overall,1.0,0.4,1.3786084449571046,0.49538345647343424
Entire Network,FluSurv-NET,2025-26,2025,45,Overall,Overall,"Asian/Pacific Islander, NH",Overall,1.0,0.2,0.843405483940025,0.26786102513568527
Entire Network,FluSurv-NET,2025-26,2025,45,Overall,Overall,"Black, NH",Overall,2.0,0.7,2.0496813058549606,0.7859394501292455
Entire Network,FluSurv-NET,2025-26,2025,45,Overall,Overall,Hispanic,Overall,1.0,0.3,1.3532995724833858,0.3619340143584404
Entire Network,FluSurv-NET,2025-26,2025,45,Overall,Overall,Overall,Overall,1.0,0.5,,
Entire Network,FluSurv-NET,2025-26,2025,45,Overall,Overall,"White, NH",Overall,1.0,0.4,1.0811958143351386,0.38385276737614576
Entire Network,FluSurv-NET,2025-26,2025,45,Pediatrics,Overall,Overall,Overall,1.0,0.4,,
Georgia,FluSurv-NET,2025-26,2025,45,Overall,Overall,Overall,Overall,1.0,0.6,,
Maryland,FluSurv-NET,2025-26,2025,45,Overall,Overall,Overall,Overall,2.0,0.5,,
Michigan,FluSurv-NET,2025-26,2025,45,Overall,Overall,Overall,Overall,0.0,0.1,,
Minnesota,FluSurv-NET,2025-26,2025,45,Overall,Overall,Overall,Overall,0.0,0.2,,
New Mexico,FluSurv-NET,2025-26,2025,45,Overall,Overall,Overall,Overall,1.0,0.3,,
New York,FluSurv-NET,2025-26,2025,45,Overall,Overall,Overall,Overall,1.0,0.1,,
North Carolina,FluSurv-NET,2025-26,2025,45,Overall,Overall,Overall,Overall,1.0,0.8,,
Oregon,FluSurv-NET,2025-26,2025,45,Overall,Overall,Overall,Overall,1.0,0.5,,
Tennessee,FluSurv-NET,2025-26,2025,45,Overall,Overall,Overall,Overall,2.0,0.8,,
Utah,FluSurv-NET,2025-26,2025,45,Overall,Overall,Overall,Overall,1.0,0.7,,
Washington,FluSurv-NET,2025-26,2025,45,Overall,Overall,Overall,Overall,1.0,0.3,,
California,FluSurv-NET,2025-26,2025,46,Overall,Overall,Overall,Overall,1.0,0.2,,
Colorado,FluSurv-NET,2025-26,2025,46,Overall,Overall,Overall,Overall,4.0,1.6,,
Connecticut,FluSurv-NET,2025-26,2025,46,Overall,Overall,Overall,Overall,3.0,0.7,,
Entire Network,FluSurv-NET,2025-26,2025,46,0-4 yr,Overall,Overall,Overall,2.0,0.9,,
Entire Network,FluSurv-NET,2025-26,2025,46,0-<1 yr,Overall,Overall,Overall,3.0,1.4,,
Entire Network,FluSurv-NET,2025-26,2025,46,1-4 yr,Overall,Overall,Overall,2.0,0.7,,
Entire Network,FluSurv-NET,2025-26,2025,46,12-17 yr,Overall,Overall,Overall,1.0,0.4,,
Entire Network,FluSurv-NET,2025-26,2025,46,18-29 yr,Overall,Overall,Overall,1.0,0.3,,
Entire Network,FluSurv-NET,2025-26,2025,46,18-49 yr,Overall,Overall,Overall,1.0,0.3,,
Entire Network,FluSurv-NET,2025-26,2025,46,30-39 yr,Overall,Overall,Overall,1.0,0.3,,
Entire Network,FluSurv-NET,2025-26,2025,46,40-49 yr,Overall,Overall,Overall,1.0,0.2,,
Entire Network,FluSurv-NET,2025-26,2025,46,5-11 yr,Overall,Overall,Overall,2.0,0.6,,
Entire Network,FluSurv-NET,2025-26,2025,46,5-17 yr,Overall,Overall,Overall,1.0,0.5,,
Entire Network,FluSurv-NET,2025-26,2025,46,50-64 yr,Overall,Overall,Overall,2.0,0.7,,
Entire Network,FluSurv-NET,2025-26,2025,46,65-74 yr,Overall,Overall,Overall,4.0,1.5,,
Entire Network,FluSurv-NET,2025-26,2025,46,75-84 yr,Overall,Overall,Overall,7.0,1.9,,
Entire Network,FluSurv-NET,2025-26,2025,46,>= 65 yr,Overall,Overall,Overall,6.0,1.9,,
Entire Network,FluSurv-NET,2025-26,2025,46,>= 75,Overall,Overall,Overall,9.0,2.5,,
Entire Network,FluSurv-NET,2025-26,2025,46,>= 85,Overall,Overall,Overall,13.0,4.3,,
Entire Network,FluSurv-NET,2025-26,2025,46,Adults,Overall,Overall,Overall,2.0,0.7,,
Entire Network,FluSurv-NET,2025-26,2025,46,Overall,Female,Overall,Overall,2.0,0.7,,
Entire Network,FluSurv-NET,2025-26,2025,46,Overall,Male,Overall,Overall,2.0,0.6,,
Entire Network,FluSurv-NET,2025-26,2025,46,Overall,Overall,"American Indian/Alaska Native, NH",Overall,2.0,0.4,1.8969110757758356,0.518302630818731
Entire Network,FluSurv-NET,2025-26,2025,46,Overall,Overall,"Asian/Pacific Islander, NH",Overall,1.0,0.3,1.1767149592732815,0.3333094753332565
Entire Network,FluSurv-NET,2025-26,2025,46,Overall,Overall,"Black, NH",Overall,3.0,1.4,3.50111222961183,1.4514309237568703
Entire Network,FluSurv-NET,2025-26,2025,46,Overall,Overall,Hispanic,Overall,1.0,0.3,1.7544228792905328,0.40112330680714664
Entire Network,FluSurv-NET,2025-26,2025,46,Overall,Overall,Overall,Overall,2.0,0.7,,
Entire Network,FluSurv-NET,2025-26,2025,46,Overall,Overall,"White, NH",Overall,2.0,0.6,1.6079955365327887,0.5267997221976503
Entire Network,FluSurv-NET,2025-26,2025,46,Pediatrics,Overall,Overall,Overall,1.0,0.6,,
Georgia,FluSurv-NET,2025-26,2025,46,Overall,Overall,Overall,Overall,2.0,1.0,,
Maryland,FluSurv-NET,2025-26,2025,46,Overall,Overall,Overall,Overall,3.0,1.3,,
Michigan,FluSurv-NET,2025-26,2025,46,Overall,Overall,Overall,Overall,1.0,0.1,,
Minnesota,FluSurv-NET,2025-26,2025,46,Overall,Overall,Overall,Overall,1.0,0.4,,
New Mexico,FluSurv-NET,2025-26,2025,46,Overall,Overall,Overall,Overall,2.0,0.4,,
New York,FluSurv-NET,2025-26,2025,46,Overall,Overall,Overall,Overall,1.0,0.6,,
North Carolina,FluSurv-NET,2025-26,2025,46,Overall,Overall,Overall,Overall,2.0,0.8,,
Oregon,FluSurv-NET,2025-26,2025,46,Overall,Overall,Overall,Overall,2.0,0.3,,
Tennessee,FluSurv-NET,2025-26,2025,46,Overall,Overall,Overall,Overall,3.0,0.7,,
Utah,FluSurv-NET,2025-26,2025,46,Overall,Overall,Overall,Overall,2.0,1.0,,
Washington,FluSurv-NET,2025-26,2025,46,Overall,Overall,Overall,Overall,2.0,0.4,,
California,FluSurv-NET,2025-26,2025,47,Overall,Overall,Overall,Overall,2.0,0.3,,
Colorado,FluSurv-NET,2025-26,2025,47,Overall,Overall,Overall,Overall,7.0,3.0,,
Connecticut,FluSurv-NET,2025-26,2025,47,Overall,Overall,Overall,Overall,5.0,2.1,,
Entire Network,FluSurv-NET,2025-26,2025,47,0-4 yr,Overall,Overall,Overall,4.0,1.9,,
Entire Network,FluSurv-NET,2025-26,2025,47,0-<1 yr,Overall,Overall,Overall,5.0,2.2,,
Entire Network,FluSurv-NET,2025-26,2025,47,1-4 yr,Overall,Overall,Overall,4.0,1.8,,
Entire Network,FluSurv-NET,2025-26,2025,47,12-17 yr,Overall,Overall,Overall,2.0,0.8,,
Entire Network,FluSurv-NET,2025-26,2025,47,18-29 yr,Overall,Overall,Overall,1.0,0.6,,
Entire Network,FluSurv-NET,2025-26,2025,47,18-49 yr,Overall,Overall,Overall,1.0,0.5,,
Entire Network,FluSurv-NET,2025-26,2025,47,30-39 yr,Overall,Overall,Overall,1.0,0.6,,
Entire Network,FluSurv-NET,2025-26,2025,47,40-49 yr,Overall,Overall,Overall,2.0,0.5,,
Entire Network,FluSurv-NET,2025-26,2025,47,5-11 yr,Overall,Overall,Overall,3.0,1.3,,
Entire Network,FluSurv-NET,2025-26,2025,47,5-17 yr,Overall,Overall,Overall,2.0,1.0,,
Entire Network,FluSurv-NET,2025-26,2025,47,50-64 yr,Overall,Overall,Overall,3.0,1.0,,
Entire Network,FluSurv-NET,2025-26,2025,47,65-74 yr,Overall,Overall,Overall,6.0,2.4,,
Entire Network,FluSurv-NET,2025-26,2025,47,75-84 yr,Overall,Overall,Overall,10.0,3.2,,
Entire Network,FluSurv-NET,2025-26,2025,47,>= 65 yr,Overall,Overall,Overall,9.0,3.1,,
Entire Network,FluSurv-NET,2025-26,2025,47,>= 75,Overall,Overall,Overall,13.0,4.1,,
Entire Network,FluSurv-NET,2025-26,2025,47,>= 85,Overall,Overall,Overall,20.0,6.7,,
Entire Network,FluSurv-NET,2025-26,2025,47,Adults,Overall,Overall,Overall,3.0,1.2,,
Entire Network,FluSurv-NET,2025-26,2025,47,Overall,Female,Overall,Overall,3.0,1.1,,
Entire Network,FluSurv-NET,2025-26,2025,47,Overall,Male,Overall,Overall,3.0,1.3,,
Entire Network,FluSurv-NET,2025-26,2025,47,Overall,Overall,"American Indian/Alaska Native, NH",Overall,5.0,3.4,5.313351994879014,3.416440919103178
Entire Network,FluSurv-NET,2025-26,2025,47,Overall,Overall,"Asian/Pacific Islander, NH",Overall,2.0,0.5,1.6993033314077,0.5225883721344182
Entire Network,FluSurv-NET,2025-26,2025,47,Overall,Overall,"Black, NH",Overall,5.0,2.2,5.806892002400691,2.3057797727888603
Entire Network,FluSurv-NET,2025-26,2025,47,Overall,Overall,Hispanic,Overall,3.0,1.1,3.0078030307558516,1.2533801514653193
Entire Network,FluSurv-NET,2025-26,2025,47,Overall,Overall,Overall,Overall,3.0,1.2,,
Entire Network,FluSurv-NET,2025-26,2025,47,Overall,Overall,"White, NH",Overall,3.0,1.0,2.5316019132019636,0.9236063766691747
Entire Network,FluSurv-NET,2025-26,2025,47,Pediatrics,Overall,Overall,Overall,3.0,1.2,,
Georgia,FluSurv-NET,2025-26,2025,47,Overall,Overall,Overall,Overall,4.0,1.8,,
Maryland,FluSurv-NET,2025-26,2025,47,Overall,Overall,Overall,Overall,5.0,1.9,,
Michigan,FluSurv-NET,2025-26,2025,47,Overall,Overall,Overall,Overall,1.0,0.6,,
Minnesota,FluSurv-NET,2025-26,2025,47,Overall,Overall,Overall,Overall,2.0,0.9,,
New Mexico,FluSurv-NET,2025-26,2025,47,Overall,Overall,Overall,Overall,3.0,0.9,,
New York,FluSurv-NET,2025-26,2025,47,Overall,Overall,Overall,Overall,2.0,1.0,,
North Carolina,FluSurv-NET,2025-26,2025,47,Overall,Overall,Overall,Overall,4.0,1.5,,
Oregon,FluSurv-NET,2025-26,2025,47,Overall,Overall,Overall,Overall,2.0,0.6,,
Tennessee,FluSurv-NET,2025-26,2025,47,Overall,Overall,Overall,Overall,4.0,0.8,,
Utah,FluSurv-NET,2025-26,2025,47,Overall,Overall,Overall,Overall,4.0,1.4,,
Washington,FluSurv-NET,2025-26,2025,47,Overall,Overall,Overall,Overall,2.0,0.5,,
California,FluSurv-NET,2025-26,2025,48,Overall,Overall,Overall,Overall,2.0,0.5,,
Colorado,FluSurv-NET,2025-26,2025,48,Overall,Overall,Overall,Overall,11.0,4.1,,
Connecticut,FluSurv-NET,2025-26,2025,48,Overall,Overall,Overall,Overall,9.0,4.1,,
Entire Network,FluSurv-NET,2025-26,2025,48,0-4 yr,Overall,Overall,Overall,7.0,3.1,,
Entire Network,FluSurv-NET,2025-26,2025,48,0-<1 yr,Overall,Overall,Overall,10.0,5.2,,
Entire Network,FluSurv-NET,2025-26,2025,48,1-4 yr,Overall,Overall,Overall,6.0,2.6,,
Entire Network,FluSurv-NET,2025-26,2025,48,12-17 yr,Overall,Overall,Overall,3.0,0.9,,
Entire Network,FluSurv-NET,2025-26,2025,48,18-29 yr,Overall,Overall,Overall,2.0,0.9,,
Entire Network,FluSurv-NET,2025-26,2025,48,18-49 yr,Overall,Overall,Overall,2.0,0.7,,
Entire Network,FluSurv-NET,2025-26,2025,48,30-39 yr,Overall,Overall,Overall,2.0,0.6,,
Entire Network,FluSurv-NET,2025-26,2025,48,40-49 yr,Overall,Overall,Overall,2.0,0.6,,
Entire Network,FluSurv-NET,2025-26,2025,48,5-11 yr,Overall,Overall,Overall,5.0,2.1,,
Entire Network,FluSurv-NET,2025-26,2025,48,5-17 yr,Overall,Overall,Overall,4.0,1.5,,
Entire Network,FluSurv-NET,2025-26,2025,48,50-64 yr,Overall,Overall,Overall,4.0,1.5,,
Entire Network,FluSurv-NET,2025-26,2025,48,65-74 yr,Overall,Overall,Overall,10.0,3.3,,
Entire Network,FluSurv-NET,2025-26,2025,48,75-84 yr,Overall,Overall,Overall,17.0,6.9,,
Entire Network,FluSurv-NET,2025-26,2025,48,>= 65 yr,Overall,Overall,Overall,14.0,5.1,,
Entire Network,FluSurv-NET,2025-26,2025,48,>= 75,Overall,Overall,Overall,20.0,7.6,,
Entire Network,FluSurv-NET,2025-26,2025,48,>= 85,Overall,Overall,Overall,30.0,9.9,,
Entire Network,FluSurv-NET,2025-26,2025,48,Adults,Overall,Overall,Overall,5.0,1.8,,
Entire Network,FluSurv-NET,2025-26,2025,48,Overall,Female,Overall,Overall,5.0,1.9,,
Entire Network,FluSurv-NET,2025-26,2025,48,Overall,Male,Overall,Overall,5.0,1.8,,
Entire Network,FluSurv-NET,2025-26,2025,48,Overall,Overall,"American Indian/Alaska Native, NH",Overall,6.0,1.3,6.592548266430393,1.2791962715513785
Entire Network,FluSurv-NET,2025-26,2025,48,Overall,Overall,"Asian/Pacific Islander, NH",Overall,2.0,0.8,2.634417851371584,0.9351145199638841
Entire Network,FluSurv-NET,2025-26,2025,48,Overall,Overall,"Black, NH",Overall,9.0,3.5,9.56450066112155,3.757608658720859
Entire Network,FluSurv-NET,2025-26,2025,48,Overall,Overall,Hispanic,Overall,4.0,1.8,5.10507092316072,2.097267892404868
Entire Network,FluSurv-NET,2025-26,2025,48,Overall,Overall,Overall,Overall,5.0,1.8,,
Entire Network,FluSurv-NET,2025-26,2025,48,Overall,Overall,"White, NH",Overall,4.0,1.5,3.8900590155339883,1.3584571023320253
Entire Network,FluSurv-NET,2025-26,2025,48,Pediatrics,Overall,Overall,Overall,5.0,1.9,,
Georgia,FluSurv-NET,2025-26,2025,48,Overall,Overall,Overall,Overall,7.0,2.6,,
Maryland,FluSurv-NET,2025-26,2025,48,Overall,Overall,Overall,Overall,8.0,3.0,,
Michigan,FluSurv-NET,2025-26,2025,48,Overall,Overall,Overall,Overall,2.0,0.9,,
Minnesota,FluSurv-NET,2025-26,2025,48,Overall,Overall,Overall,Overall,3.0,1.6,,
New Mexico,FluSurv-NET,2025-26,2025,48,Overall,Overall,Overall,Overall,5.0,1.9,,
New York,FluSurv-NET,2025-26,2025,48,Overall,Overall,Overall,Overall,5.0,3.0,,
North Carolina,FluSurv-NET,2025-26,2025,48,Overall,Overall,Overall,Overall,6.0,2.1,,
Oregon,FluSurv-NET,2025-26,2025,48,Overall,Overall,Overall,Overall,3.0,0.9,,
Tennessee,FluSurv-NET,2025-26,2025,48,Overall,Overall,Overall,Overall,4.0,0.5,,
Utah,FluSurv-NET,2025-26,2025,48,Overall,Overall,Overall,Overall,5.0,1.2,,
Washington,FluSurv-NET,2025-26,2025,48,Overall,Overall,Overall,Overall,3.0,0.7,,
California,FluSurv-NET,2025-26,2025,49,Overall,Overall,Overall,Overall,3.0,0.7,,
Colorado,FluSurv-NET,2025-26,2025,49,Overall,Overall,Overall,Overall,18.0,7.1,,
Connecticut,FluSurv-NET,2025-26,2025,49,Overall,Overall,Overall,Overall,15.0,6.3,,
Entire Network,FluSurv-NET,2025-26,2025,49,0-4 yr,Overall,Overall,Overall,11.0,3.6,,
Entire Network,FluSurv-NET,2025-26,2025,49,0-<1 yr,Overall,Overall,Overall,17.0,7.1,,
Entire Network,FluSurv-NET,2025-26,2025,49,1-4 yr,Overall,Overall,Overall,9.0,2.7,,
Entire Network,FluSurv-NET,2025-26,2025,49,12-17 yr,Overall,Overall,Overall,4.0,1.2,,
Entire Network,FluSurv-NET,2025-26,2025,49,18-29 yr,Overall,Overall,Overall,4.0,1.3,,
Entire Network,FluSurv-NET,2025-26,2025,49,18-49 yr,Overall,Overall,Overall,3.0,1.2,,
Entire Network,FluSurv-NET,2025-26,2025,49,30-39 yr,Overall,Overall,Overall,3.0,1.1,,
Entire Network,FluSurv-NET,2025-26,2025,49,40-49 yr,Overall,Overall,Overall,3.0,1.3,,
Entire Network,FluSurv-NET,2025-26,2025,49,5-11 yr,Overall,Overall,Overall,6.0,1.6,,
Entire Network,FluSurv-NET,2025-26,2025,49,5-17 yr,Overall,Overall,Overall,5.0,1.4,,
Entire Network,FluSurv-NET,2025-26,2025,49,50-64 yr,Overall,Overall,Overall,7.0,2.6,,
Entire Network,FluSurv-NET,2025-26,2025,49,65-74 yr,Overall,Overall,Overall,16.0,5.9,,
Entire Network,FluSurv-NET,2025-26,2025,49,75-84 yr,Overall,Overall,Overall,28.0,10.5,,
Entire Network,FluSurv-NET,2025-26,2025,49,>= 65 yr,Overall,Overall,Overall,23.0,8.6,,
Entire Network,FluSurv-NET,2025-26,2025,49,>= 75,Overall,Overall,Overall,33.0,12.5,,
Entire Network,FluSurv-NET,2025-26,2025,49,>= 85,Overall,Overall,Overall,49.0,18.6,,
Entire Network,FluSurv-NET,2025-26,2025,49,Adults,Overall,Overall,Overall,8.0,3.1,,
Entire Network,FluSurv-NET,2025-26,2025,49,Overall,Female,Overall,Overall,8.0,3.1,,
Entire Network,FluSurv-NET,2025-26,2025,49,Overall,Male,Overall,Overall,7.0,2.6,,
Entire Network,FluSurv-NET,2025-26,2025,49,Overall,Overall,"American Indian/Alaska Native, NH",Overall,10.0,3.8,10.56869947271586,3.9761512062854676
Entire Network,FluSurv-NET,2025-26,2025,49,Overall,Overall,"Asian/Pacific Islander, NH",Overall,3.0,1.2,3.939660819504667,1.3052429681330835
Entire Network,FluSurv-NET,2025-26,2025,49,Overall,Overall,"Black, NH",Overall,14.0,4.9,14.808614521579628,5.244113860458078
Entire Network,FluSurv-NET,2025-26,2025,49,Overall,Overall,Hispanic,Overall,7.0,2.5,8.224258342683779,3.1191874195230596
Entire Network,FluSurv-NET,2025-26,2025,49,Overall,Overall,Overall,Overall,8.0,2.9,,
Entire Network,FluSurv-NET,2025-26,2025,49,Overall,Overall,"White, NH",Overall,7.0,2.7,6.1950873346356214,2.305028319101632
Entire Network,FluSurv-NET,2025-26,2025,49,Pediatrics,Overall,Overall,Overall,7.0,2.0,,
Georgia,FluSurv-NET,2025-26,2025,49,Overall,Overall,Overall,Overall,10.0,3.1,,
Maryland,FluSurv-NET,2025-26,2025,49,Overall,Overall,Overall,Overall,12.0,3.7,,
Michigan,FluSurv-NET,2025-26,2025,49,Overall,Overall,Overall,Overall,3.0,1.2,,
Minnesota,FluSurv-NET,2025-26,2025,49,Overall,Overall,Overall,Overall,7.0,3.3,,
New Mexico,FluSurv-NET,2025-26,2025,49,Overall,Overall,Overall,Overall,7.0,2.2,,
New York,FluSurv-NET,2025-26,2025,49,Overall,Overall,Overall,Overall,10.0,5.2,,
North Carolina,FluSurv-NET,2025-26,2025,49,Overall,Overall,Overall,Overall,11.0,5.4,,
Oregon,FluSurv-NET,2025-26,2025,49,Overall,Overall,Overall,Overall,4.0,0.8,,
Tennessee,FluSurv-NET,2025-26,2025,49,Overall,Overall,Overall,Overall,5.0,1.0,,
Utah,FluSurv-NET,2025-26,2025,49,Overall,Overall,Overall,Overall,8.0,2.6,,
Washington,FluSurv-NET,2025-26,2025,49,Overall,Overall,Overall,Overall,4.0,1.1,,
California,FluSurv-NET,2025-26,2025,50,Overall,Overall,Overall,Overall,4.0,1.0,,
Colorado,FluSurv-NET,2025-26,2025,50,Overall,Overall,Overall,Overall,26.0,8.4,,
Connecticut,FluSurv-NET,2025-26,2025,50,Overall,Overall,Overall,Overall,27.0,11.9,,
Entire Network,FluSurv-NET,2025-26,2025,50,0-4 yr,Overall,Overall,Overall,16.0,5.0,,
Entire Network,FluSurv-NET,2025-26,2025,50,0-<1 yr,Overall,Overall,Overall,26.0,8.2,,
Entire Network,FluSurv-NET,2025-26,2025,50,1-4 yr,Overall,Overall,Overall,13.0,4.2,,
Entire Network,FluSurv-NET,2025-26,2025,50,12-17 yr,Overall,Overall,Overall,6.0,1.8,,
Entire Network,FluSurv-NET,2025-26,2025,50,18-29 yr,Overall,Overall,Overall,6.0,2.2,,
Entire Network,FluSurv-NET,2025-26,2025,50,18-49 yr,Overall,Overall,Overall,5.0,1.9,,
Entire Network,FluSurv-NET,2025-26,2025,50,30-39 yr,Overall,Overall,Overall,5.0,1.7,,
Entire Network,FluSurv-NET,2025-26,2025,50,40-49 yr,Overall,Overall,Overall,5.0,2.0,,
Entire Network,FluSurv-NET,2025-26,2025,50,5-11 yr,Overall,Overall,Overall,10.0,3.6,,
Entire Network,FluSurv-NET,2025-26,2025,50,5-17 yr,Overall,Overall,Overall,8.0,2.7,,
Entire Network,FluSurv-NET,2025-26,2025,50,50-64 yr,Overall,Overall,Overall,12.0,4.7,,
Entire Network,FluSurv-NET,2025-26,2025,50,65-74 yr,Overall,Overall,Overall,24.0,8.1,,
Entire Network,FluSurv-NET,2025-26,2025,50,75-84 yr,Overall,Overall,Overall,45.0,16.9,,
Entire Network,FluSurv-NET,2025-26,2025,50,>= 65 yr,Overall,Overall,Overall,36.0,13.4,,
Entire Network,FluSurv-NET,2025-26,2025,50,>= 75,Overall,Overall,Overall,54.0,20.8,,
Entire Network,FluSurv-NET,2025-26,2025,50,>= 85,Overall,Overall,Overall,81.0,32.9,,
Entire Network,FluSurv-NET,2025-26,2025,50,Adults,Overall,Overall,Overall,13.0,5.0,,
Entire Network,FluSurv-NET,2025-26,2025,50,Overall,Female,Overall,Overall,14.0,5.2,,
Entire Network,FluSurv-NET,2025-26,2025,50,Overall,Male,Overall,Overall,11.0,4.0,,
Entire Network,FluSurv-NET,2025-26,2025,50,Overall,Overall,"American Indian/Alaska Native, NH",Overall,17.0,6.8,17.770664113031405,7.201964640315547
Entire Network,FluSurv-NET,2025-26,2025,50,Overall,Overall,"Asian/Pacific Islander, NH",Overall,5.0,1.6,5.762145882444075,1.8224850629394098
Entire Network,FluSurv-NET,2025-26,2025,50,Overall,Overall,"Black, NH",Overall,23.0,8.8,24.136897765847554,9.328283244267924
Entire Network,FluSurv-NET,2025-26,2025,50,Overall,Overall,Hispanic,Overall,10.0,3.4,12.453950203797056,4.2296918611132766
Entire Network,FluSurv-NET,2025-26,2025,50,Overall,Overall,Overall,Overall,13.0,4.6,,
Entire Network,FluSurv-NET,2025-26,2025,50,Overall,Overall,"White, NH",Overall,11.0,4.3,9.915436501868175,3.720349167232553
Entire Network,FluSurv-NET,2025-26,2025,50,Pediatrics,Overall,Overall,Overall,10.0,3.3,,
Georgia,FluSurv-NET,2025-26,2025,50,Overall,Overall,Overall,Overall,16.0,5.8,,
Maryland,FluSurv-NET,2025-26,2025,50,Overall,Overall,Overall,Overall,18.0,6.4,,
Michigan,FluSurv-NET,2025-26,2025,50,Overall,Overall,Overall,Overall,6.0,2.4,,
Minnesota,FluSurv-NET,2025-26,2025,50,Overall,Overall,Overall,Overall,14.0,7.8,,
New Mexico,FluSurv-NET,2025-26,2025,50,Overall,Overall,Overall,Overall,10.0,3.1,,
New York,FluSurv-NET,2025-26,2025,50,Overall,Overall,Overall,Overall,19.0,8.7,,
North Carolina,FluSurv-NET,2025-26,2025,50,Overall,Overall,Overall,Overall,18.0,7.1,,
Oregon,FluSurv-NET,2025-26,2025,50,Overall,Overall,Overall,Overall,5.0,1.0,,
Tennessee,FluSurv-NET,2025-26,2025,50,Overall,Overall,Overall,Overall,7.0,2.1,,
Utah,FluSurv-NET,2025-26,2025,50,Overall,Overall,Overall,Overall,11.0,3.7,,
Washington,FluSurv-NET,2025-26,2025,50,Overall,Overall,Overall,Overall,5.0,1.1,,
California,FluSurv-NET,2025-26,2025,51,Overall,Overall,Overall,Overall,7.0,3.0,,
Colorado,FluSurv-NET,2025-26,2025,51,Overall,Overall,Overall,Overall,37.0,10.7,,
Connecticut,FluSurv-NET,2025-26,2025,51,Overall,Overall,Overall,Overall,50.0,23.0,,
Entire Network,FluSurv-NET,2025-26,2025,51,0-4 yr,Overall,Overall,Overall,24.0,8.5,,
Entire Network,FluSurv-NET,2025-26,2025,51,0-<1 yr,Overall,Overall,Overall,40.0,14.2,,
Entire Network,FluSurv-NET,2025-26,2025,51,1-4 yr,Overall,Overall,Overall,20.0,7.1,,
Entire Network,FluSurv-NET,2025-26,2025,51,12-17 yr,Overall,Overall,Overall,9.0,3.5,,
Entire Network,FluSurv-NET,2025-26,2025,51,18-29 yr,Overall,Overall,Overall,10.0,4.0,,
Entire Network,FluSurv-NET,2025-26,2025,51,18-49 yr,Overall,Overall,Overall,9.0,3.4,,
Entire Network,FluSurv-NET,2025-26,2025,51,30-39 yr,Overall,Overall,Overall,8.0,3.2,,
Entire Network,FluSurv-NET,2025-26,2025,51,40-49 yr,Overall,Overall,Overall,8.0,2.9,,
Entire Network,FluSurv-NET,2025-26,2025,51,5-11 yr,Overall,Overall,Overall,16.0,6.1,,
Entire Network,FluSurv-NET,2025-26,2025,51,5-17 yr,Overall,Overall,Overall,13.0,4.9,,
Entire Network,FluSurv-NET,2025-26,2025,51,50-64 yr,Overall,Overall,Overall,19.0,7.1,,
Entire Network,FluSurv-NET,2025-26,2025,51,65-74 yr,Overall,Overall,Overall,39.0,14.8,,
Entire Network,FluSurv-NET,2025-26,2025,51,75-84 yr,Overall,Overall,Overall,77.0,32.7,,
Entire Network,FluSurv-NET,2025-26,2025,51,>= 65 yr,Overall,Overall,Overall,61.0,25.1,,
Entire Network,FluSurv-NET,2025-26,2025,51,>= 75,Overall,Overall,Overall,94.0,39.8,,
Entire Network,FluSurv-NET,2025-26,2025,51,>= 85,Overall,Overall,Overall,143.0,61.4,,
Entire Network,FluSurv-NET,2025-26,2025,51,Adults,Overall,Overall,Overall,22.0,8.8,,
Entire Network,FluSurv-NET,2025-26,2025,51,Overall,Female,Overall,Overall,22.0,9.0,,
Entire Network,FluSurv-NET,2025-26,2025,51,Overall,Male,Overall,Overall,19.0,7.3,,
Entire Network,FluSurv-NET,2025-26,2025,51,Overall,Overall,"American Indian/Alaska Native, NH",Overall,24.0,7.3,25.3056703470873,7.535006234055893
Entire Network,FluSurv-NET,2025-26,2025,51,Overall,Overall,"Asian/Pacific Islander, NH",Overall,8.0,3.3,9.494531553909992,3.732385671465915
Entire Network,FluSurv-NET,2025-26,2025,51,Overall,Overall,"Black, NH",Overall,39.0,16.0,41.4304509838976,17.293553218050043
Entire Network,FluSurv-NET,2025-26,2025,51,Overall,Overall,Hispanic,Overall,16.0,5.6,19.091087753810914,6.637137550013859
Entire Network,FluSurv-NET,2025-26,2025,51,Overall,Overall,Overall,Overall,21.0,8.1,,
Entire Network,FluSurv-NET,2025-26,2025,51,Overall,Overall,"White, NH",Overall,19.0,7.6,16.415422495269308,6.4999859934011335
Entire Network,FluSurv-NET,2025-26,2025,51,Pediatrics,Overall,Overall,Overall,16.0,5.8,,
Georgia,FluSurv-NET,2025-26,2025,51,Overall,Overall,Overall,Overall,27.0,11.2,,
Maryland,FluSurv-NET,2025-26,2025,51,Overall,Overall,Overall,Overall,30.0,12.0,,
Michigan,FluSurv-NET,2025-26,2025,51,Overall,Overall,Overall,Overall,9.0,3.7,,
Minnesota,FluSurv-NET,2025-26,2025,51,Overall,Overall,Overall,Overall,26.0,11.7,,
New Mexico,FluSurv-NET,2025-26,2025,51,Overall,Overall,Overall,Overall,18.0,7.9,,
New York,FluSurv-NET,2025-26,2025,51,Overall,Overall,Overall,Overall,35.0,16.0,,
North Carolina,FluSurv-NET,2025-26,2025,51,Overall,Overall,Overall,Overall,33.0,14.3,,
Oregon,FluSurv-NET,2025-26,2025,51,Overall,Overall,Overall,Overall,5.0,0.4,,
Tennessee,FluSurv-NET,2025-26,2025,51,Overall,Overall,Overall,Overall,12.0,4.3,,
Utah,FluSurv-NET,2025-26,2025,51,Overall,Overall,Overall,Overall,18.0,6.7,,
Washington,FluSurv-NET,2025-26,2025,51,Overall,Overall,Overall,Overall,7.0,2.0,,
California,FluSurv-NET,2025-26,2025,52,Overall,Overall,Overall,Overall,11.0,4.4,,
Colorado,FluSurv-NET,2025-26,2025,52,Overall,Overall,Overall,Overall,53.0,16.3,,
Connecticut,FluSurv-NET,2025-26,2025,52,Overall,Overall,Overall,Overall,81.0,30.6,,
Entire Network,FluSurv-NET,2025-26,2025,52,0-4 yr,Overall,Overall,Overall,38.0,13.8,,
Entire Network,FluSurv-NET,2025-26,2025,52,0-<1 yr,Overall,Overall,Overall,61.0,21.2,,
Entire Network,FluSurv-NET,2025-26,2025,52,1-4 yr,Overall,Overall,Overall,32.0,12.0,,
Entire Network,FluSurv-NET,2025-26,2025,52,12-17 yr,Overall,Overall,Overall,12.0,3.4,,
Entire Network,FluSurv-NET,2025-26,2025,52,18-29 yr,Overall,Overall,Overall,16.0,5.9,,
Entire Network,FluSurv-NET,2025-26,2025,52,18-49 yr,Overall,Overall,Overall,14.0,5.3,,
Entire Network,FluSurv-NET,2025-26,2025,52,30-39 yr,Overall,Overall,Overall,12.0,4.5,,
Entire Network,FluSurv-NET,2025-26,2025,52,40-49 yr,Overall,Overall,Overall,14.0,5.3,,
Entire Network,FluSurv-NET,2025-26,2025,52,5-11 yr,Overall,Overall,Overall,22.0,6.1,,
Entire Network,FluSurv-NET,2025-26,2025,52,5-17 yr,Overall,Overall,Overall,18.0,4.8,,
Entire Network,FluSurv-NET,2025-26,2025,52,50-64 yr,Overall,Overall,Overall,30.0,11.6,,
Entire Network,FluSurv-NET,2025-26,2025,52,65-74 yr,Overall,Overall,Overall,66.0,27.7,,
Entire Network,FluSurv-NET,2025-26,2025,52,75-84 yr,Overall,Overall,Overall,131.0,53.6,,
Entire Network,FluSurv-NET,2025-26,2025,52,>= 65 yr,Overall,Overall,Overall,106.0,44.3,,
Entire Network,FluSurv-NET,2025-26,2025,52,>= 75,Overall,Overall,Overall,161.0,67.8,,
Entire Network,FluSurv-NET,2025-26,2025,52,>= 85,Overall,Overall,Overall,254.0,111.5,,
Entire Network,FluSurv-NET,2025-26,2025,52,Adults,Overall,Overall,Overall,37.0,14.8,,
Entire Network,FluSurv-NET,2025-26,2025,52,Overall,Female,Overall,Overall,37.0,14.4,,
Entire Network,FluSurv-NET,2025-26,2025,52,Overall,Male,Overall,Overall,31.0,12.1,,
Entire Network,FluSurv-NET,2025-26,2025,52,Overall,Overall,"American Indian/Alaska Native, NH",Overall,36.0,12.0,38.21623801671962,12.910567669632313
Entire Network,FluSurv-NET,2025-26,2025,52,Overall,Overall,"Asian/Pacific Islander, NH",Overall,13.0,4.6,14.607824028329365,5.113292474419373
Entire Network,FluSurv-NET,2025-26,2025,52,Overall,Overall,"Black, NH",Overall,63.0,24.1,68.191009252348,26.760558268450406
Entire Network,FluSurv-NET,2025-26,2025,52,Overall,Overall,Hispanic,Overall,25.0,9.2,31.464166340176902,12.373078586365988
Entire Network,FluSurv-NET,2025-26,2025,52,Overall,Overall,Overall,Overall,34.0,13.2,,
Entire Network,FluSurv-NET,2025-26,2025,52,Overall,Overall,"White, NH",Overall,32.0,12.8,27.357752056091478,10.942329560822174
Entire Network,FluSurv-NET,2025-26,2025,52,Pediatrics,Overall,Overall,Overall,23.0,7.1,,
Georgia,FluSurv-NET,2025-26,2025,52,Overall,Overall,Overall,Overall,47.0,19.8,,
Maryland,FluSurv-NET,2025-26,2025,52,Overall,Overall,Overall,Overall,51.0,20.7,,
Michigan,FluSurv-NET,2025-26,2025,52,Overall,Overall,Overall,Overall,17.0,7.4,,
Minnesota,FluSurv-NET,2025-26,2025,52,Overall,Overall,Overall,Overall,43.0,17.4,,
New Mexico,FluSurv-NET,2025-26,2025,52,Overall,Overall,Overall,Overall,33.0,15.6,,
New York,FluSurv-NET,2025-26,2025,52,Overall,Overall,Overall,Overall,60.0,24.7,,
North Carolina,FluSurv-NET,2025-26,2025,52,Overall,Overall,Overall,Overall,55.0,22.5,,
Oregon,FluSurv-NET,2025-26,2025,52,Overall,Overall,Overall,Overall,7.0,2.1,,
Tennessee,FluSurv-NET,2025-26,2025,52,Overall,Overall,Overall,Overall,21.0,8.9,,
Utah,FluSurv-NET,2025-26,2025,52,Overall,Overall,Overall,Overall,27.0,9.4,,
Washington,FluSurv-NET,2025-26,2025,52,Overall,Overall,Overall,Overall,11.0,3.5,,
California,FluSurv-NET,2025-26,2025,53,Overall,Overall,Overall,Overall,16.0,4.6,,
Colorado,FluSurv-NET,2025-26,2025,53,Overall,Overall,Overall,Overall,68.0,14.7,,
Connecticut,FluSurv-NET,2025-26,2025,53,Overall,Overall,Overall,Overall,110.0,29.6,,
Entire Network,FluSurv-NET,2025-26,2025,53,0-4 yr,Overall,Overall,Overall,48.0,10.6,,
Entire Network,FluSurv-NET,2025-26,2025,53,0-<1 yr,Overall,Overall,Overall,78.0,16.9,,
Entire Network,FluSurv-NET,2025-26,2025,53,1-4 yr,Overall,Overall,Overall,41.0,9.0,,
Entire Network,FluSurv-NET,2025-26,2025,53,12-17 yr,Overall,Overall,Overall,14.0,1.7,,
Entire Network,FluSurv-NET,2025-26,2025,53,18-29 yr,Overall,Overall,Overall,20.0,4.0,,
Entire Network,FluSurv-NET,2025-26,2025,53,18-49 yr,Overall,Overall,Overall,18.0,4.1,,
Entire Network,FluSurv-NET,2025-26,2025,53,30-39 yr,Overall,Overall,Overall,17.0,4.3,,
Entire Network,FluSurv-NET,2025-26,2025,53,40-49 yr,Overall,Overall,Overall,18.0,4.2,,
Entire Network,FluSurv-NET,2025-26,2025,53,5-11 yr,Overall,Overall,Overall,25.0,2.5,,
Entire Network,FluSurv-NET,2025-26,2025,53,5-17 yr,Overall,Overall,Overall,20.0,2.1,,
Entire Network,FluSurv-NET,2025-26,2025,53,50-64 yr,Overall,Overall,Overall,41.0,10.6,,
Entire Network,FluSurv-NET,2025-26,2025,53,65-74 yr,Overall,Overall,Overall,93.0,27.1,,
Entire Network,FluSurv-NET,2025-26,2025,53,75-84 yr,Overall,Overall,Overall,193.0,61.6,,
Entire Network,FluSurv-NET,2025-26,2025,53,>= 65 yr,Overall,Overall,Overall,154.0,47.9,,
Entire Network,FluSurv-NET,2025-26,2025,53,>= 75,Overall,Overall,Overall,239.0,77.4,,
Entire Network,FluSurv-NET,2025-26,2025,53,>= 85,Overall,Overall,Overall,380.0,126.0,,
Entire Network,FluSurv-NET,2025-26,2025,53,Adults,Overall,Overall,Overall,52.0,14.8,,
Entire Network,FluSurv-NET,2025-26,2025,53,Overall,Female,Overall,Overall,51.0,13.7,,
Entire Network,FluSurv-NET,2025-26,2025,53,Overall,Male,Overall,Overall,42.0,11.4,,
Entire Network,FluSurv-NET,2025-26,2025,53,Overall,Overall,"American Indian/Alaska Native, NH",Overall,45.0,9.0,47.961549435399554,9.745311418679941
Entire Network,FluSurv-NET,2025-26,2025,53,Overall,Overall,"Asian/Pacific Islander, NH",Overall,17.0,4.0,19.132209157744462,4.524385129415099
Entire Network,FluSurv-NET,2025-26,2025,53,Overall,Overall,"Black, NH",Overall,81.0,18.1,88.78499661866648,20.593987366318476
Entire Network,FluSurv-NET,2025-26,2025,53,Overall,Overall,Hispanic,Overall,33.0,8.0,42.93789778004938,11.473731439872479
Entire Network,FluSurv-NET,2025-26,2025,53,Overall,Overall,Overall,Overall,46.0,12.6,,
Entire Network,FluSurv-NET,2025-26,2025,53,Overall,Overall,"White, NH",Overall,46.0,13.8,38.81578483107703,11.458032774985556
Entire Network,FluSurv-NET,2025-26,2025,53,Pediatrics,Overall,Overall,Overall,27.0,4.3,,
Georgia,FluSurv-NET,2025-26,2025,53,Overall,Overall,Overall,Overall,62.0,15.2,,
Maryland,FluSurv-NET,2025-26,2025,53,Overall,Overall,Overall,Overall,71.0,20.8,,
Michigan,FluSurv-NET,2025-26,2025,53,Overall,Overall,Overall,Overall,26.0,9.6,,
Minnesota,FluSurv-NET,2025-26,2025,53,Overall,Overall,Overall,Overall,59.0,16.0,,
New Mexico,FluSurv-NET,2025-26,2025,53,Overall,Overall,Overall,Overall,50.0,16.4,,
New York,FluSurv-NET,2025-26,2025,53,Overall,Overall,Overall,Overall,84.0,24.0,,
North Carolina,FluSurv-NET,2025-26,2025,53,Overall,Overall,Overall,Overall,75.0,19.5,,
Oregon,FluSurv-NET,2025-26,2025,53,Overall,Overall,Overall,Overall,11.0,3.8,,
Tennessee,FluSurv-NET,2025-26,2025,53,Overall,Overall,Overall,Overall,29.0,8.2,,
Utah,FluSurv-NET,2025-26,2025,53,Overall,Overall,Overall,Overall,36.0,8.6,,
Washington,FluSurv-NET,2025-26,2025,53,Overall,Overall,Overall,Overall,15.0,4.6,,
California,FluSurv-NET,2025-26,2026,1,Overall,Overall,Overall,Overall,20.0,3.9,,
Colorado,FluSurv-NET,2025-26,2026,1,Overall,Overall,Overall,Overall,76.0,7.8,,
Connecticut,FluSurv-NET,2025-26,2026,1,Overall,Overall,Overall,Overall,124.0,13.7,,
Entire Network,FluSurv-NET,2025-26,2026,1,0-4 yr,Overall,Overall,Overall,55.0,6.5,,
Entire Network,FluSurv-NET,2025-26,2026,1,0-<1 yr,Overall,Overall,Overall,87.0,9.5,,
Entire Network,FluSurv-NET,2025-26,2026,1,1-4 yr,Overall,Overall,Overall,47.0,5.8,,
Entire Network,FluSurv-NET,2025-26,2026,1,12-17 yr,Overall,Overall,Overall,15.0,0.9,,
Entire Network,FluSurv-NET,2025-26,2026,1,18-29 yr,Overall,Overall,Overall,22.0,2.7,,
Entire Network,FluSurv-NET,2025-26,2026,1,18-49 yr,Overall,Overall,Overall,21.0,2.5,,
Entire Network,FluSurv-NET,2025-26,2026,1,30-39 yr,Overall,Overall,Overall,19.0,2.2,,
Entire Network,FluSurv-NET,2025-26,2026,1,40-49 yr,Overall,Overall,Overall,20.0,2.6,,
Entire Network,FluSurv-NET,2025-26,2026,1,5-11 yr,Overall,Overall,Overall,26.0,1.5,,
Entire Network,FluSurv-NET,2025-26,2026,1,5-17 yr,Overall,Overall,Overall,21.0,1.2,,
Entire Network,FluSurv-NET,2025-26,2026,1,50-64 yr,Overall,Overall,Overall,48.0,6.8,,
Entire Network,FluSurv-NET,2025-26,2026,1,65-74 yr,Overall,Overall,Overall,110.0,16.3,,
Entire Network,FluSurv-NET,2025-26,2026,1,75-84 yr,Overall,Overall,Overall,225.0,32.8,,
Entire Network,FluSurv-NET,2025-26,2026,1,>= 65 yr,Overall,Overall,Overall,181.0,27.0,,
Entire Network,FluSurv-NET,2025-26,2026,1,>= 75,Overall,Overall,Overall,281.0,42.2,,
Entire Network,FluSurv-NET,2025-26,2026,1,>= 85,Overall,Overall,Overall,451.0,71.0,,
Entire Network,FluSurv-NET,2025-26,2026,1,Adults,Overall,Overall,Overall,60.0,8.6,,
Entire Network,FluSurv-NET,2025-26,2026,1,Overall,Female,Overall,Overall,59.0,8.3,,
Entire Network,FluSurv-NET,2025-26,2026,1,Overall,Male,Overall,Overall,49.0,6.4,,
Entire Network,FluSurv-NET,2025-26,2026,1,Overall,Overall,"American Indian/Alaska Native, NH",Overall,52.0,6.4,54.80828728977096,6.846737854371407
Entire Network,FluSurv-NET,2025-26,2026,1,Overall,Overall,"Asian/Pacific Islander, NH",Overall,20.0,2.6,22.038339178690215,2.9061300209457555
Entire Network,FluSurv-NET,2025-26,2026,1,Overall,Overall,"Black, NH",Overall,91.0,10.4,100.5967178717881,11.811721253121611
Entire Network,FluSurv-NET,2025-26,2026,1,Overall,Overall,Hispanic,Overall,38.0,5.3,50.735013314589615,7.797115534540228
Entire Network,FluSurv-NET,2025-26,2026,1,Overall,Overall,Overall,Overall,54.0,7.3,,
Entire Network,FluSurv-NET,2025-26,2026,1,Overall,Overall,"White, NH",Overall,53.0,7.7,45.3107365831967,6.494951752119671
Entire Network,FluSurv-NET,2025-26,2026,1,Pediatrics,Overall,Overall,Overall,30.0,2.6,,
Georgia,FluSurv-NET,2025-26,2026,1,Overall,Overall,Overall,Overall,68.0,6.5,,
Maryland,FluSurv-NET,2025-26,2026,1,Overall,Overall,Overall,Overall,85.0,13.1,,
Michigan,FluSurv-NET,2025-26,2026,1,Overall,Overall,Overall,Overall,34.0,7.6,,
Minnesota,FluSurv-NET,2025-26,2026,1,Overall,Overall,Overall,Overall,68.0,8.6,,
New Mexico,FluSurv-NET,2025-26,2026,1,Overall,Overall,Overall,Overall,59.0,9.7,,
New York,FluSurv-NET,2025-26,2026,1,Overall,Overall,Overall,Overall,97.0,13.1,,
North Carolina,FluSurv-NET,2025-26,2026,1,Overall,Overall,Overall,Overall,86.0,11.4,,
Oregon,FluSurv-NET,2025-26,2026,1,Overall,Overall,Overall,Overall,14.0,2.8,,
Tennessee,FluSurv-NET,2025-26,2026,1,Overall,Overall,Overall,Overall,33.0,4.3,,
Utah,FluSurv-NET,2025-26,2026,1,Overall,Overall,Overall,Overall,43.0,7.3,,
Washington,FluSurv-NET,2025-26,2026,1,Overall,Overall,Overall,Overall,19.0,4.1,,
California,FluSurv-NET,2025-26,2026,2,Overall,Overall,Overall,Overall,24.0,3.9,,
Colorado,FluSurv-NET,2025-26,2026,2,Overall,Overall,Overall,Overall,80.0,4.4,,
Connecticut,FluSurv-NET,2025-26,2026,2,Overall,Overall,Overall,Overall,131.0,7.5,,
Entire Network,FluSurv-NET,2025-26,2026,2,0-4 yr,Overall,Overall,Overall,59.0,3.7,,
Entire Network,FluSurv-NET,2025-26,2026,2,0-<1 yr,Overall,Overall,Overall,91.0,3.8,,
Entire Network,FluSurv-NET,2025-26,2026,2,1-4 yr,Overall,Overall,Overall,51.0,3.7,,
Entire Network,FluSurv-NET,2025-26,2026,2,12-17 yr,Overall,Overall,Overall,16.0,0.6,,
Entire Network,FluSurv-NET,2025-26,2026,2,18-29 yr,Overall,Overall,Overall,24.0,1.4,,
Entire Network,FluSurv-NET,2025-26,2026,2,18-49 yr,Overall,Overall,Overall,22.0,1.6,,
Entire Network,FluSurv-NET,2025-26,2026,2,30-39 yr,Overall,Overall,Overall,20.0,1.4,,
Entire Network,FluSurv-NET,2025-26,2026,2,40-49 yr,Overall,Overall,Overall,22.0,1.9,,
Entire Network,FluSurv-NET,2025-26,2026,2,5-11 yr,Overall,Overall,Overall,28.0,1.6,,
Entire Network,FluSurv-NET,2025-26,2026,2,5-17 yr,Overall,Overall,Overall,22.0,1.1,,
Entire Network,FluSurv-NET,2025-26,2026,2,50-64 yr,Overall,Overall,Overall,52.0,4.0,,
Entire Network,FluSurv-NET,2025-26,2026,2,65-74 yr,Overall,Overall,Overall,118.0,8.7,,
Entire Network,FluSurv-NET,2025-26,2026,2,75-84 yr,Overall,Overall,Overall,245.0,19.2,,
Entire Network,FluSurv-NET,2025-26,2026,2,>= 65 yr,Overall,Overall,Overall,196.0,15.3,,
Entire Network,FluSurv-NET,2025-26,2026,2,>= 75,Overall,Overall,Overall,305.0,24.5,,
Entire Network,FluSurv-NET,2025-26,2026,2,>= 85,Overall,Overall,Overall,492.0,40.8,,
Entire Network,FluSurv-NET,2025-26,2026,2,Adults,Overall,Overall,Overall,65.0,5.0,,
Entire Network,FluSurv-NET,2025-26,2026,2,Overall,Female,Overall,Overall,63.0,4.6,,
Entire Network,FluSurv-NET,2025-26,2026,2,Overall,Male,Overall,Overall,53.0,4.0,,
Entire Network,FluSurv-NET,2025-26,2026,2,Overall,Overall,"American Indian/Alaska Native, NH",Overall,57.0,5.1,59.66028244034722,4.851995150576254
Entire Network,FluSurv-NET,2025-26,2026,2,Overall,Overall,"Asian/Pacific Islander, NH",Overall,21.0,1.8,24.169960563815124,2.1316213851249075
Entire Network,FluSurv-NET,2025-26,2026,2,Overall,Overall,"Black, NH",Overall,96.0,4.9,106.06836749911369,5.47164962732561
Entire Network,FluSurv-NET,2025-26,2026,2,Overall,Overall,Hispanic,Overall,41.0,2.9,54.67155136204958,3.9365380474599716
Entire Network,FluSurv-NET,2025-26,2026,2,Overall,Overall,Overall,Overall,58.0,4.3,,
Entire Network,FluSurv-NET,2025-26,2026,2,Overall,Overall,"White, NH",Overall,58.0,4.8,49.414155286158426,4.103418702961714
Entire Network,FluSurv-NET,2025-26,2026,2,Pediatrics,Overall,Overall,Overall,31.0,1.8,,
Georgia,FluSurv-NET,2025-26,2026,2,Overall,Overall,Overall,Overall,71.0,2.6,,
Maryland,FluSurv-NET,2025-26,2026,2,Overall,Overall,Overall,Overall,91.0,6.0,,
Michigan,FluSurv-NET,2025-26,2026,2,Overall,Overall,Overall,Overall,38.0,3.7,,
Minnesota,FluSurv-NET,2025-26,2026,2,Overall,Overall,Overall,Overall,72.0,4.3,,
New Mexico,FluSurv-NET,2025-26,2026,2,Overall,Overall,Overall,Overall,65.0,5.6,,
New York,FluSurv-NET,2025-26,2026,2,Overall,Overall,Overall,Overall,104.0,7.2,,
North Carolina,FluSurv-NET,2025-26,2026,2,Overall,Overall,Overall,Overall,90.0,3.8,,
Oregon,FluSurv-NET,2025-26,2026,2,Overall,Overall,Overall,Overall,17.0,3.4,,
Tennessee,FluSurv-NET,2025-26,2026,2,Overall,Overall,Overall,Overall,37.0,3.4,,
Utah,FluSurv-NET,2025-26,2026,2,Overall,Overall,Overall,Overall,48.0,4.8,,
Washington,FluSurv-NET,2025-26,2026,2,Overall,Overall,Overall,Overall,23.0,3.7,,
California,FluSurv-NET,2025-26,2026,3,Overall,Overall,Overall,Overall,27.0,3.5,,
Colorado,FluSurv-NET,2025-26,2026,3,Overall,Overall,Overall,Overall,84.0,3.9,,
Connecticut,FluSurv-NET,2025-26,2026,3,Overall,Overall,Overall,Overall,136.0,4.3,,
Entire Network,FluSurv-NET,2025-26,2026,3,0-4 yr,Overall,Overall,Overall,63.0,4.5,,
Entire Network,FluSurv-NET,2025-26,2026,3,0-<1 yr,Overall,Overall,Overall,99.0,8.2,,
Entire Network,FluSurv-NET,2025-26,2026,3,1-4 yr,Overall,Overall,Overall,54.0,3.6,,
Entire Network,FluSurv-NET,2025-26,2026,3,12-17 yr,Overall,Overall,Overall,17.0,1.0,,
Entire Network,FluSurv-NET,2025-26,2026,3,18-29 yr,Overall,Overall,Overall,25.0,1.1,,
Entire Network,FluSurv-NET,2025-26,2026,3,18-49 yr,Overall,Overall,Overall,23.0,1.3,,
Entire Network,FluSurv-NET,2025-26,2026,3,30-39 yr,Overall,Overall,Overall,21.0,1.2,,
Entire Network,FluSurv-NET,2025-26,2026,3,40-49 yr,Overall,Overall,Overall,24.0,1.5,,
Entire Network,FluSurv-NET,2025-26,2026,3,5-11 yr,Overall,Overall,Overall,30.0,2.0,,
Entire Network,FluSurv-NET,2025-26,2026,3,5-17 yr,Overall,Overall,Overall,24.0,1.5,,
Entire Network,FluSurv-NET,2025-26,2026,3,50-64 yr,Overall,Overall,Overall,55.0,2.9,,
Entire Network,FluSurv-NET,2025-26,2026,3,65-74 yr,Overall,Overall,Overall,126.0,7.1,,
Entire Network,FluSurv-NET,2025-26,2026,3,75-84 yr,Overall,Overall,Overall,260.0,15.2,,
Entire Network,FluSurv-NET,2025-26,2026,3,>= 65 yr,Overall,Overall,Overall,208.0,11.9,,
Entire Network,FluSurv-NET,2025-26,2026,3,>= 75,Overall,Overall,Overall,324.0,18.6,,
Entire Network,FluSurv-NET,2025-26,2026,3,>= 85,Overall,Overall,Overall,521.0,29.4,,
Entire Network,FluSurv-NET,2025-26,2026,3,Adults,Overall,Overall,Overall,69.0,3.9,,
Entire Network,FluSurv-NET,2025-26,2026,3,Overall,Female,Overall,Overall,67.0,3.8,,
Entire Network,FluSurv-NET,2025-26,2026,3,Overall,Male,Overall,Overall,56.0,3.2,,
Entire Network,FluSurv-NET,2025-26,2026,3,Overall,Overall,"American Indian/Alaska Native, NH",Overall,61.0,3.8,63.336558368306555,3.6762759279593378
Entire Network,FluSurv-NET,2025-26,2026,3,Overall,Overall,"Asian/Pacific Islander, NH",Overall,23.0,1.5,25.939452760718588,1.7694921969034612
Entire Network,FluSurv-NET,2025-26,2026,3,Overall,Overall,"Black, NH",Overall,100.0,4.2,110.7101897177061,4.641822218592399
Entire Network,FluSurv-NET,2025-26,2026,3,Overall,Overall,Hispanic,Overall,44.0,2.5,57.860386607833746,3.18883524578416
Entire Network,FluSurv-NET,2025-26,2026,3,Overall,Overall,Overall,Overall,62.0,3.5,,
Entire Network,FluSurv-NET,2025-26,2026,3,Overall,Overall,"White, NH",Overall,62.0,3.8,52.69063600014967,3.2764807139912437
Entire Network,FluSurv-NET,2025-26,2026,3,Pediatrics,Overall,Overall,Overall,34.0,2.3,,
Georgia,FluSurv-NET,2025-26,2026,3,Overall,Overall,Overall,Overall,74.0,2.7,,
Maryland,FluSurv-NET,2025-26,2026,3,Overall,Overall,Overall,Overall,94.0,3.6,,
Michigan,FluSurv-NET,2025-26,2026,3,Overall,Overall,Overall,Overall,42.0,4.4,,
Minnesota,FluSurv-NET,2025-26,2026,3,Overall,Overall,Overall,Overall,76.0,3.5,,
New Mexico,FluSurv-NET,2025-26,2026,3,Overall,Overall,Overall,Overall,68.0,3.1,,
New York,FluSurv-NET,2025-26,2026,3,Overall,Overall,Overall,Overall,108.0,3.7,,
North Carolina,FluSurv-NET,2025-26,2026,3,Overall,Overall,Overall,Overall,94.0,3.7,,
Oregon,FluSurv-NET,2025-26,2026,3,Overall,Overall,Overall,Overall,21.0,4.2,,
Tennessee,FluSurv-NET,2025-26,2026,3,Overall,Overall,Overall,Overall,39.0,2.8,,
Utah,FluSurv-NET,2025-26,2026,3,Overall,Overall,Overall,Overall,51.0,2.6,,
Washington,FluSurv-NET,2025-26,2026,3,Overall,Overall,Overall,Overall,27.0,3.8,,
California,FluSurv-NET,2025-26,2026,4,Overall,Overall,Overall,Overall,31.0,3.2,,
Colorado,FluSurv-NET,2025-26,2026,4,Overall,Overall,Overall,Overall,87.0,2.9,,
Connecticut,FluSurv-NET,2025-26,2026,4,Overall,Overall,Overall,Overall,137.0,1.9,,
Entire Network,FluSurv-NET,2025-26,2026,4,0-4 yr,Overall,Overall,Overall,67.0,3.6,,
Entire Network,FluSurv-NET,2025-26,2026,4,0-<1 yr,Overall,Overall,Overall,106.0,6.8,,
Entire Network,FluSurv-NET,2025-26,2026,4,1-4 yr,Overall,Overall,Overall,57.0,2.8,,
Entire Network,FluSurv-NET,2025-26,2026,4,12-17 yr,Overall,Overall,Overall,18.0,1.0,,
Entire Network,FluSurv-NET,2025-26,2026,4,18-29 yr,Overall,Overall,Overall,26.0,1.1,,
Entire Network,FluSurv-NET,2025-26,2026,4,18-49 yr,Overall,Overall,Overall,25.0,1.2,,
Entire Network,FluSurv-NET,2025-26,2026,4,30-39 yr,Overall,Overall,Overall,23.0,1.2,,
Entire Network,FluSurv-NET,2025-26,2026,4,40-49 yr,Overall,Overall,Overall,25.0,1.4,,
Entire Network,FluSurv-NET,2025-26,2026,4,5-11 yr,Overall,Overall,Overall,31.0,1.3,,
Entire Network,FluSurv-NET,2025-26,2026,4,5-17 yr,Overall,Overall,Overall,25.0,1.2,,
Entire Network,FluSurv-NET,2025-26,2026,4,50-64 yr,Overall,Overall,Overall,58.0,3.0,,
Entire Network,FluSurv-NET,2025-26,2026,4,65-74 yr,Overall,Overall,Overall,133.0,7.6,,
Entire Network,FluSurv-NET,2025-26,2026,4,75-84 yr,Overall,Overall,Overall,273.0,13.8,,
Entire Network,FluSurv-NET,2025-26,2026,4,>= 65 yr,Overall,Overall,Overall,220.0,11.9,,
Entire Network,FluSurv-NET,2025-26,2026,4,>= 75,Overall,Overall,Overall,342.0,18.1,,
Entire Network,FluSurv-NET,2025-26,2026,4,>= 85,Overall,Overall,Overall,553.0,31.4,,
Entire Network,FluSurv-NET,2025-26,2026,4,Adults,Overall,Overall,Overall,73.0,3.9,,
Entire Network,FluSurv-NET,2025-26,2026,4,Overall,Female,Overall,Overall,71.0,3.5,,
Entire Network,FluSurv-NET,2025-26,2026,4,Overall,Male,Overall,Overall,59.0,3.3,,
Entire Network,FluSurv-NET,2025-26,2026,4,Overall,Overall,"American Indian/Alaska Native, NH",Overall,66.0,5.1,68.58291579832948,5.246357430022918
Entire Network,FluSurv-NET,2025-26,2026,4,Overall,Overall,"Asian/Pacific Islander, NH",Overall,25.0,1.9,28.13283983380583,2.1933870730872407
Entire Network,FluSurv-NET,2025-26,2026,4,Overall,Overall,"Black, NH",Overall,104.0,3.9,115.05493456154484,4.344744843838735
Entire Network,FluSurv-NET,2025-26,2026,4,Overall,Overall,Hispanic,Overall,46.0,1.9,60.3849609629672,2.5245743551334545
Entire Network,FluSurv-NET,2025-26,2026,4,Overall,Overall,Overall,Overall,65.0,3.4,,
Entire Network,FluSurv-NET,2025-26,2026,4,Overall,Overall,"White, NH",Overall,66.0,3.8,55.93012686934907,3.2394908691994035
Entire Network,FluSurv-NET,2025-26,2026,4,Pediatrics,Overall,Overall,Overall,35.0,1.8,,
Georgia,FluSurv-NET,2025-26,2026,4,Overall,Overall,Overall,Overall,76.0,2.5,,
Maryland,FluSurv-NET,2025-26,2026,4,Overall,Overall,Overall,Overall,96.0,2.3,,
Michigan,FluSurv-NET,2025-26,2026,4,Overall,Overall,Overall,Overall,45.0,3.3,,
Minnesota,FluSurv-NET,2025-26,2026,4,Overall,Overall,Overall,Overall,77.0,1.5,,
New Mexico,FluSurv-NET,2025-26,2026,4,Overall,Overall,Overall,Overall,72.0,3.9,,
New York,FluSurv-NET,2025-26,2026,4,Overall,Overall,Overall,Overall,110.0,2.6,,
North Carolina,FluSurv-NET,2025-26,2026,4,Overall,Overall,Overall,Overall,96.0,2.4,,
Oregon,FluSurv-NET,2025-26,2026,4,Overall,Overall,Overall,Overall,30.0,8.5,,
Tennessee,FluSurv-NET,2025-26,2026,4,Overall,Overall,Overall,Overall,44.0,4.4,,
Utah,FluSurv-NET,2025-26,2026,4,Overall,Overall,Overall,Overall,53.0,2.6,,
Washington,FluSurv-NET,2025-26,2026,4,Overall,Overall,Overall,Overall,32.0,5.1,,
California,FluSurv-NET,2025-26,2026,5,Overall,Overall,Overall,Overall,34.0,3.9,,
Colorado,FluSurv-NET,2025-26,2026,5,Overall,Overall,Overall,Overall,89.0,2.4,,
Connecticut,FluSurv-NET,2025-26,2026,5,Overall,Overall,Overall,Overall,139.0,1.4,,
Entire Network,FluSurv-NET,2025-26,2026,5,0-4 yr,Overall,Overall,Overall,70.0,3.2,,
Entire Network,FluSurv-NET,2025-26,2026,5,0-<1 yr,Overall,Overall,Overall,111.0,4.4,,
Entire Network,FluSurv-NET,2025-26,2026,5,1-4 yr,Overall,Overall,Overall,60.0,2.9,,
Entire Network,FluSurv-NET,2025-26,2026,5,12-17 yr,Overall,Overall,Overall,19.0,1.4,,
Entire Network,FluSurv-NET,2025-26,2026,5,18-29 yr,Overall,Overall,Overall,27.0,1.1,,
Entire Network,FluSurv-NET,2025-26,2026,5,18-49 yr,Overall,Overall,Overall,26.0,1.4,,
Entire Network,FluSurv-NET,2025-26,2026,5,30-39 yr,Overall,Overall,Overall,24.0,1.4,,
Entire Network,FluSurv-NET,2025-26,2026,5,40-49 yr,Overall,Overall,Overall,27.0,1.8,,
Entire Network,FluSurv-NET,2025-26,2026,5,5-11 yr,Overall,Overall,Overall,33.0,1.7,,
Entire Network,FluSurv-NET,2025-26,2026,5,5-17 yr,Overall,Overall,Overall,26.0,1.5,,
Entire Network,FluSurv-NET,2025-26,2026,5,50-64 yr,Overall,Overall,Overall,61.0,3.3,,
Entire Network,FluSurv-NET,2025-26,2026,5,65-74 yr,Overall,Overall,Overall,140.0,6.9,,
Entire Network,FluSurv-NET,2025-26,2026,5,75-84 yr,Overall,Overall,Overall,286.0,13.0,,
Entire Network,FluSurv-NET,2025-26,2026,5,>= 65 yr,Overall,Overall,Overall,231.0,11.0,,
Entire Network,FluSurv-NET,2025-26,2026,5,>= 75,Overall,Overall,Overall,359.0,16.8,,
Entire Network,FluSurv-NET,2025-26,2026,5,>= 85,Overall,Overall,Overall,582.0,28.7,,
Entire Network,FluSurv-NET,2025-26,2026,5,Adults,Overall,Overall,Overall,77.0,3.8,,
Entire Network,FluSurv-NET,2025-26,2026,5,Overall,Female,Overall,Overall,74.0,3.5,,
Entire Network,FluSurv-NET,2025-26,2026,5,Overall,Male,Overall,Overall,63.0,3.4,,
Entire Network,FluSurv-NET,2025-26,2026,5,Overall,Overall,"American Indian/Alaska Native, NH",Overall,70.0,4.3,73.01530024286276,4.432384444533296
Entire Network,FluSurv-NET,2025-26,2026,5,Overall,Overall,"Asian/Pacific Islander, NH",Overall,27.0,2.4,30.788678828169484,2.655838994363661
Entire Network,FluSurv-NET,2025-26,2026,5,Overall,Overall,"Black, NH",Overall,108.0,3.9,119.33193434493332,4.276999783388496
Entire Network,FluSurv-NET,2025-26,2026,5,Overall,Overall,Hispanic,Overall,48.0,2.5,63.66303081267948,3.278069849712294
Entire Network,FluSurv-NET,2025-26,2026,5,Overall,Overall,Overall,Overall,69.0,3.4,,
Entire Network,FluSurv-NET,2025-26,2026,5,Overall,Overall,"White, NH",Overall,69.0,3.6,59.02224979246328,3.0921229231142093
Entire Network,FluSurv-NET,2025-26,2026,5,Pediatrics,Overall,Overall,Overall,37.0,1.9,,
Georgia,FluSurv-NET,2025-26,2026,5,Overall,Overall,Overall,Overall,79.0,2.9,,
Maryland,FluSurv-NET,2025-26,2026,5,Overall,Overall,Overall,Overall,99.0,2.0,,
Michigan,FluSurv-NET,2025-26,2026,5,Overall,Overall,Overall,Overall,49.0,3.4,,
Minnesota,FluSurv-NET,2025-26,2026,5,Overall,Overall,Overall,Overall,79.0,1.3,,
New Mexico,FluSurv-NET,2025-26,2026,5,Overall,Overall,Overall,Overall,76.0,4.1,,
New York,FluSurv-NET,2025-26,2026,5,Overall,Overall,Overall,Overall,112.0,1.9,,
North Carolina,FluSurv-NET,2025-26,2026,5,Overall,Overall,Overall,Overall,99.0,2.9,,
Oregon,FluSurv-NET,2025-26,2026,5,Overall,Overall,Overall,Overall,37.0,7.0,,
Tennessee,FluSurv-NET,2025-26,2026,5,Overall,Overall,Overall,Overall,47.0,3.5,,
Utah,FluSurv-NET,2025-26,2026,5,Overall,Overall,Overall,Overall,57.0,3.5,,
Washington,FluSurv-NET,2025-26,2026,5,Overall,Overall,Overall,Overall,38.0,5.8,,
California,FluSurv-NET,2025-26,2026,6,Overall,Overall,Overall,Overall,38.0,3.2,,
Colorado,FluSurv-NET,2025-26,2026,6,Overall,Overall,Overall,Overall,92.0,2.3,,
Connecticut,FluSurv-NET,2025-26,2026,6,Overall,Overall,Overall,Overall,140.0,1.4,,
Entire Network,FluSurv-NET,2025-26,2026,6,0-4 yr,Overall,Overall,Overall,73.0,2.9,,
Entire Network,FluSurv-NET,2025-26,2026,6,0-<1 yr,Overall,Overall,Overall,115.0,4.1,,
Entire Network,FluSurv-NET,2025-26,2026,6,1-4 yr,Overall,Overall,Overall,63.0,2.7,,
Entire Network,FluSurv-NET,2025-26,2026,6,12-17 yr,Overall,Overall,Overall,20.0,1.2,,
Entire Network,FluSurv-NET,2025-26,2026,6,18-29 yr,Overall,Overall,Overall,28.0,1.0,,
Entire Network,FluSurv-NET,2025-26,2026,6,18-49 yr,Overall,Overall,Overall,27.0,1.2,,
Entire Network,FluSurv-NET,2025-26,2026,6,30-39 yr,Overall,Overall,Overall,25.0,1.3,,
Entire Network,FluSurv-NET,2025-26,2026,6,40-49 yr,Overall,Overall,Overall,28.0,1.4,,
Entire Network,FluSurv-NET,2025-26,2026,6,5-11 yr,Overall,Overall,Overall,35.0,2.2,,
Entire Network,FluSurv-NET,2025-26,2026,6,5-17 yr,Overall,Overall,Overall,28.0,1.7,,
Entire Network,FluSurv-NET,2025-26,2026,6,50-64 yr,Overall,Overall,Overall,64.0,2.9,,
Entire Network,FluSurv-NET,2025-26,2026,6,65-74 yr,Overall,Overall,Overall,145.0,5.1,,
Entire Network,FluSurv-NET,2025-26,2026,6,75-84 yr,Overall,Overall,Overall,298.0,12.0,,
Entire Network,FluSurv-NET,2025-26,2026,6,>= 65 yr,Overall,Overall,Overall,240.0,8.9,,
Entire Network,FluSurv-NET,2025-26,2026,6,>= 75,Overall,Overall,Overall,373.0,14.4,,
Entire Network,FluSurv-NET,2025-26,2026,6,>= 85,Overall,Overall,Overall,603.0,21.5,,
Entire Network,FluSurv-NET,2025-26,2026,6,Adults,Overall,Overall,Overall,80.0,3.2,,
Entire Network,FluSurv-NET,2025-26,2026,6,Overall,Female,Overall,Overall,77.0,3.0,,
Entire Network,FluSurv-NET,2025-26,2026,6,Overall,Male,Overall,Overall,66.0,2.9,,
Entire Network,FluSurv-NET,2025-26,2026,6,Overall,Overall,"American Indian/Alaska Native, NH",Overall,76.0,5.6,79.01862648621609,6.003326243353332
Entire Network,FluSurv-NET,2025-26,2026,6,Overall,Overall,"Asian/Pacific Islander, NH",Overall,29.0,1.3,32.25560478699743,1.46692595882794
Entire Network,FluSurv-NET,2025-26,2026,6,Overall,Overall,"Black, NH",Overall,112.0,3.6,123.22659004921233,3.894655704279003
Entire Network,FluSurv-NET,2025-26,2026,6,Overall,Overall,Hispanic,Overall,50.0,2.2,66.44583429965132,2.7828034869718494
Entire Network,FluSurv-NET,2025-26,2026,6,Overall,Overall,Overall,Overall,71.0,3.0,,
Entire Network,FluSurv-NET,2025-26,2026,6,Overall,Overall,"White, NH",Overall,72.0,3.0,61.67015358201605,2.6479037895527684
Entire Network,FluSurv-NET,2025-26,2026,6,Pediatrics,Overall,Overall,Overall,39.0,2.0,,
Georgia,FluSurv-NET,2025-26,2026,6,Overall,Overall,Overall,Overall,82.0,2.8,,
Maryland,FluSurv-NET,2025-26,2026,6,Overall,Overall,Overall,Overall,100.0,1.0,,
Michigan,FluSurv-NET,2025-26,2026,6,Overall,Overall,Overall,Overall,51.0,1.9,,
Minnesota,FluSurv-NET,2025-26,2026,6,Overall,Overall,Overall,Overall,81.0,2.1,,
New Mexico,FluSurv-NET,2025-26,2026,6,Overall,Overall,Overall,Overall,80.0,4.5,,
New York,FluSurv-NET,2025-26,2026,6,Overall,Overall,Overall,Overall,114.0,1.7,,
North Carolina,FluSurv-NET,2025-26,2026,6,Overall,Overall,Overall,Overall,101.0,2.2,,
Oregon,FluSurv-NET,2025-26,2026,6,Overall,Overall,Overall,Overall,41.0,4.5,,
Tennessee,FluSurv-NET,2025-26,2026,6,Overall,Overall,Overall,Overall,52.0,4.4,,
Utah,FluSurv-NET,2025-26,2026,6,Overall,Overall,Overall,Overall,60.0,2.9,,
Washington,FluSurv-NET,2025-26,2026,6,Overall,Overall,Overall,Overall,42.0,4.5,,
California,FluSurv-NET,2025-26,2026,7,Overall,Overall,Overall,Overall,40.0,2.1,,
Colorado,FluSurv-NET,2025-26,2026,7,Overall,Overall,Overall,Overall,95.0,2.9,,
Connecticut,FluSurv-NET,2025-26,2026,7,Overall,Overall,Overall,Overall,142.0,2.0,,
Entire Network,FluSurv-NET,2025-26,2026,7,0-4 yr,Overall,Overall,Overall,77.0,4.4,,
Entire Network,FluSurv-NET,2025-26,2026,7,0-<1 yr,Overall,Overall,Overall,122.0,7.1,,
Entire Network,FluSurv-NET,2025-26,2026,7,1-4 yr,Overall,Overall,Overall,66.0,3.7,,
Entire Network,FluSurv-NET,2025-26,2026,7,12-17 yr,Overall,Overall,Overall,22.0,2.2,,
Entire Network,FluSurv-NET,2025-26,2026,7,18-29 yr,Overall,Overall,Overall,29.0,1.0,,
Entire Network,FluSurv-NET,2025-26,2026,7,18-49 yr,Overall,Overall,Overall,29.0,1.3,,
Entire Network,FluSurv-NET,2025-26,2026,7,30-39 yr,Overall,Overall,Overall,27.0,1.4,,
Entire Network,FluSurv-NET,2025-26,2026,7,40-49 yr,Overall,Overall,Overall,30.0,1.6,,
Entire Network,FluSurv-NET,2025-26,2026,7,5-11 yr,Overall,Overall,Overall,38.0,2.8,,
Entire Network,FluSurv-NET,2025-26,2026,7,5-17 yr,Overall,Overall,Overall,30.0,2.5,,
Entire Network,FluSurv-NET,2025-26,2026,7,50-64 yr,Overall,Overall,Overall,66.0,2.0,,
Entire Network,FluSurv-NET,2025-26,2026,7,65-74 yr,Overall,Overall,Overall,151.0,5.5,,
Entire Network,FluSurv-NET,2025-26,2026,7,75-84 yr,Overall,Overall,Overall,308.0,9.7,,
Entire Network,FluSurv-NET,2025-26,2026,7,>= 65 yr,Overall,Overall,Overall,248.0,8.3,,
Entire Network,FluSurv-NET,2025-26,2026,7,>= 75,Overall,Overall,Overall,386.0,12.3,,
Entire Network,FluSurv-NET,2025-26,2026,7,>= 85,Overall,Overall,Overall,624.0,20.5,,
Entire Network,FluSurv-NET,2025-26,2026,7,Adults,Overall,Overall,Overall,83.0,2.9,,
Entire Network,FluSurv-NET,2025-26,2026,7,Overall,Female,Overall,Overall,80.0,3.0,,
Entire Network,FluSurv-NET,2025-26,2026,7,Overall,Male,Overall,Overall,68.0,2.8,,
Entire Network,FluSurv-NET,2025-26,2026,7,Overall,Overall,"American Indian/Alaska Native, NH",Overall,80.0,4.3,83.87938509764366,4.860758611427554
Entire Network,FluSurv-NET,2025-26,2026,7,Overall,Overall,"Asian/Pacific Islander, NH",Overall,30.0,1.4,33.89992844728195,1.6443236602845228
Entire Network,FluSurv-NET,2025-26,2026,7,Overall,Overall,"Black, NH",Overall,116.0,3.8,127.30919568422443,4.082605635012099
Entire Network,FluSurv-NET,2025-26,2026,7,Overall,Overall,Hispanic,Overall,52.0,2.2,69.08693349740716,2.6410991977558114
Entire Network,FluSurv-NET,2025-26,2026,7,Overall,Overall,Overall,Overall,74.0,2.9,,
Entire Network,FluSurv-NET,2025-26,2026,7,Overall,Overall,"White, NH",Overall,75.0,2.9,64.29380710313526,2.6236535211192225
Entire Network,FluSurv-NET,2025-26,2026,7,Pediatrics,Overall,Overall,Overall,42.0,3.0,,
Georgia,FluSurv-NET,2025-26,2026,7,Overall,Overall,Overall,Overall,85.0,2.8,,
Maryland,FluSurv-NET,2025-26,2026,7,Overall,Overall,Overall,Overall,101.0,1.5,,
Michigan,FluSurv-NET,2025-26,2026,7,Overall,Overall,Overall,Overall,54.0,3.5,,
Minnesota,FluSurv-NET,2025-26,2026,7,Overall,Overall,Overall,Overall,83.0,2.4,,
New Mexico,FluSurv-NET,2025-26,2026,7,Overall,Overall,Overall,Overall,85.0,4.7,,
New York,FluSurv-NET,2025-26,2026,7,Overall,Overall,Overall,Overall,116.0,1.8,,
North Carolina,FluSurv-NET,2025-26,2026,7,Overall,Overall,Overall,Overall,103.0,1.9,,
Oregon,FluSurv-NET,2025-26,2026,7,Overall,Overall,Overall,Overall,45.0,3.7,,
Tennessee,FluSurv-NET,2025-26,2026,7,Overall,Overall,Overall,Overall,56.0,4.2,,
Utah,FluSurv-NET,2025-26,2026,7,Overall,Overall,Overall,Overall,63.0,3.1,,
Washington,FluSurv-NET,2025-26,2026,7,Overall,Overall,Overall,Overall,46.0,4.1,,
California,FluSurv-NET,2025-26,2026,8,Overall,Overall,Overall,Overall,42.0,2.6,,
Colorado,FluSurv-NET,2025-26,2026,8,Overall,Overall,Overall,Overall,98.0,3.0,,
Connecticut,FluSurv-NET,2025-26,2026,8,Overall,Overall,Overall,Overall,145.0,2.3,,
Entire Network,FluSurv-NET,2025-26,2026,8,0-4 yr,Overall,Overall,Overall,81.0,3.5,,
Entire Network,FluSurv-NET,2025-26,2026,8,0-<1 yr,Overall,Overall,Overall,128.0,6.0,,
Entire Network,FluSurv-NET,2025-26,2026,8,1-4 yr,Overall,Overall,Overall,69.0,2.9,,
Entire Network,FluSurv-NET,2025-26,2026,8,12-17 yr,Overall,Overall,Overall,24.0,1.3,,
Entire Network,FluSurv-NET,2025-26,2026,8,18-29 yr,Overall,Overall,Overall,30.0,1.1,,
Entire Network,FluSurv-NET,2025-26,2026,8,18-49 yr,Overall,Overall,Overall,30.0,1.2,,
Entire Network,FluSurv-NET,2025-26,2026,8,30-39 yr,Overall,Overall,Overall,28.0,1.2,,
Entire Network,FluSurv-NET,2025-26,2026,8,40-49 yr,Overall,Overall,Overall,31.0,1.5,,
Entire Network,FluSurv-NET,2025-26,2026,8,5-11 yr,Overall,Overall,Overall,40.0,1.7,,
Entire Network,FluSurv-NET,2025-26,2026,8,5-17 yr,Overall,Overall,Overall,32.0,1.5,,
Entire Network,FluSurv-NET,2025-26,2026,8,50-64 yr,Overall,Overall,Overall,68.0,2.0,,
Entire Network,FluSurv-NET,2025-26,2026,8,65-74 yr,Overall,Overall,Overall,155.0,4.4,,
Entire Network,FluSurv-NET,2025-26,2026,8,75-84 yr,Overall,Overall,Overall,316.0,7.4,,
Entire Network,FluSurv-NET,2025-26,2026,8,>= 65 yr,Overall,Overall,Overall,254.0,6.6,,
Entire Network,FluSurv-NET,2025-26,2026,8,>= 75,Overall,Overall,Overall,395.0,9.7,,
Entire Network,FluSurv-NET,2025-26,2026,8,>= 85,Overall,Overall,Overall,640.0,16.7,,
Entire Network,FluSurv-NET,2025-26,2026,8,Adults,Overall,Overall,Overall,85.0,2.5,,
Entire Network,FluSurv-NET,2025-26,2026,8,Overall,Female,Overall,Overall,83.0,2.7,,
Entire Network,FluSurv-NET,2025-26,2026,8,Overall,Male,Overall,Overall,71.0,2.2,,
Entire Network,FluSurv-NET,2025-26,2026,8,Overall,Overall,"American Indian/Alaska Native, NH",Overall,81.0,1.3,85.38845464140925,1.5090695437655994
Entire Network,FluSurv-NET,2025-26,2026,8,Overall,Overall,"Asian/Pacific Islander, NH",Overall,31.0,1.4,35.48256781092099,1.5826393636390417
Entire Network,FluSurv-NET,2025-26,2026,8,Overall,Overall,"Black, NH",Overall,119.0,2.9,130.3902730133633,3.0810773291388616
Entire Network,FluSurv-NET,2025-26,2026,8,Overall,Overall,Hispanic,Overall,55.0,2.1,71.70582142242533,2.618887925018182
Entire Network,FluSurv-NET,2025-26,2026,8,Overall,Overall,Overall,Overall,77.0,2.4,,
Entire Network,FluSurv-NET,2025-26,2026,8,Overall,Overall,"White, NH",Overall,78.0,2.4,66.45992336911257,2.166116265977303
Entire Network,FluSurv-NET,2025-26,2026,8,Pediatrics,Overall,Overall,Overall,44.0,2.0,,
Georgia,FluSurv-NET,2025-26,2026,8,Overall,Overall,Overall,Overall,86.0,1.6,,
Maryland,FluSurv-NET,2025-26,2026,8,Overall,Overall,Overall,Overall,102.0,1.0,,
Michigan,FluSurv-NET,2025-26,2026,8,Overall,Overall,Overall,Overall,56.0,2.3,,
Minnesota,FluSurv-NET,2025-26,2026,8,Overall,Overall,Overall,Overall,85.0,1.4,,
New Mexico,FluSurv-NET,2025-26,2026,8,Overall,Overall,Overall,Overall,89.0,4.3,,
New York,FluSurv-NET,2025-26,2026,8,Overall,Overall,Overall,Overall,118.0,2.2,,
North Carolina,FluSurv-NET,2025-26,2026,8,Overall,Overall,Overall,Overall,105.0,2.3,,
Oregon,FluSurv-NET,2025-26,2026,8,Overall,Overall,Overall,Overall,48.0,2.9,,
Tennessee,FluSurv-NET,2025-26,2026,8,Overall,Overall,Overall,Overall,60.0,3.7,,
Utah,FluSurv-NET,2025-26,2026,8,Overall,Overall,Overall,Overall,65.0,1.6,,
Washington,FluSurv-NET,2025-26,2026,8,Overall,Overall,Overall,Overall,49.0,3.1,,
California,FluSurv-NET,2025-26,2026,9,Overall,Overall,Overall,Overall,44.0,1.5,,
Colorado,FluSurv-NET,2025-26,2026,9,Overall,Overall,Overall,Overall,100.0,2.8,,
Connecticut,FluSurv-NET,2025-26,2026,9,Overall,Overall,Overall,Overall,146.0,1.1,,
Entire Network,FluSurv-NET,2025-26,2026,9,0-4 yr,Overall,Overall,Overall,85.0,3.9,,
Entire Network,FluSurv-NET,2025-26,2026,9,0-<1 yr,Overall,Overall,Overall,131.0,3.5,,
Entire Network,FluSurv-NET,2025-26,2026,9,1-4 yr,Overall,Overall,Overall,73.0,3.9,,
Entire Network,FluSurv-NET,2025-26,2026,9,12-17 yr,Overall,Overall,Overall,25.0,1.1,,
Entire Network,FluSurv-NET,2025-26,2026,9,18-29 yr,Overall,Overall,Overall,31.0,1.0,,
Entire Network,FluSurv-NET,2025-26,2026,9,18-49 yr,Overall,Overall,Overall,31.0,1.0,,
Entire Network,FluSurv-NET,2025-26,2026,9,30-39 yr,Overall,Overall,Overall,29.0,0.9,,
Entire Network,FluSurv-NET,2025-26,2026,9,40-49 yr,Overall,Overall,Overall,33.0,1.2,,
Entire Network,FluSurv-NET,2025-26,2026,9,5-11 yr,Overall,Overall,Overall,42.0,2.3,,
Entire Network,FluSurv-NET,2025-26,2026,9,5-17 yr,Overall,Overall,Overall,34.0,1.7,,
Entire Network,FluSurv-NET,2025-26,2026,9,50-64 yr,Overall,Overall,Overall,70.0,1.8,,
Entire Network,FluSurv-NET,2025-26,2026,9,65-74 yr,Overall,Overall,Overall,158.0,3.4,,
Entire Network,FluSurv-NET,2025-26,2026,9,75-84 yr,Overall,Overall,Overall,321.0,5.9,,
Entire Network,FluSurv-NET,2025-26,2026,9,>= 65 yr,Overall,Overall,Overall,259.0,5.0,,
Entire Network,FluSurv-NET,2025-26,2026,9,>= 75,Overall,Overall,Overall,403.0,7.3,,
Entire Network,FluSurv-NET,2025-26,2026,9,>= 85,Overall,Overall,Overall,652.0,11.4,,
Entire Network,FluSurv-NET,2025-26,2026,9,Adults,Overall,Overall,Overall,87.0,2.0,,
Entire Network,FluSurv-NET,2025-26,2026,9,Overall,Female,Overall,Overall,85.0,2.2,,
Entire Network,FluSurv-NET,2025-26,2026,9,Overall,Male,Overall,Overall,73.0,1.9,,
Entire Network,FluSurv-NET,2025-26,2026,9,Overall,Overall,"American Indian/Alaska Native, NH",Overall,83.0,1.7,87.11895897892326,1.7305043375140143
Entire Network,FluSurv-NET,2025-26,2026,9,Overall,Overall,"Asian/Pacific Islander, NH",Overall,32.0,0.8,36.40714740713373,0.9245795962127314
Entire Network,FluSurv-NET,2025-26,2026,9,Overall,Overall,"Black, NH",Overall,121.0,2.8,133.24140431641155,2.8511313030482204
Entire Network,FluSurv-NET,2025-26,2026,9,Overall,Overall,Hispanic,Overall,56.0,1.7,73.55165183670198,1.8458304142766455
Entire Network,FluSurv-NET,2025-26,2026,9,Overall,Overall,Overall,Overall,79.0,2.1,,
Entire Network,FluSurv-NET,2025-26,2026,9,Overall,Overall,"White, NH",Overall,80.0,2.1,68.40012893155898,1.9402055624464136
Entire Network,FluSurv-NET,2025-26,2026,9,Pediatrics,Overall,Overall,Overall,47.0,2.3,,
Georgia,FluSurv-NET,2025-26,2026,9,Overall,Overall,Overall,Overall,88.0,1.7,,
Maryland,FluSurv-NET,2025-26,2026,9,Overall,Overall,Overall,Overall,103.0,1.1,,
Michigan,FluSurv-NET,2025-26,2026,9,Overall,Overall,Overall,Overall,58.0,1.2,,
Minnesota,FluSurv-NET,2025-26,2026,9,Overall,Overall,Overall,Overall,87.0,2.1,,
New Mexico,FluSurv-NET,2025-26,2026,9,Overall,Overall,Overall,Overall,92.0,2.5,,
New York,FluSurv-NET,2025-26,2026,9,Overall,Overall,Overall,Overall,120.0,2.0,,
North Carolina,FluSurv-NET,2025-26,2026,9,Overall,Overall,Overall,Overall,108.0,2.3,,
Oregon,FluSurv-NET,2025-26,2026,9,Overall,Overall,Overall,Overall,50.0,2.5,,
Tennessee,FluSurv-NET,2025-26,2026,9,Overall,Overall,Overall,Overall,63.0,3.5,,
Utah,FluSurv-NET,2025-26,2026,9,Overall,Overall,Overall,Overall,66.0,1.5,,
Washington,FluSurv-NET,2025-26,2026,9,Overall,Overall,Overall,Overall,52.0,2.6,,
California,FluSurv-NET,2025-26,2026,10,Overall,Overall,Overall,Overall,45.0,0.8,,
Colorado,FluSurv-NET,2025-26,2026,10,Overall,Overall,Overall,Overall,103.0,2.7,,
Connecticut,FluSurv-NET,2025-26,2026,10,Overall,Overall,Overall,Overall,147.0,1.6,,
Entire Network,FluSurv-NET,2025-26,2026,10,0-4 yr,Overall,Overall,Overall,87.0,2.4,,
Entire Network,FluSurv-NET,2025-26,2026,10,0-<1 yr,Overall,Overall,Overall,135.0,3.5,,
Entire Network,FluSurv-NET,2025-26,2026,10,1-4 yr,Overall,Overall,Overall,75.0,2.1,,
Entire Network,FluSurv-NET,2025-26,2026,10,12-17 yr,Overall,Overall,Overall,26.0,1.0,,
Entire Network,FluSurv-NET,2025-26,2026,10,18-29 yr,Overall,Overall,Overall,32.0,0.7,,
Entire Network,FluSurv-NET,2025-26,2026,10,18-49 yr,Overall,Overall,Overall,32.0,0.8,,
Entire Network,FluSurv-NET,2025-26,2026,10,30-39 yr,Overall,Overall,Overall,30.0,0.9,,
Entire Network,FluSurv-NET,2025-26,2026,10,40-49 yr,Overall,Overall,Overall,33.0,0.8,,
Entire Network,FluSurv-NET,2025-26,2026,10,5-11 yr,Overall,Overall,Overall,44.0,2.1,,
Entire Network,FluSurv-NET,2025-26,2026,10,5-17 yr,Overall,Overall,Overall,35.0,1.6,,
Entire Network,FluSurv-NET,2025-26,2026,10,50-64 yr,Overall,Overall,Overall,71.0,1.3,,
Entire Network,FluSurv-NET,2025-26,2026,10,65-74 yr,Overall,Overall,Overall,161.0,2.8,,
Entire Network,FluSurv-NET,2025-26,2026,10,75-84 yr,Overall,Overall,Overall,326.0,4.7,,
Entire Network,FluSurv-NET,2025-26,2026,10,>= 65 yr,Overall,Overall,Overall,263.0,3.9,,
Entire Network,FluSurv-NET,2025-26,2026,10,>= 75,Overall,Overall,Overall,408.0,5.5,,
Entire Network,FluSurv-NET,2025-26,2026,10,>= 85,Overall,Overall,Overall,660.0,8.2,,
Entire Network,FluSurv-NET,2025-26,2026,10,Adults,Overall,Overall,Overall,89.0,1.6,,
Entire Network,FluSurv-NET,2025-26,2026,10,Overall,Female,Overall,Overall,87.0,1.7,,
Entire Network,FluSurv-NET,2025-26,2026,10,Overall,Male,Overall,Overall,74.0,1.5,,
Entire Network,FluSurv-NET,2025-26,2026,10,Overall,Overall,"American Indian/Alaska Native, NH",Overall,86.0,3.0,90.37069902855445,3.2517400496311875
Entire Network,FluSurv-NET,2025-26,2026,10,Overall,Overall,"Asian/Pacific Islander, NH",Overall,33.0,0.6,37.037303421508135,0.6301560143744073
Entire Network,FluSurv-NET,2025-26,2026,10,Overall,Overall,"Black, NH",Overall,123.0,1.9,135.2062802186936,1.9648759022820614
Entire Network,FluSurv-NET,2025-26,2026,10,Overall,Overall,Hispanic,Overall,58.0,1.6,75.45829209723281,1.9066402605308295
Entire Network,FluSurv-NET,2025-26,2026,10,Overall,Overall,Overall,Overall,80.0,1.6,,
Entire Network,FluSurv-NET,2025-26,2026,10,Overall,Overall,"White, NH",Overall,81.0,1.6,69.81954204191959,1.4194131103606082
Entire Network,FluSurv-NET,2025-26,2026,10,Pediatrics,Overall,Overall,Overall,48.0,1.8,,
Georgia,FluSurv-NET,2025-26,2026,10,Overall,Overall,Overall,Overall,89.0,1.3,,
Maryland,FluSurv-NET,2025-26,2026,10,Overall,Overall,Overall,Overall,104.0,0.9,,
Michigan,FluSurv-NET,2025-26,2026,10,Overall,Overall,Overall,Overall,60.0,2.1,,
Minnesota,FluSurv-NET,2025-26,2026,10,Overall,Overall,Overall,Overall,88.0,1.7,,
New Mexico,FluSurv-NET,2025-26,2026,10,Overall,Overall,Overall,Overall,95.0,2.9,,
New York,FluSurv-NET,2025-26,2026,10,Overall,Overall,Overall,Overall,121.0,1.3,,
North Carolina,FluSurv-NET,2025-26,2026,10,Overall,Overall,Overall,Overall,109.0,1.6,,
Oregon,FluSurv-NET,2025-26,2026,10,Overall,Overall,Overall,Overall,52.0,1.6,,
Tennessee,FluSurv-NET,2025-26,2026,10,Overall,Overall,Overall,Overall,65.0,2.1,,
Utah,FluSurv-NET,2025-26,2026,10,Overall,Overall,Overall,Overall,67.0,1.0,,
Washington,FluSurv-NET,2025-26,2026,10,Overall,Overall,Overall,Overall,54.0,1.8,,
California,FluSurv-NET,2025-26,2026,11,Overall,Overall,Overall,Overall,46.0,1.1,,
Colorado,FluSurv-NET,2025-26,2026,11,Overall,Overall,Overall,Overall,105.0,2.3,,
Connecticut,FluSurv-NET,2025-26,2026,11,Overall,Overall,Overall,Overall,148.0,1.2,,
Entire Network,FluSurv-NET,2025-26,2026,11,0-4 yr,Overall,Overall,Overall,89.0,2.5,,
Entire Network,FluSurv-NET,2025-26,2026,11,0-<1 yr,Overall,Overall,Overall,138.0,3.3,,
Entire Network,FluSurv-NET,2025-26,2026,11,1-4 yr,Overall,Overall,Overall,77.0,2.3,,
Entire Network,FluSurv-NET,2025-26,2026,11,12-17 yr,Overall,Overall,Overall,26.0,0.7,,
Entire Network,FluSurv-NET,2025-26,2026,11,18-29 yr,Overall,Overall,Overall,33.0,0.6,,
Entire Network,FluSurv-NET,2025-26,2026,11,18-49 yr,Overall,Overall,Overall,32.0,0.8,,
Entire Network,FluSurv-NET,2025-26,2026,11,30-39 yr,Overall,Overall,Overall,31.0,1.2,,
Entire Network,FluSurv-NET,2025-26,2026,11,40-49 yr,Overall,Overall,Overall,34.0,0.5,,
Entire Network,FluSurv-NET,2025-26,2026,11,5-11 yr,Overall,Overall,Overall,46.0,2.3,,
Entire Network,FluSurv-NET,2025-26,2026,11,5-17 yr,Overall,Overall,Overall,37.0,1.5,,
Entire Network,FluSurv-NET,2025-26,2026,11,50-64 yr,Overall,Overall,Overall,72.0,0.9,,
Entire Network,FluSurv-NET,2025-26,2026,11,65-74 yr,Overall,Overall,Overall,163.0,2.3,,
Entire Network,FluSurv-NET,2025-26,2026,11,75-84 yr,Overall,Overall,Overall,329.0,3.0,,
Entire Network,FluSurv-NET,2025-26,2026,11,>= 65 yr,Overall,Overall,Overall,266.0,2.8,,
Entire Network,FluSurv-NET,2025-26,2026,11,>= 75,Overall,Overall,Overall,412.0,3.6,,
Entire Network,FluSurv-NET,2025-26,2026,11,>= 85,Overall,Overall,Overall,665.0,5.3,,
Entire Network,FluSurv-NET,2025-26,2026,11,Adults,Overall,Overall,Overall,90.0,1.2,,
Entire Network,FluSurv-NET,2025-26,2026,11,Overall,Female,Overall,Overall,88.0,1.4,,
Entire Network,FluSurv-NET,2025-26,2026,11,Overall,Male,Overall,Overall,75.0,1.3,,
Entire Network,FluSurv-NET,2025-26,2026,11,Overall,Overall,"American Indian/Alaska Native, NH",Overall,88.0,1.7,92.2006155394742,1.8299165109197408
Entire Network,FluSurv-NET,2025-26,2026,11,Overall,Overall,"Asian/Pacific Islander, NH",Overall,33.0,0.4,37.467789966767384,0.43048654525924823
Entire Network,FluSurv-NET,2025-26,2026,11,Overall,Overall,"Black, NH",Overall,125.0,2.0,137.2495059402835,2.0432257215899288
Entire Network,FluSurv-NET,2025-26,2026,11,Overall,Overall,Hispanic,Overall,59.0,1.4,76.90734553926009,1.4490534420272905
Entire Network,FluSurv-NET,2025-26,2026,11,Overall,Overall,Overall,Overall,82.0,1.3,,
Entire Network,FluSurv-NET,2025-26,2026,11,Overall,Overall,"White, NH",Overall,83.0,1.3,71.00895204293856,1.1894100010189639
Entire Network,FluSurv-NET,2025-26,2026,11,Pediatrics,Overall,Overall,Overall,50.0,1.8,,
Georgia,FluSurv-NET,2025-26,2026,11,Overall,Overall,Overall,Overall,90.0,0.9,,
Maryland,FluSurv-NET,2025-26,2026,11,Overall,Overall,Overall,Overall,105.0,0.8,,
Michigan,FluSurv-NET,2025-26,2026,11,Overall,Overall,Overall,Overall,61.0,1.3,,
Minnesota,FluSurv-NET,2025-26,2026,11,Overall,Overall,Overall,Overall,90.0,1.4,,
New Mexico,FluSurv-NET,2025-26,2026,11,Overall,Overall,Overall,Overall,97.0,2.1,,
New York,FluSurv-NET,2025-26,2026,11,Overall,Overall,Overall,Overall,123.0,1.9,,
North Carolina,FluSurv-NET,2025-26,2026,11,Overall,Overall,Overall,Overall,110.0,0.9,,
Oregon,FluSurv-NET,2025-26,2026,11,Overall,Overall,Overall,Overall,53.0,1.4,,
Tennessee,FluSurv-NET,2025-26,2026,11,Overall,Overall,Overall,Overall,67.0,1.5,,
Utah,FluSurv-NET,2025-26,2026,11,Overall,Overall,Overall,Overall,68.0,1.0,,
Washington,FluSurv-NET,2025-26,2026,11,Overall,Overall,Overall,Overall,55.0,1.3,,
California,FluSurv-NET,2025-26,2026,12,Overall,Overall,Overall,Overall,46.0,0.4,,
Colorado,FluSurv-NET,2025-26,2026,12,Overall,Overall,Overall,Overall,107.0,2.1,,
Connecticut,FluSurv-NET,2025-26,2026,12,Overall,Overall,Overall,Overall,150.0,1.7,,
Entire Network,FluSurv-NET,2025-26,2026,12,0-4 yr,Overall,Overall,Overall,92.0,2.4,,
Entire Network,FluSurv-NET,2025-26,2026,12,0-<1 yr,Overall,Overall,Overall,141.0,2.7,,
Entire Network,FluSurv-NET,2025-26,2026,12,1-4 yr,Overall,Overall,Overall,80.0,2.3,,
Entire Network,FluSurv-NET,2025-26,2026,12,12-17 yr,Overall,Overall,Overall,28.0,1.0,,
Entire Network,FluSurv-NET,2025-26,2026,12,18-29 yr,Overall,Overall,Overall,33.0,0.6,,
Entire Network,FluSurv-NET,2025-26,2026,12,18-49 yr,Overall,Overall,Overall,33.0,0.7,,
Entire Network,FluSurv-NET,2025-26,2026,12,30-39 yr,Overall,Overall,Overall,31.0,0.8,,
Entire Network,FluSurv-NET,2025-26,2026,12,40-49 yr,Overall,Overall,Overall,35.0,0.8,,
Entire Network,FluSurv-NET,2025-26,2026,12,5-11 yr,Overall,Overall,Overall,48.0,1.9,,
Entire Network,FluSurv-NET,2025-26,2026,12,5-17 yr,Overall,Overall,Overall,38.0,1.5,,
Entire Network,FluSurv-NET,2025-26,2026,12,50-64 yr,Overall,Overall,Overall,73.0,0.8,,
Entire Network,FluSurv-NET,2025-26,2026,12,65-74 yr,Overall,Overall,Overall,165.0,1.3,,
Entire Network,FluSurv-NET,2025-26,2026,12,75-84 yr,Overall,Overall,Overall,331.0,2.2,,
Entire Network,FluSurv-NET,2025-26,2026,12,>= 65 yr,Overall,Overall,Overall,268.0,1.9,,
Entire Network,FluSurv-NET,2025-26,2026,12,>= 75,Overall,Overall,Overall,415.0,2.8,,
Entire Network,FluSurv-NET,2025-26,2026,12,>= 85,Overall,Overall,Overall,670.0,4.6,,
Entire Network,FluSurv-NET,2025-26,2026,12,Adults,Overall,Overall,Overall,91.0,1.0,,
Entire Network,FluSurv-NET,2025-26,2026,12,Overall,Female,Overall,Overall,90.0,1.4,,
Entire Network,FluSurv-NET,2025-26,2026,12,Overall,Male,Overall,Overall,76.0,0.9,,
Entire Network,FluSurv-NET,2025-26,2026,12,Overall,Overall,"American Indian/Alaska Native, NH",Overall,91.0,3.0,95.3634992841769,3.162883744702718
Entire Network,FluSurv-NET,2025-26,2026,12,Overall,Overall,"Asian/Pacific Islander, NH",Overall,34.0,0.5,38.00252881081283,0.5347388440454436
Entire Network,FluSurv-NET,2025-26,2026,12,Overall,Overall,"Black, NH",Overall,127.0,2.0,139.22085255985496,1.9713466195714753
Entire Network,FluSurv-NET,2025-26,2026,12,Overall,Overall,Hispanic,Overall,61.0,1.3,78.17938307023957,1.272037530979464
Entire Network,FluSurv-NET,2025-26,2026,12,Overall,Overall,Overall,Overall,83.0,1.1,,
Entire Network,FluSurv-NET,2025-26,2026,12,Overall,Overall,"White, NH",Overall,84.0,0.9,71.89798994489698,0.8890379019584086
Entire Network,FluSurv-NET,2025-26,2026,12,Pediatrics,Overall,Overall,Overall,52.0,1.7,,
Georgia,FluSurv-NET,2025-26,2026,12,Overall,Overall,Overall,Overall,91.0,0.9,,
Maryland,FluSurv-NET,2025-26,2026,12,Overall,Overall,Overall,Overall,106.0,1.1,,
Michigan,FluSurv-NET,2025-26,2026,12,Overall,Overall,Overall,Overall,62.0,1.2,,
Minnesota,FluSurv-NET,2025-26,2026,12,Overall,Overall,Overall,Overall,91.0,1.3,,
New Mexico,FluSurv-NET,2025-26,2026,12,Overall,Overall,Overall,Overall,99.0,1.8,,
New York,FluSurv-NET,2025-26,2026,12,Overall,Overall,Overall,Overall,124.0,1.1,,
North Carolina,FluSurv-NET,2025-26,2026,12,Overall,Overall,Overall,Overall,111.0,1.1,,
Oregon,FluSurv-NET,2025-26,2026,12,Overall,Overall,Overall,Overall,54.0,0.9,,
Tennessee,FluSurv-NET,2025-26,2026,12,Overall,Overall,Overall,Overall,68.0,1.2,,
Utah,FluSurv-NET,2025-26,2026,12,Overall,Overall,Overall,Overall,69.0,1.0,,
Washington,FluSurv-NET,2025-26,2026,12,Overall,Overall,Overall,Overall,56.0,1.0,,
California,FluSurv-NET,2025-26,2026,13,Overall,Overall,Overall,Overall,47.0,0.5,,
Colorado,FluSurv-NET,2025-26,2026,13,Overall,Overall,Overall,Overall,109.0,1.9,,
Connecticut,FluSurv-NET,2025-26,2026,13,Overall,Overall,Overall,Overall,151.0,1.0,,
Entire Network,FluSurv-NET,2025-26,2026,13,0-4 yr,Overall,Overall,Overall,94.0,1.9,,
Entire Network,FluSurv-NET,2025-26,2026,13,0-<1 yr,Overall,Overall,Overall,144.0,3.5,,
Entire Network,FluSurv-NET,2025-26,2026,13,1-4 yr,Overall,Overall,Overall,81.0,1.5,,
Entire Network,FluSurv-NET,2025-26,2026,13,12-17 yr,Overall,Overall,Overall,28.0,0.5,,
Entire Network,FluSurv-NET,2025-26,2026,13,18-29 yr,Overall,Overall,Overall,34.0,0.5,,
Entire Network,FluSurv-NET,2025-26,2026,13,18-49 yr,Overall,Overall,Overall,34.0,0.6,,
Entire Network,FluSurv-NET,2025-26,2026,13,30-39 yr,Overall,Overall,Overall,32.0,0.7,,
Entire Network,FluSurv-NET,2025-26,2026,13,40-49 yr,Overall,Overall,Overall,35.0,0.7,,
Entire Network,FluSurv-NET,2025-26,2026,13,5-11 yr,Overall,Overall,Overall,49.0,1.2,,
Entire Network,FluSurv-NET,2025-26,2026,13,5-17 yr,Overall,Overall,Overall,39.0,0.9,,
Entire Network,FluSurv-NET,2025-26,2026,13,50-64 yr,Overall,Overall,Overall,74.0,0.8,,
Entire Network,FluSurv-NET,2025-26,2026,13,65-74 yr,Overall,Overall,Overall,166.0,1.2,,
Entire Network,FluSurv-NET,2025-26,2026,13,75-84 yr,Overall,Overall,Overall,334.0,3.0,,
Entire Network,FluSurv-NET,2025-26,2026,13,>= 65 yr,Overall,Overall,Overall,270.0,2.0,,
Entire Network,FluSurv-NET,2025-26,2026,13,>= 75,Overall,Overall,Overall,418.0,3.2,,
Entire Network,FluSurv-NET,2025-26,2026,13,>= 85,Overall,Overall,Overall,674.0,4.1,,
Entire Network,FluSurv-NET,2025-26,2026,13,Adults,Overall,Overall,Overall,92.0,0.9,,
Entire Network,FluSurv-NET,2025-26,2026,13,Overall,Female,Overall,Overall,91.0,1.0,,
Entire Network,FluSurv-NET,2025-26,2026,13,Overall,Male,Overall,Overall,77.0,1.0,,
Entire Network,FluSurv-NET,2025-26,2026,13,Overall,Overall,"American Indian/Alaska Native, NH",Overall,93.0,2.1,97.5299854197407,2.166486135563785
Entire Network,FluSurv-NET,2025-26,2026,13,Overall,Overall,"Asian/Pacific Islander, NH",Overall,34.0,0.3,38.35106983300694,0.3485410221941143
Entire Network,FluSurv-NET,2025-26,2026,13,Overall,Overall,"Black, NH",Overall,129.0,1.8,141.02530341415692,1.8044508543019657
Entire Network,FluSurv-NET,2025-26,2026,13,Overall,Overall,Hispanic,Overall,62.0,1.1,79.28555781639584,1.1061747461562805
Entire Network,FluSurv-NET,2025-26,2026,13,Overall,Overall,Overall,Overall,84.0,1.0,,
Entire Network,FluSurv-NET,2025-26,2026,13,Overall,Overall,"White, NH",Overall,84.0,0.8,72.64187582155907,0.7438858766620963
Entire Network,FluSurv-NET,2025-26,2026,13,Pediatrics,Overall,Overall,Overall,53.0,1.1,,
Georgia,FluSurv-NET,2025-26,2026,13,Overall,Overall,Overall,Overall,92.0,1.0,,
Maryland,FluSurv-NET,2025-26,2026,13,Overall,Overall,Overall,Overall,107.0,1.1,,
Michigan,FluSurv-NET,2025-26,2026,13,Overall,Overall,Overall,Overall,63.0,0.7,,
Minnesota,FluSurv-NET,2025-26,2026,13,Overall,Overall,Overall,Overall,92.0,1.3,,
New Mexico,FluSurv-NET,2025-26,2026,13,Overall,Overall,Overall,Overall,100.0,1.1,,
New York,FluSurv-NET,2025-26,2026,13,Overall,Overall,Overall,Overall,126.0,1.7,,
North Carolina,FluSurv-NET,2025-26,2026,13,Overall,Overall,Overall,Overall,112.0,0.8,,
Oregon,FluSurv-NET,2025-26,2026,13,Overall,Overall,Overall,Overall,55.0,0.5,,
Tennessee,FluSurv-NET,2025-26,2026,13,Overall,Overall,Overall,Overall,69.0,0.7,,
Utah,FluSurv-NET,2025-26,2026,13,Overall,Overall,Overall,Overall,69.0,0.2,,
Washington,FluSurv-NET,2025-26,2026,13,Overall,Overall,Overall,Overall,57.0,0.8,,
California,FluSurv-NET,2025-26,2026,14,Overall,Overall,Overall,Overall,47.0,0.5,,
Colorado,FluSurv-NET,2025-26,2026,14,Overall,Overall,Overall,Overall,110.0,1.0,,
Connecticut,FluSurv-NET,2025-26,2026,14,Overall,Overall,Overall,Overall,152.0,1.2,,
Entire Network,FluSurv-NET,2025-26,2026,14,0-4 yr,Overall,Overall,Overall,95.0,1.1,,
Entire Network,FluSurv-NET,2025-26,2026,14,0-<1 yr,Overall,Overall,Overall,145.0,0.8,,
Entire Network,FluSurv-NET,2025-26,2026,14,1-4 yr,Overall,Overall,Overall,82.0,1.1,,
Entire Network,FluSurv-NET,2025-26,2026,14,12-17 yr,Overall,Overall,Overall,28.0,0.3,,
Entire Network,FluSurv-NET,2025-26,2026,14,18-29 yr,Overall,Overall,Overall,34.0,0.3,,
Entire Network,FluSurv-NET,2025-26,2026,14,18-49 yr,Overall,Overall,Overall,34.0,0.5,,
Entire Network,FluSurv-NET,2025-26,2026,14,30-39 yr,Overall,Overall,Overall,33.0,0.6,,
Entire Network,FluSurv-NET,2025-26,2026,14,40-49 yr,Overall,Overall,Overall,36.0,0.5,,
Entire Network,FluSurv-NET,2025-26,2026,14,5-11 yr,Overall,Overall,Overall,50.0,1.0,,
Entire Network,FluSurv-NET,2025-26,2026,14,5-17 yr,Overall,Overall,Overall,40.0,0.6,,
Entire Network,FluSurv-NET,2025-26,2026,14,50-64 yr,Overall,Overall,Overall,74.0,0.5,,
Entire Network,FluSurv-NET,2025-26,2026,14,65-74 yr,Overall,Overall,Overall,167.0,0.8,,
Entire Network,FluSurv-NET,2025-26,2026,14,75-84 yr,Overall,Overall,Overall,336.0,1.6,,
Entire Network,FluSurv-NET,2025-26,2026,14,>= 65 yr,Overall,Overall,Overall,271.0,1.3,,
Entire Network,FluSurv-NET,2025-26,2026,14,>= 75,Overall,Overall,Overall,420.0,1.9,,
Entire Network,FluSurv-NET,2025-26,2026,14,>= 85,Overall,Overall,Overall,677.0,2.9,,
Entire Network,FluSurv-NET,2025-26,2026,14,Adults,Overall,Overall,Overall,93.0,0.7,,
Entire Network,FluSurv-NET,2025-26,2026,14,Overall,Female,Overall,Overall,91.0,0.7,,
Entire Network,FluSurv-NET,2025-26,2026,14,Overall,Male,Overall,Overall,78.0,0.6,,
Entire Network,FluSurv-NET,2025-26,2026,14,Overall,Overall,"American Indian/Alaska Native, NH",Overall,93.0,0.4,97.92189182727965,0.39190640753897205
Entire Network,FluSurv-NET,2025-26,2026,14,Overall,Overall,"Asian/Pacific Islander, NH",Overall,34.0,0.4,38.74735014217688,0.3962803091699428
Entire Network,FluSurv-NET,2025-26,2026,14,Overall,Overall,"Black, NH",Overall,130.0,1.2,142.2512706286193,1.2259672144623244
Entire Network,FluSurv-NET,2025-26,2026,14,Overall,Overall,Hispanic,Overall,62.0,0.6,79.9181169564967,0.6325591401008598
Entire Network,FluSurv-NET,2025-26,2026,14,Overall,Overall,Overall,Overall,85.0,0.7,,
Entire Network,FluSurv-NET,2025-26,2026,14,Overall,Overall,"White, NH",Overall,85.0,0.6,73.21083401588292,0.5689581943238616
Entire Network,FluSurv-NET,2025-26,2026,14,Pediatrics,Overall,Overall,Overall,54.0,0.8,,
Georgia,FluSurv-NET,2025-26,2026,14,Overall,Overall,Overall,Overall,93.0,0.5,,
Maryland,FluSurv-NET,2025-26,2026,14,Overall,Overall,Overall,Overall,108.0,0.6,,
Michigan,FluSurv-NET,2025-26,2026,14,Overall,Overall,Overall,Overall,63.0,0.3,,
Minnesota,FluSurv-NET,2025-26,2026,14,Overall,Overall,Overall,Overall,93.0,1.0,,
New Mexico,FluSurv-NET,2025-26,2026,14,Overall,Overall,Overall,Overall,100.0,0.4,,
New York,FluSurv-NET,2025-26,2026,14,Overall,Overall,Overall,Overall,127.0,1.1,,
North Carolina,FluSurv-NET,2025-26,2026,14,Overall,Overall,Overall,Overall,112.0,0.3,,
Oregon,FluSurv-NET,2025-26,2026,14,Overall,Overall,Overall,Overall,55.0,0.3,,
Tennessee,FluSurv-NET,2025-26,2026,14,Overall,Overall,Overall,Overall,69.0,0.5,,
Utah,FluSurv-NET,2025-26,2026,14,Overall,Overall,Overall,Overall,70.0,0.2,,
Washington,FluSurv-NET,2025-26,2026,14,Overall,Overall,Overall,Overall,58.0,0.9,,
California,FluSurv-NET,2025-26,2026,15,Overall,Overall,Overall,Overall,48.0,0.6,,
Colorado,FluSurv-NET,2025-26,2026,15,Overall,Overall,Overall,Overall,112.0,1.4,,
Connecticut,FluSurv-NET,2025-26,2026,15,Overall,Overall,Overall,Overall,154.0,1.3,,
Entire Network,FluSurv-NET,2025-26,2026,15,0-4 yr,Overall,Overall,Overall,96.0,1.3,,
Entire Network,FluSurv-NET,2025-26,2026,15,0-<1 yr,Overall,Overall,Overall,148.0,2.4,,
Entire Network,FluSurv-NET,2025-26,2026,15,1-4 yr,Overall,Overall,Overall,83.0,1.1,,
Entire Network,FluSurv-NET,2025-26,2026,15,12-17 yr,Overall,Overall,Overall,29.0,0.3,,
Entire Network,FluSurv-NET,2025-26,2026,15,18-29 yr,Overall,Overall,Overall,34.0,0.3,,
Entire Network,FluSurv-NET,2025-26,2026,15,18-49 yr,Overall,Overall,Overall,35.0,0.4,,
Entire Network,FluSurv-NET,2025-26,2026,15,30-39 yr,Overall,Overall,Overall,33.0,0.5,,
Entire Network,FluSurv-NET,2025-26,2026,15,40-49 yr,Overall,Overall,Overall,36.0,0.3,,
Entire Network,FluSurv-NET,2025-26,2026,15,5-11 yr,Overall,Overall,Overall,51.0,0.7,,
Entire Network,FluSurv-NET,2025-26,2026,15,5-17 yr,Overall,Overall,Overall,40.0,0.6,,
Entire Network,FluSurv-NET,2025-26,2026,15,50-64 yr,Overall,Overall,Overall,75.0,0.6,,
Entire Network,FluSurv-NET,2025-26,2026,15,65-74 yr,Overall,Overall,Overall,168.0,1.4,,
Entire Network,FluSurv-NET,2025-26,2026,15,75-84 yr,Overall,Overall,Overall,338.0,1.6,,
Entire Network,FluSurv-NET,2025-26,2026,15,>= 65 yr,Overall,Overall,Overall,273.0,1.6,,
Entire Network,FluSurv-NET,2025-26,2026,15,>= 75,Overall,Overall,Overall,422.0,1.9,,
Entire Network,FluSurv-NET,2025-26,2026,15,>= 85,Overall,Overall,Overall,680.0,2.9,,
Entire Network,FluSurv-NET,2025-26,2026,15,Adults,Overall,Overall,Overall,93.0,0.7,,
Entire Network,FluSurv-NET,2025-26,2026,15,Overall,Female,Overall,Overall,92.0,0.8,,
Entire Network,FluSurv-NET,2025-26,2026,15,Overall,Male,Overall,Overall,78.0,0.6,,
Entire Network,FluSurv-NET,2025-26,2026,15,Overall,Overall,"American Indian/Alaska Native, NH",Overall,94.0,0.9,98.70570464235763,0.7838128150779441
Entire Network,FluSurv-NET,2025-26,2026,15,Overall,Overall,"Asian/Pacific Islander, NH",Overall,35.0,0.4,39.210034128531504,0.4626839863546186
Entire Network,FluSurv-NET,2025-26,2026,15,Overall,Overall,"Black, NH",Overall,131.0,0.7,143.02650296904545,0.7752323404261683
Entire Network,FluSurv-NET,2025-26,2026,15,Overall,Overall,Hispanic,Overall,63.0,0.6,80.48657238305526,0.5684554265585691
Entire Network,FluSurv-NET,2025-26,2026,15,Overall,Overall,Overall,Overall,85.0,0.7,,
Entire Network,FluSurv-NET,2025-26,2026,15,Overall,Overall,"White, NH",Overall,86.0,0.7,73.83163214158989,0.6207981257069649
Entire Network,FluSurv-NET,2025-26,2026,15,Pediatrics,Overall,Overall,Overall,55.0,0.8,,
Georgia,FluSurv-NET,2025-26,2026,15,Overall,Overall,Overall,Overall,93.0,0.3,,
Maryland,FluSurv-NET,2025-26,2026,15,Overall,Overall,Overall,Overall,108.0,0.4,,
Michigan,FluSurv-NET,2025-26,2026,15,Overall,Overall,Overall,Overall,64.0,0.8,,
Minnesota,FluSurv-NET,2025-26,2026,15,Overall,Overall,Overall,Overall,94.0,0.5,,
New Mexico,FluSurv-NET,2025-26,2026,15,Overall,Overall,Overall,Overall,101.0,0.4,,
New York,FluSurv-NET,2025-26,2026,15,Overall,Overall,Overall,Overall,128.0,1.0,,
North Carolina,FluSurv-NET,2025-26,2026,15,Overall,Overall,Overall,Overall,113.0,0.3,,
Oregon,FluSurv-NET,2025-26,2026,15,Overall,Overall,Overall,Overall,56.0,0.6,,
Tennessee,FluSurv-NET,2025-26,2026,15,Overall,Overall,Overall,Overall,70.0,0.5,,
Utah,FluSurv-NET,2025-26,2026,15,Overall,Overall,Overall,Overall,70.0,0.5,,
Washington,FluSurv-NET,2025-26,2026,15,Overall,Overall,Overall,Overall,59.0,0.9,,
California,FluSurv-NET,2025-26,2026,16,Overall,Overall,Overall,Overall,48.0,0.6,,
Colorado,FluSurv-NET,2025-26,2026,16,Overall,Overall,Overall,Overall,113.0,1.1,,
Connecticut,FluSurv-NET,2025-26,2026,16,Overall,Overall,Overall,Overall,154.0,0.5,,
Entire Network,FluSurv-NET,2025-26,2026,16,0-4 yr,Overall,Overall,Overall,97.0,0.6,,
Entire Network,FluSurv-NET,2025-26,2026,16,0-<1 yr,Overall,Overall,Overall,149.0,1.4,,
Entire Network,FluSurv-NET,2025-26,2026,16,1-4 yr,Overall,Overall,Overall,84.0,0.5,,
Entire Network,FluSurv-NET,2025-26,2026,16,12-17 yr,Overall,Overall,Overall,29.0,0.4,,
Entire Network,FluSurv-NET,2025-26,2026,16,18-29 yr,Overall,Overall,Overall,34.0,0.2,,
Entire Network,FluSurv-NET,2025-26,2026,16,18-49 yr,Overall,Overall,Overall,35.0,0.3,,
Entire Network,FluSurv-NET,2025-26,2026,16,30-39 yr,Overall,Overall,Overall,33.0,0.2,,
Entire Network,FluSurv-NET,2025-26,2026,16,40-49 yr,Overall,Overall,Overall,37.0,0.4,,
Entire Network,FluSurv-NET,2025-26,2026,16,5-11 yr,Overall,Overall,Overall,52.0,0.5,,
Entire Network,FluSurv-NET,2025-26,2026,16,5-17 yr,Overall,Overall,Overall,41.0,0.5,,
Entire Network,FluSurv-NET,2025-26,2026,16,50-64 yr,Overall,Overall,Overall,75.0,0.6,,
Entire Network,FluSurv-NET,2025-26,2026,16,65-74 yr,Overall,Overall,Overall,169.0,0.9,,
Entire Network,FluSurv-NET,2025-26,2026,16,75-84 yr,Overall,Overall,Overall,338.0,0.9,,
Entire Network,FluSurv-NET,2025-26,2026,16,>= 65 yr,Overall,Overall,Overall,274.0,1.0,,
Entire Network,FluSurv-NET,2025-26,2026,16,>= 75,Overall,Overall,Overall,423.0,1.2,,
Entire Network,FluSurv-NET,2025-26,2026,16,>= 85,Overall,Overall,Overall,682.0,1.9,,
Entire Network,FluSurv-NET,2025-26,2026,16,Adults,Overall,Overall,Overall,94.0,0.5,,
Entire Network,FluSurv-NET,2025-26,2026,16,Overall,Female,Overall,Overall,93.0,0.5,,
Entire Network,FluSurv-NET,2025-26,2026,16,Overall,Male,Overall,Overall,79.0,0.5,,
Entire Network,FluSurv-NET,2025-26,2026,16,Overall,Overall,"American Indian/Alaska Native, NH",Overall,96.0,2.1,100.7646488534582,2.0589442111005867
Entire Network,FluSurv-NET,2025-26,2026,16,Overall,Overall,"Asian/Pacific Islander, NH",Overall,35.0,0.3,39.47730866078232,0.2672745322508162
Entire Network,FluSurv-NET,2025-26,2026,16,Overall,Overall,"Black, NH",Overall,132.0,0.6,143.6079843195562,0.5814813505107517
Entire Network,FluSurv-NET,2025-26,2026,16,Overall,Overall,Hispanic,Overall,63.0,0.5,81.08174475656209,0.5951723735068132
Entire Network,FluSurv-NET,2025-26,2026,16,Overall,Overall,Overall,Overall,86.0,0.5,,
Entire Network,FluSurv-NET,2025-26,2026,16,Overall,Overall,"White, NH",Overall,86.0,0.4,74.22605797907295,0.3944258374830507
Entire Network,FluSurv-NET,2025-26,2026,16,Pediatrics,Overall,Overall,Overall,55.0,0.5,,
Georgia,FluSurv-NET,2025-26,2026,16,Overall,Overall,Overall,Overall,93.0,0.3,,
Maryland,FluSurv-NET,2025-26,2026,16,Overall,Overall,Overall,Overall,108.0,0.3,,
Michigan,FluSurv-NET,2025-26,2026,16,Overall,Overall,Overall,Overall,64.0,0.3,,
Minnesota,FluSurv-NET,2025-26,2026,16,Overall,Overall,Overall,Overall,94.0,0.5,,
New Mexico,FluSurv-NET,2025-26,2026,16,Overall,Overall,Overall,Overall,101.0,0.5,,
New York,FluSurv-NET,2025-26,2026,16,Overall,Overall,Overall,Overall,128.0,0.5,,
North Carolina,FluSurv-NET,2025-26,2026,16,Overall,Overall,Overall,Overall,113.0,0.0,,
Oregon,FluSurv-NET,2025-26,2026,16,Overall,Overall,Overall,Overall,56.0,0.1,,
Tennessee,FluSurv-NET,2025-26,2026,16,Overall,Overall,Overall,Overall,70.0,0.3,,
Utah,FluSurv-NET,2025-26,2026,16,Overall,Overall,Overall,Overall,70.0,0.3,,
Washington,FluSurv-NET,2025-26,2026,16,Overall,Overall,Overall,Overall,60.0,0.7,,
California,FluSurv-NET,2025-26,2026,17,Overall,Overall,Overall,Overall,49.0,0.5,,
Colorado,FluSurv-NET,2025-26,2026,17,Overall,Overall,Overall,Overall,114.0,0.8,,
Connecticut,FluSurv-NET,2025-26,2026,17,Overall,Overall,Overall,Overall,154.0,0.2,,
Entire Network,FluSurv-NET,2025-26,2026,17,0-4 yr,Overall,Overall,Overall,97.0,0.8,,
Entire Network,FluSurv-NET,2025-26,2026,17,0-<1 yr,Overall,Overall,Overall,150.0,1.4,,
Entire Network,FluSurv-NET,2025-26,2026,17,1-4 yr,Overall,Overall,Overall,85.0,0.7,,
Entire Network,FluSurv-NET,2025-26,2026,17,12-17 yr,Overall,Overall,Overall,29.0,0.2,,
Entire Network,FluSurv-NET,2025-26,2026,17,18-29 yr,Overall,Overall,Overall,35.0,0.1,,
Entire Network,FluSurv-NET,2025-26,2026,17,18-49 yr,Overall,Overall,Overall,35.0,0.2,,
Entire Network,FluSurv-NET,2025-26,2026,17,30-39 yr,Overall,Overall,Overall,34.0,0.3,,
Entire Network,FluSurv-NET,2025-26,2026,17,40-49 yr,Overall,Overall,Overall,37.0,0.3,,
Entire Network,FluSurv-NET,2025-26,2026,17,5-11 yr,Overall,Overall,Overall,52.0,0.4,,
Entire Network,FluSurv-NET,2025-26,2026,17,5-17 yr,Overall,Overall,Overall,41.0,0.3,,
Entire Network,FluSurv-NET,2025-26,2026,17,50-64 yr,Overall,Overall,Overall,76.0,0.4,,
Entire Network,FluSurv-NET,2025-26,2026,17,65-74 yr,Overall,Overall,Overall,170.0,0.6,,
Entire Network,FluSurv-NET,2025-26,2026,17,75-84 yr,Overall,Overall,Overall,340.0,1.1,,
Entire Network,FluSurv-NET,2025-26,2026,17,>= 65 yr,Overall,Overall,Overall,275.0,0.8,,
Entire Network,FluSurv-NET,2025-26,2026,17,>= 75,Overall,Overall,Overall,424.0,1.2,,
Entire Network,FluSurv-NET,2025-26,2026,17,>= 85,Overall,Overall,Overall,683.0,1.5,,
Entire Network,FluSurv-NET,2025-26,2026,17,Adults,Overall,Overall,Overall,94.0,0.4,,
Entire Network,FluSurv-NET,2025-26,2026,17,Overall,Female,Overall,Overall,93.0,0.4,,
Entire Network,FluSurv-NET,2025-26,2026,17,Overall,Male,Overall,Overall,79.0,0.4,,
Entire Network,FluSurv-NET,2025-26,2026,17,Overall,Overall,"American Indian/Alaska Native, NH",Overall,97.0,1.3,101.99007416277799,1.2254253093197796
Entire Network,FluSurv-NET,2025-26,2026,17,Overall,Overall,"Asian/Pacific Islander, NH",Overall,35.0,0.3,39.79098422742724,0.3136755666449218
Entire Network,FluSurv-NET,2025-26,2026,17,Overall,Overall,"Black, NH",Overall,132.0,0.5,144.05923324648688,0.4512489269306759
Entire Network,FluSurv-NET,2025-26,2026,17,Overall,Overall,Hispanic,Overall,63.0,0.3,81.39550313433746,0.31375837777538984
Entire Network,FluSurv-NET,2025-26,2026,17,Overall,Overall,Overall,Overall,86.0,0.4,,
Entire Network,FluSurv-NET,2025-26,2026,17,Overall,Overall,"White, NH",Overall,86.0,0.4,74.56902585660617,0.34296787753322994
Entire Network,FluSurv-NET,2025-26,2026,17,Pediatrics,Overall,Overall,Overall,55.0,0.4,,
Georgia,FluSurv-NET,2025-26,2026,17,Overall,Overall,Overall,Overall,93.0,0.2,,
Maryland,FluSurv-NET,2025-26,2026,17,Overall,Overall,Overall,Overall,109.0,0.2,,
Michigan,FluSurv-NET,2025-26,2026,17,Overall,Overall,Overall,Overall,64.0,0.1,,
Minnesota,FluSurv-NET,2025-26,2026,17,Overall,Overall,Overall,Overall,95.0,0.5,,
New Mexico,FluSurv-NET,2025-26,2026,17,Overall,Overall,Overall,Overall,102.0,0.6,,
New York,FluSurv-NET,2025-26,2026,17,Overall,Overall,Overall,Overall,129.0,0.3,,
North Carolina,FluSurv-NET,2025-26,2026,17,Overall,Overall,Overall,Overall,113.0,0.0,,
Oregon,FluSurv-NET,2025-26,2026,17,Overall,Overall,Overall,Overall,56.0,0.2,,
Tennessee,FluSurv-NET,2025-26,2026,17,Overall,Overall,Overall,Overall,71.0,0.6,,
Utah,FluSurv-NET,2025-26,2026,17,Overall,Overall,Overall,Overall,71.0,0.2,,
Washington,FluSurv-NET,2025-26,2026,17,Overall,Overall,Overall,Overall,60.0,0.5,,
California,FluSurv-NET,2025-26,2026,18,Overall,Overall,Overall,Overall,49.0,0.3,,
Colorado,FluSurv-NET,2025-26,2026,18,Overall,Overall,Overall,Overall,114.0,0.1,,
Connecticut,FluSurv-NET,2025-26,2026,18,Overall,Overall,Overall,Overall,155.0,0.2,,
Entire Network,FluSurv-NET,2025-26,2026,18,0-4 yr,Overall,Overall,Overall,98.0,0.2,,
Entire Network,FluSurv-NET,2025-26,2026,18,0-<1 yr,Overall,Overall,Overall,151.0,0.3,,
Entire Network,FluSurv-NET,2025-26,2026,18,1-4 yr,Overall,Overall,Overall,85.0,0.2,,
Entire Network,FluSurv-NET,2025-26,2026,18,12-17 yr,Overall,Overall,Overall,29.0,0.1,,
Entire Network,FluSurv-NET,2025-26,2026,18,18-29 yr,Overall,Overall,Overall,35.0,0.1,,
Entire Network,FluSurv-NET,2025-26,2026,18,18-49 yr,Overall,Overall,Overall,35.0,0.1,,
Entire Network,FluSurv-NET,2025-26,2026,18,30-39 yr,Overall,Overall,Overall,34.0,0.1,,
Entire Network,FluSurv-NET,2025-26,2026,18,40-49 yr,Overall,Overall,Overall,37.0,0.1,,
Entire Network,FluSurv-NET,2025-26,2026,18,5-11 yr,Overall,Overall,Overall,52.0,0.2,,
Entire Network,FluSurv-NET,2025-26,2026,18,5-17 yr,Overall,Overall,Overall,41.0,0.2,,
Entire Network,FluSurv-NET,2025-26,2026,18,50-64 yr,Overall,Overall,Overall,76.0,0.1,,
Entire Network,FluSurv-NET,2025-26,2026,18,65-74 yr,Overall,Overall,Overall,170.0,0.4,,
Entire Network,FluSurv-NET,2025-26,2026,18,75-84 yr,Overall,Overall,Overall,340.0,0.5,,
Entire Network,FluSurv-NET,2025-26,2026,18,>= 65 yr,Overall,Overall,Overall,275.0,0.5,,
Entire Network,FluSurv-NET,2025-26,2026,18,>= 75,Overall,Overall,Overall,425.0,0.6,,
Entire Network,FluSurv-NET,2025-26,2026,18,>= 85,Overall,Overall,Overall,684.0,0.9,,
Entire Network,FluSurv-NET,2025-26,2026,18,Adults,Overall,Overall,Overall,95.0,0.2,,
Entire Network,FluSurv-NET,2025-26,2026,18,Overall,Female,Overall,Overall,93.0,0.2,,
Entire Network,FluSurv-NET,2025-26,2026,18,Overall,Male,Overall,Overall,79.0,0.2,,
Entire Network,FluSurv-NET,2025-26,2026,18,Overall,Overall,"American Indian/Alaska Native, NH",Overall,97.0,0.0,101.99007416277799,0.0
Entire Network,FluSurv-NET,2025-26,2026,18,Overall,Overall,"Asian/Pacific Islander, NH",Overall,35.0,0.1,39.91273471015751,0.12175048273026945
Entire Network,FluSurv-NET,2025-26,2026,18,Overall,Overall,"Black, NH",Overall,132.0,0.2,144.224917397519,0.1656841510321281
Entire Network,FluSurv-NET,2025-26,2026,18,Overall,Overall,Hispanic,Overall,64.0,0.2,81.63493411810079,0.23943098376331318
Entire Network,FluSurv-NET,2025-26,2026,18,Overall,Overall,Overall,Overall,86.0,0.2,,
Entire Network,FluSurv-NET,2025-26,2026,18,Overall,Overall,"White, NH",Overall,87.0,0.2,74.7372121916116,0.16818633500543245
Entire Network,FluSurv-NET,2025-26,2026,18,Pediatrics,Overall,Overall,Overall,56.0,0.2,,
Georgia,FluSurv-NET,2025-26,2026,18,Overall,Overall,Overall,Overall,93.0,0.1,,
Maryland,FluSurv-NET,2025-26,2026,18,Overall,Overall,Overall,Overall,109.0,0.0,,
Michigan,FluSurv-NET,2025-26,2026,18,Overall,Overall,Overall,Overall,64.0,0.1,,
Minnesota,FluSurv-NET,2025-26,2026,18,Overall,Overall,Overall,Overall,95.0,0.2,,
New Mexico,FluSurv-NET,2025-26,2026,18,Overall,Overall,Overall,Overall,102.0,0.1,,
New York,FluSurv-NET,2025-26,2026,18,Overall,Overall,Overall,Overall,129.0,0.3,,
North Carolina,FluSurv-NET,2025-26,2026,18,Overall,Overall,Overall,Overall,113.0,0.0,,
Oregon,FluSurv-NET,2025-26,2026,18,Overall,Overall,Overall,Overall,56.0,0.2,,
Tennessee,FluSurv-NET,2025-26,2026,18,Overall,Overall,Overall,Overall,71.0,0.4,,
Utah,FluSurv-NET,2025-26,2026,18,Overall,Overall,Overall,Overall,71.0,0.2,,
Washington,FluSurv-NET,2025-26,2026,18,Overall,Overall,Overall,Overall,60.0,0.3,,
