"Influenza Hospitalization Rates (per 100,000 population) for the FluSurv-NET Network (downloaded on "Apr-14-2026)
Influenza Division - Centers for Disease Control and Prevention.
CATCHMENT,NETWORK,YEAR,YEAR,WEEK,AGE CATEGORY,SEX CATEGORY,RACE CATEGORY,VIRUS TYPE CATEGORY,CUMULATIVE RATE,WEEKLY RATE,AGE ADJUSTED CUMULATIVE RATE,AGE ADJUSTED WEEKLY RATE, LOWER, MEDIAN, UPPER 
Entire Network,FluSurv-NET,2023-24,2023,40,Overall,Overall,Overall,Influenza A,0.2,0.2,0.2,0.2,null,null,null
Entire Network,FluSurv-NET,2023-24,2023,40,Overall,Overall,Overall,Influenza B,0,0,0.2,0.2,null,null,null
Entire Network,FluSurv-NET,2023-24,2023,40,Overall,Overall,Overall,A(H1N1)pdm09,0.137858,0.137858,null,null,null,null,null
Entire Network,FluSurv-NET,2023-24,2023,40,Overall,Overall,Overall,A(H3N2),0.0253152,0.0253152,null,null,null,null,null
Entire Network,FluSurv-NET,2023-24,2023,40,Overall,Overall,Overall,Overall,0.2,0.2,0.2,0.2,null,null,null
Entire Network,FluSurv-NET,2023-24,2023,40,Overall,Overall,White,Overall,0.2,0.2,0.17,0.17,null,null,null
Entire Network,FluSurv-NET,2023-24,2023,40,Overall,Overall,Black,Overall,0.3,0.3,0.29,0.29,null,null,null
Entire Network,FluSurv-NET,2023-24,2023,40,Overall,Overall,Hispanic/Latino,Overall,0.2,0.2,0.22,0.22,null,null,null
Entire Network,FluSurv-NET,2023-24,2023,40,Overall,Overall,Asian/Pacific Islander,Overall,0.3,0.3,0.31,0.31,null,null,null
Entire Network,FluSurv-NET,2023-24,2023,40,Overall,Overall,American Indian/Alaska Native,Overall,0,0,0,0,null,null,null
Entire Network,FluSurv-NET,2023-24,2023,40,Overall,Male,Overall,Overall,0.2,0.2,null,null,null,null,null
Entire Network,FluSurv-NET,2023-24,2023,40,Overall,Female,Overall,Overall,0.2,0.2,null,null,null,null,null
Entire Network,FluSurv-NET,2023-24,2023,41,Overall,Overall,Overall,A(H3N2),0.0651295,0.0398143,null,null,null,null,null
Entire Network,FluSurv-NET,2023-24,2023,41,Overall,Overall,Overall,Overall,0.4,0.2,0.42,0.22,null,null,null
Entire Network,FluSurv-NET,2023-24,2023,41,Overall,Overall,White,Overall,0.4,0.2,0.38,0.22,null,null,null
Entire Network,FluSurv-NET,2023-24,2023,41,Overall,Overall,Black,Overall,0.5,0.3,0.57,0.28,null,null,null
Entire Network,FluSurv-NET,2023-24,2023,41,Overall,Overall,Hispanic/Latino,Overall,0.3,0.1,0.42,0.2,null,null,null
Entire Network,FluSurv-NET,2023-24,2023,41,Overall,Overall,Asian/Pacific Islander,Overall,0.4,0.1,0.44,0.12,null,null,null
Entire Network,FluSurv-NET,2023-24,2023,41,Overall,Overall,American Indian/Alaska Native,Overall,1.1,1.1,1.21,1.21,null,null,null
Entire Network,FluSurv-NET,2023-24,2023,41,Overall,Male,Overall,Overall,0.4,0.3,null,null,null,null,null
Entire Network,FluSurv-NET,2023-24,2023,41,Overall,Female,Overall,Overall,0.4,0.2,null,null,null,null,null
Entire Network,FluSurv-NET,2023-24,2023,41,Overall,Overall,Overall,Influenza A,0.4,0.2,0.42,0.22,null,null,null
Entire Network,FluSurv-NET,2023-24,2023,41,Overall,Overall,Overall,A(H1N1)pdm09,0.297115,0.159257,null,null,null,null,null
Entire Network,FluSurv-NET,2023-24,2023,41,Overall,Overall,Overall,Influenza B,0.1,0,0.42,0.22,null,null,null
Entire Network,FluSurv-NET,2023-24,2023,42,Overall,Overall,Overall,Overall,0.7,0.3,0.66,0.24,null,null,null
Entire Network,FluSurv-NET,2023-24,2023,42,Overall,Overall,Overall,Influenza A,0.5,0.2,0.66,0.24,null,null,null
Entire Network,FluSurv-NET,2023-24,2023,42,Overall,Overall,Overall,Influenza B,0.1,0.1,0.66,0.24,null,null,null
Entire Network,FluSurv-NET,2023-24,2023,42,Overall,Overall,Overall,A(H1N1)pdm09,0.452176,0.155061,null,null,null,null,null
Entire Network,FluSurv-NET,2023-24,2023,42,Overall,Overall,Overall,A(H3N2),0.0928223,0.0276928,null,null,null,null,null
Entire Network,FluSurv-NET,2023-24,2023,42,Overall,Overall,White,Overall,0.6,0.2,0.56,0.17,null,null,null
Entire Network,FluSurv-NET,2023-24,2023,42,Overall,Overall,Black,Overall,0.9,0.4,1.02,0.45,null,null,null
Entire Network,FluSurv-NET,2023-24,2023,42,Overall,Overall,Hispanic/Latino,Overall,0.6,0.3,0.89,0.47,null,null,null
Entire Network,FluSurv-NET,2023-24,2023,42,Overall,Overall,Asian/Pacific Islander,Overall,0.5,0.1,0.59,0.16,null,null,null
Entire Network,FluSurv-NET,2023-24,2023,42,Overall,Overall,American Indian/Alaska Native,Overall,1.1,0,1.21,0,null,null,null
Entire Network,FluSurv-NET,2023-24,2023,42,Overall,Male,Overall,Overall,0.7,0.2,null,null,null,null,null
Entire Network,FluSurv-NET,2023-24,2023,42,Overall,Female,Overall,Overall,0.7,0.3,null,null,null,null,null
Entire Network,FluSurv-NET,2023-24,2023,43,Overall,Overall,White,Overall,0.8,0.2,0.72,0.16,null,null,null
Entire Network,FluSurv-NET,2023-24,2023,43,Overall,Overall,Black,Overall,1.4,0.4,1.47,0.45,null,null,null
Entire Network,FluSurv-NET,2023-24,2023,43,Overall,Overall,Hispanic/Latino,Overall,1.1,0.4,1.33,0.44,null,null,null
Entire Network,FluSurv-NET,2023-24,2023,43,Overall,Overall,Asian/Pacific Islander,Overall,0.8,0.3,0.89,0.3,null,null,null
Entire Network,FluSurv-NET,2023-24,2023,43,Overall,Overall,American Indian/Alaska Native,Overall,1.1,0,1.21,0,null,null,null
Entire Network,FluSurv-NET,2023-24,2023,43,Overall,Male,Overall,Overall,0.9,0.2,null,null,null,null,null
Entire Network,FluSurv-NET,2023-24,2023,43,Overall,Overall,Overall,Overall,1,0.3,0.92,0.25,null,null,null
Entire Network,FluSurv-NET,2023-24,2023,43,Overall,Female,Overall,Overall,1,0.3,null,null,null,null,null
Entire Network,FluSurv-NET,2023-24,2023,43,Overall,Overall,Overall,Influenza A,0.7,0.2,0.92,0.25,null,null,null
Entire Network,FluSurv-NET,2023-24,2023,43,Overall,Overall,Overall,Influenza B,0.2,0.1,0.92,0.25,null,null,null
Entire Network,FluSurv-NET,2023-24,2023,43,Overall,Overall,Overall,A(H1N1)pdm09,0.613065,0.160889,null,null,null,null,null
Entire Network,FluSurv-NET,2023-24,2023,43,Overall,Overall,Overall,A(H3N2),0.130912,0.0380893,null,null,null,null,null
Entire Network,FluSurv-NET,2023-24,2023,44,Overall,Overall,Overall,Influenza B,0.3,0.1,1.35,0.43,null,null,null
Entire Network,FluSurv-NET,2023-24,2023,44,Overall,Overall,Overall,Influenza A,1.1,0.4,1.35,0.43,null,null,null
Entire Network,FluSurv-NET,2023-24,2023,44,Overall,Female,Overall,Overall,1.5,0.5,null,null,null,null,null
Entire Network,FluSurv-NET,2023-24,2023,44,Overall,Male,Overall,Overall,1.3,0.4,null,null,null,null,null
Entire Network,FluSurv-NET,2023-24,2023,44,Overall,Overall,American Indian/Alaska Native,Overall,1.6,0.5,1.86,0.64,null,null,null
Entire Network,FluSurv-NET,2023-24,2023,44,Overall,Overall,Asian/Pacific Islander,Overall,1.2,0.4,1.35,0.46,null,null,null
Entire Network,FluSurv-NET,2023-24,2023,44,Overall,Overall,Hispanic/Latino,Overall,1.5,0.4,1.88,0.55,null,null,null
Entire Network,FluSurv-NET,2023-24,2023,44,Overall,Overall,Black,Overall,2.1,0.8,2.26,0.79,null,null,null
Entire Network,FluSurv-NET,2023-24,2023,44,Overall,Overall,White,Overall,1.2,0.4,1.04,0.32,null,null,null
Entire Network,FluSurv-NET,2023-24,2023,44,Overall,Overall,Overall,Overall,1.4,0.5,1.35,0.43,null,null,null
Entire Network,FluSurv-NET,2023-24,2023,44,Overall,Overall,Overall,A(H3N2),0.204852,0.0739408,null,null,null,null,null
Entire Network,FluSurv-NET,2023-24,2023,44,Overall,Overall,Overall,A(H1N1)pdm09,0.920764,0.307698,null,null,null,null,null
Entire Network,FluSurv-NET,2023-24,2023,45,Overall,Overall,White,Overall,1.7,0.5,1.5,0.46,null,null,null
Entire Network,FluSurv-NET,2023-24,2023,45,Overall,Overall,Black,Overall,3.6,1.5,3.81,1.55,null,null,null
Entire Network,FluSurv-NET,2023-24,2023,45,Overall,Overall,Hispanic/Latino,Overall,2.3,0.8,2.72,0.84,null,null,null
Entire Network,FluSurv-NET,2023-24,2023,45,Overall,Overall,Asian/Pacific Islander,Overall,1.7,0.6,1.98,0.63,null,null,null
Entire Network,FluSurv-NET,2023-24,2023,45,Overall,Overall,American Indian/Alaska Native,Overall,3.3,1.6,3.71,1.86,null,null,null
Entire Network,FluSurv-NET,2023-24,2023,45,Overall,Male,Overall,Overall,2.1,0.8,null,null,null,null,null
Entire Network,FluSurv-NET,2023-24,2023,45,Overall,Female,Overall,Overall,2.2,0.7,null,null,null,null,null
Entire Network,FluSurv-NET,2023-24,2023,45,Overall,Overall,Overall,Influenza A,1.7,0.6,2.07,0.72,null,null,null
Entire Network,FluSurv-NET,2023-24,2023,45,Overall,Overall,Overall,Influenza B,0.4,0.1,2.07,0.72,null,null,null
Entire Network,FluSurv-NET,2023-24,2023,45,Overall,Overall,Overall,A(H1N1)pdm09,1.44683,0.526071,null,null,null,null,null
Entire Network,FluSurv-NET,2023-24,2023,45,Overall,Overall,Overall,A(H3N2),0.305227,0.100375,null,null,null,null,null
Entire Network,FluSurv-NET,2023-24,2023,45,Overall,Overall,Overall,Overall,2.2,0.8,2.07,0.72,null,null,null
Entire Network,FluSurv-NET,2023-24,2023,46,Overall,Overall,White,Overall,2.4,0.7,2.08,0.58,null,null,null
Entire Network,FluSurv-NET,2023-24,2023,46,Overall,Overall,Black,Overall,5.5,1.8,5.74,1.93,null,null,null
Entire Network,FluSurv-NET,2023-24,2023,46,Overall,Overall,Hispanic/Latino,Overall,3.4,1.1,4.01,1.29,null,null,null
Entire Network,FluSurv-NET,2023-24,2023,46,Overall,Overall,Asian/Pacific Islander,Overall,2.5,0.7,2.79,0.81,null,null,null
Entire Network,FluSurv-NET,2023-24,2023,46,Overall,Overall,American Indian/Alaska Native,Overall,3.8,0.5,4.26,0.55,null,null,null
Entire Network,FluSurv-NET,2023-24,2023,46,Overall,Male,Overall,Overall,3,0.9,null,null,null,null,null
Entire Network,FluSurv-NET,2023-24,2023,46,Overall,Female,Overall,Overall,3.2,1,null,null,null,null,null
Entire Network,FluSurv-NET,2023-24,2023,46,Overall,Overall,Overall,Influenza A,2.5,0.8,2.97,0.91,null,null,null
Entire Network,FluSurv-NET,2023-24,2023,46,Overall,Overall,Overall,Influenza B,0.5,0.1,2.97,0.91,null,null,null
Entire Network,FluSurv-NET,2023-24,2023,46,Overall,Overall,Overall,A(H1N1)pdm09,2.10685,0.660013,null,null,null,null,null
Entire Network,FluSurv-NET,2023-24,2023,46,Overall,Overall,Overall,A(H3N2),0.451011,0.145784,null,null,null,null,null
Entire Network,FluSurv-NET,2023-24,2023,46,Overall,Overall,Overall,Overall,3.1,0.9,2.97,0.91,null,null,null
Entire Network,FluSurv-NET,2023-24,2023,47,Overall,Overall,Asian/Pacific Islander,Overall,3.4,0.9,3.76,0.98,null,null,null
Entire Network,FluSurv-NET,2023-24,2023,47,Overall,Overall,American Indian/Alaska Native,Overall,5.4,1.6,5.88,1.63,null,null,null
Entire Network,FluSurv-NET,2023-24,2023,47,Overall,Male,Overall,Overall,4.3,1.3,null,null,null,null,null
Entire Network,FluSurv-NET,2023-24,2023,47,Overall,Female,Overall,Overall,4.6,1.4,null,null,null,null,null
Entire Network,FluSurv-NET,2023-24,2023,47,Overall,Overall,Overall,Influenza A,3.8,1.2,4.27,1.29,null,null,null
Entire Network,FluSurv-NET,2023-24,2023,47,Overall,Overall,Overall,Influenza B,0.7,0.1,4.27,1.29,null,null,null
Entire Network,FluSurv-NET,2023-24,2023,47,Overall,Overall,Overall,A(H1N1)pdm09,3.11022,1.00338,null,null,null,null,null
Entire Network,FluSurv-NET,2023-24,2023,47,Overall,Overall,Overall,A(H3N2),0.664535,0.213524,null,null,null,null,null
Entire Network,FluSurv-NET,2023-24,2023,47,Overall,Overall,Overall,Overall,4.5,1.4,4.27,1.29,null,null,null
Entire Network,FluSurv-NET,2023-24,2023,47,Overall,Overall,White,Overall,3.5,1.1,3.08,0.99,null,null,null
Entire Network,FluSurv-NET,2023-24,2023,47,Overall,Overall,Hispanic/Latino,Overall,4.6,1.2,5.4,1.39,null,null,null
Entire Network,FluSurv-NET,2023-24,2023,47,Overall,Overall,Black,Overall,7.8,2.4,8.25,2.51,null,null,null
Entire Network,FluSurv-NET,2023-24,2023,48,Overall,Overall,American Indian/Alaska Native,Overall,10.3,4.9,10.87,4.98,null,null,null
Entire Network,FluSurv-NET,2023-24,2023,48,Overall,Male,Overall,Overall,6.3,1.9,null,null,null,null,null
Entire Network,FluSurv-NET,2023-24,2023,48,Overall,Female,Overall,Overall,6.9,2.3,null,null,null,null,null
Entire Network,FluSurv-NET,2023-24,2023,48,Overall,Overall,Hispanic/Latino,Overall,6.6,2,7.89,2.49,null,null,null
Entire Network,FluSurv-NET,2023-24,2023,48,Overall,Overall,Asian/Pacific Islander,Overall,5.1,1.7,5.73,1.97,null,null,null
Entire Network,FluSurv-NET,2023-24,2023,48,Overall,Overall,Black,Overall,11.5,3.7,12.06,3.8,null,null,null
Entire Network,FluSurv-NET,2023-24,2023,48,Overall,Overall,White,Overall,5.1,1.6,4.5,1.42,null,null,null
Entire Network,FluSurv-NET,2023-24,2023,48,Overall,Overall,Overall,A(H1N1)pdm09,4.64895,1.53872,null,null,null,null,null
Entire Network,FluSurv-NET,2023-24,2023,48,Overall,Overall,Overall,A(H3N2),1.01447,0.349937,null,null,null,null,null
Entire Network,FluSurv-NET,2023-24,2023,48,Overall,Overall,Overall,Overall,6.6,2.1,6.27,2,null,null,null
Entire Network,FluSurv-NET,2023-24,2023,48,Overall,Overall,Overall,Influenza A,5.6,1.9,6.27,2,null,null,null
Entire Network,FluSurv-NET,2023-24,2023,48,Overall,Overall,Overall,Influenza B,0.9,0.2,6.27,2,null,null,null
Entire Network,FluSurv-NET,2023-24,2023,49,Overall,Female,Overall,Overall,10,3.1,null,null,null,null,null
Entire Network,FluSurv-NET,2023-24,2023,49,Overall,Male,Overall,Overall,9,2.7,null,null,null,null,null
Entire Network,FluSurv-NET,2023-24,2023,49,Overall,Overall,American Indian/Alaska Native,Overall,15.2,4.9,15.81,4.94,null,null,null
Entire Network,FluSurv-NET,2023-24,2023,49,Overall,Overall,Asian/Pacific Islander,Overall,6.6,1.5,7.43,1.7,null,null,null
Entire Network,FluSurv-NET,2023-24,2023,49,Overall,Overall,Hispanic/Latino,Overall,8.9,2.3,10.61,2.72,null,null,null
Entire Network,FluSurv-NET,2023-24,2023,49,Overall,Overall,Black,Overall,17.2,5.7,18.31,6.26,null,null,null
Entire Network,FluSurv-NET,2023-24,2023,49,Overall,Overall,White,Overall,7.5,2.4,6.58,2.08,null,null,null
Entire Network,FluSurv-NET,2023-24,2023,49,Overall,Overall,Overall,Overall,9.5,2.9,9.04,2.77,null,null,null
Entire Network,FluSurv-NET,2023-24,2023,49,Overall,Overall,Overall,A(H3N2),1.53052,0.516047,null,null,null,null,null
Entire Network,FluSurv-NET,2023-24,2023,49,Overall,Overall,Overall,A(H1N1)pdm09,6.75551,2.10657,null,null,null,null,null
Entire Network,FluSurv-NET,2023-24,2023,49,Overall,Overall,Overall,Influenza B,1.2,0.3,9.04,2.77,null,null,null
Entire Network,FluSurv-NET,2023-24,2023,49,Overall,Overall,Overall,Influenza A,8.3,2.6,9.04,2.77,null,null,null
Entire Network,FluSurv-NET,2023-24,2023,50,Overall,Overall,Overall,Influenza A,12,3.7,13,3.97,null,null,null
Entire Network,FluSurv-NET,2023-24,2023,50,Overall,Overall,Overall,Influenza B,1.6,0.4,13,3.97,null,null,null
Entire Network,FluSurv-NET,2023-24,2023,50,Overall,Overall,Overall,A(H1N1)pdm09,9.7697,3.01418,null,null,null,null,null
Entire Network,FluSurv-NET,2023-24,2023,50,Overall,Overall,Overall,A(H3N2),2.23491,0.704396,null,null,null,null,null
Entire Network,FluSurv-NET,2023-24,2023,50,Overall,Overall,Overall,Overall,13.6,4.1,13,3.97,null,null,null
Entire Network,FluSurv-NET,2023-24,2023,50,Overall,Overall,White,Overall,10.8,3.3,9.49,2.91,null,null,null
Entire Network,FluSurv-NET,2023-24,2023,50,Overall,Overall,Black,Overall,25.2,8,26.94,8.63,null,null,null
Entire Network,FluSurv-NET,2023-24,2023,50,Overall,Overall,Hispanic/Latino,Overall,12.8,4,15.52,4.92,null,null,null
Entire Network,FluSurv-NET,2023-24,2023,50,Overall,Overall,Asian/Pacific Islander,Overall,8.4,1.9,9.48,2.06,null,null,null
Entire Network,FluSurv-NET,2023-24,2023,50,Overall,Overall,American Indian/Alaska Native,Overall,25.5,10.3,26.42,10.61,null,null,null
Entire Network,FluSurv-NET,2023-24,2023,50,Overall,Male,Overall,Overall,12.9,3.9,null,null,null,null,null
Entire Network,FluSurv-NET,2023-24,2023,50,Overall,Female,Overall,Overall,14.4,4.3,null,null,null,null,null
Entire Network,FluSurv-NET,2023-24,2023,51,Overall,Overall,Hispanic/Latino,Overall,18.4,5.6,22.51,6.98,null,null,null
Entire Network,FluSurv-NET,2023-24,2023,51,Overall,Overall,Asian/Pacific Islander,Overall,11.7,3.3,13.08,3.6,null,null,null
Entire Network,FluSurv-NET,2023-24,2023,51,Overall,Female,Overall,Overall,21.3,6.9,null,null,null,null,null
Entire Network,FluSurv-NET,2023-24,2023,51,Overall,Male,Overall,Overall,19.3,6.4,null,null,null,null,null
Entire Network,FluSurv-NET,2023-24,2023,51,Overall,Overall,American Indian/Alaska Native,Overall,40.6,15.2,43.04,16.62,null,null,null
Entire Network,FluSurv-NET,2023-24,2023,51,Overall,Overall,Overall,A(H1N1)pdm09,14.7227,4.95296,null,null,null,null,null
Entire Network,FluSurv-NET,2023-24,2023,51,Overall,Overall,Overall,Influenza B,2.2,0.6,19.43,6.43,null,null,null
Entire Network,FluSurv-NET,2023-24,2023,51,Overall,Overall,Overall,Influenza A,18,6,19.43,6.43,null,null,null
Entire Network,FluSurv-NET,2023-24,2023,51,Overall,Overall,Overall,Overall,20.3,6.7,19.43,6.43,null,null,null
Entire Network,FluSurv-NET,2023-24,2023,51,Overall,Overall,Overall,A(H3N2),3.33689,1.10198,null,null,null,null,null
Entire Network,FluSurv-NET,2023-24,2023,51,Overall,Overall,White,Overall,16.2,5.4,14.27,4.78,null,null,null
Entire Network,FluSurv-NET,2023-24,2023,51,Overall,Overall,Black,Overall,38.4,13.2,41.24,14.3,null,null,null
Entire Network,FluSurv-NET,2023-24,2023,52,Overall,Overall,American Indian/Alaska Native,Overall,54.7,14.1,57.57,14.53,null,null,null
Entire Network,FluSurv-NET,2023-24,2023,52,Overall,Male,Overall,Overall,27.7,8.4,null,null,null,null,null
Entire Network,FluSurv-NET,2023-24,2023,52,Overall,Overall,White,Overall,24.3,8.1,21.29,7.02,null,null,null
Entire Network,FluSurv-NET,2023-24,2023,52,Overall,Overall,Black,Overall,54.6,16.2,58.89,17.66,null,null,null
Entire Network,FluSurv-NET,2023-24,2023,52,Overall,Overall,Hispanic/Latino,Overall,25.1,6.6,31.39,8.88,null,null,null
Entire Network,FluSurv-NET,2023-24,2023,52,Overall,Overall,Asian/Pacific Islander,Overall,15.3,3.6,17.04,3.96,null,null,null
Entire Network,FluSurv-NET,2023-24,2023,52,Overall,Overall,Overall,Overall,29.2,8.9,28.03,8.6,null,null,null
Entire Network,FluSurv-NET,2023-24,2023,52,Overall,Female,Overall,Overall,30.6,9.4,null,null,null,null,null
Entire Network,FluSurv-NET,2023-24,2023,52,Overall,Overall,Overall,Influenza A,26.1,8.1,28.03,8.6,null,null,null
Entire Network,FluSurv-NET,2023-24,2023,52,Overall,Overall,Overall,Influenza B,3,0.8,28.03,8.6,null,null,null
Entire Network,FluSurv-NET,2023-24,2023,52,Overall,Overall,Overall,A(H1N1)pdm09,21.354,6.63136,null,null,null,null,null
Entire Network,FluSurv-NET,2023-24,2023,52,Overall,Overall,Overall,A(H3N2),4.76997,1.43308,null,null,null,null,null
Entire Network,FluSurv-NET,2023-24,2024,1,Overall,Overall,White,Overall,30.6,6.3,26.75,5.46,null,null,null
Entire Network,FluSurv-NET,2023-24,2024,1,Overall,Overall,Black,Overall,66.1,11.5,71.51,12.61,null,null,null
Entire Network,FluSurv-NET,2023-24,2024,1,Overall,Overall,Hispanic/Latino,Overall,30.8,5.7,38.52,7.14,null,null,null
Entire Network,FluSurv-NET,2023-24,2024,1,Overall,Overall,Asian/Pacific Islander,Overall,19.3,4,21.47,4.43,null,null,null
Entire Network,FluSurv-NET,2023-24,2024,1,Overall,Overall,American Indian/Alaska Native,Overall,67.2,12.5,70.79,13.22,null,null,null
Entire Network,FluSurv-NET,2023-24,2024,1,Overall,Male,Overall,Overall,34.6,6.9,null,null,null,null,null
Entire Network,FluSurv-NET,2023-24,2024,1,Overall,Female,Overall,Overall,37.6,7,null,null,null,null,null
Entire Network,FluSurv-NET,2023-24,2024,1,Overall,Overall,Overall,Influenza A,32.1,6,34.73,6.7,null,null,null
Entire Network,FluSurv-NET,2023-24,2024,1,Overall,Overall,Overall,Influenza B,3.8,0.8,34.73,6.7,null,null,null
Entire Network,FluSurv-NET,2023-24,2024,1,Overall,Overall,Overall,A(H1N1)pdm09,25.8539,4.49985,null,null,null,null,null
Entire Network,FluSurv-NET,2023-24,2024,1,Overall,Overall,Overall,A(H3N2),6.33313,1.56315,null,null,null,null,null
Entire Network,FluSurv-NET,2023-24,2024,1,Overall,Overall,Overall,Overall,36.1,6.9,34.73,6.7,null,null,null
Entire Network,FluSurv-NET,2023-24,2024,2,Overall,Overall,Asian/Pacific Islander,Overall,22.5,3.2,25,3.53,null,null,null
Entire Network,FluSurv-NET,2023-24,2024,2,Overall,Overall,American Indian/Alaska Native,Overall,74.3,7,78.03,7.24,null,null,null
Entire Network,FluSurv-NET,2023-24,2024,2,Overall,Male,Overall,Overall,40.1,5.5,null,null,null,null,null
Entire Network,FluSurv-NET,2023-24,2024,2,Overall,Female,Overall,Overall,42.9,5.3,null,null,null,null,null
Entire Network,FluSurv-NET,2023-24,2024,2,Overall,Overall,White,Overall,35.5,5,31.11,4.36,null,null,null
Entire Network,FluSurv-NET,2023-24,2024,2,Overall,Overall,Black,Overall,74.8,8.6,80.94,9.44,null,null,null
Entire Network,FluSurv-NET,2023-24,2024,2,Overall,Overall,Hispanic/Latino,Overall,35.5,4.7,44.33,5.8,null,null,null
Entire Network,FluSurv-NET,2023-24,2024,2,Overall,Overall,Overall,Overall,41.5,5.4,39.96,5.23,null,null,null
Entire Network,FluSurv-NET,2023-24,2024,2,Overall,Overall,Overall,Influenza A,36.9,4.8,39.96,5.23,null,null,null
Entire Network,FluSurv-NET,2023-24,2024,2,Overall,Overall,Overall,Influenza B,4.4,0.6,39.96,5.23,null,null,null
Entire Network,FluSurv-NET,2023-24,2024,2,Overall,Overall,Overall,A(H1N1)pdm09,29.3733,3.51946,null,null,null,null,null
Entire Network,FluSurv-NET,2023-24,2024,2,Overall,Overall,Overall,A(H3N2),7.64686,1.31373,null,null,null,null,null
Entire Network,FluSurv-NET,2023-24,2024,3,Overall,Female,Overall,Overall,47.2,4.3,null,null,null,null,null
Entire Network,FluSurv-NET,2023-24,2024,3,Overall,Male,Overall,Overall,44.2,4.1,null,null,null,null,null
Entire Network,FluSurv-NET,2023-24,2024,3,Overall,Overall,American Indian/Alaska Native,Overall,80.2,6,84.06,6.03,null,null,null
Entire Network,FluSurv-NET,2023-24,2024,3,Overall,Overall,Asian/Pacific Islander,Overall,24.5,2,27.23,2.23,null,null,null
Entire Network,FluSurv-NET,2023-24,2024,3,Overall,Overall,Hispanic/Latino,Overall,38.8,3.3,48.44,4.11,null,null,null
Entire Network,FluSurv-NET,2023-24,2024,3,Overall,Overall,Black,Overall,82.1,7.4,88.96,8.02,null,null,null
Entire Network,FluSurv-NET,2023-24,2024,3,Overall,Overall,Overall,Overall,45.7,4.2,44.03,4.07,null,null,null
Entire Network,FluSurv-NET,2023-24,2024,3,Overall,Overall,Overall,A(H3N2),8.74595,1.09909,null,null,null,null,null
Entire Network,FluSurv-NET,2023-24,2024,3,Overall,Overall,Overall,A(H1N1)pdm09,31.9102,2.53688,null,null,null,null,null
Entire Network,FluSurv-NET,2023-24,2024,3,Overall,Overall,Overall,Influenza B,4.9,0.5,44.03,4.07,null,null,null
Entire Network,FluSurv-NET,2023-24,2024,3,Overall,Overall,Overall,Influenza A,40.6,3.6,44.03,4.07,null,null,null
Entire Network,FluSurv-NET,2023-24,2024,3,Overall,Overall,White,Overall,39.4,3.8,34.45,3.34,null,null,null
Entire Network,FluSurv-NET,2023-24,2024,4,Overall,Female,Overall,Overall,51.4,4.2,null,null,null,null,null
Entire Network,FluSurv-NET,2023-24,2024,4,Overall,Male,Overall,Overall,47.9,3.7,null,null,null,null,null
Entire Network,FluSurv-NET,2023-24,2024,4,Overall,Overall,American Indian/Alaska Native,Overall,87.3,7,91.53,7.47,null,null,null
Entire Network,FluSurv-NET,2023-24,2024,4,Overall,Overall,Asian/Pacific Islander,Overall,26,1.5,28.86,1.63,null,null,null
Entire Network,FluSurv-NET,2023-24,2024,4,Overall,Overall,Hispanic/Latino,Overall,41.6,2.9,51.7,3.25,null,null,null
Entire Network,FluSurv-NET,2023-24,2024,4,Overall,Overall,Black,Overall,89.6,7.5,97.13,8.17,null,null,null
Entire Network,FluSurv-NET,2023-24,2024,4,Overall,Overall,White,Overall,42.9,3.6,37.64,3.19,null,null,null
Entire Network,FluSurv-NET,2023-24,2024,4,Overall,Overall,Overall,A(H3N2),9.84201,1.09606,null,null,null,null,null
Entire Network,FluSurv-NET,2023-24,2024,4,Overall,Overall,Overall,A(H1N1)pdm09,34.1669,2.25673,null,null,null,null,null
Entire Network,FluSurv-NET,2023-24,2024,4,Overall,Overall,Overall,Influenza B,5.5,0.6,47.88,3.84,null,null,null
Entire Network,FluSurv-NET,2023-24,2024,4,Overall,Overall,Overall,Influenza A,43.9,3.4,47.88,3.84,null,null,null
Entire Network,FluSurv-NET,2023-24,2024,4,Overall,Overall,Overall,Overall,49.7,3.9,47.88,3.84,null,null,null
Entire Network,FluSurv-NET,2023-24,2024,5,Overall,Female,Overall,Overall,55,3.6,null,null,null,null,null
Entire Network,FluSurv-NET,2023-24,2024,5,Overall,Male,Overall,Overall,51.3,3.4,null,null,null,null,null
Entire Network,FluSurv-NET,2023-24,2024,5,Overall,Overall,American Indian/Alaska Native,Overall,91.6,4.3,95.98,4.45,null,null,null
Entire Network,FluSurv-NET,2023-24,2024,5,Overall,Overall,Asian/Pacific Islander,Overall,27.2,1.2,30.15,1.29,null,null,null
Entire Network,FluSurv-NET,2023-24,2024,5,Overall,Overall,Hispanic/Latino,Overall,44.3,2.6,55.07,3.38,null,null,null
Entire Network,FluSurv-NET,2023-24,2024,5,Overall,Overall,Black,Overall,95.1,5.5,103,5.87,null,null,null
Entire Network,FluSurv-NET,2023-24,2024,5,Overall,Overall,White,Overall,46.4,3.5,40.71,3.07,null,null,null
Entire Network,FluSurv-NET,2023-24,2024,5,Overall,Overall,Overall,Overall,53.2,3.5,51.24,3.37,null,null,null
Entire Network,FluSurv-NET,2023-24,2024,5,Overall,Overall,Overall,A(H3N2),10.9821,1.14012,null,null,null,null,null
Entire Network,FluSurv-NET,2023-24,2024,5,Overall,Overall,Overall,A(H1N1)pdm09,36.0428,1.87584,null,null,null,null,null
Entire Network,FluSurv-NET,2023-24,2024,5,Overall,Overall,Overall,Influenza B,6,0.5,51.24,3.37,null,null,null
Entire Network,FluSurv-NET,2023-24,2024,5,Overall,Overall,Overall,Influenza A,46.9,3,51.24,3.37,null,null,null
Entire Network,FluSurv-NET,2023-24,2024,6,Overall,Overall,Overall,Influenza A,49.8,2.8,54.61,3.36,null,null,null
Entire Network,FluSurv-NET,2023-24,2024,6,Overall,Overall,Overall,Influenza B,6.6,0.6,54.61,3.36,null,null,null
Entire Network,FluSurv-NET,2023-24,2024,6,Overall,Overall,Overall,A(H3N2),12.2552,1.27303,null,null,null,null,null
Entire Network,FluSurv-NET,2023-24,2024,6,Overall,Overall,Overall,A(H1N1)pdm09,37.6185,1.57569,null,null,null,null,null
Entire Network,FluSurv-NET,2023-24,2024,6,Overall,Female,Overall,Overall,58.8,3.8,null,null,null,null,null
Entire Network,FluSurv-NET,2023-24,2024,6,Overall,Male,Overall,Overall,54.5,3.2,null,null,null,null,null
Entire Network,FluSurv-NET,2023-24,2024,6,Overall,Overall,American Indian/Alaska Native,Overall,96.5,4.9,101.43,5.45,null,null,null
Entire Network,FluSurv-NET,2023-24,2024,6,Overall,Overall,Asian/Pacific Islander,Overall,28.7,1.5,31.78,1.64,null,null,null
Entire Network,FluSurv-NET,2023-24,2024,6,Overall,Overall,Hispanic/Latino,Overall,46.8,2.5,58.03,2.96,null,null,null
Entire Network,FluSurv-NET,2023-24,2024,6,Overall,Overall,Black,Overall,100.6,5.5,108.91,5.92,null,null,null
Entire Network,FluSurv-NET,2023-24,2024,6,Overall,Overall,White,Overall,49.8,3.4,43.72,3.01,null,null,null
Entire Network,FluSurv-NET,2023-24,2024,6,Overall,Overall,Overall,Overall,56.7,3.5,54.61,3.36,null,null,null
Entire Network,FluSurv-NET,2023-24,2024,7,Overall,Overall,Overall,Overall,60.1,3.4,57.85,3.25,null,null,null
Entire Network,FluSurv-NET,2023-24,2024,7,Overall,Overall,White,Overall,53.2,3.4,46.79,3.07,null,null,null
Entire Network,FluSurv-NET,2023-24,2024,7,Overall,Overall,Black,Overall,106,5.4,114.64,5.73,null,null,null
Entire Network,FluSurv-NET,2023-24,2024,7,Overall,Overall,Hispanic/Latino,Overall,48.8,2,60.44,2.41,null,null,null
Entire Network,FluSurv-NET,2023-24,2024,7,Overall,Overall,Asian/Pacific Islander,Overall,30,1.3,33.22,1.44,null,null,null
Entire Network,FluSurv-NET,2023-24,2024,7,Overall,Overall,American Indian/Alaska Native,Overall,100.3,3.8,105.46,4.03,null,null,null
Entire Network,FluSurv-NET,2023-24,2024,7,Overall,Male,Overall,Overall,57.7,3.2,null,null,null,null,null
Entire Network,FluSurv-NET,2023-24,2024,7,Overall,Female,Overall,Overall,62.3,3.5,null,null,null,null,null
Entire Network,FluSurv-NET,2023-24,2024,7,Overall,Overall,Overall,A(H1N1)pdm09,39.1107,1.49224,null,null,null,null,null
Entire Network,FluSurv-NET,2023-24,2024,7,Overall,Overall,Overall,A(H3N2),13.5041,1.24893,null,null,null,null,null
Entire Network,FluSurv-NET,2023-24,2024,7,Overall,Overall,Overall,Influenza B,7.2,0.6,57.85,3.25,null,null,null
Entire Network,FluSurv-NET,2023-24,2024,7,Overall,Overall,Overall,Influenza A,52.5,2.7,57.85,3.25,null,null,null
Entire Network,FluSurv-NET,2023-24,2024,8,Overall,Overall,Overall,Overall,63.4,3.3,61.07,3.21,null,null,null
Entire Network,FluSurv-NET,2023-24,2024,8,Overall,Overall,Overall,Influenza A,55.2,2.7,61.07,3.21,null,null,null
Entire Network,FluSurv-NET,2023-24,2024,8,Overall,Overall,Overall,Influenza B,7.8,0.6,61.07,3.21,null,null,null
Entire Network,FluSurv-NET,2023-24,2024,8,Overall,Overall,Overall,A(H1N1)pdm09,40.5447,1.43397,null,null,null,null,null
Entire Network,FluSurv-NET,2023-24,2024,8,Overall,Overall,Overall,A(H3N2),14.7882,1.28408,null,null,null,null,null
Entire Network,FluSurv-NET,2023-24,2024,8,Overall,Overall,White,Overall,56.6,3.4,49.78,2.99,null,null,null
Entire Network,FluSurv-NET,2023-24,2024,8,Overall,Overall,Black,Overall,111.2,5.2,120.17,5.53,null,null,null
Entire Network,FluSurv-NET,2023-24,2024,8,Overall,Overall,Hispanic/Latino,Overall,50.9,2,63.08,2.64,null,null,null
Entire Network,FluSurv-NET,2023-24,2024,8,Overall,Overall,Asian/Pacific Islander,Overall,31.5,1.4,34.83,1.61,null,null,null
Entire Network,FluSurv-NET,2023-24,2024,8,Overall,Overall,American Indian/Alaska Native,Overall,105.7,5.4,110.84,5.38,null,null,null
Entire Network,FluSurv-NET,2023-24,2024,8,Overall,Male,Overall,Overall,60.8,3.1,null,null,null,null,null
Entire Network,FluSurv-NET,2023-24,2024,8,Overall,Female,Overall,Overall,65.9,3.5,null,null,null,null,null
Entire Network,FluSurv-NET,2023-24,2024,9,Overall,Overall,White,Overall,60,3.4,52.76,2.98,null,null,null
Entire Network,FluSurv-NET,2023-24,2024,9,Overall,Overall,Hispanic/Latino,Overall,52.9,2,65.61,2.53,null,null,null
Entire Network,FluSurv-NET,2023-24,2024,9,Overall,Overall,Black,Overall,116.3,5.1,125.58,5.41,null,null,null
Entire Network,FluSurv-NET,2023-24,2024,9,Overall,Female,Overall,Overall,69.4,3.5,null,null,null,null,null
Entire Network,FluSurv-NET,2023-24,2024,9,Overall,Male,Overall,Overall,64,3.2,null,null,null,null,null
Entire Network,FluSurv-NET,2023-24,2024,9,Overall,Overall,American Indian/Alaska Native,Overall,110,4.3,115.57,4.73,null,null,null
Entire Network,FluSurv-NET,2023-24,2024,9,Overall,Overall,Asian/Pacific Islander,Overall,32.9,1.4,36.43,1.6,null,null,null
Entire Network,FluSurv-NET,2023-24,2024,9,Overall,Overall,Overall,A(H3N2),16.0501,1.26189,null,null,null,null,null
Entire Network,FluSurv-NET,2023-24,2024,9,Overall,Overall,Overall,A(H1N1)pdm09,41.9026,1.35793,null,null,null,null,null
Entire Network,FluSurv-NET,2023-24,2024,9,Overall,Overall,Overall,Influenza B,8.5,0.7,64.26,3.19,null,null,null
Entire Network,FluSurv-NET,2023-24,2024,9,Overall,Overall,Overall,Influenza A,57.8,2.6,64.26,3.19,null,null,null
Entire Network,FluSurv-NET,2023-24,2024,9,Overall,Overall,Overall,Overall,66.7,3.3,64.26,3.19,null,null,null
Entire Network,FluSurv-NET,2023-24,2024,10,Overall,Overall,Overall,Influenza A,59.9,2.1,66.9,2.64,null,null,null
Entire Network,FluSurv-NET,2023-24,2024,10,Overall,Overall,Overall,Influenza B,9.2,0.6,66.9,2.64,null,null,null
Entire Network,FluSurv-NET,2023-24,2024,10,Overall,Overall,Overall,A(H1N1)pdm09,42.8002,0.897593,null,null,null,null,null
Entire Network,FluSurv-NET,2023-24,2024,10,Overall,Overall,Overall,A(H3N2),17.2108,1.16077,null,null,null,null,null
Entire Network,FluSurv-NET,2023-24,2024,10,Overall,Overall,Overall,Overall,69.4,2.7,66.9,2.64,null,null,null
Entire Network,FluSurv-NET,2023-24,2024,10,Overall,Overall,Asian/Pacific Islander,Overall,33.8,0.9,37.41,0.99,null,null,null
Entire Network,FluSurv-NET,2023-24,2024,10,Overall,Overall,American Indian/Alaska Native,Overall,112.7,2.7,118.38,2.81,null,null,null
Entire Network,FluSurv-NET,2023-24,2024,10,Overall,Male,Overall,Overall,66.6,2.6,null,null,null,null,null
Entire Network,FluSurv-NET,2023-24,2024,10,Overall,Female,Overall,Overall,72.2,2.9,null,null,null,null,null
Entire Network,FluSurv-NET,2023-24,2024,10,Overall,Overall,Black,Overall,120.2,3.8,129.66,4.08,null,null,null
Entire Network,FluSurv-NET,2023-24,2024,10,Overall,Overall,Hispanic/Latino,Overall,54.9,2,67.79,2.18,null,null,null
Entire Network,FluSurv-NET,2023-24,2024,10,Overall,Overall,White,Overall,62.9,2.9,55.34,2.58,null,null,null
Entire Network,FluSurv-NET,2023-24,2024,11,Overall,Overall,White,Overall,65.1,2.3,57.34,2,null,null,null
Entire Network,FluSurv-NET,2023-24,2024,11,Overall,Overall,Hispanic/Latino,Overall,56.4,1.5,69.61,1.82,null,null,null
Entire Network,FluSurv-NET,2023-24,2024,11,Overall,Overall,Black,Overall,123,2.8,132.65,2.99,null,null,null
Entire Network,FluSurv-NET,2023-24,2024,11,Overall,Female,Overall,Overall,74.4,2.2,null,null,null,null,null
Entire Network,FluSurv-NET,2023-24,2024,11,Overall,Male,Overall,Overall,68.6,2.1,null,null,null,null,null
Entire Network,FluSurv-NET,2023-24,2024,11,Overall,Overall,American Indian/Alaska Native,Overall,116,3.3,121.76,3.38,null,null,null
Entire Network,FluSurv-NET,2023-24,2024,11,Overall,Overall,Asian/Pacific Islander,Overall,34.6,0.9,38.35,0.93,null,null,null
Entire Network,FluSurv-NET,2023-24,2024,11,Overall,Overall,Overall,A(H3N2),18.16,0.949156,null,null,null,null,null
Entire Network,FluSurv-NET,2023-24,2024,11,Overall,Overall,Overall,A(H1N1)pdm09,43.5053,0.705095,null,null,null,null,null
Entire Network,FluSurv-NET,2023-24,2024,11,Overall,Overall,Overall,Influenza B,9.7,0.5,68.96,2.06,null,null,null
Entire Network,FluSurv-NET,2023-24,2024,11,Overall,Overall,Overall,Influenza A,61.6,1.7,68.96,2.06,null,null,null
Entire Network,FluSurv-NET,2023-24,2024,11,Overall,Overall,Overall,Overall,71.6,2.1,68.96,2.06,null,null,null
Entire Network,FluSurv-NET,2023-24,2024,12,Overall,Overall,Overall,Influenza B,10.1,0.5,70.74,1.79,null,null,null
Entire Network,FluSurv-NET,2023-24,2024,12,Overall,Overall,Overall,Influenza A,62.9,1.4,70.74,1.79,null,null,null
Entire Network,FluSurv-NET,2023-24,2024,12,Overall,Overall,Overall,Overall,73.4,1.9,70.74,1.79,null,null,null
Entire Network,FluSurv-NET,2023-24,2024,12,Overall,Overall,Overall,A(H3N2),18.9594,0.799456,null,null,null,null,null
Entire Network,FluSurv-NET,2023-24,2024,12,Overall,Overall,Black,Overall,125.8,2.8,135.62,2.97,null,null,null
Entire Network,FluSurv-NET,2023-24,2024,12,Overall,Overall,White,Overall,67,1.8,58.98,1.63,null,null,null
Entire Network,FluSurv-NET,2023-24,2024,12,Overall,Male,Overall,Overall,70.3,1.7,null,null,null,null,null
Entire Network,FluSurv-NET,2023-24,2024,12,Overall,Overall,American Indian/Alaska Native,Overall,118.7,2.7,124.62,2.86,null,null,null
Entire Network,FluSurv-NET,2023-24,2024,12,Overall,Overall,Asian/Pacific Islander,Overall,35.5,0.9,39.28,0.94,null,null,null
Entire Network,FluSurv-NET,2023-24,2024,12,Overall,Overall,Hispanic/Latino,Overall,57.7,1.3,71.16,1.55,null,null,null
Entire Network,FluSurv-NET,2023-24,2024,12,Overall,Overall,Overall,A(H1N1)pdm09,44.0699,0.564626,null,null,null,null,null
Entire Network,FluSurv-NET,2023-24,2024,12,Overall,Female,Overall,Overall,76.5,2,null,null,null,null,null
Entire Network,FluSurv-NET,2023-24,2024,13,Overall,Male,Overall,Overall,72,1.6,null,null,null,null,null
Entire Network,FluSurv-NET,2023-24,2024,13,Overall,Overall,American Indian/Alaska Native,Overall,119.8,1.1,125.76,1.13,null,null,null
Entire Network,FluSurv-NET,2023-24,2024,13,Overall,Overall,Asian/Pacific Islander,Overall,36.5,1.1,40.49,1.2,null,null,null
Entire Network,FluSurv-NET,2023-24,2024,13,Overall,Overall,Hispanic/Latino,Overall,58.9,1.2,72.66,1.5,null,null,null
Entire Network,FluSurv-NET,2023-24,2024,13,Overall,Overall,Black,Overall,128.4,2.6,138.46,2.84,null,null,null
Entire Network,FluSurv-NET,2023-24,2024,13,Overall,Overall,White,Overall,68.7,1.7,60.49,1.51,null,null,null
Entire Network,FluSurv-NET,2023-24,2024,13,Overall,Overall,Overall,Overall,75.2,1.7,72.42,1.67,null,null,null
Entire Network,FluSurv-NET,2023-24,2024,13,Overall,Female,Overall,Overall,78.3,1.8,null,null,null,null,null
Entire Network,FluSurv-NET,2023-24,2024,13,Overall,Overall,Overall,Influenza A,64.3,1.3,72.42,1.67,null,null,null
Entire Network,FluSurv-NET,2023-24,2024,13,Overall,Overall,Overall,Influenza B,10.5,0.4,72.42,1.67,null,null,null
Entire Network,FluSurv-NET,2023-24,2024,13,Overall,Overall,Overall,A(H3N2),19.732,0.772556,null,null,null,null,null
Entire Network,FluSurv-NET,2023-24,2024,13,Overall,Overall,Overall,A(H1N1)pdm09,44.6415,0.571526,null,null,null,null,null
Entire Network,FluSurv-NET,2023-24,2024,14,Overall,Overall,Overall,Influenza B,11,0.4,73.98,1.56,null,null,null
Entire Network,FluSurv-NET,2023-24,2024,14,Overall,Overall,Overall,Influenza A,65.5,1.2,73.98,1.56,null,null,null
Entire Network,FluSurv-NET,2023-24,2024,14,Overall,Overall,Overall,A(H1N1)pdm09,45.1591,0.517679,null,null,null,null,null
Entire Network,FluSurv-NET,2023-24,2024,14,Overall,Overall,Overall,Overall,76.9,1.7,73.98,1.56,null,null,null
Entire Network,FluSurv-NET,2023-24,2024,14,Overall,Overall,Overall,A(H3N2),20.4229,0.690876,null,null,null,null,null
Entire Network,FluSurv-NET,2023-24,2024,14,Overall,Overall,Black,Overall,130.8,2.4,140.89,2.43,null,null,null
Entire Network,FluSurv-NET,2023-24,2024,14,Overall,Overall,White,Overall,70.3,1.6,61.93,1.45,null,null,null
Entire Network,FluSurv-NET,2023-24,2024,14,Overall,Overall,American Indian/Alaska Native,Overall,120.9,1.1,126.97,1.21,null,null,null
Entire Network,FluSurv-NET,2023-24,2024,14,Overall,Female,Overall,Overall,80.2,1.9,null,null,null,null,null
Entire Network,FluSurv-NET,2023-24,2024,14,Overall,Male,Overall,Overall,73.4,1.4,null,null,null,null,null
Entire Network,FluSurv-NET,2023-24,2024,14,Overall,Overall,Asian/Pacific Islander,Overall,37.5,1,41.53,1.04,null,null,null
Entire Network,FluSurv-NET,2023-24,2024,14,Overall,Overall,Hispanic/Latino,Overall,60,1,73.95,1.29,null,null,null
Entire Network,FluSurv-NET,2023-24,2024,15,Overall,Overall,Hispanic/Latino,Overall,60.8,0.9,75.07,1.12,null,null,null
Entire Network,FluSurv-NET,2023-24,2024,15,Overall,Overall,Asian/Pacific Islander,Overall,38.2,0.7,42.25,0.72,null,null,null
Entire Network,FluSurv-NET,2023-24,2024,15,Overall,Male,Overall,Overall,74.7,1.2,null,null,null,null,null
Entire Network,FluSurv-NET,2023-24,2024,15,Overall,Female,Overall,Overall,81.5,1.3,null,null,null,null,null
Entire Network,FluSurv-NET,2023-24,2024,15,Overall,Overall,American Indian/Alaska Native,Overall,121.4,0.5,127.61,0.64,null,null,null
Entire Network,FluSurv-NET,2023-24,2024,15,Overall,Overall,White,Overall,71.7,1.3,63.11,1.18,null,null,null
Entire Network,FluSurv-NET,2023-24,2024,15,Overall,Overall,Black,Overall,132.5,1.7,142.69,1.8,null,null,null
Entire Network,FluSurv-NET,2023-24,2024,15,Overall,Overall,Overall,A(H3N2),20.9481,0.525278,null,null,null,null,null
Entire Network,FluSurv-NET,2023-24,2024,15,Overall,Overall,Overall,Overall,78.1,1.3,75.21,1.23,null,null,null
Entire Network,FluSurv-NET,2023-24,2024,15,Overall,Overall,Overall,A(H1N1)pdm09,45.5584,0.399215,null,null,null,null,null
Entire Network,FluSurv-NET,2023-24,2024,15,Overall,Overall,Overall,Influenza A,66.4,0.9,75.21,1.23,null,null,null
Entire Network,FluSurv-NET,2023-24,2024,15,Overall,Overall,Overall,Influenza B,11.3,0.3,75.21,1.23,null,null,null
Entire Network,FluSurv-NET,2023-24,2024,16,Overall,Overall,Overall,A(H1N1)pdm09,45.8272,0.268863,null,null,null,null,null
Entire Network,FluSurv-NET,2023-24,2024,16,Overall,Overall,Overall,Overall,79,0.9,76.09,0.88,null,null,null
Entire Network,FluSurv-NET,2023-24,2024,16,Overall,Overall,Overall,A(H3N2),21.4019,0.453808,null,null,null,null,null
Entire Network,FluSurv-NET,2023-24,2024,16,Overall,Overall,Black,Overall,133.7,1.2,144.05,1.36,null,null,null
Entire Network,FluSurv-NET,2023-24,2024,16,Overall,Overall,White,Overall,72.6,0.9,63.91,0.8,null,null,null
Entire Network,FluSurv-NET,2023-24,2024,16,Overall,Overall,American Indian/Alaska Native,Overall,123,1.6,129.17,1.56,null,null,null
Entire Network,FluSurv-NET,2023-24,2024,16,Overall,Female,Overall,Overall,82.4,1,null,null,null,null,null
Entire Network,FluSurv-NET,2023-24,2024,16,Overall,Male,Overall,Overall,75.6,0.9,null,null,null,null,null
Entire Network,FluSurv-NET,2023-24,2024,16,Overall,Overall,Asian/Pacific Islander,Overall,38.7,0.6,42.87,0.61,null,null,null
Entire Network,FluSurv-NET,2023-24,2024,16,Overall,Overall,Hispanic/Latino,Overall,61.5,0.7,75.87,0.8,null,null,null
Entire Network,FluSurv-NET,2023-24,2024,16,Overall,Overall,Overall,Influenza B,11.5,0.2,76.09,0.88,null,null,null
Entire Network,FluSurv-NET,2023-24,2024,16,Overall,Overall,Overall,Influenza A,67.1,0.7,76.09,0.88,null,null,null
Entire Network,FluSurv-NET,2023-24,2024,17,Overall,Overall,Overall,Influenza A,67.7,0.5,76.74,0.66,null,null,null
Entire Network,FluSurv-NET,2023-24,2024,17,Overall,Overall,Overall,Influenza B,11.7,0.2,76.74,0.66,null,null,null
Entire Network,FluSurv-NET,2023-24,2024,17,Overall,Overall,Overall,A(H1N1)pdm09,46.0415,0.21427,null,null,null,null,null
Entire Network,FluSurv-NET,2023-24,2024,17,Overall,Overall,Overall,A(H3N2),21.7023,0.300332,null,null,null,null,null
Entire Network,FluSurv-NET,2023-24,2024,17,Overall,Overall,Overall,Overall,79.7,0.7,76.74,0.66,null,null,null
Entire Network,FluSurv-NET,2023-24,2024,17,Overall,Overall,White,Overall,73.2,0.6,64.48,0.57,null,null,null
Entire Network,FluSurv-NET,2023-24,2024,17,Overall,Overall,Black,Overall,134.5,0.8,144.95,0.9,null,null,null
Entire Network,FluSurv-NET,2023-24,2024,17,Overall,Overall,Hispanic/Latino,Overall,62.2,0.6,76.68,0.82,null,null,null
Entire Network,FluSurv-NET,2023-24,2024,17,Overall,Overall,Asian/Pacific Islander,Overall,39.5,0.8,43.7,0.83,null,null,null
Entire Network,FluSurv-NET,2023-24,2024,17,Overall,Overall,American Indian/Alaska Native,Overall,123,0,129.17,0,null,null,null
Entire Network,FluSurv-NET,2023-24,2024,17,Overall,Male,Overall,Overall,76.3,0.7,null,null,null,null,null
Entire Network,FluSurv-NET,2023-24,2024,17,Overall,Female,Overall,Overall,83,0.6,null,null,null,null,null
Entire Network,FluSurv-NET,2023-24,2024,18,Overall,Female,Overall,Overall,83.6,0.5,null,null,null,null,null
Entire Network,FluSurv-NET,2023-24,2024,18,Overall,Overall,American Indian/Alaska Native,Overall,123.6,0.5,129.74,0.57,null,null,null
Entire Network,FluSurv-NET,2023-24,2024,18,Overall,Male,Overall,Overall,76.7,0.4,null,null,null,null,null
Entire Network,FluSurv-NET,2023-24,2024,18,Overall,Overall,White,Overall,73.6,0.4,64.85,0.36,null,null,null
Entire Network,FluSurv-NET,2023-24,2024,18,Overall,Overall,Black,Overall,135,0.4,145.45,0.51,null,null,null
Entire Network,FluSurv-NET,2023-24,2024,18,Overall,Overall,Hispanic/Latino,Overall,62.6,0.5,77.25,0.57,null,null,null
Entire Network,FluSurv-NET,2023-24,2024,18,Overall,Overall,Asian/Pacific Islander,Overall,39.9,0.4,44.17,0.47,null,null,null
Entire Network,FluSurv-NET,2023-24,2024,18,Overall,Overall,Overall,Overall,80.2,0.5,77.17,0.42,null,null,null
Entire Network,FluSurv-NET,2023-24,2024,18,Overall,Overall,Overall,A(H1N1)pdm09,46.1341,0.0926358,null,null,null,null,null
Entire Network,FluSurv-NET,2023-24,2024,18,Overall,Overall,Overall,A(H3N2),21.8148,0.112496,null,null,null,null,null
Entire Network,FluSurv-NET,2023-24,2024,18,Overall,Overall,Overall,Influenza B,11.8,0.1,77.17,0.42,null,null,null
Entire Network,FluSurv-NET,2023-24,2024,18,Overall,Overall,Overall,Influenza A,68,0.4,77.17,0.42,null,null,null
Entire Network,FluSurv-NET,2023-24,2024,19,Overall,Male,Overall,Overall,77,0.3,null,null,null,null,null
Entire Network,FluSurv-NET,2023-24,2024,19,Overall,Female,Overall,Overall,84,0.5,null,null,null,null,null
Entire Network,FluSurv-NET,2023-24,2024,19,Overall,Overall,Black,Overall,135.5,0.5,146.05,0.6,null,null,null
Entire Network,FluSurv-NET,2023-24,2024,19,Overall,Overall,Hispanic/Latino,Overall,62.9,0.3,77.68,0.43,null,null,null
Entire Network,FluSurv-NET,2023-24,2024,19,Overall,Overall,Asian/Pacific Islander,Overall,40.3,0.4,44.67,0.49,null,null,null
Entire Network,FluSurv-NET,2023-24,2024,19,Overall,Overall,American Indian/Alaska Native,Overall,124.7,1.1,130.86,1.12,null,null,null
Entire Network,FluSurv-NET,2023-24,2024,19,Overall,Overall,Overall,Overall,80.6,0.4,77.52,0.36,null,null,null
Entire Network,FluSurv-NET,2023-24,2024,19,Overall,Overall,Overall,Influenza A,68.3,0.3,77.52,0.36,null,null,null
Entire Network,FluSurv-NET,2023-24,2024,19,Overall,Overall,Overall,Influenza B,11.8,0.1,77.52,0.36,null,null,null
Entire Network,FluSurv-NET,2023-24,2024,19,Overall,Overall,Overall,A(H1N1)pdm09,46.1341,0,null,null,null,null,null
Entire Network,FluSurv-NET,2023-24,2024,19,Overall,Overall,Overall,A(H3N2),21.8148,0,null,null,null,null,null
Entire Network,FluSurv-NET,2023-24,2024,19,Overall,Overall,White,Overall,74,0.3,65.15,0.3,null,null,null
Entire Network,FluSurv-NET,2023-24,2024,20,Overall,Overall,Overall,Influenza B,11.9,0.1,77.8,0.28,null,null,null
Entire Network,FluSurv-NET,2023-24,2024,20,Overall,Overall,Overall,A(H1N1)pdm09,46.1341,0,null,null,null,null,null
Entire Network,FluSurv-NET,2023-24,2024,20,Overall,Overall,Overall,A(H3N2),21.8148,0,null,null,null,null,null
Entire Network,FluSurv-NET,2023-24,2024,20,Overall,Overall,Overall,Overall,80.8,0.3,77.8,0.28,null,null,null
Entire Network,FluSurv-NET,2023-24,2024,20,Overall,Overall,Overall,Influenza A,68.6,0.2,77.8,0.28,null,null,null
Entire Network,FluSurv-NET,2023-24,2024,20,Overall,Overall,White,Overall,74.2,0.2,65.35,0.21,null,null,null
Entire Network,FluSurv-NET,2023-24,2024,20,Overall,Overall,Black,Overall,135.9,0.4,146.43,0.37,null,null,null
Entire Network,FluSurv-NET,2023-24,2024,20,Overall,Overall,Hispanic/Latino,Overall,63.3,0.4,78.36,0.68,null,null,null
Entire Network,FluSurv-NET,2023-24,2024,20,Overall,Overall,Asian/Pacific Islander,Overall,40.6,0.3,44.94,0.27,null,null,null
Entire Network,FluSurv-NET,2023-24,2024,20,Overall,Overall,American Indian/Alaska Native,Overall,124.7,0,130.86,0,null,null,null
Entire Network,FluSurv-NET,2023-24,2024,20,Overall,Female,Overall,Overall,84.3,0.3,null,null,null,null,null
Entire Network,FluSurv-NET,2023-24,2024,20,Overall,Male,Overall,Overall,77.3,0.3,null,null,null,null,null
Entire Network,FluSurv-NET,2023-24,2024,21,Overall,Overall,American Indian/Alaska Native,Overall,125.7,1.1,131.85,0.98,null,null,null
Entire Network,FluSurv-NET,2023-24,2024,21,Overall,Overall,Asian/Pacific Islander,Overall,40.8,0.2,45.19,0.25,null,null,null
Entire Network,FluSurv-NET,2023-24,2024,21,Overall,Overall,Hispanic/Latino,Overall,63.5,0.2,78.61,0.25,null,null,null
Entire Network,FluSurv-NET,2023-24,2024,21,Overall,Overall,Black,Overall,136.3,0.4,146.84,0.41,null,null,null
Entire Network,FluSurv-NET,2023-24,2024,21,Overall,Female,Overall,Overall,84.6,0.3,null,null,null,null,null
Entire Network,FluSurv-NET,2023-24,2024,21,Overall,Male,Overall,Overall,77.5,0.2,null,null,null,null,null
Entire Network,FluSurv-NET,2023-24,2024,21,Overall,Overall,Overall,A(H3N2),21.8148,0,null,null,null,null,null
Entire Network,FluSurv-NET,2023-24,2024,21,Overall,Overall,Overall,A(H1N1)pdm09,46.1341,0,null,null,null,null,null
Entire Network,FluSurv-NET,2023-24,2024,21,Overall,Overall,Overall,Influenza B,11.9,0.1,78.05,0.25,null,null,null
Entire Network,FluSurv-NET,2023-24,2024,21,Overall,Overall,Overall,Influenza A,68.8,0.2,78.05,0.25,null,null,null
Entire Network,FluSurv-NET,2023-24,2024,21,Overall,Overall,White,Overall,74.4,0.2,65.56,0.2,null,null,null
Entire Network,FluSurv-NET,2023-24,2024,21,Overall,Overall,Overall,Overall,81.1,0.3,78.05,0.25,null,null,null
Entire Network,FluSurv-NET,2023-24,2024,22,Overall,Overall,Overall,Overall,81.4,0.3,78.3,0.25,null,null,null
Entire Network,FluSurv-NET,2023-24,2024,22,Overall,Overall,Overall,A(H3N2),21.8148,0,null,null,null,null,null
Entire Network,FluSurv-NET,2023-24,2024,22,Overall,Overall,Overall,A(H1N1)pdm09,46.1341,0,null,null,null,null,null
Entire Network,FluSurv-NET,2023-24,2024,22,Overall,Overall,Overall,Influenza B,12,0,78.3,0.25,null,null,null
Entire Network,FluSurv-NET,2023-24,2024,22,Overall,Male,Overall,Overall,77.8,0.2,null,null,null,null,null
Entire Network,FluSurv-NET,2023-24,2024,22,Overall,Overall,American Indian/Alaska Native,Overall,125.7,0,131.85,0,null,null,null
Entire Network,FluSurv-NET,2023-24,2024,22,Overall,Overall,Asian/Pacific Islander,Overall,41,0.1,45.36,0.17,null,null,null
Entire Network,FluSurv-NET,2023-24,2024,22,Overall,Overall,Hispanic/Latino,Overall,63.8,0.3,79.06,0.45,null,null,null
Entire Network,FluSurv-NET,2023-24,2024,22,Overall,Overall,Black,Overall,136.6,0.3,147.22,0.38,null,null,null
Entire Network,FluSurv-NET,2023-24,2024,22,Overall,Overall,White,Overall,74.7,0.2,65.74,0.19,null,null,null
Entire Network,FluSurv-NET,2023-24,2024,22,Overall,Overall,Overall,Influenza A,69,0.2,78.3,0.25,null,null,null
Entire Network,FluSurv-NET,2023-24,2024,22,Overall,Female,Overall,Overall,84.9,0.3,null,null,null,null,null
Entire Network,FluSurv-NET,2023-24,2024,23,Overall,Male,Overall,Overall,78,0.2,null,null,null,null,null
Entire Network,FluSurv-NET,2023-24,2024,23,Overall,Female,Overall,Overall,85.1,0.2,null,null,null,null,null
Entire Network,FluSurv-NET,2023-24,2024,23,Overall,Overall,Black,Overall,136.9,0.2,147.49,0.27,null,null,null
Entire Network,FluSurv-NET,2023-24,2024,23,Overall,Overall,Hispanic/Latino,Overall,64.3,0.5,79.62,0.55,null,null,null
Entire Network,FluSurv-NET,2023-24,2024,23,Overall,Overall,Asian/Pacific Islander,Overall,41.2,0.2,45.55,0.19,null,null,null
Entire Network,FluSurv-NET,2023-24,2024,23,Overall,Overall,American Indian/Alaska Native,Overall,125.7,0,131.85,0,null,null,null
Entire Network,FluSurv-NET,2023-24,2024,23,Overall,Overall,Overall,Influenza A,69.2,0.2,78.5,0.2,null,null,null
Entire Network,FluSurv-NET,2023-24,2024,23,Overall,Overall,Overall,Influenza B,12,0.1,78.5,0.2,null,null,null
Entire Network,FluSurv-NET,2023-24,2024,23,Overall,Overall,Overall,A(H1N1)pdm09,46.1341,0,null,null,null,null,null
Entire Network,FluSurv-NET,2023-24,2024,23,Overall,Overall,Overall,A(H3N2),21.8148,0,null,null,null,null,null
Entire Network,FluSurv-NET,2023-24,2024,23,Overall,Overall,White,Overall,74.8,0.1,65.86,0.12,null,null,null
Entire Network,FluSurv-NET,2023-24,2024,23,Overall,Overall,Overall,Overall,81.6,0.2,78.5,0.2,null,null,null
Entire Network,FluSurv-NET,2023-24,2024,24,Overall,Overall,White,Overall,75,0.2,65.99,0.13,null,null,null
Entire Network,FluSurv-NET,2023-24,2024,24,Overall,Overall,Overall,A(H3N2),21.8148,0,null,null,null,null,null
Entire Network,FluSurv-NET,2023-24,2024,24,Overall,Overall,Overall,A(H1N1)pdm09,46.1341,0,null,null,null,null,null
Entire Network,FluSurv-NET,2023-24,2024,24,Overall,Overall,Overall,Influenza B,12.1,0,78.66,0.16,null,null,null
Entire Network,FluSurv-NET,2023-24,2024,24,Overall,Overall,Overall,Influenza A,69.3,0.1,78.66,0.16,null,null,null
Entire Network,FluSurv-NET,2023-24,2024,24,Overall,Overall,Overall,Overall,81.8,0.2,78.66,0.16,null,null,null
Entire Network,FluSurv-NET,2023-24,2024,24,Overall,Overall,American Indian/Alaska Native,Overall,125.7,0,131.85,0,null,null,null
Entire Network,FluSurv-NET,2023-24,2024,24,Overall,Overall,Asian/Pacific Islander,Overall,41.3,0.1,45.72,0.17,null,null,null
Entire Network,FluSurv-NET,2023-24,2024,24,Overall,Overall,Hispanic/Latino,Overall,64.4,0.2,79.79,0.18,null,null,null
Entire Network,FluSurv-NET,2023-24,2024,24,Overall,Overall,Black,Overall,137.1,0.2,147.72,0.23,null,null,null
Entire Network,FluSurv-NET,2023-24,2024,24,Overall,Female,Overall,Overall,85.3,0.2,null,null,null,null,null
Entire Network,FluSurv-NET,2023-24,2024,24,Overall,Male,Overall,Overall,78.1,0.1,null,null,null,null,null
Entire Network,FluSurv-NET,2023-24,2024,25,Overall,Overall,Overall,Influenza A,69.5,0.2,78.87,0.21,null,null,null
Entire Network,FluSurv-NET,2023-24,2024,25,Overall,Overall,Overall,Influenza B,12.1,0,78.87,0.21,null,null,null
Entire Network,FluSurv-NET,2023-24,2024,25,Overall,Overall,Overall,A(H1N1)pdm09,46.1341,0,null,null,null,null,null
Entire Network,FluSurv-NET,2023-24,2024,25,Overall,Overall,Overall,A(H3N2),21.8148,0,null,null,null,null,null
Entire Network,FluSurv-NET,2023-24,2024,25,Overall,Overall,Overall,Overall,82,0.2,78.87,0.21,null,null,null
Entire Network,FluSurv-NET,2023-24,2024,25,Overall,Overall,White,Overall,75.2,0.3,66.21,0.22,null,null,null
Entire Network,FluSurv-NET,2023-24,2024,25,Overall,Overall,Hispanic/Latino,Overall,64.6,0.2,80.04,0.25,null,null,null
Entire Network,FluSurv-NET,2023-24,2024,25,Overall,Overall,Asian/Pacific Islander,Overall,41.5,0.2,45.94,0.23,null,null,null
Entire Network,FluSurv-NET,2023-24,2024,25,Overall,Male,Overall,Overall,78.4,0.2,null,null,null,null,null
Entire Network,FluSurv-NET,2023-24,2024,25,Overall,Female,Overall,Overall,85.5,0.2,null,null,null,null,null
Entire Network,FluSurv-NET,2023-24,2024,25,Overall,Overall,Black,Overall,137.2,0.2,147.89,0.18,null,null,null
Entire Network,FluSurv-NET,2023-24,2024,25,Overall,Overall,American Indian/Alaska Native,Overall,125.7,0,131.85,0,null,null,null
Entire Network,FluSurv-NET,2023-24,2024,26,Overall,Overall,White,Overall,75.3,0.1,66.31,0.1,null,null,null
Entire Network,FluSurv-NET,2023-24,2024,26,Overall,Overall,Overall,Overall,82.1,0.2,79.01,0.14,null,null,null
Entire Network,FluSurv-NET,2023-24,2024,26,Overall,Overall,Overall,Influenza A,69.6,0.1,79.01,0.14,null,null,null
Entire Network,FluSurv-NET,2023-24,2024,26,Overall,Overall,Overall,Influenza B,12.1,0,79.01,0.14,null,null,null
Entire Network,FluSurv-NET,2023-24,2024,26,Overall,Overall,Overall,A(H1N1)pdm09,46.1341,0,null,null,null,null,null
Entire Network,FluSurv-NET,2023-24,2024,26,Overall,Overall,Overall,A(H3N2),21.8148,0,null,null,null,null,null
Entire Network,FluSurv-NET,2023-24,2024,26,Overall,Male,Overall,Overall,78.5,0.1,null,null,null,null,null
Entire Network,FluSurv-NET,2023-24,2024,26,Overall,Female,Overall,Overall,85.7,0.2,null,null,null,null,null
Entire Network,FluSurv-NET,2023-24,2024,26,Overall,Overall,Black,Overall,137.4,0.2,148.09,0.19,null,null,null
Entire Network,FluSurv-NET,2023-24,2024,26,Overall,Overall,Hispanic/Latino,Overall,64.8,0.2,80.35,0.31,null,null,null
Entire Network,FluSurv-NET,2023-24,2024,26,Overall,Overall,Asian/Pacific Islander,Overall,41.7,0.2,46.21,0.27,null,null,null
Entire Network,FluSurv-NET,2023-24,2024,26,Overall,Overall,American Indian/Alaska Native,Overall,125.7,0,131.85,0,null,null,null
Entire Network,FluSurv-NET,2023-24,2024,27,Overall,Overall,Overall,Influenza B,12.1,0,79.16,0.15,null,null,null
Entire Network,FluSurv-NET,2023-24,2024,27,Overall,Overall,Overall,Influenza A,69.8,0.1,79.16,0.15,null,null,null
Entire Network,FluSurv-NET,2023-24,2024,27,Overall,Overall,American Indian/Alaska Native,Overall,126.3,0.5,132.53,0.69,null,null,null
Entire Network,FluSurv-NET,2023-24,2024,27,Overall,Overall,Black,Overall,137.6,0.2,148.35,0.26,null,null,null
Entire Network,FluSurv-NET,2023-24,2024,27,Overall,Female,Overall,Overall,85.9,0.2,null,null,null,null,null
Entire Network,FluSurv-NET,2023-24,2024,27,Overall,Male,Overall,Overall,78.7,0.2,null,null,null,null,null
Entire Network,FluSurv-NET,2023-24,2024,27,Overall,Overall,Asian/Pacific Islander,Overall,41.9,0.2,46.43,0.22,null,null,null
Entire Network,FluSurv-NET,2023-24,2024,27,Overall,Overall,Hispanic/Latino,Overall,65,0.2,80.71,0.36,null,null,null
Entire Network,FluSurv-NET,2023-24,2024,27,Overall,Overall,White,Overall,75.4,0.1,66.4,0.09,null,null,null
Entire Network,FluSurv-NET,2023-24,2024,27,Overall,Overall,Overall,Overall,82.3,0.2,79.16,0.15,null,null,null
Entire Network,FluSurv-NET,2023-24,2024,27,Overall,Overall,Overall,A(H3N2),21.8148,0,null,null,null,null,null
Entire Network,FluSurv-NET,2023-24,2024,27,Overall,Overall,Overall,A(H1N1)pdm09,46.1341,0,null,null,null,null,null
Entire Network,FluSurv-NET,2023-24,2024,28,Overall,Overall,White,Overall,75.6,0.2,66.53,0.13,null,null,null
Entire Network,FluSurv-NET,2023-24,2024,28,Overall,Overall,Overall,A(H3N2),21.8148,0,null,null,null,null,null
Entire Network,FluSurv-NET,2023-24,2024,28,Overall,Overall,Overall,A(H1N1)pdm09,46.1341,0,null,null,null,null,null
Entire Network,FluSurv-NET,2023-24,2024,28,Overall,Overall,Overall,Influenza B,12.2,0,79.33,0.17,null,null,null
Entire Network,FluSurv-NET,2023-24,2024,28,Overall,Overall,Overall,Influenza A,69.9,0.2,79.33,0.17,null,null,null
Entire Network,FluSurv-NET,2023-24,2024,28,Overall,Overall,Overall,Overall,82.5,0.2,79.33,0.17,null,null,null
Entire Network,FluSurv-NET,2023-24,2024,28,Overall,Female,Overall,Overall,86.1,0.2,null,null,null,null,null
Entire Network,FluSurv-NET,2023-24,2024,28,Overall,Male,Overall,Overall,78.8,0.1,null,null,null,null,null
Entire Network,FluSurv-NET,2023-24,2024,28,Overall,Overall,American Indian/Alaska Native,Overall,126.3,0,132.53,0,null,null,null
Entire Network,FluSurv-NET,2023-24,2024,28,Overall,Overall,Asian/Pacific Islander,Overall,42.1,0.2,46.69,0.26,null,null,null
Entire Network,FluSurv-NET,2023-24,2024,28,Overall,Overall,Hispanic/Latino,Overall,65.2,0.2,80.99,0.28,null,null,null
Entire Network,FluSurv-NET,2023-24,2024,28,Overall,Overall,Black,Overall,137.9,0.2,148.62,0.27,null,null,null
Entire Network,FluSurv-NET,2023-24,2024,29,Overall,Overall,Overall,Influenza A,70,0.1,79.43,0.11,null,null,null
Entire Network,FluSurv-NET,2023-24,2024,29,Overall,Overall,Overall,Influenza B,12.2,0,79.43,0.11,null,null,null
Entire Network,FluSurv-NET,2023-24,2024,29,Overall,Overall,Overall,A(H3N2),21.8148,0,null,null,null,null,null
Entire Network,FluSurv-NET,2023-24,2024,29,Overall,Overall,Overall,A(H1N1)pdm09,46.1341,0,null,null,null,null,null
Entire Network,FluSurv-NET,2023-24,2024,29,Overall,Overall,Overall,Overall,82.6,0.1,79.43,0.11,null,null,null
Entire Network,FluSurv-NET,2023-24,2024,29,Overall,Overall,Asian/Pacific Islander,Overall,42.2,0.1,46.82,0.12,null,null,null
Entire Network,FluSurv-NET,2023-24,2024,29,Overall,Overall,Hispanic/Latino,Overall,65.3,0.1,81.14,0.15,null,null,null
Entire Network,FluSurv-NET,2023-24,2024,29,Overall,Overall,Black,Overall,138,0.2,148.81,0.18,null,null,null
Entire Network,FluSurv-NET,2023-24,2024,29,Overall,Overall,White,Overall,75.7,0.1,66.62,0.09,null,null,null
Entire Network,FluSurv-NET,2023-24,2024,29,Overall,Male,Overall,Overall,78.9,0.1,null,null,null,null,null
Entire Network,FluSurv-NET,2023-24,2024,29,Overall,Overall,American Indian/Alaska Native,Overall,126.3,0,132.53,0,null,null,null
Entire Network,FluSurv-NET,2023-24,2024,29,Overall,Female,Overall,Overall,86.2,0.1,null,null,null,null,null
Entire Network,FluSurv-NET,2023-24,2024,30,Overall,Overall,Overall,A(H3N2),21.8148,0,null,null,null,null,null
Entire Network,FluSurv-NET,2023-24,2024,30,Overall,Overall,Overall,A(H1N1)pdm09,46.1341,0,null,null,null,null,null
Entire Network,FluSurv-NET,2023-24,2024,30,Overall,Overall,Overall,Influenza B,12.2,0,79.51,0.08,null,null,null
Entire Network,FluSurv-NET,2023-24,2024,30,Overall,Overall,Overall,Influenza A,70.1,0.1,79.51,0.08,null,null,null
Entire Network,FluSurv-NET,2023-24,2024,30,Overall,Female,Overall,Overall,86.3,0.1,null,null,null,null,null
Entire Network,FluSurv-NET,2023-24,2024,30,Overall,Male,Overall,Overall,79,0.1,null,null,null,null,null
Entire Network,FluSurv-NET,2023-24,2024,30,Overall,Overall,American Indian/Alaska Native,Overall,126.3,0,132.53,0,null,null,null
Entire Network,FluSurv-NET,2023-24,2024,30,Overall,Overall,Asian/Pacific Islander,Overall,42.3,0.1,46.95,0.13,null,null,null
Entire Network,FluSurv-NET,2023-24,2024,30,Overall,Overall,Hispanic/Latino,Overall,65.3,0,81.16,0.02,null,null,null
Entire Network,FluSurv-NET,2023-24,2024,30,Overall,Overall,Black,Overall,138.2,0.2,149,0.2,null,null,null
Entire Network,FluSurv-NET,2023-24,2024,30,Overall,Overall,White,Overall,75.7,0.1,66.68,0.07,null,null,null
Entire Network,FluSurv-NET,2023-24,2024,30,Overall,Overall,Overall,Overall,82.7,0.1,79.51,0.08,null,null,null
Entire Network,FluSurv-NET,2023-24,2024,31,Overall,Overall,Overall,A(H1N1)pdm09,46.1341,0,null,null,null,null,null
Entire Network,FluSurv-NET,2023-24,2024,31,Overall,Overall,Overall,A(H3N2),21.8148,0,null,null,null,null,null
Entire Network,FluSurv-NET,2023-24,2024,31,Overall,Overall,Overall,Overall,82.7,0.1,79.57,0.06,null,null,null
Entire Network,FluSurv-NET,2023-24,2024,31,Overall,Overall,White,Overall,75.8,0.1,66.75,0.06,null,null,null
Entire Network,FluSurv-NET,2023-24,2024,31,Overall,Overall,Hispanic/Latino,Overall,65.3,0,81.18,0.02,null,null,null
Entire Network,FluSurv-NET,2023-24,2024,31,Overall,Overall,Asian/Pacific Islander,Overall,42.4,0.1,47.03,0.08,null,null,null
Entire Network,FluSurv-NET,2023-24,2024,31,Overall,Male,Overall,Overall,79,0.1,null,null,null,null,null
Entire Network,FluSurv-NET,2023-24,2024,31,Overall,Female,Overall,Overall,86.3,0.1,null,null,null,null,null
Entire Network,FluSurv-NET,2023-24,2024,31,Overall,Overall,Black,Overall,138.2,0,149.02,0.02,null,null,null
Entire Network,FluSurv-NET,2023-24,2024,31,Overall,Overall,American Indian/Alaska Native,Overall,126.3,0,132.53,0,null,null,null
Entire Network,FluSurv-NET,2023-24,2024,31,Overall,Overall,Overall,Influenza A,70.1,0.1,79.57,0.06,null,null,null
Entire Network,FluSurv-NET,2023-24,2024,31,Overall,Overall,Overall,Influenza B,12.2,0,79.57,0.06,null,null,null
Entire Network,FluSurv-NET,2023-24,2024,32,Overall,Overall,Overall,A(H1N1)pdm09,46.1341,0,null,null,null,null,null
Entire Network,FluSurv-NET,2023-24,2024,32,Overall,Overall,Overall,A(H3N2),21.8148,0,null,null,null,null,null
Entire Network,FluSurv-NET,2023-24,2024,32,Overall,Overall,Overall,Influenza B,12.2,0,79.67,0.1,null,null,null
Entire Network,FluSurv-NET,2023-24,2024,32,Overall,Overall,Overall,Influenza A,70.2,0.1,79.67,0.1,null,null,null
Entire Network,FluSurv-NET,2023-24,2024,32,Overall,Overall,Overall,Overall,82.9,0.1,79.67,0.1,null,null,null
Entire Network,FluSurv-NET,2023-24,2024,32,Overall,Overall,White,Overall,75.9,0.1,66.8,0.06,null,null,null
Entire Network,FluSurv-NET,2023-24,2024,32,Overall,Overall,Black,Overall,138.4,0.2,149.21,0.18,null,null,null
Entire Network,FluSurv-NET,2023-24,2024,32,Overall,Overall,Hispanic/Latino,Overall,65.4,0.1,81.42,0.24,null,null,null
Entire Network,FluSurv-NET,2023-24,2024,32,Overall,Overall,Asian/Pacific Islander,Overall,42.6,0.1,47.2,0.17,null,null,null
Entire Network,FluSurv-NET,2023-24,2024,32,Overall,Overall,American Indian/Alaska Native,Overall,126.3,0,132.53,0,null,null,null
Entire Network,FluSurv-NET,2023-24,2024,32,Overall,Male,Overall,Overall,79.2,0.1,null,null,null,null,null
Entire Network,FluSurv-NET,2023-24,2024,32,Overall,Female,Overall,Overall,86.4,0.1,null,null,null,null,null
Entire Network,FluSurv-NET,2023-24,2024,33,Overall,Female,Overall,Overall,86.5,0.1,null,null,null,null,null
Entire Network,FluSurv-NET,2023-24,2024,33,Overall,Male,Overall,Overall,79.3,0.1,null,null,null,null,null
Entire Network,FluSurv-NET,2023-24,2024,33,Overall,Overall,American Indian/Alaska Native,Overall,126.3,0,132.53,0,null,null,null
Entire Network,FluSurv-NET,2023-24,2024,33,Overall,Overall,Asian/Pacific Islander,Overall,42.9,0.3,47.55,0.35,null,null,null
Entire Network,FluSurv-NET,2023-24,2024,33,Overall,Overall,Hispanic/Latino,Overall,65.5,0,81.45,0.03,null,null,null
Entire Network,FluSurv-NET,2023-24,2024,33,Overall,Overall,Black,Overall,138.6,0.2,149.38,0.17,null,null,null
Entire Network,FluSurv-NET,2023-24,2024,33,Overall,Overall,White,Overall,76,0.1,66.86,0.06,null,null,null
Entire Network,FluSurv-NET,2023-24,2024,33,Overall,Overall,Overall,Overall,83,0.1,79.76,0.09,null,null,null
Entire Network,FluSurv-NET,2023-24,2024,33,Overall,Overall,Overall,A(H3N2),21.8148,0,null,null,null,null,null
Entire Network,FluSurv-NET,2023-24,2024,33,Overall,Overall,Overall,A(H1N1)pdm09,46.1341,0,null,null,null,null,null
Entire Network,FluSurv-NET,2023-24,2024,33,Overall,Overall,Overall,Influenza B,12.3,0,79.76,0.09,null,null,null
Entire Network,FluSurv-NET,2023-24,2024,33,Overall,Overall,Overall,Influenza A,70.3,0.1,79.76,0.09,null,null,null
Entire Network,FluSurv-NET,2023-24,2024,34,Overall,Overall,Overall,Influenza A,70.3,0,79.82,0.06,null,null,null
Entire Network,FluSurv-NET,2023-24,2024,34,Overall,Overall,Overall,Overall,83,0.1,79.82,0.06,null,null,null
Entire Network,FluSurv-NET,2023-24,2024,34,Overall,Overall,Overall,A(H3N2),21.8148,0,null,null,null,null,null
Entire Network,FluSurv-NET,2023-24,2024,34,Overall,Overall,Overall,A(H1N1)pdm09,46.1341,0,null,null,null,null,null
Entire Network,FluSurv-NET,2023-24,2024,34,Overall,Overall,Overall,Influenza B,12.3,0,79.82,0.06,null,null,null
Entire Network,FluSurv-NET,2023-24,2024,34,Overall,Overall,Asian/Pacific Islander,Overall,43,0.1,47.71,0.16,null,null,null
Entire Network,FluSurv-NET,2023-24,2024,34,Overall,Overall,Hispanic/Latino,Overall,65.5,0,81.47,0.02,null,null,null
Entire Network,FluSurv-NET,2023-24,2024,34,Overall,Overall,Black,Overall,138.6,0.1,149.48,0.1,null,null,null
Entire Network,FluSurv-NET,2023-24,2024,34,Overall,Overall,White,Overall,76,0.1,66.91,0.05,null,null,null
Entire Network,FluSurv-NET,2023-24,2024,34,Overall,Female,Overall,Overall,86.6,0.1,null,null,null,null,null
Entire Network,FluSurv-NET,2023-24,2024,34,Overall,Male,Overall,Overall,79.3,0.1,null,null,null,null,null
Entire Network,FluSurv-NET,2023-24,2024,34,Overall,Overall,American Indian/Alaska Native,Overall,126.3,0,132.53,0,null,null,null
Entire Network,FluSurv-NET,2023-24,2024,35,Overall,Overall,Overall,Overall,83.1,0.1,79.92,0.09,null,null,null
Entire Network,FluSurv-NET,2023-24,2024,35,Overall,Overall,Black,Overall,138.7,0.1,149.59,0.11,null,null,null
Entire Network,FluSurv-NET,2023-24,2024,35,Overall,Overall,White,Overall,76.1,0.1,66.98,0.07,null,null,null
Entire Network,FluSurv-NET,2023-24,2024,35,Overall,Overall,American Indian/Alaska Native,Overall,126.3,0,132.53,0,null,null,null
Entire Network,FluSurv-NET,2023-24,2024,35,Overall,Overall,Asian/Pacific Islander,Overall,43.2,0.2,47.91,0.2,null,null,null
Entire Network,FluSurv-NET,2023-24,2024,35,Overall,Overall,Hispanic/Latino,Overall,65.6,0.1,81.53,0.06,null,null,null
Entire Network,FluSurv-NET,2023-24,2024,35,Overall,Overall,Overall,A(H3N2),21.8148,0,null,null,null,null,null
Entire Network,FluSurv-NET,2023-24,2024,35,Overall,Overall,Overall,A(H1N1)pdm09,46.1341,0,null,null,null,null,null
Entire Network,FluSurv-NET,2023-24,2024,35,Overall,Overall,Overall,Influenza B,12.3,0,79.92,0.09,null,null,null
Entire Network,FluSurv-NET,2023-24,2024,35,Overall,Overall,Overall,Influenza A,70.4,0.1,79.92,0.09,null,null,null
Entire Network,FluSurv-NET,2023-24,2024,35,Overall,Male,Overall,Overall,79.4,0.1,null,null,null,null,null
Entire Network,FluSurv-NET,2023-24,2024,35,Overall,Female,Overall,Overall,86.7,0.1,null,null,null,null,null
Entire Network,FluSurv-NET,2023-24,2024,36,Overall,Overall,Overall,Influenza A,70.4,0.1,80,0.08,null,null,null
Entire Network,FluSurv-NET,2023-24,2024,36,Overall,Overall,Overall,Influenza B,12.3,0,80,0.08,null,null,null
Entire Network,FluSurv-NET,2023-24,2024,36,Overall,Overall,Overall,A(H3N2),21.8148,0,null,null,null,null,null
Entire Network,FluSurv-NET,2023-24,2024,36,Overall,Overall,Overall,A(H1N1)pdm09,46.1341,0,null,null,null,null,null
Entire Network,FluSurv-NET,2023-24,2024,36,Overall,Male,Overall,Overall,79.5,0.1,null,null,null,null,null
Entire Network,FluSurv-NET,2023-24,2024,36,Overall,Overall,American Indian/Alaska Native,Overall,126.3,0,132.53,0,null,null,null
Entire Network,FluSurv-NET,2023-24,2024,36,Overall,Overall,Asian/Pacific Islander,Overall,43.3,0.1,48.04,0.12,null,null,null
Entire Network,FluSurv-NET,2023-24,2024,36,Overall,Overall,Hispanic/Latino,Overall,65.6,0,81.59,0.06,null,null,null
Entire Network,FluSurv-NET,2023-24,2024,36,Overall,Overall,Black,Overall,138.8,0.1,149.7,0.11,null,null,null
Entire Network,FluSurv-NET,2023-24,2024,36,Overall,Overall,White,Overall,76.2,0.1,67.05,0.08,null,null,null
Entire Network,FluSurv-NET,2023-24,2024,36,Overall,Overall,Overall,Overall,83.2,0.1,80,0.08,null,null,null
Entire Network,FluSurv-NET,2023-24,2024,36,Overall,Female,Overall,Overall,86.8,0.1,null,null,null,null,null
Entire Network,FluSurv-NET,2023-24,2024,37,Overall,Female,Overall,Overall,86.9,0.1,null,null,null,null,null
Entire Network,FluSurv-NET,2023-24,2024,37,Overall,Male,Overall,Overall,79.6,0.1,null,null,null,null,null
Entire Network,FluSurv-NET,2023-24,2024,37,Overall,Overall,Overall,Overall,83.3,0.1,80.08,0.08,null,null,null
Entire Network,FluSurv-NET,2023-24,2024,37,Overall,Overall,White,Overall,76.3,0.1,67.13,0.08,null,null,null
Entire Network,FluSurv-NET,2023-24,2024,37,Overall,Overall,Black,Overall,139,0.1,149.84,0.14,null,null,null
Entire Network,FluSurv-NET,2023-24,2024,37,Overall,Overall,Hispanic/Latino,Overall,65.7,0.1,81.69,0.1,null,null,null
Entire Network,FluSurv-NET,2023-24,2024,37,Overall,Overall,Asian/Pacific Islander,Overall,43.3,0,48.04,0,null,null,null
Entire Network,FluSurv-NET,2023-24,2024,37,Overall,Overall,American Indian/Alaska Native,Overall,126.3,0,132.53,0,null,null,null
Entire Network,FluSurv-NET,2023-24,2024,37,Overall,Overall,Overall,A(H1N1)pdm09,46.1341,0,null,null,null,null,null
Entire Network,FluSurv-NET,2023-24,2024,37,Overall,Overall,Overall,A(H3N2),21.8148,0,null,null,null,null,null
Entire Network,FluSurv-NET,2023-24,2024,37,Overall,Overall,Overall,Influenza B,12.4,0,80.08,0.08,null,null,null
Entire Network,FluSurv-NET,2023-24,2024,37,Overall,Overall,Overall,Influenza A,70.5,0,80.08,0.08,null,null,null
Entire Network,FluSurv-NET,2023-24,2024,38,Overall,Overall,Black,Overall,139.2,0.2,150.1,0.26,null,null,null
Entire Network,FluSurv-NET,2023-24,2024,38,Overall,Overall,White,Overall,76.4,0.1,67.21,0.08,null,null,null
Entire Network,FluSurv-NET,2023-24,2024,38,Overall,Overall,Overall,A(H3N2),21.8148,0,null,null,null,null,null
Entire Network,FluSurv-NET,2023-24,2024,38,Overall,Overall,Overall,Overall,83.4,0.1,80.2,0.12,null,null,null
Entire Network,FluSurv-NET,2023-24,2024,38,Overall,Overall,Overall,Influenza A,70.6,0.1,80.2,0.12,null,null,null
Entire Network,FluSurv-NET,2023-24,2024,38,Overall,Overall,Overall,Influenza B,12.4,0,80.2,0.12,null,null,null
Entire Network,FluSurv-NET,2023-24,2024,38,Overall,Overall,Overall,A(H1N1)pdm09,46.1341,0,null,null,null,null,null
Entire Network,FluSurv-NET,2023-24,2024,38,Overall,Overall,Hispanic/Latino,Overall,65.8,0.1,81.8,0.12,null,null,null
Entire Network,FluSurv-NET,2023-24,2024,38,Overall,Overall,Asian/Pacific Islander,Overall,43.4,0.1,48.16,0.12,null,null,null
Entire Network,FluSurv-NET,2023-24,2024,38,Overall,Overall,American Indian/Alaska Native,Overall,126.3,0,132.53,0,null,null,null
Entire Network,FluSurv-NET,2023-24,2024,38,Overall,Male,Overall,Overall,79.7,0.1,null,null,null,null,null
Entire Network,FluSurv-NET,2023-24,2024,38,Overall,Female,Overall,Overall,87,0.1,null,null,null,null,null
Entire Network,FluSurv-NET,2023-24,2024,39,Overall,Male,Overall,Overall,79.7,0,null,null,null,null,null
Entire Network,FluSurv-NET,2023-24,2024,39,Overall,Female,Overall,Overall,87,0,null,null,null,null,null
Entire Network,FluSurv-NET,2023-24,2024,39,Overall,Overall,Black,Overall,139.2,0,150.21,0.11,null,null,null
Entire Network,FluSurv-NET,2023-24,2024,39,Overall,Overall,Hispanic/Latino,Overall,65.8,0,81.89,0.09,null,null,null
Entire Network,FluSurv-NET,2023-24,2024,39,Overall,Overall,Asian/Pacific Islander,Overall,43.4,0,48.41,0.25,null,null,null
Entire Network,FluSurv-NET,2023-24,2024,39,Overall,Overall,American Indian/Alaska Native,Overall,126.3,0,132.53,0,null,null,null
Entire Network,FluSurv-NET,2023-24,2024,39,Overall,Overall,Overall,Influenza A,70.6,0,80.32,0.12,null,null,null
Entire Network,FluSurv-NET,2023-24,2024,39,Overall,Overall,Overall,Influenza B,12.4,0,80.32,0.12,null,null,null
Entire Network,FluSurv-NET,2023-24,2024,39,Overall,Overall,Overall,A(H1N1)pdm09,46.1341,0,null,null,null,null,null
Entire Network,FluSurv-NET,2023-24,2024,39,Overall,Overall,Overall,A(H3N2),21.8148,0,null,null,null,null,null
Entire Network,FluSurv-NET,2023-24,2024,39,Overall,Overall,White,Overall,76.4,0,67.32,0.11,null,null,null
Entire Network,FluSurv-NET,2023-24,2024,39,Overall,Overall,Overall,Overall,83.4,0,80.32,0.12,null,null,null
Entire Network,FluSurv-NET,2023-24,2023,40,0-4 yr,Overall,Overall,Influenza A,0.3,0.3,0.2,0.2,null,null,null
Entire Network,FluSurv-NET,2023-24,2023,40,0-4 yr,Overall,Overall,Influenza B,0.1,0.1,0.2,0.2,null,null,null
Entire Network,FluSurv-NET,2023-24,2023,40,0-4 yr,Overall,Overall,A(H1N1)pdm09,0.261531,0.261531,null,null,null,null,null
Entire Network,FluSurv-NET,2023-24,2023,40,0-4 yr,Overall,Overall,A(H3N2),0.0844081,0.0844081,null,null,null,null,null
Entire Network,FluSurv-NET,2023-24,2023,40,0-4 yr,Overall,Overall,Overall,0.4,0.4,0.2,0.2,null,null,null
Entire Network,FluSurv-NET,2023-24,2023,41,0-4 yr,Overall,Overall,Influenza A,0.5,0.2,0.42,0.22,null,null,null
Entire Network,FluSurv-NET,2023-24,2023,41,0-4 yr,Overall,Overall,Influenza B,0.1,0.1,0.42,0.22,null,null,null
Entire Network,FluSurv-NET,2023-24,2023,41,0-4 yr,Overall,Overall,A(H1N1)pdm09,0.417592,0.156061,null,null,null,null,null
Entire Network,FluSurv-NET,2023-24,2023,41,0-4 yr,Overall,Overall,Overall,0.6,0.2,0.42,0.22,null,null,null
Entire Network,FluSurv-NET,2023-24,2023,41,0-4 yr,Overall,Overall,A(H3N2),0.160802,0.0763936,null,null,null,null,null
Entire Network,FluSurv-NET,2023-24,2023,42,0-4 yr,Overall,Overall,Influenza A,0.5,0.1,0.66,0.24,null,null,null
Entire Network,FluSurv-NET,2023-24,2023,42,0-4 yr,Overall,Overall,Influenza B,0.4,0.2,0.66,0.24,null,null,null
Entire Network,FluSurv-NET,2023-24,2023,42,0-4 yr,Overall,Overall,A(H1N1)pdm09,0.477616,0.0600235,null,null,null,null,null
Entire Network,FluSurv-NET,2023-24,2023,42,0-4 yr,Overall,Overall,A(H3N2),0.160802,0,null,null,null,null,null
Entire Network,FluSurv-NET,2023-24,2023,42,0-4 yr,Overall,Overall,Overall,0.9,0.3,0.66,0.24,null,null,null
Entire Network,FluSurv-NET,2023-24,2023,43,0-4 yr,Overall,Overall,Influenza A,0.7,0.1,0.92,0.25,null,null,null
Entire Network,FluSurv-NET,2023-24,2023,43,0-4 yr,Overall,Overall,Influenza B,0.5,0.1,0.92,0.25,null,null,null
Entire Network,FluSurv-NET,2023-24,2023,43,0-4 yr,Overall,Overall,A(H1N1)pdm09,0.597663,0.120047,null,null,null,null,null
Entire Network,FluSurv-NET,2023-24,2023,43,0-4 yr,Overall,Overall,A(H3N2),0.160802,0,null,null,null,null,null
Entire Network,FluSurv-NET,2023-24,2023,43,0-4 yr,Overall,Overall,Overall,1.1,0.2,0.92,0.25,null,null,null
Entire Network,FluSurv-NET,2023-24,2023,44,0-4 yr,Overall,Overall,Overall,2,0.8,1.35,0.43,null,null,null
Entire Network,FluSurv-NET,2023-24,2023,44,0-4 yr,Overall,Overall,A(H3N2),0.287709,0.126907,null,null,null,null,null
Entire Network,FluSurv-NET,2023-24,2023,44,0-4 yr,Overall,Overall,A(H1N1)pdm09,1.01097,0.413305,null,null,null,null,null
Entire Network,FluSurv-NET,2023-24,2023,44,0-4 yr,Overall,Overall,Influenza B,0.8,0.3,1.35,0.43,null,null,null
Entire Network,FluSurv-NET,2023-24,2023,44,0-4 yr,Overall,Overall,Influenza A,1.2,0.5,1.35,0.43,null,null,null
Entire Network,FluSurv-NET,2023-24,2023,45,0-4 yr,Overall,Overall,Influenza A,1.7,0.5,2.07,0.72,null,null,null
Entire Network,FluSurv-NET,2023-24,2023,45,0-4 yr,Overall,Overall,Influenza B,1,0.2,2.07,0.72,null,null,null
Entire Network,FluSurv-NET,2023-24,2023,45,0-4 yr,Overall,Overall,A(H1N1)pdm09,1.45257,0.441602,null,null,null,null,null
Entire Network,FluSurv-NET,2023-24,2023,45,0-4 yr,Overall,Overall,A(H3N2),0.386319,0.0986101,null,null,null,null,null
Entire Network,FluSurv-NET,2023-24,2023,45,0-4 yr,Overall,Overall,Overall,2.8,0.8,2.07,0.72,null,null,null
Entire Network,FluSurv-NET,2023-24,2023,46,0-4 yr,Overall,Overall,Influenza B,1.4,0.4,2.97,0.91,null,null,null
Entire Network,FluSurv-NET,2023-24,2023,46,0-4 yr,Overall,Overall,A(H1N1)pdm09,1.77327,0.320697,null,null,null,null,null
Entire Network,FluSurv-NET,2023-24,2023,46,0-4 yr,Overall,Overall,A(H3N2),0.465207,0.0788881,null,null,null,null,null
Entire Network,FluSurv-NET,2023-24,2023,46,0-4 yr,Overall,Overall,Overall,3.5,0.7,2.97,0.91,null,null,null
Entire Network,FluSurv-NET,2023-24,2023,46,0-4 yr,Overall,Overall,Influenza A,2.1,0.4,2.97,0.91,null,null,null
Entire Network,FluSurv-NET,2023-24,2023,47,0-4 yr,Overall,Overall,Influenza A,2.9,0.8,4.27,1.29,null,null,null
Entire Network,FluSurv-NET,2023-24,2023,47,0-4 yr,Overall,Overall,Influenza B,1.7,0.4,4.27,1.29,null,null,null
Entire Network,FluSurv-NET,2023-24,2023,47,0-4 yr,Overall,Overall,A(H1N1)pdm09,2.5167,0.743434,null,null,null,null,null
Entire Network,FluSurv-NET,2023-24,2023,47,0-4 yr,Overall,Overall,A(H3N2),0.5897,0.124493,null,null,null,null,null
Entire Network,FluSurv-NET,2023-24,2023,47,0-4 yr,Overall,Overall,Overall,4.7,1.2,4.27,1.29,null,null,null
Entire Network,FluSurv-NET,2023-24,2023,48,0-4 yr,Overall,Overall,Influenza A,4.6,1.7,6.27,2,null,null,null
Entire Network,FluSurv-NET,2023-24,2023,48,0-4 yr,Overall,Overall,Influenza B,2.3,0.6,6.27,2,null,null,null
Entire Network,FluSurv-NET,2023-24,2023,48,0-4 yr,Overall,Overall,A(H1N1)pdm09,3.98471,1.468,null,null,null,null,null
Entire Network,FluSurv-NET,2023-24,2023,48,0-4 yr,Overall,Overall,A(H3N2),0.801497,0.211797,null,null,null,null,null
Entire Network,FluSurv-NET,2023-24,2023,48,0-4 yr,Overall,Overall,Overall,7,2.3,6.27,2,null,null,null
Entire Network,FluSurv-NET,2023-24,2023,49,0-4 yr,Overall,Overall,Overall,9.2,2.2,9.04,2.77,null,null,null
Entire Network,FluSurv-NET,2023-24,2023,49,0-4 yr,Overall,Overall,A(H3N2),1.06389,0.262389,null,null,null,null,null
Entire Network,FluSurv-NET,2023-24,2023,49,0-4 yr,Overall,Overall,A(H1N1)pdm09,5.40212,1.41741,null,null,null,null,null
Entire Network,FluSurv-NET,2023-24,2023,49,0-4 yr,Overall,Overall,Influenza B,2.8,0.4,9.04,2.77,null,null,null
Entire Network,FluSurv-NET,2023-24,2023,49,0-4 yr,Overall,Overall,Influenza A,6.3,1.7,9.04,2.77,null,null,null
Entire Network,FluSurv-NET,2023-24,2023,50,0-4 yr,Overall,Overall,Influenza A,10.1,3.8,13,3.97,null,null,null
Entire Network,FluSurv-NET,2023-24,2023,50,0-4 yr,Overall,Overall,Influenza B,3.5,0.8,13,3.97,null,null,null
Entire Network,FluSurv-NET,2023-24,2023,50,0-4 yr,Overall,Overall,A(H1N1)pdm09,8.59366,3.19154,null,null,null,null,null
Entire Network,FluSurv-NET,2023-24,2023,50,0-4 yr,Overall,Overall,A(H3N2),1.71128,0.647397,null,null,null,null,null
Entire Network,FluSurv-NET,2023-24,2023,50,0-4 yr,Overall,Overall,Overall,13.8,4.6,13,3.97,null,null,null
Entire Network,FluSurv-NET,2023-24,2023,51,0-4 yr,Overall,Overall,Overall,20.3,6.5,19.43,6.43,null,null,null
Entire Network,FluSurv-NET,2023-24,2023,51,0-4 yr,Overall,Overall,A(H3N2),2.52074,0.80946,null,null,null,null,null
Entire Network,FluSurv-NET,2023-24,2023,51,0-4 yr,Overall,Overall,A(H1N1)pdm09,12.8253,4.23166,null,null,null,null,null
Entire Network,FluSurv-NET,2023-24,2023,51,0-4 yr,Overall,Overall,Influenza B,5,1.5,19.43,6.43,null,null,null
Entire Network,FluSurv-NET,2023-24,2023,51,0-4 yr,Overall,Overall,Influenza A,15,4.9,19.43,6.43,null,null,null
Entire Network,FluSurv-NET,2023-24,2023,52,0-4 yr,Overall,Overall,Influenza A,20.9,5.9,28.03,8.6,null,null,null
Entire Network,FluSurv-NET,2023-24,2023,52,0-4 yr,Overall,Overall,Influenza B,6.5,1.4,28.03,8.6,null,null,null
Entire Network,FluSurv-NET,2023-24,2023,52,0-4 yr,Overall,Overall,A(H1N1)pdm09,17.6452,4.81989,null,null,null,null,null
Entire Network,FluSurv-NET,2023-24,2023,52,0-4 yr,Overall,Overall,A(H3N2),3.58144,1.0607,null,null,null,null,null
Entire Network,FluSurv-NET,2023-24,2023,52,0-4 yr,Overall,Overall,Overall,27.7,7.4,28.03,8.6,null,null,null
Entire Network,FluSurv-NET,2023-24,2024,1,0-4 yr,Overall,Overall,Influenza A,25.6,4.7,34.73,6.7,null,null,null
Entire Network,FluSurv-NET,2023-24,2024,1,0-4 yr,Overall,Overall,Influenza B,8.7,2.2,34.73,6.7,null,null,null
Entire Network,FluSurv-NET,2023-24,2024,1,0-4 yr,Overall,Overall,A(H1N1)pdm09,21.2458,3.60055,null,null,null,null,null
Entire Network,FluSurv-NET,2023-24,2024,1,0-4 yr,Overall,Overall,A(H3N2),4.84108,1.25964,null,null,null,null,null
Entire Network,FluSurv-NET,2023-24,2024,1,0-4 yr,Overall,Overall,Overall,34.9,7.2,34.73,6.7,null,null,null
Entire Network,FluSurv-NET,2023-24,2024,2,0-4 yr,Overall,Overall,A(H1N1)pdm09,24.3687,3.12294,null,null,null,null,null
Entire Network,FluSurv-NET,2023-24,2024,2,0-4 yr,Overall,Overall,Influenza A,29.9,4.3,39.96,5.23,null,null,null
Entire Network,FluSurv-NET,2023-24,2024,2,0-4 yr,Overall,Overall,Influenza B,10.1,1.4,39.96,5.23,null,null,null
Entire Network,FluSurv-NET,2023-24,2024,2,0-4 yr,Overall,Overall,A(H3N2),6.15731,1.31623,null,null,null,null,null
Entire Network,FluSurv-NET,2023-24,2024,2,0-4 yr,Overall,Overall,Overall,40.8,5.8,39.96,5.23,null,null,null
Entire Network,FluSurv-NET,2023-24,2024,3,0-4 yr,Overall,Overall,Influenza B,11.5,1.4,44.03,4.07,null,null,null
Entire Network,FluSurv-NET,2023-24,2024,3,0-4 yr,Overall,Overall,Influenza A,33.1,3.2,44.03,4.07,null,null,null
Entire Network,FluSurv-NET,2023-24,2024,3,0-4 yr,Overall,Overall,Overall,45.4,4.7,44.03,4.07,null,null,null
Entire Network,FluSurv-NET,2023-24,2024,3,0-4 yr,Overall,Overall,A(H3N2),7.3192,1.16188,null,null,null,null,null
Entire Network,FluSurv-NET,2023-24,2024,3,0-4 yr,Overall,Overall,A(H1N1)pdm09,26.4455,2.07681,null,null,null,null,null
Entire Network,FluSurv-NET,2023-24,2024,4,0-4 yr,Overall,Overall,Overall,50.1,4.6,47.88,3.84,null,null,null
Entire Network,FluSurv-NET,2023-24,2024,4,0-4 yr,Overall,Overall,A(H3N2),8.19468,0.875486,null,null,null,null,null
Entire Network,FluSurv-NET,2023-24,2024,4,0-4 yr,Overall,Overall,A(H1N1)pdm09,28.6295,2.184,null,null,null,null,null
Entire Network,FluSurv-NET,2023-24,2024,4,0-4 yr,Overall,Overall,Influenza B,13,1.6,47.88,3.84,null,null,null
Entire Network,FluSurv-NET,2023-24,2024,4,0-4 yr,Overall,Overall,Influenza A,36.2,3.1,47.88,3.84,null,null,null
Entire Network,FluSurv-NET,2023-24,2024,5,0-4 yr,Overall,Overall,Overall,53,2.9,51.24,3.37,null,null,null
Entire Network,FluSurv-NET,2023-24,2024,5,0-4 yr,Overall,Overall,A(H3N2),9.17821,0.983529,null,null,null,null,null
Entire Network,FluSurv-NET,2023-24,2024,5,0-4 yr,Overall,Overall,A(H1N1)pdm09,29.9869,1.35739,null,null,null,null,null
Entire Network,FluSurv-NET,2023-24,2024,5,0-4 yr,Overall,Overall,Influenza B,13.6,0.6,51.24,3.37,null,null,null
Entire Network,FluSurv-NET,2023-24,2024,5,0-4 yr,Overall,Overall,Influenza A,38.5,2.3,51.24,3.37,null,null,null
Entire Network,FluSurv-NET,2023-24,2024,6,0-4 yr,Overall,Overall,A(H3N2),10.3281,1.14988,null,null,null,null,null
Entire Network,FluSurv-NET,2023-24,2024,6,0-4 yr,Overall,Overall,A(H1N1)pdm09,31.5981,1.6112,null,null,null,null,null
Entire Network,FluSurv-NET,2023-24,2024,6,0-4 yr,Overall,Overall,Influenza B,15.4,1.7,54.61,3.36,null,null,null
Entire Network,FluSurv-NET,2023-24,2024,6,0-4 yr,Overall,Overall,Influenza A,41.3,2.8,54.61,3.36,null,null,null
Entire Network,FluSurv-NET,2023-24,2024,6,0-4 yr,Overall,Overall,Overall,57.6,4.6,54.61,3.36,null,null,null
Entire Network,FluSurv-NET,2023-24,2024,7,0-4 yr,Overall,Overall,Overall,61.3,3.8,57.85,3.25,null,null,null
Entire Network,FluSurv-NET,2023-24,2024,7,0-4 yr,Overall,Overall,Influenza A,43.6,2.3,57.85,3.25,null,null,null
Entire Network,FluSurv-NET,2023-24,2024,7,0-4 yr,Overall,Overall,Influenza B,16.8,1.4,57.85,3.25,null,null,null
Entire Network,FluSurv-NET,2023-24,2024,7,0-4 yr,Overall,Overall,A(H1N1)pdm09,33.121,1.52288,null,null,null,null,null
Entire Network,FluSurv-NET,2023-24,2024,7,0-4 yr,Overall,Overall,A(H3N2),11.1444,0.81632,null,null,null,null,null
Entire Network,FluSurv-NET,2023-24,2024,8,0-4 yr,Overall,Overall,Influenza A,45.4,1.8,61.07,3.21,null,null,null
Entire Network,FluSurv-NET,2023-24,2024,8,0-4 yr,Overall,Overall,Influenza B,18.2,1.4,61.07,3.21,null,null,null
Entire Network,FluSurv-NET,2023-24,2024,8,0-4 yr,Overall,Overall,A(H1N1)pdm09,34.204,1.083,null,null,null,null,null
Entire Network,FluSurv-NET,2023-24,2024,8,0-4 yr,Overall,Overall,A(H3N2),11.8613,0.716853,null,null,null,null,null
Entire Network,FluSurv-NET,2023-24,2024,8,0-4 yr,Overall,Overall,Overall,64.5,3.2,61.07,3.21,null,null,null
Entire Network,FluSurv-NET,2023-24,2024,9,0-4 yr,Overall,Overall,Overall,68.9,4.4,64.26,3.19,null,null,null
Entire Network,FluSurv-NET,2023-24,2024,9,0-4 yr,Overall,Overall,A(H3N2),12.7779,0.916645,null,null,null,null,null
Entire Network,FluSurv-NET,2023-24,2024,9,0-4 yr,Overall,Overall,A(H1N1)pdm09,35.5065,1.30251,null,null,null,null,null
Entire Network,FluSurv-NET,2023-24,2024,9,0-4 yr,Overall,Overall,Influenza B,20.2,2,64.26,3.19,null,null,null
Entire Network,FluSurv-NET,2023-24,2024,9,0-4 yr,Overall,Overall,Influenza A,47.5,2.1,64.26,3.19,null,null,null
Entire Network,FluSurv-NET,2023-24,2024,10,0-4 yr,Overall,Overall,Influenza A,49.1,1.6,66.9,2.64,null,null,null
Entire Network,FluSurv-NET,2023-24,2024,10,0-4 yr,Overall,Overall,Influenza B,21.7,1.4,66.9,2.64,null,null,null
Entire Network,FluSurv-NET,2023-24,2024,10,0-4 yr,Overall,Overall,A(H1N1)pdm09,36.2208,0.71428,null,null,null,null,null
Entire Network,FluSurv-NET,2023-24,2024,10,0-4 yr,Overall,Overall,A(H3N2),13.62,0.842045,null,null,null,null,null
Entire Network,FluSurv-NET,2023-24,2024,10,0-4 yr,Overall,Overall,Overall,71.9,3,66.9,2.64,null,null,null
Entire Network,FluSurv-NET,2023-24,2024,11,0-4 yr,Overall,Overall,Overall,74.4,2.5,68.96,2.06,null,null,null
Entire Network,FluSurv-NET,2023-24,2024,11,0-4 yr,Overall,Overall,A(H3N2),14.107,0.487048,null,null,null,null,null
Entire Network,FluSurv-NET,2023-24,2024,11,0-4 yr,Overall,Overall,A(H1N1)pdm09,36.6915,0.470756,null,null,null,null,null
Entire Network,FluSurv-NET,2023-24,2024,11,0-4 yr,Overall,Overall,Influenza B,23.2,1.6,68.96,2.06,null,null,null
Entire Network,FluSurv-NET,2023-24,2024,11,0-4 yr,Overall,Overall,Influenza A,50.1,1,68.96,2.06,null,null,null
Entire Network,FluSurv-NET,2023-24,2024,12,0-4 yr,Overall,Overall,A(H1N1)pdm09,37.11,0.41845,null,null,null,null,null
Entire Network,FluSurv-NET,2023-24,2024,12,0-4 yr,Overall,Overall,Influenza B,24.3,1.1,70.74,1.79,null,null,null
Entire Network,FluSurv-NET,2023-24,2024,12,0-4 yr,Overall,Overall,A(H3N2),14.468,0.360999,null,null,null,null,null
Entire Network,FluSurv-NET,2023-24,2024,12,0-4 yr,Overall,Overall,Overall,76.3,1.9,70.74,1.79,null,null,null
Entire Network,FluSurv-NET,2023-24,2024,12,0-4 yr,Overall,Overall,Influenza A,50.8,0.8,70.74,1.79,null,null,null
Entire Network,FluSurv-NET,2023-24,2024,13,0-4 yr,Overall,Overall,A(H3N2),14.7441,0.276108,null,null,null,null,null
Entire Network,FluSurv-NET,2023-24,2024,13,0-4 yr,Overall,Overall,A(H1N1)pdm09,37.4341,0.324127,null,null,null,null,null
Entire Network,FluSurv-NET,2023-24,2024,13,0-4 yr,Overall,Overall,Influenza B,24.8,0.5,72.42,1.67,null,null,null
Entire Network,FluSurv-NET,2023-24,2024,13,0-4 yr,Overall,Overall,Influenza A,51.4,0.6,72.42,1.67,null,null,null
Entire Network,FluSurv-NET,2023-24,2024,13,0-4 yr,Overall,Overall,Overall,77.5,1.2,72.42,1.67,null,null,null
Entire Network,FluSurv-NET,2023-24,2024,14,0-4 yr,Overall,Overall,A(H1N1)pdm09,37.7522,0.318125,null,null,null,null,null
Entire Network,FluSurv-NET,2023-24,2024,14,0-4 yr,Overall,Overall,Influenza B,25.7,0.8,73.98,1.56,null,null,null
Entire Network,FluSurv-NET,2023-24,2024,14,0-4 yr,Overall,Overall,Overall,79.1,1.6,73.98,1.56,null,null,null
Entire Network,FluSurv-NET,2023-24,2024,14,0-4 yr,Overall,Overall,A(H3N2),15.1454,0.4013,null,null,null,null,null
Entire Network,FluSurv-NET,2023-24,2024,14,0-4 yr,Overall,Overall,Influenza A,52.2,0.7,73.98,1.56,null,null,null
Entire Network,FluSurv-NET,2023-24,2024,15,0-4 yr,Overall,Overall,Influenza B,26.8,1.1,75.21,1.23,null,null,null
Entire Network,FluSurv-NET,2023-24,2024,15,0-4 yr,Overall,Overall,A(H1N1)pdm09,37.9092,0.156919,null,null,null,null,null
Entire Network,FluSurv-NET,2023-24,2024,15,0-4 yr,Overall,Overall,A(H3N2),15.4678,0.322412,null,null,null,null,null
Entire Network,FluSurv-NET,2023-24,2024,15,0-4 yr,Overall,Overall,Overall,80.7,1.6,75.21,1.23,null,null,null
Entire Network,FluSurv-NET,2023-24,2024,15,0-4 yr,Overall,Overall,Influenza A,52.6,0.5,75.21,1.23,null,null,null
Entire Network,FluSurv-NET,2023-24,2024,16,0-4 yr,Overall,Overall,Influenza A,53.2,0.5,76.09,0.88,null,null,null
Entire Network,FluSurv-NET,2023-24,2024,16,0-4 yr,Overall,Overall,A(H1N1)pdm09,38.1733,0.264104,null,null,null,null,null
Entire Network,FluSurv-NET,2023-24,2024,16,0-4 yr,Overall,Overall,Influenza B,27.4,0.6,76.09,0.88,null,null,null
Entire Network,FluSurv-NET,2023-24,2024,16,0-4 yr,Overall,Overall,Overall,81.8,1.1,76.09,0.88,null,null,null
Entire Network,FluSurv-NET,2023-24,2024,16,0-4 yr,Overall,Overall,A(H3N2),15.683,0.215227,null,null,null,null,null
Entire Network,FluSurv-NET,2023-24,2024,17,0-4 yr,Overall,Overall,Influenza A,53.7,0.5,76.74,0.66,null,null,null
Entire Network,FluSurv-NET,2023-24,2024,17,0-4 yr,Overall,Overall,Influenza B,28,0.5,76.74,0.66,null,null,null
Entire Network,FluSurv-NET,2023-24,2024,17,0-4 yr,Overall,Overall,A(H1N1)pdm09,38.5557,0.382436,null,null,null,null,null
Entire Network,FluSurv-NET,2023-24,2024,17,0-4 yr,Overall,Overall,A(H3N2),15.8408,0.157776,null,null,null,null,null
Entire Network,FluSurv-NET,2023-24,2024,17,0-4 yr,Overall,Overall,Overall,82.9,1.1,76.74,0.66,null,null,null
Entire Network,FluSurv-NET,2023-24,2024,18,0-4 yr,Overall,Overall,Overall,83.5,0.6,77.17,0.42,null,null,null
Entire Network,FluSurv-NET,2023-24,2024,18,0-4 yr,Overall,Overall,Influenza A,54,0.3,77.17,0.42,null,null,null
Entire Network,FluSurv-NET,2023-24,2024,18,0-4 yr,Overall,Overall,Influenza B,28.3,0.3,77.17,0.42,null,null,null
Entire Network,FluSurv-NET,2023-24,2024,18,0-4 yr,Overall,Overall,A(H1N1)pdm09,38.6387,0.0830326,null,null,null,null,null
Entire Network,FluSurv-NET,2023-24,2024,18,0-4 yr,Overall,Overall,A(H3N2),15.9497,0.1089,null,null,null,null,null
Entire Network,FluSurv-NET,2023-24,2024,19,0-4 yr,Overall,Overall,A(H1N1)pdm09,38.6387,0,null,null,null,null,null
Entire Network,FluSurv-NET,2023-24,2024,19,0-4 yr,Overall,Overall,A(H3N2),15.9497,0,null,null,null,null,null
Entire Network,FluSurv-NET,2023-24,2024,19,0-4 yr,Overall,Overall,Overall,84,0.5,77.52,0.36,null,null,null
Entire Network,FluSurv-NET,2023-24,2024,19,0-4 yr,Overall,Overall,Influenza B,28.4,0.1,77.52,0.36,null,null,null
Entire Network,FluSurv-NET,2023-24,2024,19,0-4 yr,Overall,Overall,Influenza A,54.4,0.4,77.52,0.36,null,null,null
Entire Network,FluSurv-NET,2023-24,2024,20,0-4 yr,Overall,Overall,Influenza A,54.9,0.5,77.8,0.28,null,null,null
Entire Network,FluSurv-NET,2023-24,2024,20,0-4 yr,Overall,Overall,Influenza B,28.5,0.1,77.8,0.28,null,null,null
Entire Network,FluSurv-NET,2023-24,2024,20,0-4 yr,Overall,Overall,A(H1N1)pdm09,38.6387,0,null,null,null,null,null
Entire Network,FluSurv-NET,2023-24,2024,20,0-4 yr,Overall,Overall,A(H3N2),15.9497,0,null,null,null,null,null
Entire Network,FluSurv-NET,2023-24,2024,20,0-4 yr,Overall,Overall,Overall,84.6,0.6,77.8,0.28,null,null,null
Entire Network,FluSurv-NET,2023-24,2024,21,0-4 yr,Overall,Overall,Influenza A,54.9,0.1,78.05,0.25,null,null,null
Entire Network,FluSurv-NET,2023-24,2024,21,0-4 yr,Overall,Overall,Influenza B,28.6,0.1,78.05,0.25,null,null,null
Entire Network,FluSurv-NET,2023-24,2024,21,0-4 yr,Overall,Overall,Overall,84.7,0.1,78.05,0.25,null,null,null
Entire Network,FluSurv-NET,2023-24,2024,21,0-4 yr,Overall,Overall,A(H3N2),15.9497,0,null,null,null,null,null
Entire Network,FluSurv-NET,2023-24,2024,21,0-4 yr,Overall,Overall,A(H1N1)pdm09,38.6387,0,null,null,null,null,null
Entire Network,FluSurv-NET,2023-24,2024,22,0-4 yr,Overall,Overall,Influenza B,28.6,0,78.3,0.25,null,null,null
Entire Network,FluSurv-NET,2023-24,2024,22,0-4 yr,Overall,Overall,Influenza A,55,0.1,78.3,0.25,null,null,null
Entire Network,FluSurv-NET,2023-24,2024,22,0-4 yr,Overall,Overall,Overall,84.8,0.1,78.3,0.25,null,null,null
Entire Network,FluSurv-NET,2023-24,2024,22,0-4 yr,Overall,Overall,A(H3N2),15.9497,0,null,null,null,null,null
Entire Network,FluSurv-NET,2023-24,2024,22,0-4 yr,Overall,Overall,A(H1N1)pdm09,38.6387,0,null,null,null,null,null
Entire Network,FluSurv-NET,2023-24,2024,23,0-4 yr,Overall,Overall,Influenza B,28.7,0.1,78.5,0.2,null,null,null
Entire Network,FluSurv-NET,2023-24,2024,23,0-4 yr,Overall,Overall,Influenza A,55.2,0.2,78.5,0.2,null,null,null
Entire Network,FluSurv-NET,2023-24,2024,23,0-4 yr,Overall,Overall,A(H1N1)pdm09,38.6387,0,null,null,null,null,null
Entire Network,FluSurv-NET,2023-24,2024,23,0-4 yr,Overall,Overall,A(H3N2),15.9497,0,null,null,null,null,null
Entire Network,FluSurv-NET,2023-24,2024,23,0-4 yr,Overall,Overall,Overall,85.1,0.3,78.5,0.2,null,null,null
Entire Network,FluSurv-NET,2023-24,2024,24,0-4 yr,Overall,Overall,Overall,85.2,0.1,78.66,0.16,null,null,null
Entire Network,FluSurv-NET,2023-24,2024,24,0-4 yr,Overall,Overall,A(H3N2),15.9497,0,null,null,null,null,null
Entire Network,FluSurv-NET,2023-24,2024,24,0-4 yr,Overall,Overall,A(H1N1)pdm09,38.6387,0,null,null,null,null,null
Entire Network,FluSurv-NET,2023-24,2024,24,0-4 yr,Overall,Overall,Influenza A,55.3,0.1,78.66,0.16,null,null,null
Entire Network,FluSurv-NET,2023-24,2024,24,0-4 yr,Overall,Overall,Influenza B,28.7,0,78.66,0.16,null,null,null
Entire Network,FluSurv-NET,2023-24,2024,25,0-4 yr,Overall,Overall,A(H3N2),15.9497,0,null,null,null,null,null
Entire Network,FluSurv-NET,2023-24,2024,25,0-4 yr,Overall,Overall,Overall,85.4,0.2,78.87,0.21,null,null,null
Entire Network,FluSurv-NET,2023-24,2024,25,0-4 yr,Overall,Overall,Influenza B,28.8,0.1,78.87,0.21,null,null,null
Entire Network,FluSurv-NET,2023-24,2024,25,0-4 yr,Overall,Overall,A(H1N1)pdm09,38.6387,0,null,null,null,null,null
Entire Network,FluSurv-NET,2023-24,2024,25,0-4 yr,Overall,Overall,Influenza A,55.4,0.1,78.87,0.21,null,null,null
Entire Network,FluSurv-NET,2023-24,2024,26,0-4 yr,Overall,Overall,Influenza B,28.8,0,79.01,0.14,null,null,null
Entire Network,FluSurv-NET,2023-24,2024,26,0-4 yr,Overall,Overall,Influenza A,55.6,0.2,79.01,0.14,null,null,null
Entire Network,FluSurv-NET,2023-24,2024,26,0-4 yr,Overall,Overall,A(H1N1)pdm09,38.6387,0,null,null,null,null,null
Entire Network,FluSurv-NET,2023-24,2024,26,0-4 yr,Overall,Overall,A(H3N2),15.9497,0,null,null,null,null,null
Entire Network,FluSurv-NET,2023-24,2024,26,0-4 yr,Overall,Overall,Overall,85.6,0.2,79.01,0.14,null,null,null
Entire Network,FluSurv-NET,2023-24,2024,27,0-4 yr,Overall,Overall,Overall,85.8,0.2,79.16,0.15,null,null,null
Entire Network,FluSurv-NET,2023-24,2024,27,0-4 yr,Overall,Overall,A(H3N2),15.9497,0,null,null,null,null,null
Entire Network,FluSurv-NET,2023-24,2024,27,0-4 yr,Overall,Overall,A(H1N1)pdm09,38.6387,0,null,null,null,null,null
Entire Network,FluSurv-NET,2023-24,2024,27,0-4 yr,Overall,Overall,Influenza B,28.9,0.1,79.16,0.15,null,null,null
Entire Network,FluSurv-NET,2023-24,2024,27,0-4 yr,Overall,Overall,Influenza A,55.7,0.1,79.16,0.15,null,null,null
Entire Network,FluSurv-NET,2023-24,2024,28,0-4 yr,Overall,Overall,Influenza B,28.9,0,79.33,0.17,null,null,null
Entire Network,FluSurv-NET,2023-24,2024,28,0-4 yr,Overall,Overall,Influenza A,55.8,0.1,79.33,0.17,null,null,null
Entire Network,FluSurv-NET,2023-24,2024,28,0-4 yr,Overall,Overall,Overall,85.9,0.1,79.33,0.17,null,null,null
Entire Network,FluSurv-NET,2023-24,2024,28,0-4 yr,Overall,Overall,A(H3N2),15.9497,0,null,null,null,null,null
Entire Network,FluSurv-NET,2023-24,2024,28,0-4 yr,Overall,Overall,A(H1N1)pdm09,38.6387,0,null,null,null,null,null
Entire Network,FluSurv-NET,2023-24,2024,29,0-4 yr,Overall,Overall,A(H3N2),15.9497,0,null,null,null,null,null
Entire Network,FluSurv-NET,2023-24,2024,29,0-4 yr,Overall,Overall,A(H1N1)pdm09,38.6387,0,null,null,null,null,null
Entire Network,FluSurv-NET,2023-24,2024,29,0-4 yr,Overall,Overall,Influenza B,28.9,0,79.43,0.11,null,null,null
Entire Network,FluSurv-NET,2023-24,2024,29,0-4 yr,Overall,Overall,Influenza A,55.8,0,79.43,0.11,null,null,null
Entire Network,FluSurv-NET,2023-24,2024,29,0-4 yr,Overall,Overall,Overall,85.9,0,79.43,0.11,null,null,null
Entire Network,FluSurv-NET,2023-24,2024,30,0-4 yr,Overall,Overall,Overall,86.1,0.2,79.51,0.08,null,null,null
Entire Network,FluSurv-NET,2023-24,2024,30,0-4 yr,Overall,Overall,A(H3N2),15.9497,0,null,null,null,null,null
Entire Network,FluSurv-NET,2023-24,2024,30,0-4 yr,Overall,Overall,A(H1N1)pdm09,38.6387,0,null,null,null,null,null
Entire Network,FluSurv-NET,2023-24,2024,30,0-4 yr,Overall,Overall,Influenza B,28.9,0.1,79.51,0.08,null,null,null
Entire Network,FluSurv-NET,2023-24,2024,30,0-4 yr,Overall,Overall,Influenza A,55.9,0.1,79.51,0.08,null,null,null
Entire Network,FluSurv-NET,2023-24,2024,31,0-4 yr,Overall,Overall,A(H3N2),15.9497,0,null,null,null,null,null
Entire Network,FluSurv-NET,2023-24,2024,31,0-4 yr,Overall,Overall,Overall,86.1,0,79.57,0.06,null,null,null
Entire Network,FluSurv-NET,2023-24,2024,31,0-4 yr,Overall,Overall,Influenza B,28.9,0,79.57,0.06,null,null,null
Entire Network,FluSurv-NET,2023-24,2024,31,0-4 yr,Overall,Overall,A(H1N1)pdm09,38.6387,0,null,null,null,null,null
Entire Network,FluSurv-NET,2023-24,2024,31,0-4 yr,Overall,Overall,Influenza A,55.9,0,79.57,0.06,null,null,null
Entire Network,FluSurv-NET,2023-24,2024,32,0-4 yr,Overall,Overall,Overall,86.1,0.1,79.67,0.1,null,null,null
Entire Network,FluSurv-NET,2023-24,2024,32,0-4 yr,Overall,Overall,Influenza A,56,0.1,79.67,0.1,null,null,null
Entire Network,FluSurv-NET,2023-24,2024,32,0-4 yr,Overall,Overall,Influenza B,28.9,0,79.67,0.1,null,null,null
Entire Network,FluSurv-NET,2023-24,2024,32,0-4 yr,Overall,Overall,A(H1N1)pdm09,38.6387,0,null,null,null,null,null
Entire Network,FluSurv-NET,2023-24,2024,32,0-4 yr,Overall,Overall,A(H3N2),15.9497,0,null,null,null,null,null
Entire Network,FluSurv-NET,2023-24,2024,33,0-4 yr,Overall,Overall,Overall,86.2,0.1,79.76,0.09,null,null,null
Entire Network,FluSurv-NET,2023-24,2024,33,0-4 yr,Overall,Overall,A(H3N2),15.9497,0,null,null,null,null,null
Entire Network,FluSurv-NET,2023-24,2024,33,0-4 yr,Overall,Overall,A(H1N1)pdm09,38.6387,0,null,null,null,null,null
Entire Network,FluSurv-NET,2023-24,2024,33,0-4 yr,Overall,Overall,Influenza B,28.9,0,79.76,0.09,null,null,null
Entire Network,FluSurv-NET,2023-24,2024,33,0-4 yr,Overall,Overall,Influenza A,56.1,0.1,79.76,0.09,null,null,null
Entire Network,FluSurv-NET,2023-24,2024,34,0-4 yr,Overall,Overall,A(H3N2),15.9497,0,null,null,null,null,null
Entire Network,FluSurv-NET,2023-24,2024,34,0-4 yr,Overall,Overall,A(H1N1)pdm09,38.6387,0,null,null,null,null,null
Entire Network,FluSurv-NET,2023-24,2024,34,0-4 yr,Overall,Overall,Influenza B,28.9,0,79.82,0.06,null,null,null
Entire Network,FluSurv-NET,2023-24,2024,34,0-4 yr,Overall,Overall,Influenza A,56.1,0,79.82,0.06,null,null,null
Entire Network,FluSurv-NET,2023-24,2024,34,0-4 yr,Overall,Overall,Overall,86.2,0,79.82,0.06,null,null,null
Entire Network,FluSurv-NET,2023-24,2024,35,0-4 yr,Overall,Overall,A(H3N2),15.9497,0,null,null,null,null,null
Entire Network,FluSurv-NET,2023-24,2024,35,0-4 yr,Overall,Overall,A(H1N1)pdm09,38.6387,0,null,null,null,null,null
Entire Network,FluSurv-NET,2023-24,2024,35,0-4 yr,Overall,Overall,Influenza B,29,0.1,79.92,0.09,null,null,null
Entire Network,FluSurv-NET,2023-24,2024,35,0-4 yr,Overall,Overall,Influenza A,56.2,0.2,79.92,0.09,null,null,null
Entire Network,FluSurv-NET,2023-24,2024,35,0-4 yr,Overall,Overall,Overall,86.4,0.2,79.92,0.09,null,null,null
Entire Network,FluSurv-NET,2023-24,2024,36,0-4 yr,Overall,Overall,A(H3N2),15.9497,0,null,null,null,null,null
Entire Network,FluSurv-NET,2023-24,2024,36,0-4 yr,Overall,Overall,A(H1N1)pdm09,38.6387,0,null,null,null,null,null
Entire Network,FluSurv-NET,2023-24,2024,36,0-4 yr,Overall,Overall,Influenza B,29.1,0.1,80,0.08,null,null,null
Entire Network,FluSurv-NET,2023-24,2024,36,0-4 yr,Overall,Overall,Influenza A,56.4,0.1,80,0.08,null,null,null
Entire Network,FluSurv-NET,2023-24,2024,36,0-4 yr,Overall,Overall,Overall,86.6,0.2,80,0.08,null,null,null
Entire Network,FluSurv-NET,2023-24,2024,37,0-4 yr,Overall,Overall,Overall,86.6,0,80.08,0.08,null,null,null
Entire Network,FluSurv-NET,2023-24,2024,37,0-4 yr,Overall,Overall,Influenza A,56.4,0,80.08,0.08,null,null,null
Entire Network,FluSurv-NET,2023-24,2024,37,0-4 yr,Overall,Overall,Influenza B,29.1,0,80.08,0.08,null,null,null
Entire Network,FluSurv-NET,2023-24,2024,37,0-4 yr,Overall,Overall,A(H1N1)pdm09,38.6387,0,null,null,null,null,null
Entire Network,FluSurv-NET,2023-24,2024,37,0-4 yr,Overall,Overall,A(H3N2),15.9497,0,null,null,null,null,null
Entire Network,FluSurv-NET,2023-24,2024,38,0-4 yr,Overall,Overall,A(H1N1)pdm09,38.6387,0,null,null,null,null,null
Entire Network,FluSurv-NET,2023-24,2024,38,0-4 yr,Overall,Overall,A(H3N2),15.9497,0,null,null,null,null,null
Entire Network,FluSurv-NET,2023-24,2024,38,0-4 yr,Overall,Overall,Overall,86.8,0.2,80.2,0.12,null,null,null
Entire Network,FluSurv-NET,2023-24,2024,38,0-4 yr,Overall,Overall,Influenza A,56.4,0.1,80.2,0.12,null,null,null
Entire Network,FluSurv-NET,2023-24,2024,38,0-4 yr,Overall,Overall,Influenza B,29.2,0.1,80.2,0.12,null,null,null
Entire Network,FluSurv-NET,2023-24,2024,39,0-4 yr,Overall,Overall,A(H1N1)pdm09,38.6387,0,null,null,null,null,null
Entire Network,FluSurv-NET,2023-24,2024,39,0-4 yr,Overall,Overall,A(H3N2),15.9497,0,null,null,null,null,null
Entire Network,FluSurv-NET,2023-24,2024,39,0-4 yr,Overall,Overall,Overall,86.8,0,80.32,0.12,null,null,null
Entire Network,FluSurv-NET,2023-24,2024,39,0-4 yr,Overall,Overall,Influenza B,29.2,0,80.32,0.12,null,null,null
Entire Network,FluSurv-NET,2023-24,2024,39,0-4 yr,Overall,Overall,Influenza A,56.4,0,80.32,0.12,null,null,null
Entire Network,FluSurv-NET,2023-24,2023,40,5-17 yr,Overall,Overall,Influenza A,0.1,0.1,0.2,0.2,null,null,null
Entire Network,FluSurv-NET,2023-24,2023,40,5-17 yr,Overall,Overall,Influenza B,0,0,0.2,0.2,null,null,null
Entire Network,FluSurv-NET,2023-24,2023,40,5-17 yr,Overall,Overall,A(H1N1)pdm09,0.0496536,0.0496536,null,null,null,null,null
Entire Network,FluSurv-NET,2023-24,2023,40,5-17 yr,Overall,Overall,A(H3N2),0.02279,0.02279,null,null,null,null,null
Entire Network,FluSurv-NET,2023-24,2023,40,5-17 yr,Overall,Overall,Overall,0.1,0.1,0.2,0.2,null,null,null
Entire Network,FluSurv-NET,2023-24,2023,41,5-17 yr,Overall,Overall,Influenza A,0.1,0.1,0.42,0.22,null,null,null
Entire Network,FluSurv-NET,2023-24,2023,41,5-17 yr,Overall,Overall,Influenza B,0,0,0.42,0.22,null,null,null
Entire Network,FluSurv-NET,2023-24,2023,41,5-17 yr,Overall,Overall,A(H1N1)pdm09,0.0907868,0.0411332,null,null,null,null,null
Entire Network,FluSurv-NET,2023-24,2023,41,5-17 yr,Overall,Overall,A(H3N2),0.0433566,0.0205666,null,null,null,null,null
Entire Network,FluSurv-NET,2023-24,2023,41,5-17 yr,Overall,Overall,Overall,0.1,0.1,0.42,0.22,null,null,null
Entire Network,FluSurv-NET,2023-24,2023,42,5-17 yr,Overall,Overall,A(H1N1)pdm09,0.143672,0.0528855,null,null,null,null,null
Entire Network,FluSurv-NET,2023-24,2023,42,5-17 yr,Overall,Overall,A(H3N2),0.0670873,0.0237307,null,null,null,null,null
Entire Network,FluSurv-NET,2023-24,2023,42,5-17 yr,Overall,Overall,Overall,0.2,0.1,0.66,0.24,null,null,null
Entire Network,FluSurv-NET,2023-24,2023,42,5-17 yr,Overall,Overall,Influenza A,0.2,0.1,0.66,0.24,null,null,null
Entire Network,FluSurv-NET,2023-24,2023,42,5-17 yr,Overall,Overall,Influenza B,0,0,0.66,0.24,null,null,null
Entire Network,FluSurv-NET,2023-24,2023,43,5-17 yr,Overall,Overall,Influenza A,0.4,0.2,0.92,0.25,null,null,null
Entire Network,FluSurv-NET,2023-24,2023,43,5-17 yr,Overall,Overall,Influenza B,0.1,0,0.92,0.25,null,null,null
Entire Network,FluSurv-NET,2023-24,2023,43,5-17 yr,Overall,Overall,A(H3N2),0.0909711,0.0238838,null,null,null,null,null
Entire Network,FluSurv-NET,2023-24,2023,43,5-17 yr,Overall,Overall,A(H1N1)pdm09,0.318195,0.174522,null,null,null,null,null
Entire Network,FluSurv-NET,2023-24,2023,43,5-17 yr,Overall,Overall,Overall,0.4,0.2,0.92,0.25,null,null,null
Entire Network,FluSurv-NET,2023-24,2023,44,5-17 yr,Overall,Overall,Overall,0.6,0.2,1.35,0.43,null,null,null
Entire Network,FluSurv-NET,2023-24,2023,44,5-17 yr,Overall,Overall,A(H3N2),0.124759,0.033788,null,null,null,null,null
Entire Network,FluSurv-NET,2023-24,2023,44,5-17 yr,Overall,Overall,A(H1N1)pdm09,0.428373,0.110178,null,null,null,null,null
Entire Network,FluSurv-NET,2023-24,2023,44,5-17 yr,Overall,Overall,Influenza B,0.1,0.1,1.35,0.43,null,null,null
Entire Network,FluSurv-NET,2023-24,2023,44,5-17 yr,Overall,Overall,Influenza A,0.5,0.1,1.35,0.43,null,null,null
Entire Network,FluSurv-NET,2023-24,2023,45,5-17 yr,Overall,Overall,Influenza A,0.8,0.3,2.07,0.72,null,null,null
Entire Network,FluSurv-NET,2023-24,2023,45,5-17 yr,Overall,Overall,Influenza B,0.4,0.2,2.07,0.72,null,null,null
Entire Network,FluSurv-NET,2023-24,2023,45,5-17 yr,Overall,Overall,A(H3N2),0.161436,0.0366771,null,null,null,null,null
Entire Network,FluSurv-NET,2023-24,2023,45,5-17 yr,Overall,Overall,Overall,1.2,0.6,2.07,0.72,null,null,null
Entire Network,FluSurv-NET,2023-24,2023,45,5-17 yr,Overall,Overall,A(H1N1)pdm09,0.725707,0.297334,null,null,null,null,null
Entire Network,FluSurv-NET,2023-24,2023,46,5-17 yr,Overall,Overall,A(H1N1)pdm09,1.15966,0.433955,null,null,null,null,null
Entire Network,FluSurv-NET,2023-24,2023,46,5-17 yr,Overall,Overall,A(H3N2),0.261919,0.100482,null,null,null,null,null
Entire Network,FluSurv-NET,2023-24,2023,46,5-17 yr,Overall,Overall,Overall,2,0.7,2.97,0.91,null,null,null
Entire Network,FluSurv-NET,2023-24,2023,46,5-17 yr,Overall,Overall,Influenza A,1.4,0.5,2.97,0.91,null,null,null
Entire Network,FluSurv-NET,2023-24,2023,46,5-17 yr,Overall,Overall,Influenza B,0.6,0.2,2.97,0.91,null,null,null
Entire Network,FluSurv-NET,2023-24,2023,47,5-17 yr,Overall,Overall,Influenza A,1.8,0.5,4.27,1.29,null,null,null
Entire Network,FluSurv-NET,2023-24,2023,47,5-17 yr,Overall,Overall,Influenza B,0.7,0.2,4.27,1.29,null,null,null
Entire Network,FluSurv-NET,2023-24,2023,47,5-17 yr,Overall,Overall,Overall,2.6,0.6,4.27,1.29,null,null,null
Entire Network,FluSurv-NET,2023-24,2023,47,5-17 yr,Overall,Overall,A(H1N1)pdm09,1.55954,0.399873,null,null,null,null,null
Entire Network,FluSurv-NET,2023-24,2023,47,5-17 yr,Overall,Overall,A(H3N2),0.316057,0.0541385,null,null,null,null,null
Entire Network,FluSurv-NET,2023-24,2023,48,5-17 yr,Overall,Overall,Overall,3.5,0.9,6.27,2,null,null,null
Entire Network,FluSurv-NET,2023-24,2023,48,5-17 yr,Overall,Overall,A(H3N2),0.410663,0.0946063,null,null,null,null,null
Entire Network,FluSurv-NET,2023-24,2023,48,5-17 yr,Overall,Overall,A(H1N1)pdm09,2.12306,0.563525,null,null,null,null,null
Entire Network,FluSurv-NET,2023-24,2023,48,5-17 yr,Overall,Overall,Influenza A,2.5,0.7,6.27,2,null,null,null
Entire Network,FluSurv-NET,2023-24,2023,48,5-17 yr,Overall,Overall,Influenza B,1,0.2,6.27,2,null,null,null
Entire Network,FluSurv-NET,2023-24,2023,49,5-17 yr,Overall,Overall,Influenza B,1.2,0.3,9.04,2.77,null,null,null
Entire Network,FluSurv-NET,2023-24,2023,49,5-17 yr,Overall,Overall,Influenza A,3.5,1,9.04,2.77,null,null,null
Entire Network,FluSurv-NET,2023-24,2023,49,5-17 yr,Overall,Overall,A(H1N1)pdm09,2.92339,0.800334,null,null,null,null,null
Entire Network,FluSurv-NET,2023-24,2023,49,5-17 yr,Overall,Overall,Overall,4.8,1.3,9.04,2.77,null,null,null
Entire Network,FluSurv-NET,2023-24,2023,49,5-17 yr,Overall,Overall,A(H3N2),0.596644,0.185981,null,null,null,null,null
Entire Network,FluSurv-NET,2023-24,2023,50,5-17 yr,Overall,Overall,A(H1N1)pdm09,3.90148,0.978088,null,null,null,null,null
Entire Network,FluSurv-NET,2023-24,2023,50,5-17 yr,Overall,Overall,A(H3N2),0.749718,0.153074,null,null,null,null,null
Entire Network,FluSurv-NET,2023-24,2023,50,5-17 yr,Overall,Overall,Overall,6.5,1.7,13,3.97,null,null,null
Entire Network,FluSurv-NET,2023-24,2023,50,5-17 yr,Overall,Overall,Influenza A,4.6,1.1,13,3.97,null,null,null
Entire Network,FluSurv-NET,2023-24,2023,50,5-17 yr,Overall,Overall,Influenza B,1.8,0.6,13,3.97,null,null,null
Entire Network,FluSurv-NET,2023-24,2023,51,5-17 yr,Overall,Overall,Influenza B,2.4,0.6,19.43,6.43,null,null,null
Entire Network,FluSurv-NET,2023-24,2023,51,5-17 yr,Overall,Overall,Influenza A,6.7,2.1,19.43,6.43,null,null,null
Entire Network,FluSurv-NET,2023-24,2023,51,5-17 yr,Overall,Overall,A(H3N2),1.11551,0.365792,null,null,null,null,null
Entire Network,FluSurv-NET,2023-24,2023,51,5-17 yr,Overall,Overall,A(H1N1)pdm09,5.63319,1.73171,null,null,null,null,null
Entire Network,FluSurv-NET,2023-24,2023,51,5-17 yr,Overall,Overall,Overall,9.2,2.7,19.43,6.43,null,null,null
Entire Network,FluSurv-NET,2023-24,2023,52,5-17 yr,Overall,Overall,A(H1N1)pdm09,7.05963,1.42644,null,null,null,null,null
Entire Network,FluSurv-NET,2023-24,2023,52,5-17 yr,Overall,Overall,Overall,11.4,2.2,28.03,8.6,null,null,null
Entire Network,FluSurv-NET,2023-24,2023,52,5-17 yr,Overall,Overall,A(H3N2),1.41608,0.300566,null,null,null,null,null
Entire Network,FluSurv-NET,2023-24,2023,52,5-17 yr,Overall,Overall,Influenza A,8.4,1.7,28.03,8.6,null,null,null
Entire Network,FluSurv-NET,2023-24,2023,52,5-17 yr,Overall,Overall,Influenza B,2.9,0.5,28.03,8.6,null,null,null
Entire Network,FluSurv-NET,2023-24,2024,1,5-17 yr,Overall,Overall,Overall,13.2,1.8,34.73,6.7,null,null,null
Entire Network,FluSurv-NET,2023-24,2024,1,5-17 yr,Overall,Overall,A(H1N1)pdm09,8.10794,1.04831,null,null,null,null,null
Entire Network,FluSurv-NET,2023-24,2024,1,5-17 yr,Overall,Overall,A(H3N2),1.70371,0.287638,null,null,null,null,null
Entire Network,FluSurv-NET,2023-24,2024,1,5-17 yr,Overall,Overall,Influenza A,9.7,1.3,34.73,6.7,null,null,null
Entire Network,FluSurv-NET,2023-24,2024,1,5-17 yr,Overall,Overall,Influenza B,3.3,0.5,34.73,6.7,null,null,null
Entire Network,FluSurv-NET,2023-24,2024,2,5-17 yr,Overall,Overall,A(H1N1)pdm09,9.14156,1.03362,null,null,null,null,null
Entire Network,FluSurv-NET,2023-24,2024,2,5-17 yr,Overall,Overall,A(H3N2),1.94493,0.241217,null,null,null,null,null
Entire Network,FluSurv-NET,2023-24,2024,2,5-17 yr,Overall,Overall,Overall,15,1.7,39.96,5.23,null,null,null
Entire Network,FluSurv-NET,2023-24,2024,2,5-17 yr,Overall,Overall,Influenza B,3.8,0.5,39.96,5.23,null,null,null
Entire Network,FluSurv-NET,2023-24,2024,2,5-17 yr,Overall,Overall,Influenza A,11,1.2,39.96,5.23,null,null,null
Entire Network,FluSurv-NET,2023-24,2024,3,5-17 yr,Overall,Overall,Influenza B,4.2,0.4,44.03,4.07,null,null,null
Entire Network,FluSurv-NET,2023-24,2024,3,5-17 yr,Overall,Overall,Influenza A,11.9,0.9,44.03,4.07,null,null,null
Entire Network,FluSurv-NET,2023-24,2024,3,5-17 yr,Overall,Overall,A(H3N2),2.1741,0.229171,null,null,null,null,null
Entire Network,FluSurv-NET,2023-24,2024,3,5-17 yr,Overall,Overall,Overall,16.4,1.4,44.03,4.07,null,null,null
Entire Network,FluSurv-NET,2023-24,2024,3,5-17 yr,Overall,Overall,A(H1N1)pdm09,9.87872,0.737165,null,null,null,null,null
Entire Network,FluSurv-NET,2023-24,2024,4,5-17 yr,Overall,Overall,A(H3N2),2.55811,0.384008,null,null,null,null,null
Entire Network,FluSurv-NET,2023-24,2024,4,5-17 yr,Overall,Overall,A(H1N1)pdm09,10.6459,0.767134,null,null,null,null,null
Entire Network,FluSurv-NET,2023-24,2024,4,5-17 yr,Overall,Overall,Overall,18.2,1.9,47.88,3.84,null,null,null
Entire Network,FluSurv-NET,2023-24,2024,4,5-17 yr,Overall,Overall,Influenza B,4.9,0.7,47.88,3.84,null,null,null
Entire Network,FluSurv-NET,2023-24,2024,4,5-17 yr,Overall,Overall,Influenza A,13.1,1.2,47.88,3.84,null,null,null
Entire Network,FluSurv-NET,2023-24,2024,5,5-17 yr,Overall,Overall,Influenza B,5.6,0.7,51.24,3.37,null,null,null
Entire Network,FluSurv-NET,2023-24,2024,5,5-17 yr,Overall,Overall,Influenza A,14.2,1.2,51.24,3.37,null,null,null
Entire Network,FluSurv-NET,2023-24,2024,5,5-17 yr,Overall,Overall,A(H3N2),3.00059,0.442476,null,null,null,null,null
Entire Network,FluSurv-NET,2023-24,2024,5,5-17 yr,Overall,Overall,A(H1N1)pdm09,11.3954,0.749505,null,null,null,null,null
Entire Network,FluSurv-NET,2023-24,2024,5,5-17 yr,Overall,Overall,Overall,20.1,1.9,51.24,3.37,null,null,null
Entire Network,FluSurv-NET,2023-24,2024,6,5-17 yr,Overall,Overall,A(H1N1)pdm09,11.985,0.589674,null,null,null,null,null
Entire Network,FluSurv-NET,2023-24,2024,6,5-17 yr,Overall,Overall,Overall,21.8,1.7,54.61,3.36,null,null,null
Entire Network,FluSurv-NET,2023-24,2024,6,5-17 yr,Overall,Overall,A(H3N2),3.33582,0.335235,null,null,null,null,null
Entire Network,FluSurv-NET,2023-24,2024,6,5-17 yr,Overall,Overall,Influenza B,6.3,0.7,54.61,3.36,null,null,null
Entire Network,FluSurv-NET,2023-24,2024,6,5-17 yr,Overall,Overall,Influenza A,15.1,0.9,54.61,3.36,null,null,null
Entire Network,FluSurv-NET,2023-24,2024,7,5-17 yr,Overall,Overall,Influenza A,16.1,1,57.85,3.25,null,null,null
Entire Network,FluSurv-NET,2023-24,2024,7,5-17 yr,Overall,Overall,Influenza B,7,0.7,57.85,3.25,null,null,null
Entire Network,FluSurv-NET,2023-24,2024,7,5-17 yr,Overall,Overall,A(H1N1)pdm09,12.563,0.577921,null,null,null,null,null
Entire Network,FluSurv-NET,2023-24,2024,7,5-17 yr,Overall,Overall,Overall,23.5,1.7,57.85,3.25,null,null,null
Entire Network,FluSurv-NET,2023-24,2024,7,5-17 yr,Overall,Overall,A(H3N2),3.76507,0.429254,null,null,null,null,null
Entire Network,FluSurv-NET,2023-24,2024,8,5-17 yr,Overall,Overall,Influenza A,17,0.9,61.07,3.21,null,null,null
Entire Network,FluSurv-NET,2023-24,2024,8,5-17 yr,Overall,Overall,Influenza B,7.9,0.8,61.07,3.21,null,null,null
Entire Network,FluSurv-NET,2023-24,2024,8,5-17 yr,Overall,Overall,A(H1N1)pdm09,13.1347,0.571751,null,null,null,null,null
Entire Network,FluSurv-NET,2023-24,2024,8,5-17 yr,Overall,Overall,A(H3N2),4.09737,0.332297,null,null,null,null,null
Entire Network,FluSurv-NET,2023-24,2024,8,5-17 yr,Overall,Overall,Overall,25.2,1.7,61.07,3.21,null,null,null
Entire Network,FluSurv-NET,2023-24,2024,9,5-17 yr,Overall,Overall,Influenza B,8.7,0.8,64.26,3.19,null,null,null
Entire Network,FluSurv-NET,2023-24,2024,9,5-17 yr,Overall,Overall,Influenza A,17.7,0.7,64.26,3.19,null,null,null
Entire Network,FluSurv-NET,2023-24,2024,9,5-17 yr,Overall,Overall,A(H3N2),4.39206,0.29469,null,null,null,null,null
Entire Network,FluSurv-NET,2023-24,2024,9,5-17 yr,Overall,Overall,A(H1N1)pdm09,13.5596,0.424847,null,null,null,null,null
Entire Network,FluSurv-NET,2023-24,2024,9,5-17 yr,Overall,Overall,Overall,26.7,1.5,64.26,3.19,null,null,null
Entire Network,FluSurv-NET,2023-24,2024,10,5-17 yr,Overall,Overall,Overall,28.4,1.6,66.9,2.64,null,null,null
Entire Network,FluSurv-NET,2023-24,2024,10,5-17 yr,Overall,Overall,A(H1N1)pdm09,13.903,0.343462,null,null,null,null,null
Entire Network,FluSurv-NET,2023-24,2024,10,5-17 yr,Overall,Overall,A(H3N2),4.76608,0.374018,null,null,null,null,null
Entire Network,FluSurv-NET,2023-24,2024,10,5-17 yr,Overall,Overall,Influenza A,18.4,0.7,66.9,2.64,null,null,null
Entire Network,FluSurv-NET,2023-24,2024,10,5-17 yr,Overall,Overall,Influenza B,9.5,0.9,66.9,2.64,null,null,null
Entire Network,FluSurv-NET,2023-24,2024,11,5-17 yr,Overall,Overall,Influenza B,10.1,0.6,68.96,2.06,null,null,null
Entire Network,FluSurv-NET,2023-24,2024,11,5-17 yr,Overall,Overall,Influenza A,19,0.5,68.96,2.06,null,null,null
Entire Network,FluSurv-NET,2023-24,2024,11,5-17 yr,Overall,Overall,Overall,29.5,1.1,68.96,2.06,null,null,null
Entire Network,FluSurv-NET,2023-24,2024,11,5-17 yr,Overall,Overall,A(H3N2),5.12071,0.354627,null,null,null,null,null
Entire Network,FluSurv-NET,2023-24,2024,11,5-17 yr,Overall,Overall,A(H1N1)pdm09,14.1022,0.199202,null,null,null,null,null
Entire Network,FluSurv-NET,2023-24,2024,12,5-17 yr,Overall,Overall,A(H1N1)pdm09,14.3781,0.275886,null,null,null,null,null
Entire Network,FluSurv-NET,2023-24,2024,12,5-17 yr,Overall,Overall,Influenza B,10.8,0.7,70.74,1.79,null,null,null
Entire Network,FluSurv-NET,2023-24,2024,12,5-17 yr,Overall,Overall,Influenza A,19.5,0.5,70.74,1.79,null,null,null
Entire Network,FluSurv-NET,2023-24,2024,12,5-17 yr,Overall,Overall,Overall,30.7,1.2,70.74,1.79,null,null,null
Entire Network,FluSurv-NET,2023-24,2024,12,5-17 yr,Overall,Overall,A(H3N2),5.31785,0.197145,null,null,null,null,null
Entire Network,FluSurv-NET,2023-24,2024,13,5-17 yr,Overall,Overall,Influenza B,11.2,0.4,72.42,1.67,null,null,null
Entire Network,FluSurv-NET,2023-24,2024,13,5-17 yr,Overall,Overall,Influenza A,19.8,0.3,72.42,1.67,null,null,null
Entire Network,FluSurv-NET,2023-24,2024,13,5-17 yr,Overall,Overall,Overall,31.4,0.7,72.42,1.67,null,null,null
Entire Network,FluSurv-NET,2023-24,2024,13,5-17 yr,Overall,Overall,A(H3N2),5.52822,0.210367,null,null,null,null,null
Entire Network,FluSurv-NET,2023-24,2024,13,5-17 yr,Overall,Overall,A(H1N1)pdm09,14.4756,0.0975444,null,null,null,null,null
Entire Network,FluSurv-NET,2023-24,2024,14,5-17 yr,Overall,Overall,Overall,32.1,0.7,73.98,1.56,null,null,null
Entire Network,FluSurv-NET,2023-24,2024,14,5-17 yr,Overall,Overall,A(H3N2),5.65632,0.1281,null,null,null,null,null
Entire Network,FluSurv-NET,2023-24,2024,14,5-17 yr,Overall,Overall,A(H1N1)pdm09,14.5326,0.0569988,null,null,null,null,null
Entire Network,FluSurv-NET,2023-24,2024,14,5-17 yr,Overall,Overall,Influenza A,19.9,0.2,73.98,1.56,null,null,null
Entire Network,FluSurv-NET,2023-24,2024,14,5-17 yr,Overall,Overall,Influenza B,11.7,0.6,73.98,1.56,null,null,null
Entire Network,FluSurv-NET,2023-24,2024,15,5-17 yr,Overall,Overall,Influenza B,12,0.2,75.21,1.23,null,null,null
Entire Network,FluSurv-NET,2023-24,2024,15,5-17 yr,Overall,Overall,Influenza A,20.1,0.2,75.21,1.23,null,null,null
Entire Network,FluSurv-NET,2023-24,2024,15,5-17 yr,Overall,Overall,A(H1N1)pdm09,14.6228,0.0901992,null,null,null,null,null
Entire Network,FluSurv-NET,2023-24,2024,15,5-17 yr,Overall,Overall,A(H3N2),5.73007,0.0737459,null,null,null,null,null
Entire Network,FluSurv-NET,2023-24,2024,15,5-17 yr,Overall,Overall,Overall,32.5,0.4,75.21,1.23,null,null,null
Entire Network,FluSurv-NET,2023-24,2024,16,5-17 yr,Overall,Overall,Influenza B,12.2,0.2,76.09,0.88,null,null,null
Entire Network,FluSurv-NET,2023-24,2024,16,5-17 yr,Overall,Overall,Overall,32.8,0.3,76.09,0.88,null,null,null
Entire Network,FluSurv-NET,2023-24,2024,16,5-17 yr,Overall,Overall,A(H3N2),5.80793,0.0778592,null,null,null,null,null
Entire Network,FluSurv-NET,2023-24,2024,16,5-17 yr,Overall,Overall,A(H1N1)pdm09,14.689,0.0661069,null,null,null,null,null
Entire Network,FluSurv-NET,2023-24,2024,16,5-17 yr,Overall,Overall,Influenza A,20.3,0.1,76.09,0.88,null,null,null
Entire Network,FluSurv-NET,2023-24,2024,17,5-17 yr,Overall,Overall,Influenza A,20.4,0.1,76.74,0.66,null,null,null
Entire Network,FluSurv-NET,2023-24,2024,17,5-17 yr,Overall,Overall,Influenza B,12.3,0.1,76.74,0.66,null,null,null
Entire Network,FluSurv-NET,2023-24,2024,17,5-17 yr,Overall,Overall,A(H1N1)pdm09,14.7533,0.0643441,null,null,null,null,null
Entire Network,FluSurv-NET,2023-24,2024,17,5-17 yr,Overall,Overall,A(H3N2),5.86698,0.0590555,null,null,null,null,null
Entire Network,FluSurv-NET,2023-24,2024,17,5-17 yr,Overall,Overall,Overall,33.1,0.2,76.74,0.66,null,null,null
Entire Network,FluSurv-NET,2023-24,2024,18,5-17 yr,Overall,Overall,A(H1N1)pdm09,14.7533,0,null,null,null,null,null
Entire Network,FluSurv-NET,2023-24,2024,18,5-17 yr,Overall,Overall,A(H3N2),5.86698,0,null,null,null,null,null
Entire Network,FluSurv-NET,2023-24,2024,18,5-17 yr,Overall,Overall,Overall,33.1,0.1,77.17,0.42,null,null,null
Entire Network,FluSurv-NET,2023-24,2024,18,5-17 yr,Overall,Overall,Influenza A,20.4,0,77.17,0.42,null,null,null
Entire Network,FluSurv-NET,2023-24,2024,18,5-17 yr,Overall,Overall,Influenza B,12.3,0,77.17,0.42,null,null,null
Entire Network,FluSurv-NET,2023-24,2024,19,5-17 yr,Overall,Overall,Influenza B,12.4,0.1,77.52,0.36,null,null,null
Entire Network,FluSurv-NET,2023-24,2024,19,5-17 yr,Overall,Overall,A(H1N1)pdm09,14.7533,0,null,null,null,null,null
Entire Network,FluSurv-NET,2023-24,2024,19,5-17 yr,Overall,Overall,Overall,33.4,0.2,77.52,0.36,null,null,null
Entire Network,FluSurv-NET,2023-24,2024,19,5-17 yr,Overall,Overall,A(H3N2),5.86698,0,null,null,null,null,null
Entire Network,FluSurv-NET,2023-24,2024,19,5-17 yr,Overall,Overall,Influenza A,20.5,0.1,77.52,0.36,null,null,null
Entire Network,FluSurv-NET,2023-24,2024,20,5-17 yr,Overall,Overall,Influenza B,12.6,0.1,77.8,0.28,null,null,null
Entire Network,FluSurv-NET,2023-24,2024,20,5-17 yr,Overall,Overall,Influenza A,20.5,0,77.8,0.28,null,null,null
Entire Network,FluSurv-NET,2023-24,2024,20,5-17 yr,Overall,Overall,A(H1N1)pdm09,14.7533,0,null,null,null,null,null
Entire Network,FluSurv-NET,2023-24,2024,20,5-17 yr,Overall,Overall,A(H3N2),5.86698,0,null,null,null,null,null
Entire Network,FluSurv-NET,2023-24,2024,20,5-17 yr,Overall,Overall,Overall,33.5,0.2,77.8,0.28,null,null,null
Entire Network,FluSurv-NET,2023-24,2024,21,5-17 yr,Overall,Overall,Influenza A,20.6,0.1,78.05,0.25,null,null,null
Entire Network,FluSurv-NET,2023-24,2024,21,5-17 yr,Overall,Overall,Influenza B,12.6,0,78.05,0.25,null,null,null
Entire Network,FluSurv-NET,2023-24,2024,21,5-17 yr,Overall,Overall,A(H1N1)pdm09,14.7533,0,null,null,null,null,null
Entire Network,FluSurv-NET,2023-24,2024,21,5-17 yr,Overall,Overall,A(H3N2),5.86698,0,null,null,null,null,null
Entire Network,FluSurv-NET,2023-24,2024,21,5-17 yr,Overall,Overall,Overall,33.6,0.1,78.05,0.25,null,null,null
Entire Network,FluSurv-NET,2023-24,2024,22,5-17 yr,Overall,Overall,Influenza B,12.6,0,78.3,0.25,null,null,null
Entire Network,FluSurv-NET,2023-24,2024,22,5-17 yr,Overall,Overall,Influenza A,20.6,0,78.3,0.25,null,null,null
Entire Network,FluSurv-NET,2023-24,2024,22,5-17 yr,Overall,Overall,Overall,33.6,0,78.3,0.25,null,null,null
Entire Network,FluSurv-NET,2023-24,2024,22,5-17 yr,Overall,Overall,A(H3N2),5.86698,0,null,null,null,null,null
Entire Network,FluSurv-NET,2023-24,2024,22,5-17 yr,Overall,Overall,A(H1N1)pdm09,14.7533,0,null,null,null,null,null
Entire Network,FluSurv-NET,2023-24,2024,23,5-17 yr,Overall,Overall,Influenza A,20.6,0,78.5,0.2,null,null,null
Entire Network,FluSurv-NET,2023-24,2024,23,5-17 yr,Overall,Overall,Influenza B,12.7,0,78.5,0.2,null,null,null
Entire Network,FluSurv-NET,2023-24,2024,23,5-17 yr,Overall,Overall,A(H3N2),5.86698,0,null,null,null,null,null
Entire Network,FluSurv-NET,2023-24,2024,23,5-17 yr,Overall,Overall,Overall,33.7,0.1,78.5,0.2,null,null,null
Entire Network,FluSurv-NET,2023-24,2024,23,5-17 yr,Overall,Overall,A(H1N1)pdm09,14.7533,0,null,null,null,null,null
Entire Network,FluSurv-NET,2023-24,2024,24,5-17 yr,Overall,Overall,A(H3N2),5.86698,0,null,null,null,null,null
Entire Network,FluSurv-NET,2023-24,2024,24,5-17 yr,Overall,Overall,Overall,33.8,0.1,78.66,0.16,null,null,null
Entire Network,FluSurv-NET,2023-24,2024,24,5-17 yr,Overall,Overall,A(H1N1)pdm09,14.7533,0,null,null,null,null,null
Entire Network,FluSurv-NET,2023-24,2024,24,5-17 yr,Overall,Overall,Influenza B,12.7,0,78.66,0.16,null,null,null
Entire Network,FluSurv-NET,2023-24,2024,24,5-17 yr,Overall,Overall,Influenza A,20.7,0.1,78.66,0.16,null,null,null
Entire Network,FluSurv-NET,2023-24,2024,25,5-17 yr,Overall,Overall,Influenza A,20.7,0,78.87,0.21,null,null,null
Entire Network,FluSurv-NET,2023-24,2024,25,5-17 yr,Overall,Overall,Overall,33.8,0,78.87,0.21,null,null,null
Entire Network,FluSurv-NET,2023-24,2024,25,5-17 yr,Overall,Overall,Influenza B,12.7,0,78.87,0.21,null,null,null
Entire Network,FluSurv-NET,2023-24,2024,25,5-17 yr,Overall,Overall,A(H1N1)pdm09,14.7533,0,null,null,null,null,null
Entire Network,FluSurv-NET,2023-24,2024,25,5-17 yr,Overall,Overall,A(H3N2),5.86698,0,null,null,null,null,null
Entire Network,FluSurv-NET,2023-24,2024,26,5-17 yr,Overall,Overall,Influenza B,12.7,0,79.01,0.14,null,null,null
Entire Network,FluSurv-NET,2023-24,2024,26,5-17 yr,Overall,Overall,Overall,33.9,0.1,79.01,0.14,null,null,null
Entire Network,FluSurv-NET,2023-24,2024,26,5-17 yr,Overall,Overall,A(H3N2),5.86698,0,null,null,null,null,null
Entire Network,FluSurv-NET,2023-24,2024,26,5-17 yr,Overall,Overall,A(H1N1)pdm09,14.7533,0,null,null,null,null,null
Entire Network,FluSurv-NET,2023-24,2024,26,5-17 yr,Overall,Overall,Influenza A,20.8,0,79.01,0.14,null,null,null
Entire Network,FluSurv-NET,2023-24,2024,27,5-17 yr,Overall,Overall,Overall,33.9,0,79.16,0.15,null,null,null
Entire Network,FluSurv-NET,2023-24,2024,27,5-17 yr,Overall,Overall,A(H3N2),5.86698,0,null,null,null,null,null
Entire Network,FluSurv-NET,2023-24,2024,27,5-17 yr,Overall,Overall,A(H1N1)pdm09,14.7533,0,null,null,null,null,null
Entire Network,FluSurv-NET,2023-24,2024,27,5-17 yr,Overall,Overall,Influenza A,20.8,0,79.16,0.15,null,null,null
Entire Network,FluSurv-NET,2023-24,2024,27,5-17 yr,Overall,Overall,Influenza B,12.7,0,79.16,0.15,null,null,null
Entire Network,FluSurv-NET,2023-24,2024,28,5-17 yr,Overall,Overall,A(H3N2),5.86698,0,null,null,null,null,null
Entire Network,FluSurv-NET,2023-24,2024,28,5-17 yr,Overall,Overall,A(H1N1)pdm09,14.7533,0,null,null,null,null,null
Entire Network,FluSurv-NET,2023-24,2024,28,5-17 yr,Overall,Overall,Overall,33.9,0,79.33,0.17,null,null,null
Entire Network,FluSurv-NET,2023-24,2024,28,5-17 yr,Overall,Overall,Influenza B,12.7,0,79.33,0.17,null,null,null
Entire Network,FluSurv-NET,2023-24,2024,28,5-17 yr,Overall,Overall,Influenza A,20.8,0,79.33,0.17,null,null,null
Entire Network,FluSurv-NET,2023-24,2024,29,5-17 yr,Overall,Overall,Influenza B,12.7,0,79.43,0.11,null,null,null
Entire Network,FluSurv-NET,2023-24,2024,29,5-17 yr,Overall,Overall,Influenza A,20.8,0,79.43,0.11,null,null,null
Entire Network,FluSurv-NET,2023-24,2024,29,5-17 yr,Overall,Overall,Overall,33.9,0,79.43,0.11,null,null,null
Entire Network,FluSurv-NET,2023-24,2024,29,5-17 yr,Overall,Overall,A(H3N2),5.86698,0,null,null,null,null,null
Entire Network,FluSurv-NET,2023-24,2024,29,5-17 yr,Overall,Overall,A(H1N1)pdm09,14.7533,0,null,null,null,null,null
Entire Network,FluSurv-NET,2023-24,2024,30,5-17 yr,Overall,Overall,Overall,34,0,79.51,0.08,null,null,null
Entire Network,FluSurv-NET,2023-24,2024,30,5-17 yr,Overall,Overall,A(H3N2),5.86698,0,null,null,null,null,null
Entire Network,FluSurv-NET,2023-24,2024,30,5-17 yr,Overall,Overall,A(H1N1)pdm09,14.7533,0,null,null,null,null,null
Entire Network,FluSurv-NET,2023-24,2024,30,5-17 yr,Overall,Overall,Influenza B,12.7,0,79.51,0.08,null,null,null
Entire Network,FluSurv-NET,2023-24,2024,30,5-17 yr,Overall,Overall,Influenza A,20.9,0,79.51,0.08,null,null,null
Entire Network,FluSurv-NET,2023-24,2024,31,5-17 yr,Overall,Overall,Influenza B,12.7,0,79.57,0.06,null,null,null
Entire Network,FluSurv-NET,2023-24,2024,31,5-17 yr,Overall,Overall,Influenza A,20.9,0,79.57,0.06,null,null,null
Entire Network,FluSurv-NET,2023-24,2024,31,5-17 yr,Overall,Overall,Overall,34,0,79.57,0.06,null,null,null
Entire Network,FluSurv-NET,2023-24,2024,31,5-17 yr,Overall,Overall,A(H3N2),5.86698,0,null,null,null,null,null
Entire Network,FluSurv-NET,2023-24,2024,31,5-17 yr,Overall,Overall,A(H1N1)pdm09,14.7533,0,null,null,null,null,null
Entire Network,FluSurv-NET,2023-24,2024,32,5-17 yr,Overall,Overall,Influenza A,20.9,0,79.67,0.1,null,null,null
Entire Network,FluSurv-NET,2023-24,2024,32,5-17 yr,Overall,Overall,Influenza B,12.7,0,79.67,0.1,null,null,null
Entire Network,FluSurv-NET,2023-24,2024,32,5-17 yr,Overall,Overall,A(H1N1)pdm09,14.7533,0,null,null,null,null,null
Entire Network,FluSurv-NET,2023-24,2024,32,5-17 yr,Overall,Overall,A(H3N2),5.86698,0,null,null,null,null,null
Entire Network,FluSurv-NET,2023-24,2024,32,5-17 yr,Overall,Overall,Overall,34,0,79.67,0.1,null,null,null
Entire Network,FluSurv-NET,2023-24,2024,33,5-17 yr,Overall,Overall,Influenza B,12.7,0,79.76,0.09,null,null,null
Entire Network,FluSurv-NET,2023-24,2024,33,5-17 yr,Overall,Overall,Influenza A,20.9,0,79.76,0.09,null,null,null
Entire Network,FluSurv-NET,2023-24,2024,33,5-17 yr,Overall,Overall,Overall,34,0,79.76,0.09,null,null,null
Entire Network,FluSurv-NET,2023-24,2024,33,5-17 yr,Overall,Overall,A(H1N1)pdm09,14.7533,0,null,null,null,null,null
Entire Network,FluSurv-NET,2023-24,2024,33,5-17 yr,Overall,Overall,A(H3N2),5.86698,0,null,null,null,null,null
Entire Network,FluSurv-NET,2023-24,2024,34,5-17 yr,Overall,Overall,A(H1N1)pdm09,14.7533,0,null,null,null,null,null
Entire Network,FluSurv-NET,2023-24,2024,34,5-17 yr,Overall,Overall,Overall,34,0,79.82,0.06,null,null,null
Entire Network,FluSurv-NET,2023-24,2024,34,5-17 yr,Overall,Overall,A(H3N2),5.86698,0,null,null,null,null,null
Entire Network,FluSurv-NET,2023-24,2024,34,5-17 yr,Overall,Overall,Influenza B,12.7,0,79.82,0.06,null,null,null
Entire Network,FluSurv-NET,2023-24,2024,34,5-17 yr,Overall,Overall,Influenza A,20.9,0,79.82,0.06,null,null,null
Entire Network,FluSurv-NET,2023-24,2024,35,5-17 yr,Overall,Overall,Influenza B,12.7,0,79.92,0.09,null,null,null
Entire Network,FluSurv-NET,2023-24,2024,35,5-17 yr,Overall,Overall,Influenza A,20.9,0,79.92,0.09,null,null,null
Entire Network,FluSurv-NET,2023-24,2024,35,5-17 yr,Overall,Overall,Overall,34,0,79.92,0.09,null,null,null
Entire Network,FluSurv-NET,2023-24,2024,35,5-17 yr,Overall,Overall,A(H3N2),5.86698,0,null,null,null,null,null
Entire Network,FluSurv-NET,2023-24,2024,35,5-17 yr,Overall,Overall,A(H1N1)pdm09,14.7533,0,null,null,null,null,null
Entire Network,FluSurv-NET,2023-24,2024,36,5-17 yr,Overall,Overall,Influenza B,12.7,0,80,0.08,null,null,null
Entire Network,FluSurv-NET,2023-24,2024,36,5-17 yr,Overall,Overall,Influenza A,20.9,0,80,0.08,null,null,null
Entire Network,FluSurv-NET,2023-24,2024,36,5-17 yr,Overall,Overall,A(H1N1)pdm09,14.7533,0,null,null,null,null,null
Entire Network,FluSurv-NET,2023-24,2024,36,5-17 yr,Overall,Overall,Overall,34,0,80,0.08,null,null,null
Entire Network,FluSurv-NET,2023-24,2024,36,5-17 yr,Overall,Overall,A(H3N2),5.86698,0,null,null,null,null,null
Entire Network,FluSurv-NET,2023-24,2024,37,5-17 yr,Overall,Overall,Influenza A,20.9,0,80.08,0.08,null,null,null
Entire Network,FluSurv-NET,2023-24,2024,37,5-17 yr,Overall,Overall,Influenza B,12.7,0,80.08,0.08,null,null,null
Entire Network,FluSurv-NET,2023-24,2024,37,5-17 yr,Overall,Overall,A(H3N2),5.86698,0,null,null,null,null,null
Entire Network,FluSurv-NET,2023-24,2024,37,5-17 yr,Overall,Overall,Overall,34,0,80.08,0.08,null,null,null
Entire Network,FluSurv-NET,2023-24,2024,37,5-17 yr,Overall,Overall,A(H1N1)pdm09,14.7533,0,null,null,null,null,null
Entire Network,FluSurv-NET,2023-24,2024,38,5-17 yr,Overall,Overall,Influenza A,21,0,80.2,0.12,null,null,null
Entire Network,FluSurv-NET,2023-24,2024,38,5-17 yr,Overall,Overall,Influenza B,12.7,0,80.2,0.12,null,null,null
Entire Network,FluSurv-NET,2023-24,2024,38,5-17 yr,Overall,Overall,A(H1N1)pdm09,14.7533,0,null,null,null,null,null
Entire Network,FluSurv-NET,2023-24,2024,38,5-17 yr,Overall,Overall,A(H3N2),5.86698,0,null,null,null,null,null
Entire Network,FluSurv-NET,2023-24,2024,38,5-17 yr,Overall,Overall,Overall,34.1,0,80.2,0.12,null,null,null
Entire Network,FluSurv-NET,2023-24,2024,39,5-17 yr,Overall,Overall,Influenza A,21,0,80.32,0.12,null,null,null
Entire Network,FluSurv-NET,2023-24,2024,39,5-17 yr,Overall,Overall,Influenza B,12.7,0,80.32,0.12,null,null,null
Entire Network,FluSurv-NET,2023-24,2024,39,5-17 yr,Overall,Overall,A(H1N1)pdm09,14.7533,0,null,null,null,null,null
Entire Network,FluSurv-NET,2023-24,2024,39,5-17 yr,Overall,Overall,A(H3N2),5.86698,0,null,null,null,null,null
Entire Network,FluSurv-NET,2023-24,2024,39,5-17 yr,Overall,Overall,Overall,34.1,0,80.32,0.12,null,null,null
Entire Network,FluSurv-NET,2023-24,2023,40,18-49 yr,Overall,Overall,Influenza A,0.1,0.1,0.2,0.2,null,null,null
Entire Network,FluSurv-NET,2023-24,2023,40,18-49 yr,Overall,Overall,Influenza B,0,0,0.2,0.2,null,null,null
Entire Network,FluSurv-NET,2023-24,2023,40,18-49 yr,Overall,Overall,A(H1N1)pdm09,0.043317,0.043317,null,null,null,null,null
Entire Network,FluSurv-NET,2023-24,2023,40,18-49 yr,Overall,Overall,A(H3N2),0.0117747,0.0117747,null,null,null,null,null
Entire Network,FluSurv-NET,2023-24,2023,40,18-49 yr,Overall,Overall,Overall,0.1,0.1,0.2,0.2,null,null,null
Entire Network,FluSurv-NET,2023-24,2023,41,18-49 yr,Overall,Overall,Overall,0.2,0.1,0.42,0.22,null,null,null
Entire Network,FluSurv-NET,2023-24,2023,41,18-49 yr,Overall,Overall,A(H3N2),0.025641,0.0138663,null,null,null,null,null
Entire Network,FluSurv-NET,2023-24,2023,41,18-49 yr,Overall,Overall,Influenza A,0.1,0.1,0.42,0.22,null,null,null
Entire Network,FluSurv-NET,2023-24,2023,41,18-49 yr,Overall,Overall,Influenza B,0.1,0.1,0.42,0.22,null,null,null
Entire Network,FluSurv-NET,2023-24,2023,41,18-49 yr,Overall,Overall,A(H1N1)pdm09,0.106757,0.0634399,null,null,null,null,null
Entire Network,FluSurv-NET,2023-24,2023,42,18-49 yr,Overall,Overall,Influenza A,0.2,0.1,0.66,0.24,null,null,null
Entire Network,FluSurv-NET,2023-24,2023,42,18-49 yr,Overall,Overall,Influenza B,0.1,0,0.66,0.24,null,null,null
Entire Network,FluSurv-NET,2023-24,2023,42,18-49 yr,Overall,Overall,A(H1N1)pdm09,0.169985,0.0632281,null,null,null,null,null
Entire Network,FluSurv-NET,2023-24,2023,42,18-49 yr,Overall,Overall,A(H3N2),0.0456811,0.0200401,null,null,null,null,null
Entire Network,FluSurv-NET,2023-24,2023,42,18-49 yr,Overall,Overall,Overall,0.3,0.1,0.66,0.24,null,null,null
Entire Network,FluSurv-NET,2023-24,2023,43,18-49 yr,Overall,Overall,Overall,0.5,0.2,0.92,0.25,null,null,null
Entire Network,FluSurv-NET,2023-24,2023,43,18-49 yr,Overall,Overall,Influenza A,0.3,0.1,0.92,0.25,null,null,null
Entire Network,FluSurv-NET,2023-24,2023,43,18-49 yr,Overall,Overall,Influenza B,0.2,0.1,0.92,0.25,null,null,null
Entire Network,FluSurv-NET,2023-24,2023,43,18-49 yr,Overall,Overall,A(H1N1)pdm09,0.240944,0.0709595,null,null,null,null,null
Entire Network,FluSurv-NET,2023-24,2023,43,18-49 yr,Overall,Overall,A(H3N2),0.0784071,0.0327261,null,null,null,null,null
Entire Network,FluSurv-NET,2023-24,2023,44,18-49 yr,Overall,Overall,A(H3N2),0.119606,0.0411989,null,null,null,null,null
Entire Network,FluSurv-NET,2023-24,2023,44,18-49 yr,Overall,Overall,A(H1N1)pdm09,0.399915,0.15897,null,null,null,null,null
Entire Network,FluSurv-NET,2023-24,2023,44,18-49 yr,Overall,Overall,Overall,0.7,0.2,1.35,0.43,null,null,null
Entire Network,FluSurv-NET,2023-24,2023,44,18-49 yr,Overall,Overall,Influenza B,0.2,0,1.35,0.43,null,null,null
Entire Network,FluSurv-NET,2023-24,2023,44,18-49 yr,Overall,Overall,Influenza A,0.5,0.2,1.35,0.43,null,null,null
Entire Network,FluSurv-NET,2023-24,2023,45,18-49 yr,Overall,Overall,Influenza A,0.8,0.3,2.07,0.72,null,null,null
Entire Network,FluSurv-NET,2023-24,2023,45,18-49 yr,Overall,Overall,Influenza B,0.2,0.1,2.07,0.72,null,null,null
Entire Network,FluSurv-NET,2023-24,2023,45,18-49 yr,Overall,Overall,A(H1N1)pdm09,0.684388,0.284473,null,null,null,null,null
Entire Network,FluSurv-NET,2023-24,2023,45,18-49 yr,Overall,Overall,A(H3N2),0.176056,0.0564498,null,null,null,null,null
Entire Network,FluSurv-NET,2023-24,2023,45,18-49 yr,Overall,Overall,Overall,1.1,0.4,2.07,0.72,null,null,null
Entire Network,FluSurv-NET,2023-24,2023,46,18-49 yr,Overall,Overall,Influenza A,1.2,0.4,2.97,0.91,null,null,null
Entire Network,FluSurv-NET,2023-24,2023,46,18-49 yr,Overall,Overall,Influenza B,0.3,0.1,2.97,0.91,null,null,null
Entire Network,FluSurv-NET,2023-24,2023,46,18-49 yr,Overall,Overall,A(H1N1)pdm09,0.977758,0.29337,null,null,null,null,null
Entire Network,FluSurv-NET,2023-24,2023,46,18-49 yr,Overall,Overall,A(H3N2),0.260572,0.0845159,null,null,null,null,null
Entire Network,FluSurv-NET,2023-24,2023,46,18-49 yr,Overall,Overall,Overall,1.5,0.4,2.97,0.91,null,null,null
Entire Network,FluSurv-NET,2023-24,2023,47,18-49 yr,Overall,Overall,Influenza A,1.8,0.6,4.27,1.29,null,null,null
Entire Network,FluSurv-NET,2023-24,2023,47,18-49 yr,Overall,Overall,Influenza B,0.4,0.1,4.27,1.29,null,null,null
Entire Network,FluSurv-NET,2023-24,2023,47,18-49 yr,Overall,Overall,A(H1N1)pdm09,1.45223,0.474475,null,null,null,null,null
Entire Network,FluSurv-NET,2023-24,2023,47,18-49 yr,Overall,Overall,A(H3N2),0.386392,0.125821,null,null,null,null,null
Entire Network,FluSurv-NET,2023-24,2023,47,18-49 yr,Overall,Overall,Overall,2.2,0.7,4.27,1.29,null,null,null
Entire Network,FluSurv-NET,2023-24,2023,48,18-49 yr,Overall,Overall,Influenza A,2.7,0.9,6.27,2,null,null,null
Entire Network,FluSurv-NET,2023-24,2023,48,18-49 yr,Overall,Overall,A(H1N1)pdm09,2.15124,0.699004,null,null,null,null,null
Entire Network,FluSurv-NET,2023-24,2023,48,18-49 yr,Overall,Overall,A(H3N2),0.591328,0.204935,null,null,null,null,null
Entire Network,FluSurv-NET,2023-24,2023,48,18-49 yr,Overall,Overall,Overall,3.3,1.1,6.27,2,null,null,null
Entire Network,FluSurv-NET,2023-24,2023,48,18-49 yr,Overall,Overall,Influenza B,0.5,0.1,6.27,2,null,null,null
Entire Network,FluSurv-NET,2023-24,2023,49,18-49 yr,Overall,Overall,Overall,4.8,1.6,9.04,2.77,null,null,null
Entire Network,FluSurv-NET,2023-24,2023,49,18-49 yr,Overall,Overall,A(H3N2),0.915623,0.324295,null,null,null,null,null
Entire Network,FluSurv-NET,2023-24,2023,49,18-49 yr,Overall,Overall,A(H1N1)pdm09,3.13789,0.986654,null,null,null,null,null
Entire Network,FluSurv-NET,2023-24,2023,49,18-49 yr,Overall,Overall,Influenza B,0.8,0.2,9.04,2.77,null,null,null
Entire Network,FluSurv-NET,2023-24,2023,49,18-49 yr,Overall,Overall,Influenza A,4,1.3,9.04,2.77,null,null,null
Entire Network,FluSurv-NET,2023-24,2023,50,18-49 yr,Overall,Overall,Influenza A,6,1.9,13,3.97,null,null,null
Entire Network,FluSurv-NET,2023-24,2023,50,18-49 yr,Overall,Overall,Influenza B,1.1,0.4,13,3.97,null,null,null
Entire Network,FluSurv-NET,2023-24,2023,50,18-49 yr,Overall,Overall,A(H1N1)pdm09,4.6255,1.48761,null,null,null,null,null
Entire Network,FluSurv-NET,2023-24,2023,50,18-49 yr,Overall,Overall,A(H3N2),1.36892,0.453293,null,null,null,null,null
Entire Network,FluSurv-NET,2023-24,2023,50,18-49 yr,Overall,Overall,Overall,7.1,2.3,13,3.97,null,null,null
Entire Network,FluSurv-NET,2023-24,2023,51,18-49 yr,Overall,Overall,Overall,10.3,3.1,19.43,6.43,null,null,null
Entire Network,FluSurv-NET,2023-24,2023,51,18-49 yr,Overall,Overall,A(H3N2),1.88226,0.513344,null,null,null,null,null
Entire Network,FluSurv-NET,2023-24,2023,51,18-49 yr,Overall,Overall,A(H1N1)pdm09,6.66797,2.04247,null,null,null,null,null
Entire Network,FluSurv-NET,2023-24,2023,51,18-49 yr,Overall,Overall,Influenza B,1.7,0.5,19.43,6.43,null,null,null
Entire Network,FluSurv-NET,2023-24,2023,51,18-49 yr,Overall,Overall,Influenza A,8.5,2.6,19.43,6.43,null,null,null
Entire Network,FluSurv-NET,2023-24,2023,52,18-49 yr,Overall,Overall,Influenza B,2.6,0.9,28.03,8.6,null,null,null
Entire Network,FluSurv-NET,2023-24,2023,52,18-49 yr,Overall,Overall,A(H1N1)pdm09,9.35108,2.68311,null,null,null,null,null
Entire Network,FluSurv-NET,2023-24,2023,52,18-49 yr,Overall,Overall,A(H3N2),2.61537,0.733107,null,null,null,null,null
Entire Network,FluSurv-NET,2023-24,2023,52,18-49 yr,Overall,Overall,Influenza A,11.9,3.4,28.03,8.6,null,null,null
Entire Network,FluSurv-NET,2023-24,2023,52,18-49 yr,Overall,Overall,Overall,14.6,4.3,28.03,8.6,null,null,null
Entire Network,FluSurv-NET,2023-24,2024,1,18-49 yr,Overall,Overall,Influenza A,14.4,2.5,34.73,6.7,null,null,null
Entire Network,FluSurv-NET,2023-24,2024,1,18-49 yr,Overall,Overall,Influenza B,3.4,0.8,34.73,6.7,null,null,null
Entire Network,FluSurv-NET,2023-24,2024,1,18-49 yr,Overall,Overall,A(H1N1)pdm09,11.0848,1.73374,null,null,null,null,null
Entire Network,FluSurv-NET,2023-24,2024,1,18-49 yr,Overall,Overall,A(H3N2),3.37813,0.762761,null,null,null,null,null
Entire Network,FluSurv-NET,2023-24,2024,1,18-49 yr,Overall,Overall,Overall,17.9,3.3,34.73,6.7,null,null,null
Entire Network,FluSurv-NET,2023-24,2024,2,18-49 yr,Overall,Overall,Influenza B,4,0.5,39.96,5.23,null,null,null
Entire Network,FluSurv-NET,2023-24,2024,2,18-49 yr,Overall,Overall,A(H1N1)pdm09,12.4002,1.3154,null,null,null,null,null
Entire Network,FluSurv-NET,2023-24,2024,2,18-49 yr,Overall,Overall,Influenza A,16.3,1.9,39.96,5.23,null,null,null
Entire Network,FluSurv-NET,2023-24,2024,2,18-49 yr,Overall,Overall,A(H3N2),3.97387,0.595742,null,null,null,null,null
Entire Network,FluSurv-NET,2023-24,2024,2,18-49 yr,Overall,Overall,Overall,20.4,2.4,39.96,5.23,null,null,null
Entire Network,FluSurv-NET,2023-24,2024,3,18-49 yr,Overall,Overall,Overall,22.3,1.9,44.03,4.07,null,null,null
Entire Network,FluSurv-NET,2023-24,2024,3,18-49 yr,Overall,Overall,A(H3N2),4.43309,0.459224,null,null,null,null,null
Entire Network,FluSurv-NET,2023-24,2024,3,18-49 yr,Overall,Overall,A(H1N1)pdm09,13.3704,0.970132,null,null,null,null,null
Entire Network,FluSurv-NET,2023-24,2024,3,18-49 yr,Overall,Overall,Influenza B,4.5,0.5,44.03,4.07,null,null,null
Entire Network,FluSurv-NET,2023-24,2024,3,18-49 yr,Overall,Overall,Influenza A,17.7,1.4,44.03,4.07,null,null,null
Entire Network,FluSurv-NET,2023-24,2024,4,18-49 yr,Overall,Overall,Overall,24.4,2,47.88,3.84,null,null,null
Entire Network,FluSurv-NET,2023-24,2024,4,18-49 yr,Overall,Overall,A(H3N2),5.05807,0.624973,null,null,null,null,null
Entire Network,FluSurv-NET,2023-24,2024,4,18-49 yr,Overall,Overall,A(H1N1)pdm09,14.264,0.893666,null,null,null,null,null
Entire Network,FluSurv-NET,2023-24,2024,4,18-49 yr,Overall,Overall,Influenza B,5,0.5,47.88,3.84,null,null,null
Entire Network,FluSurv-NET,2023-24,2024,4,18-49 yr,Overall,Overall,Influenza A,19.3,1.5,47.88,3.84,null,null,null
Entire Network,FluSurv-NET,2023-24,2024,5,18-49 yr,Overall,Overall,Overall,26,1.7,51.24,3.37,null,null,null
Entire Network,FluSurv-NET,2023-24,2024,5,18-49 yr,Overall,Overall,A(H3N2),5.61674,0.558673,null,null,null,null,null
Entire Network,FluSurv-NET,2023-24,2024,5,18-49 yr,Overall,Overall,A(H1N1)pdm09,14.9498,0.685765,null,null,null,null,null
Entire Network,FluSurv-NET,2023-24,2024,5,18-49 yr,Overall,Overall,Influenza B,5.4,0.4,51.24,3.37,null,null,null
Entire Network,FluSurv-NET,2023-24,2024,5,18-49 yr,Overall,Overall,Influenza A,20.5,1.2,51.24,3.37,null,null,null
Entire Network,FluSurv-NET,2023-24,2024,6,18-49 yr,Overall,Overall,Influenza A,21.6,1.1,54.61,3.36,null,null,null
Entire Network,FluSurv-NET,2023-24,2024,6,18-49 yr,Overall,Overall,Overall,27.7,1.6,54.61,3.36,null,null,null
Entire Network,FluSurv-NET,2023-24,2024,6,18-49 yr,Overall,Overall,A(H3N2),6.18336,0.566617,null,null,null,null,null
Entire Network,FluSurv-NET,2023-24,2024,6,18-49 yr,Overall,Overall,A(H1N1)pdm09,15.4714,0.521605,null,null,null,null,null
Entire Network,FluSurv-NET,2023-24,2024,6,18-49 yr,Overall,Overall,Influenza B,6,0.5,54.61,3.36,null,null,null
Entire Network,FluSurv-NET,2023-24,2024,7,18-49 yr,Overall,Overall,Influenza B,6.6,0.7,57.85,3.25,null,null,null
Entire Network,FluSurv-NET,2023-24,2024,7,18-49 yr,Overall,Overall,A(H1N1)pdm09,15.9927,0.521287,null,null,null,null,null
Entire Network,FluSurv-NET,2023-24,2024,7,18-49 yr,Overall,Overall,A(H3N2),6.67541,0.492056,null,null,null,null,null
Entire Network,FluSurv-NET,2023-24,2024,7,18-49 yr,Overall,Overall,Overall,29.3,1.7,57.85,3.25,null,null,null
Entire Network,FluSurv-NET,2023-24,2024,7,18-49 yr,Overall,Overall,Influenza A,22.6,1,57.85,3.25,null,null,null
Entire Network,FluSurv-NET,2023-24,2024,8,18-49 yr,Overall,Overall,Influenza A,23.7,1.1,61.07,3.21,null,null,null
Entire Network,FluSurv-NET,2023-24,2024,8,18-49 yr,Overall,Overall,Influenza B,7.2,0.5,61.07,3.21,null,null,null
Entire Network,FluSurv-NET,2023-24,2024,8,18-49 yr,Overall,Overall,A(H1N1)pdm09,16.5237,0.531031,null,null,null,null,null
Entire Network,FluSurv-NET,2023-24,2024,8,18-49 yr,Overall,Overall,A(H3N2),7.23991,0.564498,null,null,null,null,null
Entire Network,FluSurv-NET,2023-24,2024,8,18-49 yr,Overall,Overall,Overall,31,1.6,61.07,3.21,null,null,null
Entire Network,FluSurv-NET,2023-24,2024,9,18-49 yr,Overall,Overall,Overall,32.6,1.6,64.26,3.19,null,null,null
Entire Network,FluSurv-NET,2023-24,2024,9,18-49 yr,Overall,Overall,A(H3N2),7.81934,0.579432,null,null,null,null,null
Entire Network,FluSurv-NET,2023-24,2024,9,18-49 yr,Overall,Overall,A(H1N1)pdm09,16.9577,0.434018,null,null,null,null,null
Entire Network,FluSurv-NET,2023-24,2024,9,18-49 yr,Overall,Overall,Influenza B,7.7,0.6,64.26,3.19,null,null,null
Entire Network,FluSurv-NET,2023-24,2024,9,18-49 yr,Overall,Overall,Influenza A,24.7,1,64.26,3.19,null,null,null
Entire Network,FluSurv-NET,2023-24,2024,10,18-49 yr,Overall,Overall,Influenza A,25.5,0.8,66.9,2.64,null,null,null
Entire Network,FluSurv-NET,2023-24,2024,10,18-49 yr,Overall,Overall,Influenza B,8.3,0.5,66.9,2.64,null,null,null
Entire Network,FluSurv-NET,2023-24,2024,10,18-49 yr,Overall,Overall,A(H1N1)pdm09,17.2113,0.253548,null,null,null,null,null
Entire Network,FluSurv-NET,2023-24,2024,10,18-49 yr,Overall,Overall,A(H3N2),8.3275,0.508154,null,null,null,null,null
Entire Network,FluSurv-NET,2023-24,2024,10,18-49 yr,Overall,Overall,Overall,33.9,1.3,66.9,2.64,null,null,null
Entire Network,FluSurv-NET,2023-24,2024,11,18-49 yr,Overall,Overall,Overall,34.9,1,68.96,2.06,null,null,null
Entire Network,FluSurv-NET,2023-24,2024,11,18-49 yr,Overall,Overall,A(H3N2),8.686,0.358504,null,null,null,null,null
Entire Network,FluSurv-NET,2023-24,2024,11,18-49 yr,Overall,Overall,A(H1N1)pdm09,17.4213,0.210019,null,null,null,null,null
Entire Network,FluSurv-NET,2023-24,2024,11,18-49 yr,Overall,Overall,Influenza B,8.7,0.4,68.96,2.06,null,null,null
Entire Network,FluSurv-NET,2023-24,2024,11,18-49 yr,Overall,Overall,Influenza A,26.1,0.6,68.96,2.06,null,null,null
Entire Network,FluSurv-NET,2023-24,2024,12,18-49 yr,Overall,Overall,Influenza B,9.2,0.5,70.74,1.79,null,null,null
Entire Network,FluSurv-NET,2023-24,2024,12,18-49 yr,Overall,Overall,Influenza A,26.5,0.5,70.74,1.79,null,null,null
Entire Network,FluSurv-NET,2023-24,2024,12,18-49 yr,Overall,Overall,A(H1N1)pdm09,17.6214,0.200063,null,null,null,null,null
Entire Network,FluSurv-NET,2023-24,2024,12,18-49 yr,Overall,Overall,A(H3N2),8.96634,0.280343,null,null,null,null,null
Entire Network,FluSurv-NET,2023-24,2024,12,18-49 yr,Overall,Overall,Overall,35.8,0.9,70.74,1.79,null,null,null
Entire Network,FluSurv-NET,2023-24,2024,13,18-49 yr,Overall,Overall,Influenza A,27.1,0.6,72.42,1.67,null,null,null
Entire Network,FluSurv-NET,2023-24,2024,13,18-49 yr,Overall,Overall,Overall,36.8,0.9,72.42,1.67,null,null,null
Entire Network,FluSurv-NET,2023-24,2024,13,18-49 yr,Overall,Overall,A(H3N2),9.33332,0.366977,null,null,null,null,null
Entire Network,FluSurv-NET,2023-24,2024,13,18-49 yr,Overall,Overall,A(H1N1)pdm09,17.8157,0.194344,null,null,null,null,null
Entire Network,FluSurv-NET,2023-24,2024,13,18-49 yr,Overall,Overall,Influenza B,9.5,0.4,72.42,1.67,null,null,null
Entire Network,FluSurv-NET,2023-24,2024,14,18-49 yr,Overall,Overall,Influenza B,9.9,0.4,73.98,1.56,null,null,null
Entire Network,FluSurv-NET,2023-24,2024,14,18-49 yr,Overall,Overall,A(H3N2),9.64353,0.310209,null,null,null,null,null
Entire Network,FluSurv-NET,2023-24,2024,14,18-49 yr,Overall,Overall,A(H1N1)pdm09,18.0014,0.18566,null,null,null,null,null
Entire Network,FluSurv-NET,2023-24,2024,14,18-49 yr,Overall,Overall,Influenza A,27.6,0.5,73.98,1.56,null,null,null
Entire Network,FluSurv-NET,2023-24,2024,14,18-49 yr,Overall,Overall,Overall,37.7,0.9,73.98,1.56,null,null,null
Entire Network,FluSurv-NET,2023-24,2024,15,18-49 yr,Overall,Overall,Influenza A,27.9,0.3,75.21,1.23,null,null,null
Entire Network,FluSurv-NET,2023-24,2024,15,18-49 yr,Overall,Overall,Overall,38.2,0.6,75.21,1.23,null,null,null
Entire Network,FluSurv-NET,2023-24,2024,15,18-49 yr,Overall,Overall,A(H1N1)pdm09,18.0702,0.0688413,null,null,null,null,null
Entire Network,FluSurv-NET,2023-24,2024,15,18-49 yr,Overall,Overall,A(H3N2),9.85546,0.211925,null,null,null,null,null
Entire Network,FluSurv-NET,2023-24,2024,15,18-49 yr,Overall,Overall,Influenza B,10.2,0.3,75.21,1.23,null,null,null
Entire Network,FluSurv-NET,2023-24,2024,16,18-49 yr,Overall,Overall,Influenza A,28.1,0.2,76.09,0.88,null,null,null
Entire Network,FluSurv-NET,2023-24,2024,16,18-49 yr,Overall,Overall,Overall,38.7,0.4,76.09,0.88,null,null,null
Entire Network,FluSurv-NET,2023-24,2024,16,18-49 yr,Overall,Overall,A(H3N2),10.0334,0.177928,null,null,null,null,null
Entire Network,FluSurv-NET,2023-24,2024,16,18-49 yr,Overall,Overall,A(H1N1)pdm09,18.1287,0.0584621,null,null,null,null,null
Entire Network,FluSurv-NET,2023-24,2024,16,18-49 yr,Overall,Overall,Influenza B,10.4,0.2,76.09,0.88,null,null,null
Entire Network,FluSurv-NET,2023-24,2024,17,18-49 yr,Overall,Overall,Influenza A,28.3,0.1,76.74,0.66,null,null,null
Entire Network,FluSurv-NET,2023-24,2024,17,18-49 yr,Overall,Overall,Influenza B,10.5,0.1,76.74,0.66,null,null,null
Entire Network,FluSurv-NET,2023-24,2024,17,18-49 yr,Overall,Overall,A(H1N1)pdm09,18.204,0.0753018,null,null,null,null,null
Entire Network,FluSurv-NET,2023-24,2024,17,18-49 yr,Overall,Overall,A(H3N2),10.1062,0.0728658,null,null,null,null,null
Entire Network,FluSurv-NET,2023-24,2024,17,18-49 yr,Overall,Overall,Overall,38.9,0.3,76.74,0.66,null,null,null
Entire Network,FluSurv-NET,2023-24,2024,18,18-49 yr,Overall,Overall,Influenza A,28.4,0.1,77.17,0.42,null,null,null
Entire Network,FluSurv-NET,2023-24,2024,18,18-49 yr,Overall,Overall,Influenza B,10.6,0.1,77.17,0.42,null,null,null
Entire Network,FluSurv-NET,2023-24,2024,18,18-49 yr,Overall,Overall,A(H1N1)pdm09,18.223,0.0190177,null,null,null,null,null
Entire Network,FluSurv-NET,2023-24,2024,18,18-49 yr,Overall,Overall,A(H3N2),10.1466,0.0403516,null,null,null,null,null
Entire Network,FluSurv-NET,2023-24,2024,18,18-49 yr,Overall,Overall,Overall,39.1,0.2,77.17,0.42,null,null,null
Entire Network,FluSurv-NET,2023-24,2024,19,18-49 yr,Overall,Overall,Influenza A,28.5,0.1,77.52,0.36,null,null,null
Entire Network,FluSurv-NET,2023-24,2024,19,18-49 yr,Overall,Overall,Influenza B,10.7,0.1,77.52,0.36,null,null,null
Entire Network,FluSurv-NET,2023-24,2024,19,18-49 yr,Overall,Overall,A(H1N1)pdm09,18.223,0,null,null,null,null,null
Entire Network,FluSurv-NET,2023-24,2024,19,18-49 yr,Overall,Overall,A(H3N2),10.1466,0,null,null,null,null,null
Entire Network,FluSurv-NET,2023-24,2024,19,18-49 yr,Overall,Overall,Overall,39.3,0.1,77.52,0.36,null,null,null
Entire Network,FluSurv-NET,2023-24,2024,20,18-49 yr,Overall,Overall,Influenza A,28.6,0.1,77.8,0.28,null,null,null
Entire Network,FluSurv-NET,2023-24,2024,20,18-49 yr,Overall,Overall,Influenza B,10.7,0,77.8,0.28,null,null,null
Entire Network,FluSurv-NET,2023-24,2024,20,18-49 yr,Overall,Overall,A(H1N1)pdm09,18.223,0,null,null,null,null,null
Entire Network,FluSurv-NET,2023-24,2024,20,18-49 yr,Overall,Overall,A(H3N2),10.1466,0,null,null,null,null,null
Entire Network,FluSurv-NET,2023-24,2024,20,18-49 yr,Overall,Overall,Overall,39.4,0.1,77.8,0.28,null,null,null
Entire Network,FluSurv-NET,2023-24,2024,21,18-49 yr,Overall,Overall,Overall,39.5,0.1,78.05,0.25,null,null,null
Entire Network,FluSurv-NET,2023-24,2024,21,18-49 yr,Overall,Overall,A(H3N2),10.1466,0,null,null,null,null,null
Entire Network,FluSurv-NET,2023-24,2024,21,18-49 yr,Overall,Overall,A(H1N1)pdm09,18.223,0,null,null,null,null,null
Entire Network,FluSurv-NET,2023-24,2024,21,18-49 yr,Overall,Overall,Influenza B,10.7,0,78.05,0.25,null,null,null
Entire Network,FluSurv-NET,2023-24,2024,21,18-49 yr,Overall,Overall,Influenza A,28.6,0.1,78.05,0.25,null,null,null
Entire Network,FluSurv-NET,2023-24,2024,22,18-49 yr,Overall,Overall,Overall,39.7,0.1,78.3,0.25,null,null,null
Entire Network,FluSurv-NET,2023-24,2024,22,18-49 yr,Overall,Overall,A(H3N2),10.1466,0,null,null,null,null,null
Entire Network,FluSurv-NET,2023-24,2024,22,18-49 yr,Overall,Overall,A(H1N1)pdm09,18.223,0,null,null,null,null,null
Entire Network,FluSurv-NET,2023-24,2024,22,18-49 yr,Overall,Overall,Influenza B,10.8,0,78.3,0.25,null,null,null
Entire Network,FluSurv-NET,2023-24,2024,22,18-49 yr,Overall,Overall,Influenza A,28.7,0.1,78.3,0.25,null,null,null
Entire Network,FluSurv-NET,2023-24,2024,23,18-49 yr,Overall,Overall,Influenza A,28.8,0.1,78.5,0.2,null,null,null
Entire Network,FluSurv-NET,2023-24,2024,23,18-49 yr,Overall,Overall,Influenza B,10.8,0,78.5,0.2,null,null,null
Entire Network,FluSurv-NET,2023-24,2024,23,18-49 yr,Overall,Overall,A(H1N1)pdm09,18.223,0,null,null,null,null,null
Entire Network,FluSurv-NET,2023-24,2024,23,18-49 yr,Overall,Overall,A(H3N2),10.1466,0,null,null,null,null,null
Entire Network,FluSurv-NET,2023-24,2024,23,18-49 yr,Overall,Overall,Overall,39.8,0.1,78.5,0.2,null,null,null
Entire Network,FluSurv-NET,2023-24,2024,24,18-49 yr,Overall,Overall,Influenza A,28.8,0.1,78.66,0.16,null,null,null
Entire Network,FluSurv-NET,2023-24,2024,24,18-49 yr,Overall,Overall,Overall,39.9,0.1,78.66,0.16,null,null,null
Entire Network,FluSurv-NET,2023-24,2024,24,18-49 yr,Overall,Overall,A(H3N2),10.1466,0,null,null,null,null,null
Entire Network,FluSurv-NET,2023-24,2024,24,18-49 yr,Overall,Overall,A(H1N1)pdm09,18.223,0,null,null,null,null,null
Entire Network,FluSurv-NET,2023-24,2024,24,18-49 yr,Overall,Overall,Influenza B,10.9,0,78.66,0.16,null,null,null
Entire Network,FluSurv-NET,2023-24,2024,25,18-49 yr,Overall,Overall,Influenza A,28.9,0,78.87,0.21,null,null,null
Entire Network,FluSurv-NET,2023-24,2024,25,18-49 yr,Overall,Overall,Overall,39.9,0,78.87,0.21,null,null,null
Entire Network,FluSurv-NET,2023-24,2024,25,18-49 yr,Overall,Overall,Influenza B,10.9,0,78.87,0.21,null,null,null
Entire Network,FluSurv-NET,2023-24,2024,25,18-49 yr,Overall,Overall,A(H1N1)pdm09,18.223,0,null,null,null,null,null
Entire Network,FluSurv-NET,2023-24,2024,25,18-49 yr,Overall,Overall,A(H3N2),10.1466,0,null,null,null,null,null
Entire Network,FluSurv-NET,2023-24,2024,26,18-49 yr,Overall,Overall,Influenza B,10.9,0,79.01,0.14,null,null,null
Entire Network,FluSurv-NET,2023-24,2024,26,18-49 yr,Overall,Overall,A(H1N1)pdm09,18.223,0,null,null,null,null,null
Entire Network,FluSurv-NET,2023-24,2024,26,18-49 yr,Overall,Overall,A(H3N2),10.1466,0,null,null,null,null,null
Entire Network,FluSurv-NET,2023-24,2024,26,18-49 yr,Overall,Overall,Overall,40,0.1,79.01,0.14,null,null,null
Entire Network,FluSurv-NET,2023-24,2024,26,18-49 yr,Overall,Overall,Influenza A,28.9,0.1,79.01,0.14,null,null,null
Entire Network,FluSurv-NET,2023-24,2024,27,18-49 yr,Overall,Overall,A(H3N2),10.1466,0,null,null,null,null,null
Entire Network,FluSurv-NET,2023-24,2024,27,18-49 yr,Overall,Overall,A(H1N1)pdm09,18.223,0,null,null,null,null,null
Entire Network,FluSurv-NET,2023-24,2024,27,18-49 yr,Overall,Overall,Influenza B,10.9,0,79.16,0.15,null,null,null
Entire Network,FluSurv-NET,2023-24,2024,27,18-49 yr,Overall,Overall,Overall,40,0.1,79.16,0.15,null,null,null
Entire Network,FluSurv-NET,2023-24,2024,27,18-49 yr,Overall,Overall,Influenza A,29,0.1,79.16,0.15,null,null,null
Entire Network,FluSurv-NET,2023-24,2024,28,18-49 yr,Overall,Overall,Overall,40.1,0,79.33,0.17,null,null,null
Entire Network,FluSurv-NET,2023-24,2024,28,18-49 yr,Overall,Overall,A(H3N2),10.1466,0,null,null,null,null,null
Entire Network,FluSurv-NET,2023-24,2024,28,18-49 yr,Overall,Overall,A(H1N1)pdm09,18.223,0,null,null,null,null,null
Entire Network,FluSurv-NET,2023-24,2024,28,18-49 yr,Overall,Overall,Influenza B,10.9,0,79.33,0.17,null,null,null
Entire Network,FluSurv-NET,2023-24,2024,28,18-49 yr,Overall,Overall,Influenza A,29,0,79.33,0.17,null,null,null
Entire Network,FluSurv-NET,2023-24,2024,29,18-49 yr,Overall,Overall,Overall,40.1,0,79.43,0.11,null,null,null
Entire Network,FluSurv-NET,2023-24,2024,29,18-49 yr,Overall,Overall,Influenza A,29.1,0,79.43,0.11,null,null,null
Entire Network,FluSurv-NET,2023-24,2024,29,18-49 yr,Overall,Overall,Influenza B,10.9,0,79.43,0.11,null,null,null
Entire Network,FluSurv-NET,2023-24,2024,29,18-49 yr,Overall,Overall,A(H3N2),10.1466,0,null,null,null,null,null
Entire Network,FluSurv-NET,2023-24,2024,29,18-49 yr,Overall,Overall,A(H1N1)pdm09,18.223,0,null,null,null,null,null
Entire Network,FluSurv-NET,2023-24,2024,30,18-49 yr,Overall,Overall,Overall,40.2,0.1,79.51,0.08,null,null,null
Entire Network,FluSurv-NET,2023-24,2024,30,18-49 yr,Overall,Overall,A(H3N2),10.1466,0,null,null,null,null,null
Entire Network,FluSurv-NET,2023-24,2024,30,18-49 yr,Overall,Overall,A(H1N1)pdm09,18.223,0,null,null,null,null,null
Entire Network,FluSurv-NET,2023-24,2024,30,18-49 yr,Overall,Overall,Influenza B,10.9,0,79.51,0.08,null,null,null
Entire Network,FluSurv-NET,2023-24,2024,30,18-49 yr,Overall,Overall,Influenza A,29.1,0,79.51,0.08,null,null,null
Entire Network,FluSurv-NET,2023-24,2024,31,18-49 yr,Overall,Overall,Influenza A,29.1,0,79.57,0.06,null,null,null
Entire Network,FluSurv-NET,2023-24,2024,31,18-49 yr,Overall,Overall,Overall,40.2,0,79.57,0.06,null,null,null
Entire Network,FluSurv-NET,2023-24,2024,31,18-49 yr,Overall,Overall,Influenza B,10.9,0,79.57,0.06,null,null,null
Entire Network,FluSurv-NET,2023-24,2024,31,18-49 yr,Overall,Overall,A(H1N1)pdm09,18.223,0,null,null,null,null,null
Entire Network,FluSurv-NET,2023-24,2024,31,18-49 yr,Overall,Overall,A(H3N2),10.1466,0,null,null,null,null,null
Entire Network,FluSurv-NET,2023-24,2024,32,18-49 yr,Overall,Overall,Influenza A,29.1,0,79.67,0.1,null,null,null
Entire Network,FluSurv-NET,2023-24,2024,32,18-49 yr,Overall,Overall,Influenza B,10.9,0,79.67,0.1,null,null,null
Entire Network,FluSurv-NET,2023-24,2024,32,18-49 yr,Overall,Overall,A(H1N1)pdm09,18.223,0,null,null,null,null,null
Entire Network,FluSurv-NET,2023-24,2024,32,18-49 yr,Overall,Overall,A(H3N2),10.1466,0,null,null,null,null,null
Entire Network,FluSurv-NET,2023-24,2024,32,18-49 yr,Overall,Overall,Overall,40.2,0,79.67,0.1,null,null,null
Entire Network,FluSurv-NET,2023-24,2024,33,18-49 yr,Overall,Overall,Influenza A,29.2,0,79.76,0.09,null,null,null
Entire Network,FluSurv-NET,2023-24,2024,33,18-49 yr,Overall,Overall,Overall,40.2,0,79.76,0.09,null,null,null
Entire Network,FluSurv-NET,2023-24,2024,33,18-49 yr,Overall,Overall,A(H3N2),10.1466,0,null,null,null,null,null
Entire Network,FluSurv-NET,2023-24,2024,33,18-49 yr,Overall,Overall,A(H1N1)pdm09,18.223,0,null,null,null,null,null
Entire Network,FluSurv-NET,2023-24,2024,33,18-49 yr,Overall,Overall,Influenza B,10.9,0,79.76,0.09,null,null,null
Entire Network,FluSurv-NET,2023-24,2024,34,18-49 yr,Overall,Overall,Influenza A,29.2,0,79.82,0.06,null,null,null
Entire Network,FluSurv-NET,2023-24,2024,34,18-49 yr,Overall,Overall,Overall,40.3,0,79.82,0.06,null,null,null
Entire Network,FluSurv-NET,2023-24,2024,34,18-49 yr,Overall,Overall,A(H3N2),10.1466,0,null,null,null,null,null
Entire Network,FluSurv-NET,2023-24,2024,34,18-49 yr,Overall,Overall,A(H1N1)pdm09,18.223,0,null,null,null,null,null
Entire Network,FluSurv-NET,2023-24,2024,34,18-49 yr,Overall,Overall,Influenza B,11,0,79.82,0.06,null,null,null
Entire Network,FluSurv-NET,2023-24,2024,35,18-49 yr,Overall,Overall,A(H3N2),10.1466,0,null,null,null,null,null
Entire Network,FluSurv-NET,2023-24,2024,35,18-49 yr,Overall,Overall,A(H1N1)pdm09,18.223,0,null,null,null,null,null
Entire Network,FluSurv-NET,2023-24,2024,35,18-49 yr,Overall,Overall,Influenza B,11,0,79.92,0.09,null,null,null
Entire Network,FluSurv-NET,2023-24,2024,35,18-49 yr,Overall,Overall,Influenza A,29.2,0,79.92,0.09,null,null,null
Entire Network,FluSurv-NET,2023-24,2024,35,18-49 yr,Overall,Overall,Overall,40.3,0,79.92,0.09,null,null,null
Entire Network,FluSurv-NET,2023-24,2024,36,18-49 yr,Overall,Overall,Overall,40.4,0,80,0.08,null,null,null
Entire Network,FluSurv-NET,2023-24,2024,36,18-49 yr,Overall,Overall,A(H3N2),10.1466,0,null,null,null,null,null
Entire Network,FluSurv-NET,2023-24,2024,36,18-49 yr,Overall,Overall,A(H1N1)pdm09,18.223,0,null,null,null,null,null
Entire Network,FluSurv-NET,2023-24,2024,36,18-49 yr,Overall,Overall,Influenza B,11,0,80,0.08,null,null,null
Entire Network,FluSurv-NET,2023-24,2024,36,18-49 yr,Overall,Overall,Influenza A,29.2,0,80,0.08,null,null,null
Entire Network,FluSurv-NET,2023-24,2024,37,18-49 yr,Overall,Overall,Influenza A,29.2,0,80.08,0.08,null,null,null
Entire Network,FluSurv-NET,2023-24,2024,37,18-49 yr,Overall,Overall,Influenza B,11,0,80.08,0.08,null,null,null
Entire Network,FluSurv-NET,2023-24,2024,37,18-49 yr,Overall,Overall,A(H1N1)pdm09,18.223,0,null,null,null,null,null
Entire Network,FluSurv-NET,2023-24,2024,37,18-49 yr,Overall,Overall,A(H3N2),10.1466,0,null,null,null,null,null
Entire Network,FluSurv-NET,2023-24,2024,37,18-49 yr,Overall,Overall,Overall,40.4,0,80.08,0.08,null,null,null
Entire Network,FluSurv-NET,2023-24,2024,38,18-49 yr,Overall,Overall,Influenza A,29.3,0,80.2,0.12,null,null,null
Entire Network,FluSurv-NET,2023-24,2024,38,18-49 yr,Overall,Overall,Influenza B,11,0,80.2,0.12,null,null,null
Entire Network,FluSurv-NET,2023-24,2024,38,18-49 yr,Overall,Overall,A(H1N1)pdm09,18.223,0,null,null,null,null,null
Entire Network,FluSurv-NET,2023-24,2024,38,18-49 yr,Overall,Overall,A(H3N2),10.1466,0,null,null,null,null,null
Entire Network,FluSurv-NET,2023-24,2024,38,18-49 yr,Overall,Overall,Overall,40.4,0,80.2,0.12,null,null,null
Entire Network,FluSurv-NET,2023-24,2024,39,18-49 yr,Overall,Overall,Influenza A,29.3,0,80.32,0.12,null,null,null
Entire Network,FluSurv-NET,2023-24,2024,39,18-49 yr,Overall,Overall,Influenza B,11,0,80.32,0.12,null,null,null
Entire Network,FluSurv-NET,2023-24,2024,39,18-49 yr,Overall,Overall,A(H1N1)pdm09,18.223,0,null,null,null,null,null
Entire Network,FluSurv-NET,2023-24,2024,39,18-49 yr,Overall,Overall,A(H3N2),10.1466,0,null,null,null,null,null
Entire Network,FluSurv-NET,2023-24,2024,39,18-49 yr,Overall,Overall,Overall,40.4,0,80.32,0.12,null,null,null
Entire Network,FluSurv-NET,2023-24,2023,40,50-64 yr,Overall,Overall,Influenza A,0.2,0.2,0.2,0.2,null,null,null
Entire Network,FluSurv-NET,2023-24,2023,40,50-64 yr,Overall,Overall,Influenza B,0,0,0.2,0.2,null,null,null
Entire Network,FluSurv-NET,2023-24,2023,40,50-64 yr,Overall,Overall,A(H1N1)pdm09,0.13891,0.13891,null,null,null,null,null
Entire Network,FluSurv-NET,2023-24,2023,40,50-64 yr,Overall,Overall,A(H3N2),0.0305244,0.0305244,null,null,null,null,null
Entire Network,FluSurv-NET,2023-24,2023,40,50-64 yr,Overall,Overall,Overall,0.2,0.2,0.2,0.2,null,null,null
Entire Network,FluSurv-NET,2023-24,2023,41,50-64 yr,Overall,Overall,Influenza A,0.4,0.2,0.42,0.22,null,null,null
Entire Network,FluSurv-NET,2023-24,2023,41,50-64 yr,Overall,Overall,Influenza B,0,0,0.42,0.22,null,null,null
Entire Network,FluSurv-NET,2023-24,2023,41,50-64 yr,Overall,Overall,A(H1N1)pdm09,0.332726,0.193816,null,null,null,null,null
Entire Network,FluSurv-NET,2023-24,2023,41,50-64 yr,Overall,Overall,A(H3N2),0.0846715,0.0541471,null,null,null,null,null
Entire Network,FluSurv-NET,2023-24,2023,41,50-64 yr,Overall,Overall,Overall,0.4,0.3,0.42,0.22,null,null,null
Entire Network,FluSurv-NET,2023-24,2023,42,50-64 yr,Overall,Overall,Influenza A,0.7,0.3,0.66,0.24,null,null,null
Entire Network,FluSurv-NET,2023-24,2023,42,50-64 yr,Overall,Overall,Influenza B,0.1,0.1,0.66,0.24,null,null,null
Entire Network,FluSurv-NET,2023-24,2023,42,50-64 yr,Overall,Overall,A(H1N1)pdm09,0.586763,0.254036,null,null,null,null,null
Entire Network,FluSurv-NET,2023-24,2023,42,50-64 yr,Overall,Overall,A(H3N2),0.119494,0.034823,null,null,null,null,null
Entire Network,FluSurv-NET,2023-24,2023,42,50-64 yr,Overall,Overall,Overall,0.8,0.4,0.66,0.24,null,null,null
Entire Network,FluSurv-NET,2023-24,2023,43,50-64 yr,Overall,Overall,Influenza A,0.9,0.2,0.92,0.25,null,null,null
Entire Network,FluSurv-NET,2023-24,2023,43,50-64 yr,Overall,Overall,Influenza B,0.2,0.1,0.92,0.25,null,null,null
Entire Network,FluSurv-NET,2023-24,2023,43,50-64 yr,Overall,Overall,A(H1N1)pdm09,0.779314,0.192551,null,null,null,null,null
Entire Network,FluSurv-NET,2023-24,2023,43,50-64 yr,Overall,Overall,A(H3N2),0.157195,0.0377006,null,null,null,null,null
Entire Network,FluSurv-NET,2023-24,2023,43,50-64 yr,Overall,Overall,Overall,1.1,0.3,0.92,0.25,null,null,null
Entire Network,FluSurv-NET,2023-24,2023,44,50-64 yr,Overall,Overall,Overall,1.7,0.6,1.35,0.43,null,null,null
Entire Network,FluSurv-NET,2023-24,2023,44,50-64 yr,Overall,Overall,A(H3N2),0.245753,0.0885584,null,null,null,null,null
Entire Network,FluSurv-NET,2023-24,2023,44,50-64 yr,Overall,Overall,A(H1N1)pdm09,1.25728,0.477962,null,null,null,null,null
Entire Network,FluSurv-NET,2023-24,2023,44,50-64 yr,Overall,Overall,Influenza B,0.2,0,1.35,0.43,null,null,null
Entire Network,FluSurv-NET,2023-24,2023,44,50-64 yr,Overall,Overall,Influenza A,1.5,0.6,1.35,0.43,null,null,null
Entire Network,FluSurv-NET,2023-24,2023,45,50-64 yr,Overall,Overall,Influenza A,2.4,0.9,2.07,0.72,null,null,null
Entire Network,FluSurv-NET,2023-24,2023,45,50-64 yr,Overall,Overall,Influenza B,0.3,0.1,2.07,0.72,null,null,null
Entire Network,FluSurv-NET,2023-24,2023,45,50-64 yr,Overall,Overall,A(H1N1)pdm09,2.05835,0.801074,null,null,null,null,null
Entire Network,FluSurv-NET,2023-24,2023,45,50-64 yr,Overall,Overall,A(H3N2),0.347975,0.102222,null,null,null,null,null
Entire Network,FluSurv-NET,2023-24,2023,45,50-64 yr,Overall,Overall,Overall,2.7,1,2.07,0.72,null,null,null
Entire Network,FluSurv-NET,2023-24,2023,46,50-64 yr,Overall,Overall,Influenza A,3.6,1.2,2.97,0.91,null,null,null
Entire Network,FluSurv-NET,2023-24,2023,46,50-64 yr,Overall,Overall,Influenza B,0.4,0.1,2.97,0.91,null,null,null
Entire Network,FluSurv-NET,2023-24,2023,46,50-64 yr,Overall,Overall,A(H1N1)pdm09,3.12459,1.06624,null,null,null,null,null
Entire Network,FluSurv-NET,2023-24,2023,46,50-64 yr,Overall,Overall,A(H3N2),0.521043,0.173068,null,null,null,null,null
Entire Network,FluSurv-NET,2023-24,2023,46,50-64 yr,Overall,Overall,Overall,4.1,1.3,2.97,0.91,null,null,null
Entire Network,FluSurv-NET,2023-24,2023,47,50-64 yr,Overall,Overall,Influenza A,5.3,1.7,4.27,1.29,null,null,null
Entire Network,FluSurv-NET,2023-24,2023,47,50-64 yr,Overall,Overall,Influenza B,0.5,0.1,4.27,1.29,null,null,null
Entire Network,FluSurv-NET,2023-24,2023,47,50-64 yr,Overall,Overall,A(H1N1)pdm09,4.57796,1.45337,null,null,null,null,null
Entire Network,FluSurv-NET,2023-24,2023,47,50-64 yr,Overall,Overall,A(H3N2),0.785453,0.26441,null,null,null,null,null
Entire Network,FluSurv-NET,2023-24,2023,47,50-64 yr,Overall,Overall,Overall,5.9,1.8,4.27,1.29,null,null,null
Entire Network,FluSurv-NET,2023-24,2023,48,50-64 yr,Overall,Overall,Influenza A,7.9,2.6,6.27,2,null,null,null
Entire Network,FluSurv-NET,2023-24,2023,48,50-64 yr,Overall,Overall,Influenza B,0.6,0.1,6.27,2,null,null,null
Entire Network,FluSurv-NET,2023-24,2023,48,50-64 yr,Overall,Overall,A(H1N1)pdm09,6.74764,2.16968,null,null,null,null,null
Entire Network,FluSurv-NET,2023-24,2023,48,50-64 yr,Overall,Overall,A(H3N2),1.16524,0.379789,null,null,null,null,null
Entire Network,FluSurv-NET,2023-24,2023,48,50-64 yr,Overall,Overall,Overall,8.6,2.7,6.27,2,null,null,null
Entire Network,FluSurv-NET,2023-24,2023,49,50-64 yr,Overall,Overall,Overall,12.2,3.7,9.04,2.77,null,null,null
Entire Network,FluSurv-NET,2023-24,2023,49,50-64 yr,Overall,Overall,A(H3N2),1.76744,0.602197,null,null,null,null,null
Entire Network,FluSurv-NET,2023-24,2023,49,50-64 yr,Overall,Overall,A(H1N1)pdm09,9.59846,2.85082,null,null,null,null,null
Entire Network,FluSurv-NET,2023-24,2023,49,50-64 yr,Overall,Overall,Influenza B,0.8,0.2,9.04,2.77,null,null,null
Entire Network,FluSurv-NET,2023-24,2023,49,50-64 yr,Overall,Overall,Influenza A,11.3,3.5,9.04,2.77,null,null,null
Entire Network,FluSurv-NET,2023-24,2023,50,50-64 yr,Overall,Overall,Influenza A,15.9,4.6,13,3.97,null,null,null
Entire Network,FluSurv-NET,2023-24,2023,50,50-64 yr,Overall,Overall,Influenza B,1,0.2,13,3.97,null,null,null
Entire Network,FluSurv-NET,2023-24,2023,50,50-64 yr,Overall,Overall,A(H1N1)pdm09,13.4389,3.8404,null,null,null,null,null
Entire Network,FluSurv-NET,2023-24,2023,50,50-64 yr,Overall,Overall,A(H3N2),2.49539,0.72795,null,null,null,null,null
Entire Network,FluSurv-NET,2023-24,2023,50,50-64 yr,Overall,Overall,Overall,17,4.7,13,3.97,null,null,null
Entire Network,FluSurv-NET,2023-24,2023,51,50-64 yr,Overall,Overall,Overall,26.3,9.3,19.43,6.43,null,null,null
Entire Network,FluSurv-NET,2023-24,2023,51,50-64 yr,Overall,Overall,A(H3N2),3.83465,1.33926,null,null,null,null,null
Entire Network,FluSurv-NET,2023-24,2023,51,50-64 yr,Overall,Overall,A(H1N1)pdm09,20.8833,7.44447,null,null,null,null,null
Entire Network,FluSurv-NET,2023-24,2023,51,50-64 yr,Overall,Overall,Influenza B,1.5,0.5,19.43,6.43,null,null,null
Entire Network,FluSurv-NET,2023-24,2023,51,50-64 yr,Overall,Overall,Influenza A,24.7,8.8,19.43,6.43,null,null,null
Entire Network,FluSurv-NET,2023-24,2023,52,50-64 yr,Overall,Overall,Influenza A,35.6,10.9,28.03,8.6,null,null,null
Entire Network,FluSurv-NET,2023-24,2023,52,50-64 yr,Overall,Overall,Overall,37.7,11.4,28.03,8.6,null,null,null
Entire Network,FluSurv-NET,2023-24,2023,52,50-64 yr,Overall,Overall,A(H1N1)pdm09,30.2389,9.35556,null,null,null,null,null
Entire Network,FluSurv-NET,2023-24,2023,52,50-64 yr,Overall,Overall,A(H3N2),5.45779,1.62315,null,null,null,null,null
Entire Network,FluSurv-NET,2023-24,2023,52,50-64 yr,Overall,Overall,Influenza B,1.9,0.4,28.03,8.6,null,null,null
Entire Network,FluSurv-NET,2023-24,2024,1,50-64 yr,Overall,Overall,Influenza A,43.6,8,34.73,6.7,null,null,null
Entire Network,FluSurv-NET,2023-24,2024,1,50-64 yr,Overall,Overall,Influenza B,2.6,0.8,34.73,6.7,null,null,null
Entire Network,FluSurv-NET,2023-24,2024,1,50-64 yr,Overall,Overall,A(H1N1)pdm09,36.5369,6.29802,null,null,null,null,null
Entire Network,FluSurv-NET,2023-24,2024,1,50-64 yr,Overall,Overall,A(H3N2),7.19733,1.73954,null,null,null,null,null
Entire Network,FluSurv-NET,2023-24,2024,1,50-64 yr,Overall,Overall,Overall,46.5,8.9,34.73,6.7,null,null,null
Entire Network,FluSurv-NET,2023-24,2024,2,50-64 yr,Overall,Overall,Influenza A,50.5,6.8,39.96,5.23,null,null,null
Entire Network,FluSurv-NET,2023-24,2024,2,50-64 yr,Overall,Overall,Influenza B,3.1,0.5,39.96,5.23,null,null,null
Entire Network,FluSurv-NET,2023-24,2024,2,50-64 yr,Overall,Overall,A(H1N1)pdm09,41.7621,5.2252,null,null,null,null,null
Entire Network,FluSurv-NET,2023-24,2024,2,50-64 yr,Overall,Overall,A(H3N2),8.8053,1.60797,null,null,null,null,null
Entire Network,FluSurv-NET,2023-24,2024,2,50-64 yr,Overall,Overall,Overall,53.9,7.3,39.96,5.23,null,null,null
Entire Network,FluSurv-NET,2023-24,2024,3,50-64 yr,Overall,Overall,Overall,58.9,5.1,44.03,4.07,null,null,null
Entire Network,FluSurv-NET,2023-24,2024,3,50-64 yr,Overall,Overall,A(H3N2),9.96643,1.16113,null,null,null,null,null
Entire Network,FluSurv-NET,2023-24,2024,3,50-64 yr,Overall,Overall,A(H1N1)pdm09,45.1311,3.36901,null,null,null,null,null
Entire Network,FluSurv-NET,2023-24,2024,3,50-64 yr,Overall,Overall,Influenza B,3.6,0.5,44.03,4.07,null,null,null
Entire Network,FluSurv-NET,2023-24,2024,3,50-64 yr,Overall,Overall,Influenza A,55,4.5,44.03,4.07,null,null,null
Entire Network,FluSurv-NET,2023-24,2024,4,50-64 yr,Overall,Overall,Overall,63.5,4.6,47.88,3.84,null,null,null
Entire Network,FluSurv-NET,2023-24,2024,4,50-64 yr,Overall,Overall,A(H3N2),11.1033,1.13684,null,null,null,null,null
Entire Network,FluSurv-NET,2023-24,2024,4,50-64 yr,Overall,Overall,A(H1N1)pdm09,48.1014,2.97025,null,null,null,null,null
Entire Network,FluSurv-NET,2023-24,2024,4,50-64 yr,Overall,Overall,Influenza B,4.1,0.5,47.88,3.84,null,null,null
Entire Network,FluSurv-NET,2023-24,2024,4,50-64 yr,Overall,Overall,Influenza A,59.1,4.1,47.88,3.84,null,null,null
Entire Network,FluSurv-NET,2023-24,2024,5,50-64 yr,Overall,Overall,Overall,67.7,4.1,51.24,3.37,null,null,null
Entire Network,FluSurv-NET,2023-24,2024,5,50-64 yr,Overall,Overall,A(H3N2),12.2864,1.18314,null,null,null,null,null
Entire Network,FluSurv-NET,2023-24,2024,5,50-64 yr,Overall,Overall,A(H1N1)pdm09,50.7057,2.60438,null,null,null,null,null
Entire Network,FluSurv-NET,2023-24,2024,5,50-64 yr,Overall,Overall,Influenza B,4.4,0.3,51.24,3.37,null,null,null
Entire Network,FluSurv-NET,2023-24,2024,5,50-64 yr,Overall,Overall,Influenza A,62.9,3.8,51.24,3.37,null,null,null
Entire Network,FluSurv-NET,2023-24,2024,6,50-64 yr,Overall,Overall,A(H3N2),13.6922,1.4058,null,null,null,null,null
Entire Network,FluSurv-NET,2023-24,2024,6,50-64 yr,Overall,Overall,A(H1N1)pdm09,52.8395,2.13375,null,null,null,null,null
Entire Network,FluSurv-NET,2023-24,2024,6,50-64 yr,Overall,Overall,Overall,71.7,4,54.61,3.36,null,null,null
Entire Network,FluSurv-NET,2023-24,2024,6,50-64 yr,Overall,Overall,Influenza A,66.4,3.5,54.61,3.36,null,null,null
Entire Network,FluSurv-NET,2023-24,2024,6,50-64 yr,Overall,Overall,Influenza B,4.9,0.4,54.61,3.36,null,null,null
Entire Network,FluSurv-NET,2023-24,2024,7,50-64 yr,Overall,Overall,Influenza A,69.8,3.3,57.85,3.25,null,null,null
Entire Network,FluSurv-NET,2023-24,2024,7,50-64 yr,Overall,Overall,Overall,75.3,3.7,57.85,3.25,null,null,null
Entire Network,FluSurv-NET,2023-24,2024,7,50-64 yr,Overall,Overall,A(H1N1)pdm09,54.8515,2.01205,null,null,null,null,null
Entire Network,FluSurv-NET,2023-24,2024,7,50-64 yr,Overall,Overall,A(H3N2),15.0072,1.31497,null,null,null,null,null
Entire Network,FluSurv-NET,2023-24,2024,7,50-64 yr,Overall,Overall,Influenza B,5.2,0.3,57.85,3.25,null,null,null
Entire Network,FluSurv-NET,2023-24,2024,8,50-64 yr,Overall,Overall,Overall,79,3.6,61.07,3.21,null,null,null
Entire Network,FluSurv-NET,2023-24,2024,8,50-64 yr,Overall,Overall,Influenza A,73,3.2,61.07,3.21,null,null,null
Entire Network,FluSurv-NET,2023-24,2024,8,50-64 yr,Overall,Overall,Influenza B,5.6,0.4,61.07,3.21,null,null,null
Entire Network,FluSurv-NET,2023-24,2024,8,50-64 yr,Overall,Overall,A(H1N1)pdm09,56.7953,1.94373,null,null,null,null,null
Entire Network,FluSurv-NET,2023-24,2024,8,50-64 yr,Overall,Overall,A(H3N2),16.2852,1.27802,null,null,null,null,null
Entire Network,FluSurv-NET,2023-24,2024,9,50-64 yr,Overall,Overall,Overall,82.3,3.3,64.26,3.19,null,null,null
Entire Network,FluSurv-NET,2023-24,2024,9,50-64 yr,Overall,Overall,A(H3N2),17.564,1.27878,null,null,null,null,null
Entire Network,FluSurv-NET,2023-24,2024,9,50-64 yr,Overall,Overall,A(H1N1)pdm09,58.3833,1.58798,null,null,null,null,null
Entire Network,FluSurv-NET,2023-24,2024,9,50-64 yr,Overall,Overall,Influenza B,6.1,0.5,64.26,3.19,null,null,null
Entire Network,FluSurv-NET,2023-24,2024,9,50-64 yr,Overall,Overall,Influenza A,75.9,2.9,64.26,3.19,null,null,null
Entire Network,FluSurv-NET,2023-24,2024,10,50-64 yr,Overall,Overall,Influenza A,78.3,2.4,66.9,2.64,null,null,null
Entire Network,FluSurv-NET,2023-24,2024,10,50-64 yr,Overall,Overall,Influenza B,6.5,0.4,66.9,2.64,null,null,null
Entire Network,FluSurv-NET,2023-24,2024,10,50-64 yr,Overall,Overall,A(H1N1)pdm09,59.5712,1.18795,null,null,null,null,null
Entire Network,FluSurv-NET,2023-24,2024,10,50-64 yr,Overall,Overall,A(H3N2),18.8167,1.25272,null,null,null,null,null
Entire Network,FluSurv-NET,2023-24,2024,10,50-64 yr,Overall,Overall,Overall,85.2,2.9,66.9,2.64,null,null,null
Entire Network,FluSurv-NET,2023-24,2024,11,50-64 yr,Overall,Overall,Overall,87.4,2.1,68.96,2.06,null,null,null
Entire Network,FluSurv-NET,2023-24,2024,11,50-64 yr,Overall,Overall,A(H3N2),19.7326,0.915947,null,null,null,null,null
Entire Network,FluSurv-NET,2023-24,2024,11,50-64 yr,Overall,Overall,A(H1N1)pdm09,60.4935,0.922272,null,null,null,null,null
Entire Network,FluSurv-NET,2023-24,2024,11,50-64 yr,Overall,Overall,Influenza B,6.8,0.3,68.96,2.06,null,null,null
Entire Network,FluSurv-NET,2023-24,2024,11,50-64 yr,Overall,Overall,Influenza A,80.1,1.8,68.96,2.06,null,null,null
Entire Network,FluSurv-NET,2023-24,2024,12,50-64 yr,Overall,Overall,Overall,89.4,2.1,70.74,1.79,null,null,null
Entire Network,FluSurv-NET,2023-24,2024,12,50-64 yr,Overall,Overall,A(H3N2),20.7113,0.978697,null,null,null,null,null
Entire Network,FluSurv-NET,2023-24,2024,12,50-64 yr,Overall,Overall,A(H1N1)pdm09,61.2827,0.789182,null,null,null,null,null
Entire Network,FluSurv-NET,2023-24,2024,12,50-64 yr,Overall,Overall,Influenza B,7.1,0.3,70.74,1.79,null,null,null
Entire Network,FluSurv-NET,2023-24,2024,12,50-64 yr,Overall,Overall,Influenza A,81.9,1.8,70.74,1.79,null,null,null
Entire Network,FluSurv-NET,2023-24,2024,13,50-64 yr,Overall,Overall,Influenza B,7.4,0.3,72.42,1.67,null,null,null
Entire Network,FluSurv-NET,2023-24,2024,13,50-64 yr,Overall,Overall,Overall,91.3,1.8,72.42,1.67,null,null,null
Entire Network,FluSurv-NET,2023-24,2024,13,50-64 yr,Overall,Overall,A(H3N2),21.5316,0.820304,null,null,null,null,null
Entire Network,FluSurv-NET,2023-24,2024,13,50-64 yr,Overall,Overall,A(H1N1)pdm09,61.9823,0.699611,null,null,null,null,null
Entire Network,FluSurv-NET,2023-24,2024,13,50-64 yr,Overall,Overall,Influenza A,83.4,1.5,72.42,1.67,null,null,null
Entire Network,FluSurv-NET,2023-24,2024,14,50-64 yr,Overall,Overall,A(H1N1)pdm09,62.7191,0.736806,null,null,null,null,null
Entire Network,FluSurv-NET,2023-24,2024,14,50-64 yr,Overall,Overall,Influenza B,7.7,0.3,73.98,1.56,null,null,null
Entire Network,FluSurv-NET,2023-24,2024,14,50-64 yr,Overall,Overall,Influenza A,85.1,1.6,73.98,1.56,null,null,null
Entire Network,FluSurv-NET,2023-24,2024,14,50-64 yr,Overall,Overall,Overall,93.2,1.9,73.98,1.56,null,null,null
Entire Network,FluSurv-NET,2023-24,2024,14,50-64 yr,Overall,Overall,A(H3N2),22.4051,0.873439,null,null,null,null,null
Entire Network,FluSurv-NET,2023-24,2024,15,50-64 yr,Overall,Overall,Influenza A,86.3,1.3,75.21,1.23,null,null,null
Entire Network,FluSurv-NET,2023-24,2024,15,50-64 yr,Overall,Overall,Influenza B,7.9,0.2,75.21,1.23,null,null,null
Entire Network,FluSurv-NET,2023-24,2024,15,50-64 yr,Overall,Overall,A(H1N1)pdm09,63.3635,0.644452,null,null,null,null,null
Entire Network,FluSurv-NET,2023-24,2024,15,50-64 yr,Overall,Overall,A(H3N2),23.0151,0.610041,null,null,null,null,null
Entire Network,FluSurv-NET,2023-24,2024,15,50-64 yr,Overall,Overall,Overall,94.7,1.5,75.21,1.23,null,null,null
Entire Network,FluSurv-NET,2023-24,2024,16,50-64 yr,Overall,Overall,Overall,95.8,1.1,76.09,0.88,null,null,null
Entire Network,FluSurv-NET,2023-24,2024,16,50-64 yr,Overall,Overall,A(H3N2),23.567,0.551845,null,null,null,null,null
Entire Network,FluSurv-NET,2023-24,2024,16,50-64 yr,Overall,Overall,A(H1N1)pdm09,63.7835,0.42002,null,null,null,null,null
Entire Network,FluSurv-NET,2023-24,2024,16,50-64 yr,Overall,Overall,Influenza B,8.1,0.1,76.09,0.88,null,null,null
Entire Network,FluSurv-NET,2023-24,2024,16,50-64 yr,Overall,Overall,Influenza A,87.3,1,76.09,0.88,null,null,null
Entire Network,FluSurv-NET,2023-24,2024,17,50-64 yr,Overall,Overall,Overall,96.5,0.7,76.74,0.66,null,null,null
Entire Network,FluSurv-NET,2023-24,2024,17,50-64 yr,Overall,Overall,Influenza A,87.9,0.6,76.74,0.66,null,null,null
Entire Network,FluSurv-NET,2023-24,2024,17,50-64 yr,Overall,Overall,Influenza B,8.1,0.1,76.74,0.66,null,null,null
Entire Network,FluSurv-NET,2023-24,2024,17,50-64 yr,Overall,Overall,A(H1N1)pdm09,64.0368,0.253277,null,null,null,null,null
Entire Network,FluSurv-NET,2023-24,2024,17,50-64 yr,Overall,Overall,A(H3N2),23.9503,0.383331,null,null,null,null,null
Entire Network,FluSurv-NET,2023-24,2024,18,50-64 yr,Overall,Overall,Influenza A,88.3,0.4,77.17,0.42,null,null,null
Entire Network,FluSurv-NET,2023-24,2024,18,50-64 yr,Overall,Overall,A(H1N1)pdm09,64.1605,0.123729,null,null,null,null,null
Entire Network,FluSurv-NET,2023-24,2024,18,50-64 yr,Overall,Overall,A(H3N2),24.0561,0.105764,null,null,null,null,null
Entire Network,FluSurv-NET,2023-24,2024,18,50-64 yr,Overall,Overall,Overall,96.9,0.4,77.17,0.42,null,null,null
Entire Network,FluSurv-NET,2023-24,2024,18,50-64 yr,Overall,Overall,Influenza B,8.2,0.1,77.17,0.42,null,null,null
Entire Network,FluSurv-NET,2023-24,2024,19,50-64 yr,Overall,Overall,Influenza A,88.5,0.2,77.52,0.36,null,null,null
Entire Network,FluSurv-NET,2023-24,2024,19,50-64 yr,Overall,Overall,Influenza B,8.2,0,77.52,0.36,null,null,null
Entire Network,FluSurv-NET,2023-24,2024,19,50-64 yr,Overall,Overall,A(H1N1)pdm09,64.1605,0,null,null,null,null,null
Entire Network,FluSurv-NET,2023-24,2024,19,50-64 yr,Overall,Overall,A(H3N2),24.0561,0,null,null,null,null,null
Entire Network,FluSurv-NET,2023-24,2024,19,50-64 yr,Overall,Overall,Overall,97.2,0.3,77.52,0.36,null,null,null
Entire Network,FluSurv-NET,2023-24,2024,20,50-64 yr,Overall,Overall,Influenza A,88.7,0.2,77.8,0.28,null,null,null
Entire Network,FluSurv-NET,2023-24,2024,20,50-64 yr,Overall,Overall,Influenza B,8.3,0.1,77.8,0.28,null,null,null
Entire Network,FluSurv-NET,2023-24,2024,20,50-64 yr,Overall,Overall,A(H1N1)pdm09,64.1605,0,null,null,null,null,null
Entire Network,FluSurv-NET,2023-24,2024,20,50-64 yr,Overall,Overall,A(H3N2),24.0561,0,null,null,null,null,null
Entire Network,FluSurv-NET,2023-24,2024,20,50-64 yr,Overall,Overall,Overall,97.4,0.2,77.8,0.28,null,null,null
Entire Network,FluSurv-NET,2023-24,2024,21,50-64 yr,Overall,Overall,Overall,97.8,0.4,78.05,0.25,null,null,null
Entire Network,FluSurv-NET,2023-24,2024,21,50-64 yr,Overall,Overall,A(H3N2),24.0561,0,null,null,null,null,null
Entire Network,FluSurv-NET,2023-24,2024,21,50-64 yr,Overall,Overall,A(H1N1)pdm09,64.1605,0,null,null,null,null,null
Entire Network,FluSurv-NET,2023-24,2024,21,50-64 yr,Overall,Overall,Influenza B,8.3,0,78.05,0.25,null,null,null
Entire Network,FluSurv-NET,2023-24,2024,21,50-64 yr,Overall,Overall,Influenza A,89,0.3,78.05,0.25,null,null,null
Entire Network,FluSurv-NET,2023-24,2024,22,50-64 yr,Overall,Overall,Overall,98.1,0.3,78.3,0.25,null,null,null
Entire Network,FluSurv-NET,2023-24,2024,22,50-64 yr,Overall,Overall,A(H3N2),24.0561,0,null,null,null,null,null
Entire Network,FluSurv-NET,2023-24,2024,22,50-64 yr,Overall,Overall,A(H1N1)pdm09,64.1605,0,null,null,null,null,null
Entire Network,FluSurv-NET,2023-24,2024,22,50-64 yr,Overall,Overall,Influenza B,8.4,0.1,78.3,0.25,null,null,null
Entire Network,FluSurv-NET,2023-24,2024,22,50-64 yr,Overall,Overall,Influenza A,89.2,0.2,78.3,0.25,null,null,null
Entire Network,FluSurv-NET,2023-24,2024,23,50-64 yr,Overall,Overall,Influenza A,89.5,0.2,78.5,0.2,null,null,null
Entire Network,FluSurv-NET,2023-24,2024,23,50-64 yr,Overall,Overall,Influenza B,8.4,0,78.5,0.2,null,null,null
Entire Network,FluSurv-NET,2023-24,2024,23,50-64 yr,Overall,Overall,A(H1N1)pdm09,64.1605,0,null,null,null,null,null
Entire Network,FluSurv-NET,2023-24,2024,23,50-64 yr,Overall,Overall,A(H3N2),24.0561,0,null,null,null,null,null
Entire Network,FluSurv-NET,2023-24,2024,23,50-64 yr,Overall,Overall,Overall,98.4,0.3,78.5,0.2,null,null,null
Entire Network,FluSurv-NET,2023-24,2024,24,50-64 yr,Overall,Overall,Overall,98.5,0.2,78.66,0.16,null,null,null
Entire Network,FluSurv-NET,2023-24,2024,24,50-64 yr,Overall,Overall,A(H3N2),24.0561,0,null,null,null,null,null
Entire Network,FluSurv-NET,2023-24,2024,24,50-64 yr,Overall,Overall,A(H1N1)pdm09,64.1605,0,null,null,null,null,null
Entire Network,FluSurv-NET,2023-24,2024,24,50-64 yr,Overall,Overall,Influenza B,8.5,0,78.66,0.16,null,null,null
Entire Network,FluSurv-NET,2023-24,2024,24,50-64 yr,Overall,Overall,Influenza A,89.6,0.2,78.66,0.16,null,null,null
Entire Network,FluSurv-NET,2023-24,2024,25,50-64 yr,Overall,Overall,A(H3N2),24.0561,0,null,null,null,null,null
Entire Network,FluSurv-NET,2023-24,2024,25,50-64 yr,Overall,Overall,Overall,98.8,0.3,78.87,0.21,null,null,null
Entire Network,FluSurv-NET,2023-24,2024,25,50-64 yr,Overall,Overall,Influenza A,89.9,0.2,78.87,0.21,null,null,null
Entire Network,FluSurv-NET,2023-24,2024,25,50-64 yr,Overall,Overall,Influenza B,8.5,0,78.87,0.21,null,null,null
Entire Network,FluSurv-NET,2023-24,2024,25,50-64 yr,Overall,Overall,A(H1N1)pdm09,64.1605,0,null,null,null,null,null
Entire Network,FluSurv-NET,2023-24,2024,26,50-64 yr,Overall,Overall,Overall,99,0.2,79.01,0.14,null,null,null
Entire Network,FluSurv-NET,2023-24,2024,26,50-64 yr,Overall,Overall,Influenza A,90.1,0.2,79.01,0.14,null,null,null
Entire Network,FluSurv-NET,2023-24,2024,26,50-64 yr,Overall,Overall,Influenza B,8.5,0,79.01,0.14,null,null,null
Entire Network,FluSurv-NET,2023-24,2024,26,50-64 yr,Overall,Overall,A(H1N1)pdm09,64.1605,0,null,null,null,null,null
Entire Network,FluSurv-NET,2023-24,2024,26,50-64 yr,Overall,Overall,A(H3N2),24.0561,0,null,null,null,null,null
Entire Network,FluSurv-NET,2023-24,2024,27,50-64 yr,Overall,Overall,Overall,99.3,0.2,79.16,0.15,null,null,null
Entire Network,FluSurv-NET,2023-24,2024,27,50-64 yr,Overall,Overall,A(H3N2),24.0561,0,null,null,null,null,null
Entire Network,FluSurv-NET,2023-24,2024,27,50-64 yr,Overall,Overall,A(H1N1)pdm09,64.1605,0,null,null,null,null,null
Entire Network,FluSurv-NET,2023-24,2024,27,50-64 yr,Overall,Overall,Influenza B,8.5,0,79.16,0.15,null,null,null
Entire Network,FluSurv-NET,2023-24,2024,27,50-64 yr,Overall,Overall,Influenza A,90.3,0.2,79.16,0.15,null,null,null
Entire Network,FluSurv-NET,2023-24,2024,28,50-64 yr,Overall,Overall,Overall,99.5,0.2,79.33,0.17,null,null,null
Entire Network,FluSurv-NET,2023-24,2024,28,50-64 yr,Overall,Overall,A(H3N2),24.0561,0,null,null,null,null,null
Entire Network,FluSurv-NET,2023-24,2024,28,50-64 yr,Overall,Overall,A(H1N1)pdm09,64.1605,0,null,null,null,null,null
Entire Network,FluSurv-NET,2023-24,2024,28,50-64 yr,Overall,Overall,Influenza B,8.6,0.1,79.33,0.17,null,null,null
Entire Network,FluSurv-NET,2023-24,2024,28,50-64 yr,Overall,Overall,Influenza A,90.5,0.2,79.33,0.17,null,null,null
Entire Network,FluSurv-NET,2023-24,2024,29,50-64 yr,Overall,Overall,Influenza B,8.6,0,79.43,0.11,null,null,null
Entire Network,FluSurv-NET,2023-24,2024,29,50-64 yr,Overall,Overall,A(H3N2),24.0561,0,null,null,null,null,null
Entire Network,FluSurv-NET,2023-24,2024,29,50-64 yr,Overall,Overall,A(H1N1)pdm09,64.1605,0,null,null,null,null,null
Entire Network,FluSurv-NET,2023-24,2024,29,50-64 yr,Overall,Overall,Influenza A,90.6,0.1,79.43,0.11,null,null,null
Entire Network,FluSurv-NET,2023-24,2024,29,50-64 yr,Overall,Overall,Overall,99.6,0.1,79.43,0.11,null,null,null
Entire Network,FluSurv-NET,2023-24,2024,30,50-64 yr,Overall,Overall,A(H3N2),24.0561,0,null,null,null,null,null
Entire Network,FluSurv-NET,2023-24,2024,30,50-64 yr,Overall,Overall,A(H1N1)pdm09,64.1605,0,null,null,null,null,null
Entire Network,FluSurv-NET,2023-24,2024,30,50-64 yr,Overall,Overall,Influenza B,8.6,0,79.51,0.08,null,null,null
Entire Network,FluSurv-NET,2023-24,2024,30,50-64 yr,Overall,Overall,Influenza A,90.6,0,79.51,0.08,null,null,null
Entire Network,FluSurv-NET,2023-24,2024,30,50-64 yr,Overall,Overall,Overall,99.7,0.1,79.51,0.08,null,null,null
Entire Network,FluSurv-NET,2023-24,2024,31,50-64 yr,Overall,Overall,Influenza A,90.7,0.1,79.57,0.06,null,null,null
Entire Network,FluSurv-NET,2023-24,2024,31,50-64 yr,Overall,Overall,Influenza B,8.6,0,79.57,0.06,null,null,null
Entire Network,FluSurv-NET,2023-24,2024,31,50-64 yr,Overall,Overall,A(H3N2),24.0561,0,null,null,null,null,null
Entire Network,FluSurv-NET,2023-24,2024,31,50-64 yr,Overall,Overall,Overall,99.7,0.1,79.57,0.06,null,null,null
Entire Network,FluSurv-NET,2023-24,2024,31,50-64 yr,Overall,Overall,A(H1N1)pdm09,64.1605,0,null,null,null,null,null
Entire Network,FluSurv-NET,2023-24,2024,32,50-64 yr,Overall,Overall,Influenza A,90.8,0.1,79.67,0.1,null,null,null
Entire Network,FluSurv-NET,2023-24,2024,32,50-64 yr,Overall,Overall,A(H1N1)pdm09,64.1605,0,null,null,null,null,null
Entire Network,FluSurv-NET,2023-24,2024,32,50-64 yr,Overall,Overall,A(H3N2),24.0561,0,null,null,null,null,null
Entire Network,FluSurv-NET,2023-24,2024,32,50-64 yr,Overall,Overall,Overall,99.9,0.1,79.67,0.1,null,null,null
Entire Network,FluSurv-NET,2023-24,2024,32,50-64 yr,Overall,Overall,Influenza B,8.6,0,79.67,0.1,null,null,null
Entire Network,FluSurv-NET,2023-24,2024,33,50-64 yr,Overall,Overall,Overall,100,0.1,79.76,0.09,null,null,null
Entire Network,FluSurv-NET,2023-24,2024,33,50-64 yr,Overall,Overall,A(H3N2),24.0561,0,null,null,null,null,null
Entire Network,FluSurv-NET,2023-24,2024,33,50-64 yr,Overall,Overall,A(H1N1)pdm09,64.1605,0,null,null,null,null,null
Entire Network,FluSurv-NET,2023-24,2024,33,50-64 yr,Overall,Overall,Influenza B,8.6,0,79.76,0.09,null,null,null
Entire Network,FluSurv-NET,2023-24,2024,33,50-64 yr,Overall,Overall,Influenza A,90.9,0.1,79.76,0.09,null,null,null
Entire Network,FluSurv-NET,2023-24,2024,34,50-64 yr,Overall,Overall,Overall,100,0,79.82,0.06,null,null,null
Entire Network,FluSurv-NET,2023-24,2024,34,50-64 yr,Overall,Overall,A(H3N2),24.0561,0,null,null,null,null,null
Entire Network,FluSurv-NET,2023-24,2024,34,50-64 yr,Overall,Overall,A(H1N1)pdm09,64.1605,0,null,null,null,null,null
Entire Network,FluSurv-NET,2023-24,2024,34,50-64 yr,Overall,Overall,Influenza B,8.6,0,79.82,0.06,null,null,null
Entire Network,FluSurv-NET,2023-24,2024,34,50-64 yr,Overall,Overall,Influenza A,90.9,0,79.82,0.06,null,null,null
Entire Network,FluSurv-NET,2023-24,2024,35,50-64 yr,Overall,Overall,Influenza A,91,0.1,79.92,0.09,null,null,null
Entire Network,FluSurv-NET,2023-24,2024,35,50-64 yr,Overall,Overall,Overall,100.1,0.1,79.92,0.09,null,null,null
Entire Network,FluSurv-NET,2023-24,2024,35,50-64 yr,Overall,Overall,A(H3N2),24.0561,0,null,null,null,null,null
Entire Network,FluSurv-NET,2023-24,2024,35,50-64 yr,Overall,Overall,A(H1N1)pdm09,64.1605,0,null,null,null,null,null
Entire Network,FluSurv-NET,2023-24,2024,35,50-64 yr,Overall,Overall,Influenza B,8.7,0,79.92,0.09,null,null,null
Entire Network,FluSurv-NET,2023-24,2024,36,50-64 yr,Overall,Overall,Overall,100.2,0.1,80,0.08,null,null,null
Entire Network,FluSurv-NET,2023-24,2024,36,50-64 yr,Overall,Overall,Influenza B,8.7,0,80,0.08,null,null,null
Entire Network,FluSurv-NET,2023-24,2024,36,50-64 yr,Overall,Overall,Influenza A,91.1,0.1,80,0.08,null,null,null
Entire Network,FluSurv-NET,2023-24,2024,36,50-64 yr,Overall,Overall,A(H3N2),24.0561,0,null,null,null,null,null
Entire Network,FluSurv-NET,2023-24,2024,36,50-64 yr,Overall,Overall,A(H1N1)pdm09,64.1605,0,null,null,null,null,null
Entire Network,FluSurv-NET,2023-24,2024,37,50-64 yr,Overall,Overall,A(H1N1)pdm09,64.1605,0,null,null,null,null,null
Entire Network,FluSurv-NET,2023-24,2024,37,50-64 yr,Overall,Overall,A(H3N2),24.0561,0,null,null,null,null,null
Entire Network,FluSurv-NET,2023-24,2024,37,50-64 yr,Overall,Overall,Influenza B,8.8,0.1,80.08,0.08,null,null,null
Entire Network,FluSurv-NET,2023-24,2024,37,50-64 yr,Overall,Overall,Influenza A,91.1,0,80.08,0.08,null,null,null
Entire Network,FluSurv-NET,2023-24,2024,37,50-64 yr,Overall,Overall,Overall,100.3,0.1,80.08,0.08,null,null,null
Entire Network,FluSurv-NET,2023-24,2024,38,50-64 yr,Overall,Overall,Influenza A,91.2,0.1,80.2,0.12,null,null,null
Entire Network,FluSurv-NET,2023-24,2024,38,50-64 yr,Overall,Overall,Influenza B,8.8,0,80.2,0.12,null,null,null
Entire Network,FluSurv-NET,2023-24,2024,38,50-64 yr,Overall,Overall,A(H1N1)pdm09,64.1605,0,null,null,null,null,null
Entire Network,FluSurv-NET,2023-24,2024,38,50-64 yr,Overall,Overall,A(H3N2),24.0561,0,null,null,null,null,null
Entire Network,FluSurv-NET,2023-24,2024,38,50-64 yr,Overall,Overall,Overall,100.5,0.1,80.2,0.12,null,null,null
Entire Network,FluSurv-NET,2023-24,2024,39,50-64 yr,Overall,Overall,Influenza A,91.2,0,80.32,0.12,null,null,null
Entire Network,FluSurv-NET,2023-24,2024,39,50-64 yr,Overall,Overall,Influenza B,8.8,0,80.32,0.12,null,null,null
Entire Network,FluSurv-NET,2023-24,2024,39,50-64 yr,Overall,Overall,A(H1N1)pdm09,64.1605,0,null,null,null,null,null
Entire Network,FluSurv-NET,2023-24,2024,39,50-64 yr,Overall,Overall,A(H3N2),24.0561,0,null,null,null,null,null
Entire Network,FluSurv-NET,2023-24,2024,39,50-64 yr,Overall,Overall,Overall,100.5,0,80.32,0.12,null,null,null
Entire Network,FluSurv-NET,2023-24,2023,40,>= 65 yr,Overall,Overall,Influenza A,0.5,0.5,0.2,0.2,null,null,null
Entire Network,FluSurv-NET,2023-24,2023,40,>= 65 yr,Overall,Overall,Influenza B,0.1,0.1,0.2,0.2,null,null,null
Entire Network,FluSurv-NET,2023-24,2023,40,>= 65 yr,Overall,Overall,A(H1N1)pdm09,0.437515,0.437515,null,null,null,null,null
Entire Network,FluSurv-NET,2023-24,2023,40,>= 65 yr,Overall,Overall,A(H3N2),0.084634,0.084634,null,null,null,null,null
Entire Network,FluSurv-NET,2023-24,2023,40,>= 65 yr,Overall,Overall,Overall,0.7,0.7,0.2,0.2,null,null,null
Entire Network,FluSurv-NET,2023-24,2023,41,>= 65 yr,Overall,Overall,Influenza A,1.1,0.6,0.42,0.22,null,null,null
Entire Network,FluSurv-NET,2023-24,2023,41,>= 65 yr,Overall,Overall,Influenza B,0.2,0.1,0.42,0.22,null,null,null
Entire Network,FluSurv-NET,2023-24,2023,41,>= 65 yr,Overall,Overall,A(H1N1)pdm09,0.933556,0.496041,null,null,null,null,null
Entire Network,FluSurv-NET,2023-24,2023,41,>= 65 yr,Overall,Overall,A(H3N2),0.211155,0.126521,null,null,null,null,null
Entire Network,FluSurv-NET,2023-24,2023,41,>= 65 yr,Overall,Overall,Overall,1.3,0.7,0.42,0.22,null,null,null
Entire Network,FluSurv-NET,2023-24,2023,42,>= 65 yr,Overall,Overall,A(H3N2),0.291194,0.0800395,null,null,null,null,null
Entire Network,FluSurv-NET,2023-24,2023,42,>= 65 yr,Overall,Overall,Overall,2,0.6,0.66,0.24,null,null,null
Entire Network,FluSurv-NET,2023-24,2023,42,>= 65 yr,Overall,Overall,A(H1N1)pdm09,1.35673,0.42317,null,null,null,null,null
Entire Network,FluSurv-NET,2023-24,2023,42,>= 65 yr,Overall,Overall,Influenza A,1.6,0.5,0.66,0.24,null,null,null
Entire Network,FluSurv-NET,2023-24,2023,42,>= 65 yr,Overall,Overall,Influenza B,0.3,0.1,0.66,0.24,null,null,null
Entire Network,FluSurv-NET,2023-24,2023,43,>= 65 yr,Overall,Overall,Influenza A,2.1,0.5,0.92,0.25,null,null,null
Entire Network,FluSurv-NET,2023-24,2023,43,>= 65 yr,Overall,Overall,Influenza B,0.4,0.1,0.92,0.25,null,null,null
Entire Network,FluSurv-NET,2023-24,2023,43,>= 65 yr,Overall,Overall,A(H1N1)pdm09,1.72567,0.368947,null,null,null,null,null
Entire Network,FluSurv-NET,2023-24,2023,43,>= 65 yr,Overall,Overall,A(H3N2),0.383861,0.0926671,null,null,null,null,null
Entire Network,FluSurv-NET,2023-24,2023,43,>= 65 yr,Overall,Overall,Overall,2.5,0.5,0.92,0.25,null,null,null
Entire Network,FluSurv-NET,2023-24,2023,44,>= 65 yr,Overall,Overall,Overall,3.6,1.1,1.35,0.43,null,null,null
Entire Network,FluSurv-NET,2023-24,2023,44,>= 65 yr,Overall,Overall,A(H3N2),0.551408,0.167547,null,null,null,null,null
Entire Network,FluSurv-NET,2023-24,2023,44,>= 65 yr,Overall,Overall,A(H1N1)pdm09,2.40074,0.675064,null,null,null,null,null
Entire Network,FluSurv-NET,2023-24,2023,44,>= 65 yr,Overall,Overall,Influenza B,0.6,0.2,1.35,0.43,null,null,null
Entire Network,FluSurv-NET,2023-24,2023,44,>= 65 yr,Overall,Overall,Influenza A,2.9,0.8,1.35,0.43,null,null,null
Entire Network,FluSurv-NET,2023-24,2023,45,>= 65 yr,Overall,Overall,Influenza B,0.9,0.2,2.07,0.72,null,null,null
Entire Network,FluSurv-NET,2023-24,2023,45,>= 65 yr,Overall,Overall,A(H1N1)pdm09,3.52106,1.12032,null,null,null,null,null
Entire Network,FluSurv-NET,2023-24,2023,45,>= 65 yr,Overall,Overall,A(H3N2),0.836581,0.285174,null,null,null,null,null
Entire Network,FluSurv-NET,2023-24,2023,45,>= 65 yr,Overall,Overall,Overall,5.2,1.6,2.07,0.72,null,null,null
Entire Network,FluSurv-NET,2023-24,2023,45,>= 65 yr,Overall,Overall,Influenza A,4.3,1.4,2.07,0.72,null,null,null
Entire Network,FluSurv-NET,2023-24,2023,46,>= 65 yr,Overall,Overall,Influenza A,6.2,1.9,2.97,0.91,null,null,null
Entire Network,FluSurv-NET,2023-24,2023,46,>= 65 yr,Overall,Overall,Influenza B,1,0.2,2.97,0.91,null,null,null
Entire Network,FluSurv-NET,2023-24,2023,46,>= 65 yr,Overall,Overall,A(H1N1)pdm09,5.04792,1.52685,null,null,null,null,null
Entire Network,FluSurv-NET,2023-24,2023,46,>= 65 yr,Overall,Overall,A(H3N2),1.19721,0.360627,null,null,null,null,null
Entire Network,FluSurv-NET,2023-24,2023,46,>= 65 yr,Overall,Overall,Overall,7.3,2.1,2.97,0.91,null,null,null
Entire Network,FluSurv-NET,2023-24,2023,47,>= 65 yr,Overall,Overall,Influenza A,9.4,3.2,4.27,1.29,null,null,null
Entire Network,FluSurv-NET,2023-24,2023,47,>= 65 yr,Overall,Overall,Influenza B,1.2,0.2,4.27,1.29,null,null,null
Entire Network,FluSurv-NET,2023-24,2023,47,>= 65 yr,Overall,Overall,A(H1N1)pdm09,7.65005,2.60214,null,null,null,null,null
Entire Network,FluSurv-NET,2023-24,2023,47,>= 65 yr,Overall,Overall,A(H3N2),1.78706,0.589856,null,null,null,null,null
Entire Network,FluSurv-NET,2023-24,2023,47,>= 65 yr,Overall,Overall,Overall,10.7,3.4,4.27,1.29,null,null,null
Entire Network,FluSurv-NET,2023-24,2023,48,>= 65 yr,Overall,Overall,Influenza A,14.5,5.1,6.27,2,null,null,null
Entire Network,FluSurv-NET,2023-24,2023,48,>= 65 yr,Overall,Overall,Influenza B,1.6,0.3,6.27,2,null,null,null
Entire Network,FluSurv-NET,2023-24,2023,48,>= 65 yr,Overall,Overall,A(H1N1)pdm09,11.724,4.07391,null,null,null,null,null
Entire Network,FluSurv-NET,2023-24,2023,48,>= 65 yr,Overall,Overall,A(H3N2),2.79148,1.00442,null,null,null,null,null
Entire Network,FluSurv-NET,2023-24,2023,48,>= 65 yr,Overall,Overall,Overall,16.1,5.4,6.27,2,null,null,null
Entire Network,FluSurv-NET,2023-24,2023,49,>= 65 yr,Overall,Overall,Influenza A,21.6,7.1,9.04,2.77,null,null,null
Entire Network,FluSurv-NET,2023-24,2023,49,>= 65 yr,Overall,Overall,Overall,23.7,7.6,9.04,2.77,null,null,null
Entire Network,FluSurv-NET,2023-24,2023,49,>= 65 yr,Overall,Overall,A(H3N2),4.13645,1.34496,null,null,null,null,null
Entire Network,FluSurv-NET,2023-24,2023,49,>= 65 yr,Overall,Overall,A(H1N1)pdm09,17.5264,5.80245,null,null,null,null,null
Entire Network,FluSurv-NET,2023-24,2023,49,>= 65 yr,Overall,Overall,Influenza B,2,0.4,9.04,2.77,null,null,null
Entire Network,FluSurv-NET,2023-24,2023,50,>= 65 yr,Overall,Overall,Influenza A,31.7,10,13,3.97,null,null,null
Entire Network,FluSurv-NET,2023-24,2023,50,>= 65 yr,Overall,Overall,Influenza B,2.5,0.5,13,3.97,null,null,null
Entire Network,FluSurv-NET,2023-24,2023,50,>= 65 yr,Overall,Overall,A(H1N1)pdm09,25.6679,8.1415,null,null,null,null,null
Entire Network,FluSurv-NET,2023-24,2023,50,>= 65 yr,Overall,Overall,A(H3N2),6.05176,1.91531,null,null,null,null,null
Entire Network,FluSurv-NET,2023-24,2023,50,>= 65 yr,Overall,Overall,Overall,34.3,10.6,13,3.97,null,null,null
Entire Network,FluSurv-NET,2023-24,2023,51,>= 65 yr,Overall,Overall,Overall,51.7,17.4,19.43,6.43,null,null,null
Entire Network,FluSurv-NET,2023-24,2023,51,>= 65 yr,Overall,Overall,A(H3N2),9.29596,3.24421,null,null,null,null,null
Entire Network,FluSurv-NET,2023-24,2023,51,>= 65 yr,Overall,Overall,A(H1N1)pdm09,39.0668,13.3989,null,null,null,null,null
Entire Network,FluSurv-NET,2023-24,2023,51,>= 65 yr,Overall,Overall,Influenza B,3.2,0.7,19.43,6.43,null,null,null
Entire Network,FluSurv-NET,2023-24,2023,51,>= 65 yr,Overall,Overall,Influenza A,48.3,16.6,19.43,6.43,null,null,null
Entire Network,FluSurv-NET,2023-24,2023,52,>= 65 yr,Overall,Overall,Overall,77,25.3,28.03,8.6,null,null,null
Entire Network,FluSurv-NET,2023-24,2023,52,>= 65 yr,Overall,Overall,Influenza A,72.6,24.3,28.03,8.6,null,null,null
Entire Network,FluSurv-NET,2023-24,2023,52,>= 65 yr,Overall,Overall,Influenza B,4.2,0.9,28.03,8.6,null,null,null
Entire Network,FluSurv-NET,2023-24,2023,52,>= 65 yr,Overall,Overall,A(H1N1)pdm09,58.9931,19.9263,null,null,null,null,null
Entire Network,FluSurv-NET,2023-24,2023,52,>= 65 yr,Overall,Overall,A(H3N2),13.6401,4.34416,null,null,null,null,null
Entire Network,FluSurv-NET,2023-24,2024,1,>= 65 yr,Overall,Overall,Influenza A,91.1,18.5,34.73,6.7,null,null,null
Entire Network,FluSurv-NET,2023-24,2024,1,>= 65 yr,Overall,Overall,Influenza B,4.9,0.8,34.73,6.7,null,null,null
Entire Network,FluSurv-NET,2023-24,2024,1,>= 65 yr,Overall,Overall,A(H1N1)pdm09,72.6183,13.6252,null,null,null,null,null
Entire Network,FluSurv-NET,2023-24,2024,1,>= 65 yr,Overall,Overall,A(H3N2),18.5185,4.87836,null,null,null,null,null
Entire Network,FluSurv-NET,2023-24,2024,1,>= 65 yr,Overall,Overall,Overall,96.3,19.3,34.73,6.7,null,null,null
Entire Network,FluSurv-NET,2023-24,2024,2,>= 65 yr,Overall,Overall,Influenza A,105.2,14.1,39.96,5.23,null,null,null
Entire Network,FluSurv-NET,2023-24,2024,2,>= 65 yr,Overall,Overall,Influenza B,5.6,0.6,39.96,5.23,null,null,null
Entire Network,FluSurv-NET,2023-24,2024,2,>= 65 yr,Overall,Overall,A(H1N1)pdm09,82.7342,10.1159,null,null,null,null,null
Entire Network,FluSurv-NET,2023-24,2024,2,>= 65 yr,Overall,Overall,A(H3N2),22.49,3.97149,null,null,null,null,null
Entire Network,FluSurv-NET,2023-24,2024,2,>= 65 yr,Overall,Overall,Overall,111,14.8,39.96,5.23,null,null,null
Entire Network,FluSurv-NET,2023-24,2024,3,>= 65 yr,Overall,Overall,A(H1N1)pdm09,90.4829,7.74874,null,null,null,null,null
Entire Network,FluSurv-NET,2023-24,2024,3,>= 65 yr,Overall,Overall,Influenza B,6.2,0.6,44.03,4.07,null,null,null
Entire Network,FluSurv-NET,2023-24,2024,3,>= 65 yr,Overall,Overall,Influenza A,116.5,11.3,44.03,4.07,null,null,null
Entire Network,FluSurv-NET,2023-24,2024,3,>= 65 yr,Overall,Overall,Overall,123,12,44.03,4.07,null,null,null
Entire Network,FluSurv-NET,2023-24,2024,3,>= 65 yr,Overall,Overall,A(H3N2),26.0805,3.59049,null,null,null,null,null
Entire Network,FluSurv-NET,2023-24,2024,4,>= 65 yr,Overall,Overall,Influenza A,126.3,9.7,47.88,3.84,null,null,null
Entire Network,FluSurv-NET,2023-24,2024,4,>= 65 yr,Overall,Overall,Influenza B,6.6,0.5,47.88,3.84,null,null,null
Entire Network,FluSurv-NET,2023-24,2024,4,>= 65 yr,Overall,Overall,Overall,133.2,10.2,47.88,3.84,null,null,null
Entire Network,FluSurv-NET,2023-24,2024,4,>= 65 yr,Overall,Overall,A(H3N2),29.1755,3.09502,null,null,null,null,null
Entire Network,FluSurv-NET,2023-24,2024,4,>= 65 yr,Overall,Overall,A(H1N1)pdm09,97.1019,6.61895,null,null,null,null,null
Entire Network,FluSurv-NET,2023-24,2024,5,>= 65 yr,Overall,Overall,Overall,142.8,9.6,51.24,3.37,null,null,null
Entire Network,FluSurv-NET,2023-24,2024,5,>= 65 yr,Overall,Overall,A(H3N2),32.5755,3.39999,null,null,null,null,null
Entire Network,FluSurv-NET,2023-24,2024,5,>= 65 yr,Overall,Overall,A(H1N1)pdm09,102.649,5.54683,null,null,null,null,null
Entire Network,FluSurv-NET,2023-24,2024,5,>= 65 yr,Overall,Overall,Influenza B,7.2,0.6,51.24,3.37,null,null,null
Entire Network,FluSurv-NET,2023-24,2024,5,>= 65 yr,Overall,Overall,Influenza A,135.2,9,51.24,3.37,null,null,null
Entire Network,FluSurv-NET,2023-24,2024,6,>= 65 yr,Overall,Overall,A(H3N2),36.5685,3.993,null,null,null,null,null
Entire Network,FluSurv-NET,2023-24,2024,6,>= 65 yr,Overall,Overall,A(H1N1)pdm09,107.398,4.74926,null,null,null,null,null
Entire Network,FluSurv-NET,2023-24,2024,6,>= 65 yr,Overall,Overall,Influenza B,7.8,0.6,54.61,3.36,null,null,null
Entire Network,FluSurv-NET,2023-24,2024,6,>= 65 yr,Overall,Overall,Influenza A,143.9,8.7,54.61,3.36,null,null,null
Entire Network,FluSurv-NET,2023-24,2024,6,>= 65 yr,Overall,Overall,Overall,152.2,9.4,54.61,3.36,null,null,null
Entire Network,FluSurv-NET,2023-24,2024,7,>= 65 yr,Overall,Overall,Overall,161.2,9,57.85,3.25,null,null,null
Entire Network,FluSurv-NET,2023-24,2024,7,>= 65 yr,Overall,Overall,Influenza A,152.5,8.6,57.85,3.25,null,null,null
Entire Network,FluSurv-NET,2023-24,2024,7,>= 65 yr,Overall,Overall,Influenza B,8.2,0.4,57.85,3.25,null,null,null
Entire Network,FluSurv-NET,2023-24,2024,7,>= 65 yr,Overall,Overall,A(H1N1)pdm09,111.814,4.4156,null,null,null,null,null
Entire Network,FluSurv-NET,2023-24,2024,7,>= 65 yr,Overall,Overall,A(H3N2),40.7379,4.16944,null,null,null,null,null
Entire Network,FluSurv-NET,2023-24,2024,8,>= 65 yr,Overall,Overall,Influenza A,161.1,8.6,61.07,3.21,null,null,null
Entire Network,FluSurv-NET,2023-24,2024,8,>= 65 yr,Overall,Overall,Influenza B,8.7,0.5,61.07,3.21,null,null,null
Entire Network,FluSurv-NET,2023-24,2024,8,>= 65 yr,Overall,Overall,A(H1N1)pdm09,116.075,4.26125,null,null,null,null,null
Entire Network,FluSurv-NET,2023-24,2024,8,>= 65 yr,Overall,Overall,A(H3N2),45.0973,4.35937,null,null,null,null,null
Entire Network,FluSurv-NET,2023-24,2024,8,>= 65 yr,Overall,Overall,Overall,170.4,9.2,61.07,3.21,null,null,null
Entire Network,FluSurv-NET,2023-24,2024,9,>= 65 yr,Overall,Overall,A(H1N1)pdm09,120.604,4.5295,null,null,null,null,null
Entire Network,FluSurv-NET,2023-24,2024,9,>= 65 yr,Overall,Overall,Overall,179.8,9.5,64.26,3.19,null,null,null
Entire Network,FluSurv-NET,2023-24,2024,9,>= 65 yr,Overall,Overall,A(H3N2),49.2487,4.15137,null,null,null,null,null
Entire Network,FluSurv-NET,2023-24,2024,9,>= 65 yr,Overall,Overall,Influenza B,9.4,0.7,64.26,3.19,null,null,null
Entire Network,FluSurv-NET,2023-24,2024,9,>= 65 yr,Overall,Overall,Influenza A,169.8,8.7,64.26,3.19,null,null,null
Entire Network,FluSurv-NET,2023-24,2024,10,>= 65 yr,Overall,Overall,Influenza A,176.4,6.6,66.9,2.64,null,null,null
Entire Network,FluSurv-NET,2023-24,2024,10,>= 65 yr,Overall,Overall,Influenza B,10,0.6,66.9,2.64,null,null,null
Entire Network,FluSurv-NET,2023-24,2024,10,>= 65 yr,Overall,Overall,A(H3N2),52.9479,3.69922,null,null,null,null,null
Entire Network,FluSurv-NET,2023-24,2024,10,>= 65 yr,Overall,Overall,Overall,187.1,7.2,66.9,2.64,null,null,null
Entire Network,FluSurv-NET,2023-24,2024,10,>= 65 yr,Overall,Overall,A(H1N1)pdm09,123.52,2.91543,null,null,null,null,null
Entire Network,FluSurv-NET,2023-24,2024,11,>= 65 yr,Overall,Overall,A(H1N1)pdm09,125.892,2.37233,null,null,null,null,null
Entire Network,FluSurv-NET,2023-24,2024,11,>= 65 yr,Overall,Overall,Overall,193.2,6.1,68.96,2.06,null,null,null
Entire Network,FluSurv-NET,2023-24,2024,11,>= 65 yr,Overall,Overall,A(H3N2),56.2698,3.32196,null,null,null,null,null
Entire Network,FluSurv-NET,2023-24,2024,11,>= 65 yr,Overall,Overall,Influenza A,182.1,5.7,68.96,2.06,null,null,null
Entire Network,FluSurv-NET,2023-24,2024,11,>= 65 yr,Overall,Overall,Influenza B,10.4,0.4,68.96,2.06,null,null,null
Entire Network,FluSurv-NET,2023-24,2024,12,>= 65 yr,Overall,Overall,Overall,198.1,4.8,70.74,1.79,null,null,null
Entire Network,FluSurv-NET,2023-24,2024,12,>= 65 yr,Overall,Overall,A(H3N2),59.0071,2.73726,null,null,null,null,null
Entire Network,FluSurv-NET,2023-24,2024,12,>= 65 yr,Overall,Overall,A(H1N1)pdm09,127.52,1.62842,null,null,null,null,null
Entire Network,FluSurv-NET,2023-24,2024,12,>= 65 yr,Overall,Overall,Influenza B,10.9,0.4,70.74,1.79,null,null,null
Entire Network,FluSurv-NET,2023-24,2024,12,>= 65 yr,Overall,Overall,Influenza A,186.5,4.4,70.74,1.79,null,null,null
Entire Network,FluSurv-NET,2023-24,2024,13,>= 65 yr,Overall,Overall,A(H3N2),61.5392,2.53213,null,null,null,null,null
Entire Network,FluSurv-NET,2023-24,2024,13,>= 65 yr,Overall,Overall,A(H1N1)pdm09,129.514,1.99363,null,null,null,null,null
Entire Network,FluSurv-NET,2023-24,2024,13,>= 65 yr,Overall,Overall,Influenza B,11.3,0.5,72.42,1.67,null,null,null
Entire Network,FluSurv-NET,2023-24,2024,13,>= 65 yr,Overall,Overall,Influenza A,191,4.5,72.42,1.67,null,null,null
Entire Network,FluSurv-NET,2023-24,2024,13,>= 65 yr,Overall,Overall,Overall,203.1,5,72.42,1.67,null,null,null
Entire Network,FluSurv-NET,2023-24,2024,14,>= 65 yr,Overall,Overall,Influenza A,194.9,3.8,73.98,1.56,null,null,null
Entire Network,FluSurv-NET,2023-24,2024,14,>= 65 yr,Overall,Overall,A(H1N1)pdm09,131.199,1.68522,null,null,null,null,null
Entire Network,FluSurv-NET,2023-24,2024,14,>= 65 yr,Overall,Overall,Influenza B,11.8,0.5,73.98,1.56,null,null,null
Entire Network,FluSurv-NET,2023-24,2024,14,>= 65 yr,Overall,Overall,Overall,207.4,4.4,73.98,1.56,null,null,null
Entire Network,FluSurv-NET,2023-24,2024,14,>= 65 yr,Overall,Overall,A(H3N2),63.7007,2.16147,null,null,null,null,null
Entire Network,FluSurv-NET,2023-24,2024,15,>= 65 yr,Overall,Overall,Influenza A,198.1,3.2,75.21,1.23,null,null,null
Entire Network,FluSurv-NET,2023-24,2024,15,>= 65 yr,Overall,Overall,A(H3N2),65.4875,1.78678,null,null,null,null,null
Entire Network,FluSurv-NET,2023-24,2024,15,>= 65 yr,Overall,Overall,Overall,211,3.6,75.21,1.23,null,null,null
Entire Network,FluSurv-NET,2023-24,2024,15,>= 65 yr,Overall,Overall,Influenza B,12.2,0.3,75.21,1.23,null,null,null
Entire Network,FluSurv-NET,2023-24,2024,15,>= 65 yr,Overall,Overall,A(H1N1)pdm09,132.598,1.3989,null,null,null,null,null
Entire Network,FluSurv-NET,2023-24,2024,16,>= 65 yr,Overall,Overall,A(H1N1)pdm09,133.465,0.866996,null,null,null,null,null
Entire Network,FluSurv-NET,2023-24,2024,16,>= 65 yr,Overall,Overall,Influenza B,12.4,0.3,76.09,0.88,null,null,null
Entire Network,FluSurv-NET,2023-24,2024,16,>= 65 yr,Overall,Overall,Overall,213.6,2.7,76.09,0.88,null,null,null
Entire Network,FluSurv-NET,2023-24,2024,16,>= 65 yr,Overall,Overall,A(H3N2),67.0244,1.5369,null,null,null,null,null
Entire Network,FluSurv-NET,2023-24,2024,16,>= 65 yr,Overall,Overall,Influenza A,200.5,2.4,76.09,0.88,null,null,null
Entire Network,FluSurv-NET,2023-24,2024,17,>= 65 yr,Overall,Overall,Influenza A,202.2,1.7,76.74,0.66,null,null,null
Entire Network,FluSurv-NET,2023-24,2024,17,>= 65 yr,Overall,Overall,Influenza B,12.7,0.2,76.74,0.66,null,null,null
Entire Network,FluSurv-NET,2023-24,2024,17,>= 65 yr,Overall,Overall,A(H1N1)pdm09,134.102,0.63662,null,null,null,null,null
Entire Network,FluSurv-NET,2023-24,2024,17,>= 65 yr,Overall,Overall,A(H3N2),68.1301,1.10569,null,null,null,null,null
Entire Network,FluSurv-NET,2023-24,2024,17,>= 65 yr,Overall,Overall,Overall,215.6,2,76.74,0.66,null,null,null
Entire Network,FluSurv-NET,2023-24,2024,18,>= 65 yr,Overall,Overall,Influenza A,203.6,1.4,77.17,0.42,null,null,null
Entire Network,FluSurv-NET,2023-24,2024,18,>= 65 yr,Overall,Overall,Influenza B,12.8,0.1,77.17,0.42,null,null,null
Entire Network,FluSurv-NET,2023-24,2024,18,>= 65 yr,Overall,Overall,A(H1N1)pdm09,134.457,0.355176,null,null,null,null,null
Entire Network,FluSurv-NET,2023-24,2024,18,>= 65 yr,Overall,Overall,A(H3N2),68.5567,0.426613,null,null,null,null,null
Entire Network,FluSurv-NET,2023-24,2024,18,>= 65 yr,Overall,Overall,Overall,217.2,1.5,77.17,0.42,null,null,null
Entire Network,FluSurv-NET,2023-24,2024,19,>= 65 yr,Overall,Overall,Overall,218.4,1.3,77.52,0.36,null,null,null
Entire Network,FluSurv-NET,2023-24,2024,19,>= 65 yr,Overall,Overall,A(H3N2),68.5567,0,null,null,null,null,null
Entire Network,FluSurv-NET,2023-24,2024,19,>= 65 yr,Overall,Overall,A(H1N1)pdm09,134.457,0,null,null,null,null,null
Entire Network,FluSurv-NET,2023-24,2024,19,>= 65 yr,Overall,Overall,Influenza A,204.8,1.2,77.52,0.36,null,null,null
Entire Network,FluSurv-NET,2023-24,2024,19,>= 65 yr,Overall,Overall,Influenza B,12.8,0.1,77.52,0.36,null,null,null
Entire Network,FluSurv-NET,2023-24,2024,20,>= 65 yr,Overall,Overall,Influenza A,205.5,0.7,77.8,0.28,null,null,null
Entire Network,FluSurv-NET,2023-24,2024,20,>= 65 yr,Overall,Overall,Influenza B,12.9,0.1,77.8,0.28,null,null,null
Entire Network,FluSurv-NET,2023-24,2024,20,>= 65 yr,Overall,Overall,A(H1N1)pdm09,134.457,0,null,null,null,null,null
Entire Network,FluSurv-NET,2023-24,2024,20,>= 65 yr,Overall,Overall,A(H3N2),68.5567,0,null,null,null,null,null
Entire Network,FluSurv-NET,2023-24,2024,20,>= 65 yr,Overall,Overall,Overall,219.2,0.8,77.8,0.28,null,null,null
Entire Network,FluSurv-NET,2023-24,2024,21,>= 65 yr,Overall,Overall,Influenza B,13.1,0.2,78.05,0.25,null,null,null
Entire Network,FluSurv-NET,2023-24,2024,21,>= 65 yr,Overall,Overall,Influenza A,206.2,0.7,78.05,0.25,null,null,null
Entire Network,FluSurv-NET,2023-24,2024,21,>= 65 yr,Overall,Overall,A(H1N1)pdm09,134.457,0,null,null,null,null,null
Entire Network,FluSurv-NET,2023-24,2024,21,>= 65 yr,Overall,Overall,A(H3N2),68.5567,0,null,null,null,null,null
Entire Network,FluSurv-NET,2023-24,2024,21,>= 65 yr,Overall,Overall,Overall,220.1,0.9,78.05,0.25,null,null,null
Entire Network,FluSurv-NET,2023-24,2024,22,>= 65 yr,Overall,Overall,Overall,221,0.9,78.3,0.25,null,null,null
Entire Network,FluSurv-NET,2023-24,2024,22,>= 65 yr,Overall,Overall,A(H3N2),68.5567,0,null,null,null,null,null
Entire Network,FluSurv-NET,2023-24,2024,22,>= 65 yr,Overall,Overall,A(H1N1)pdm09,134.457,0,null,null,null,null,null
Entire Network,FluSurv-NET,2023-24,2024,22,>= 65 yr,Overall,Overall,Influenza B,13.1,0.1,78.3,0.25,null,null,null
Entire Network,FluSurv-NET,2023-24,2024,22,>= 65 yr,Overall,Overall,Influenza A,207.1,0.8,78.3,0.25,null,null,null
Entire Network,FluSurv-NET,2023-24,2024,23,>= 65 yr,Overall,Overall,Overall,221.6,0.5,78.5,0.2,null,null,null
Entire Network,FluSurv-NET,2023-24,2024,23,>= 65 yr,Overall,Overall,A(H3N2),68.5567,0,null,null,null,null,null
Entire Network,FluSurv-NET,2023-24,2024,23,>= 65 yr,Overall,Overall,A(H1N1)pdm09,134.457,0,null,null,null,null,null
Entire Network,FluSurv-NET,2023-24,2024,23,>= 65 yr,Overall,Overall,Influenza A,207.5,0.5,78.5,0.2,null,null,null
Entire Network,FluSurv-NET,2023-24,2024,23,>= 65 yr,Overall,Overall,Influenza B,13.2,0.1,78.5,0.2,null,null,null
Entire Network,FluSurv-NET,2023-24,2024,24,>= 65 yr,Overall,Overall,Influenza B,13.3,0.1,78.66,0.16,null,null,null
Entire Network,FluSurv-NET,2023-24,2024,24,>= 65 yr,Overall,Overall,Influenza A,207.9,0.4,78.66,0.16,null,null,null
Entire Network,FluSurv-NET,2023-24,2024,24,>= 65 yr,Overall,Overall,A(H1N1)pdm09,134.457,0,null,null,null,null,null
Entire Network,FluSurv-NET,2023-24,2024,24,>= 65 yr,Overall,Overall,A(H3N2),68.5567,0,null,null,null,null,null
Entire Network,FluSurv-NET,2023-24,2024,24,>= 65 yr,Overall,Overall,Overall,222,0.5,78.66,0.16,null,null,null
Entire Network,FluSurv-NET,2023-24,2024,25,>= 65 yr,Overall,Overall,Influenza A,208.6,0.7,78.87,0.21,null,null,null
Entire Network,FluSurv-NET,2023-24,2024,25,>= 65 yr,Overall,Overall,A(H3N2),68.5567,0,null,null,null,null,null
Entire Network,FluSurv-NET,2023-24,2024,25,>= 65 yr,Overall,Overall,Overall,222.9,0.8,78.87,0.21,null,null,null
Entire Network,FluSurv-NET,2023-24,2024,25,>= 65 yr,Overall,Overall,Influenza B,13.4,0.1,78.87,0.21,null,null,null
Entire Network,FluSurv-NET,2023-24,2024,25,>= 65 yr,Overall,Overall,A(H1N1)pdm09,134.457,0,null,null,null,null,null
Entire Network,FluSurv-NET,2023-24,2024,26,>= 65 yr,Overall,Overall,Influenza A,209,0.3,79.01,0.14,null,null,null
Entire Network,FluSurv-NET,2023-24,2024,26,>= 65 yr,Overall,Overall,Influenza B,13.4,0.1,79.01,0.14,null,null,null
Entire Network,FluSurv-NET,2023-24,2024,26,>= 65 yr,Overall,Overall,A(H1N1)pdm09,134.457,0,null,null,null,null,null
Entire Network,FluSurv-NET,2023-24,2024,26,>= 65 yr,Overall,Overall,Overall,223.2,0.4,79.01,0.14,null,null,null
Entire Network,FluSurv-NET,2023-24,2024,26,>= 65 yr,Overall,Overall,A(H3N2),68.5567,0,null,null,null,null,null
Entire Network,FluSurv-NET,2023-24,2024,27,>= 65 yr,Overall,Overall,Overall,223.8,0.5,79.16,0.15,null,null,null
Entire Network,FluSurv-NET,2023-24,2024,27,>= 65 yr,Overall,Overall,A(H3N2),68.5567,0,null,null,null,null,null
Entire Network,FluSurv-NET,2023-24,2024,27,>= 65 yr,Overall,Overall,A(H1N1)pdm09,134.457,0,null,null,null,null,null
Entire Network,FluSurv-NET,2023-24,2024,27,>= 65 yr,Overall,Overall,Influenza B,13.6,0.1,79.16,0.15,null,null,null
Entire Network,FluSurv-NET,2023-24,2024,27,>= 65 yr,Overall,Overall,Influenza A,209.4,0.4,79.16,0.15,null,null,null
Entire Network,FluSurv-NET,2023-24,2024,28,>= 65 yr,Overall,Overall,Influenza B,13.6,0,79.33,0.17,null,null,null
Entire Network,FluSurv-NET,2023-24,2024,28,>= 65 yr,Overall,Overall,Influenza A,210,0.6,79.33,0.17,null,null,null
Entire Network,FluSurv-NET,2023-24,2024,28,>= 65 yr,Overall,Overall,A(H1N1)pdm09,134.457,0,null,null,null,null,null
Entire Network,FluSurv-NET,2023-24,2024,28,>= 65 yr,Overall,Overall,A(H3N2),68.5567,0,null,null,null,null,null
Entire Network,FluSurv-NET,2023-24,2024,28,>= 65 yr,Overall,Overall,Overall,224.4,0.6,79.33,0.17,null,null,null
Entire Network,FluSurv-NET,2023-24,2024,29,>= 65 yr,Overall,Overall,A(H1N1)pdm09,134.457,0,null,null,null,null,null
Entire Network,FluSurv-NET,2023-24,2024,29,>= 65 yr,Overall,Overall,Influenza B,13.7,0.1,79.43,0.11,null,null,null
Entire Network,FluSurv-NET,2023-24,2024,29,>= 65 yr,Overall,Overall,Influenza A,210.3,0.3,79.43,0.11,null,null,null
Entire Network,FluSurv-NET,2023-24,2024,29,>= 65 yr,Overall,Overall,Overall,224.8,0.4,79.43,0.11,null,null,null
Entire Network,FluSurv-NET,2023-24,2024,29,>= 65 yr,Overall,Overall,A(H3N2),68.5567,0,null,null,null,null,null
Entire Network,FluSurv-NET,2023-24,2024,30,>= 65 yr,Overall,Overall,Influenza A,210.5,0.2,79.51,0.08,null,null,null
Entire Network,FluSurv-NET,2023-24,2024,30,>= 65 yr,Overall,Overall,Influenza B,13.8,0,79.51,0.08,null,null,null
Entire Network,FluSurv-NET,2023-24,2024,30,>= 65 yr,Overall,Overall,Overall,225.1,0.2,79.51,0.08,null,null,null
Entire Network,FluSurv-NET,2023-24,2024,30,>= 65 yr,Overall,Overall,A(H3N2),68.5567,0,null,null,null,null,null
Entire Network,FluSurv-NET,2023-24,2024,30,>= 65 yr,Overall,Overall,A(H1N1)pdm09,134.457,0,null,null,null,null,null
Entire Network,FluSurv-NET,2023-24,2024,31,>= 65 yr,Overall,Overall,Influenza B,13.8,0,79.57,0.06,null,null,null
Entire Network,FluSurv-NET,2023-24,2024,31,>= 65 yr,Overall,Overall,A(H1N1)pdm09,134.457,0,null,null,null,null,null
Entire Network,FluSurv-NET,2023-24,2024,31,>= 65 yr,Overall,Overall,A(H3N2),68.5567,0,null,null,null,null,null
Entire Network,FluSurv-NET,2023-24,2024,31,>= 65 yr,Overall,Overall,Overall,225.3,0.2,79.57,0.06,null,null,null
Entire Network,FluSurv-NET,2023-24,2024,31,>= 65 yr,Overall,Overall,Influenza A,210.7,0.2,79.57,0.06,null,null,null
Entire Network,FluSurv-NET,2023-24,2024,32,>= 65 yr,Overall,Overall,A(H3N2),68.5567,0,null,null,null,null,null
Entire Network,FluSurv-NET,2023-24,2024,32,>= 65 yr,Overall,Overall,Overall,225.7,0.4,79.67,0.1,null,null,null
Entire Network,FluSurv-NET,2023-24,2024,32,>= 65 yr,Overall,Overall,Influenza A,211,0.3,79.67,0.1,null,null,null
Entire Network,FluSurv-NET,2023-24,2024,32,>= 65 yr,Overall,Overall,Influenza B,13.9,0.1,79.67,0.1,null,null,null
Entire Network,FluSurv-NET,2023-24,2024,32,>= 65 yr,Overall,Overall,A(H1N1)pdm09,134.457,0,null,null,null,null,null
Entire Network,FluSurv-NET,2023-24,2024,33,>= 65 yr,Overall,Overall,Influenza A,211.2,0.3,79.76,0.09,null,null,null
Entire Network,FluSurv-NET,2023-24,2024,33,>= 65 yr,Overall,Overall,Overall,226,0.3,79.76,0.09,null,null,null
Entire Network,FluSurv-NET,2023-24,2024,33,>= 65 yr,Overall,Overall,A(H3N2),68.5567,0,null,null,null,null,null
Entire Network,FluSurv-NET,2023-24,2024,33,>= 65 yr,Overall,Overall,A(H1N1)pdm09,134.457,0,null,null,null,null,null
Entire Network,FluSurv-NET,2023-24,2024,33,>= 65 yr,Overall,Overall,Influenza B,13.9,0.1,79.76,0.09,null,null,null
Entire Network,FluSurv-NET,2023-24,2024,34,>= 65 yr,Overall,Overall,Overall,226.2,0.2,79.82,0.06,null,null,null
Entire Network,FluSurv-NET,2023-24,2024,34,>= 65 yr,Overall,Overall,A(H3N2),68.5567,0,null,null,null,null,null
Entire Network,FluSurv-NET,2023-24,2024,34,>= 65 yr,Overall,Overall,A(H1N1)pdm09,134.457,0,null,null,null,null,null
Entire Network,FluSurv-NET,2023-24,2024,34,>= 65 yr,Overall,Overall,Influenza B,14,0.1,79.82,0.06,null,null,null
Entire Network,FluSurv-NET,2023-24,2024,34,>= 65 yr,Overall,Overall,Influenza A,211.3,0.1,79.82,0.06,null,null,null
Entire Network,FluSurv-NET,2023-24,2024,35,>= 65 yr,Overall,Overall,Overall,226.6,0.3,79.92,0.09,null,null,null
Entire Network,FluSurv-NET,2023-24,2024,35,>= 65 yr,Overall,Overall,A(H3N2),68.5567,0,null,null,null,null,null
Entire Network,FluSurv-NET,2023-24,2024,35,>= 65 yr,Overall,Overall,A(H1N1)pdm09,134.457,0,null,null,null,null,null
Entire Network,FluSurv-NET,2023-24,2024,35,>= 65 yr,Overall,Overall,Influenza B,14.1,0.1,79.92,0.09,null,null,null
Entire Network,FluSurv-NET,2023-24,2024,35,>= 65 yr,Overall,Overall,Influenza A,211.6,0.2,79.92,0.09,null,null,null
Entire Network,FluSurv-NET,2023-24,2024,36,>= 65 yr,Overall,Overall,A(H1N1)pdm09,134.457,0,null,null,null,null,null
Entire Network,FluSurv-NET,2023-24,2024,36,>= 65 yr,Overall,Overall,Influenza B,14.2,0.1,80,0.08,null,null,null
Entire Network,FluSurv-NET,2023-24,2024,36,>= 65 yr,Overall,Overall,Influenza A,211.8,0.2,80,0.08,null,null,null
Entire Network,FluSurv-NET,2023-24,2024,36,>= 65 yr,Overall,Overall,Overall,226.8,0.3,80,0.08,null,null,null
Entire Network,FluSurv-NET,2023-24,2024,36,>= 65 yr,Overall,Overall,A(H3N2),68.5567,0,null,null,null,null,null
Entire Network,FluSurv-NET,2023-24,2024,37,>= 65 yr,Overall,Overall,A(H3N2),68.5567,0,null,null,null,null,null
Entire Network,FluSurv-NET,2023-24,2024,37,>= 65 yr,Overall,Overall,Overall,227.2,0.3,80.08,0.08,null,null,null
Entire Network,FluSurv-NET,2023-24,2024,37,>= 65 yr,Overall,Overall,Influenza A,212,0.2,80.08,0.08,null,null,null
Entire Network,FluSurv-NET,2023-24,2024,37,>= 65 yr,Overall,Overall,Influenza B,14.3,0.1,80.08,0.08,null,null,null
Entire Network,FluSurv-NET,2023-24,2024,37,>= 65 yr,Overall,Overall,A(H1N1)pdm09,134.457,0,null,null,null,null,null
Entire Network,FluSurv-NET,2023-24,2024,38,>= 65 yr,Overall,Overall,Influenza A,212.3,0.3,80.2,0.12,null,null,null
Entire Network,FluSurv-NET,2023-24,2024,38,>= 65 yr,Overall,Overall,Influenza B,14.4,0.1,80.2,0.12,null,null,null
Entire Network,FluSurv-NET,2023-24,2024,38,>= 65 yr,Overall,Overall,A(H1N1)pdm09,134.457,0,null,null,null,null,null
Entire Network,FluSurv-NET,2023-24,2024,38,>= 65 yr,Overall,Overall,A(H3N2),68.5567,0,null,null,null,null,null
Entire Network,FluSurv-NET,2023-24,2024,38,>= 65 yr,Overall,Overall,Overall,227.6,0.4,80.2,0.12,null,null,null
Entire Network,FluSurv-NET,2023-24,2024,39,>= 65 yr,Overall,Overall,Influenza A,212.3,0,80.32,0.12,null,null,null
Entire Network,FluSurv-NET,2023-24,2024,39,>= 65 yr,Overall,Overall,Influenza B,14.4,0,80.32,0.12,null,null,null
Entire Network,FluSurv-NET,2023-24,2024,39,>= 65 yr,Overall,Overall,A(H1N1)pdm09,134.457,0,null,null,null,null,null
Entire Network,FluSurv-NET,2023-24,2024,39,>= 65 yr,Overall,Overall,A(H3N2),68.5567,0,null,null,null,null,null
Entire Network,FluSurv-NET,2023-24,2024,39,>= 65 yr,Overall,Overall,Overall,227.6,0,80.32,0.12,null,null,null
Entire Network,FluSurv-NET,2023-24,2023,40,65-74 yr,Overall,Overall,Overall,0.4,0.4,null,null,null,null,null
Entire Network,FluSurv-NET,2023-24,2023,41,65-74 yr,Overall,Overall,Overall,1,0.6,null,null,null,null,null
Entire Network,FluSurv-NET,2023-24,2023,42,65-74 yr,Overall,Overall,Overall,1.5,0.5,null,null,null,null,null
Entire Network,FluSurv-NET,2023-24,2023,43,65-74 yr,Overall,Overall,Overall,1.9,0.4,null,null,null,null,null
Entire Network,FluSurv-NET,2023-24,2023,44,65-74 yr,Overall,Overall,Overall,2.7,0.8,null,null,null,null,null
Entire Network,FluSurv-NET,2023-24,2023,45,65-74 yr,Overall,Overall,Overall,4,1.3,null,null,null,null,null
Entire Network,FluSurv-NET,2023-24,2023,46,65-74 yr,Overall,Overall,Overall,5.6,1.6,null,null,null,null,null
Entire Network,FluSurv-NET,2023-24,2023,47,65-74 yr,Overall,Overall,Overall,8.4,2.8,null,null,null,null,null
Entire Network,FluSurv-NET,2023-24,2023,48,65-74 yr,Overall,Overall,Overall,12.2,3.9,null,null,null,null,null
Entire Network,FluSurv-NET,2023-24,2023,49,65-74 yr,Overall,Overall,Overall,18,5.7,null,null,null,null,null
Entire Network,FluSurv-NET,2023-24,2023,50,65-74 yr,Overall,Overall,Overall,26.2,8.2,null,null,null,null,null
Entire Network,FluSurv-NET,2023-24,2023,51,65-74 yr,Overall,Overall,Overall,37.9,11.7,null,null,null,null,null
Entire Network,FluSurv-NET,2023-24,2023,52,65-74 yr,Overall,Overall,Overall,56.1,18.2,null,null,null,null,null
Entire Network,FluSurv-NET,2023-24,2024,1,65-74 yr,Overall,Overall,Overall,70,13.9,null,null,null,null,null
Entire Network,FluSurv-NET,2023-24,2024,2,65-74 yr,Overall,Overall,Overall,81.1,11.1,null,null,null,null,null
Entire Network,FluSurv-NET,2023-24,2024,3,65-74 yr,Overall,Overall,Overall,89.2,8.1,null,null,null,null,null
Entire Network,FluSurv-NET,2023-24,2024,4,65-74 yr,Overall,Overall,Overall,97.1,7.9,null,null,null,null,null
Entire Network,FluSurv-NET,2023-24,2024,5,65-74 yr,Overall,Overall,Overall,103.5,6.3,null,null,null,null,null
Entire Network,FluSurv-NET,2023-24,2024,6,65-74 yr,Overall,Overall,Overall,110.6,7.1,null,null,null,null,null
Entire Network,FluSurv-NET,2023-24,2024,7,65-74 yr,Overall,Overall,Overall,116.5,5.9,null,null,null,null,null
Entire Network,FluSurv-NET,2023-24,2024,8,65-74 yr,Overall,Overall,Overall,122.7,6.2,null,null,null,null,null
Entire Network,FluSurv-NET,2023-24,2024,9,65-74 yr,Overall,Overall,Overall,129.1,6.5,null,null,null,null,null
Entire Network,FluSurv-NET,2023-24,2024,10,65-74 yr,Overall,Overall,Overall,133.7,4.6,null,null,null,null,null
Entire Network,FluSurv-NET,2023-24,2024,11,65-74 yr,Overall,Overall,Overall,137.5,3.8,null,null,null,null,null
Entire Network,FluSurv-NET,2023-24,2024,12,65-74 yr,Overall,Overall,Overall,140.8,3.3,null,null,null,null,null
Entire Network,FluSurv-NET,2023-24,2024,13,65-74 yr,Overall,Overall,Overall,144.2,3.4,null,null,null,null,null
Entire Network,FluSurv-NET,2023-24,2024,14,65-74 yr,Overall,Overall,Overall,147,2.8,null,null,null,null,null
Entire Network,FluSurv-NET,2023-24,2024,15,65-74 yr,Overall,Overall,Overall,149.3,2.3,null,null,null,null,null
Entire Network,FluSurv-NET,2023-24,2024,16,65-74 yr,Overall,Overall,Overall,151.5,2.2,null,null,null,null,null
Entire Network,FluSurv-NET,2023-24,2024,17,65-74 yr,Overall,Overall,Overall,152.8,1.3,null,null,null,null,null
Entire Network,FluSurv-NET,2023-24,2024,18,65-74 yr,Overall,Overall,Overall,153.8,1,null,null,null,null,null
Entire Network,FluSurv-NET,2023-24,2024,19,65-74 yr,Overall,Overall,Overall,154.6,0.8,null,null,null,null,null
Entire Network,FluSurv-NET,2023-24,2024,20,65-74 yr,Overall,Overall,Overall,155.2,0.5,null,null,null,null,null
Entire Network,FluSurv-NET,2023-24,2024,21,65-74 yr,Overall,Overall,Overall,155.7,0.5,null,null,null,null,null
Entire Network,FluSurv-NET,2023-24,2024,22,65-74 yr,Overall,Overall,Overall,156.2,0.5,null,null,null,null,null
Entire Network,FluSurv-NET,2023-24,2024,23,65-74 yr,Overall,Overall,Overall,156.6,0.4,null,null,null,null,null
Entire Network,FluSurv-NET,2023-24,2024,24,65-74 yr,Overall,Overall,Overall,156.9,0.3,null,null,null,null,null
Entire Network,FluSurv-NET,2023-24,2024,25,65-74 yr,Overall,Overall,Overall,157.3,0.4,null,null,null,null,null
Entire Network,FluSurv-NET,2023-24,2024,26,65-74 yr,Overall,Overall,Overall,157.5,0.2,null,null,null,null,null
Entire Network,FluSurv-NET,2023-24,2024,27,65-74 yr,Overall,Overall,Overall,157.9,0.4,null,null,null,null,null
Entire Network,FluSurv-NET,2023-24,2024,28,65-74 yr,Overall,Overall,Overall,158.3,0.4,null,null,null,null,null
Entire Network,FluSurv-NET,2023-24,2024,29,65-74 yr,Overall,Overall,Overall,158.7,0.4,null,null,null,null,null
Entire Network,FluSurv-NET,2023-24,2024,30,65-74 yr,Overall,Overall,Overall,158.8,0.1,null,null,null,null,null
Entire Network,FluSurv-NET,2023-24,2024,31,65-74 yr,Overall,Overall,Overall,158.9,0.1,null,null,null,null,null
Entire Network,FluSurv-NET,2023-24,2024,32,65-74 yr,Overall,Overall,Overall,159.2,0.3,null,null,null,null,null
Entire Network,FluSurv-NET,2023-24,2024,33,65-74 yr,Overall,Overall,Overall,159.3,0.2,null,null,null,null,null
Entire Network,FluSurv-NET,2023-24,2024,34,65-74 yr,Overall,Overall,Overall,159.4,0,null,null,null,null,null
Entire Network,FluSurv-NET,2023-24,2024,35,65-74 yr,Overall,Overall,Overall,159.6,0.3,null,null,null,null,null
Entire Network,FluSurv-NET,2023-24,2024,36,65-74 yr,Overall,Overall,Overall,159.8,0.1,null,null,null,null,null
Entire Network,FluSurv-NET,2023-24,2024,37,65-74 yr,Overall,Overall,Overall,160,0.2,null,null,null,null,null
Entire Network,FluSurv-NET,2023-24,2024,38,65-74 yr,Overall,Overall,Overall,160.3,0.3,null,null,null,null,null
Entire Network,FluSurv-NET,2023-24,2024,39,65-74 yr,Overall,Overall,Overall,160.4,0.1,null,null,null,null,null
Entire Network,FluSurv-NET,2023-24,2023,40,75-84 yr,Overall,Overall,Overall,1.1,1.1,null,null,null,null,null
Entire Network,FluSurv-NET,2023-24,2023,41,75-84 yr,Overall,Overall,Overall,1.9,0.9,null,null,null,null,null
Entire Network,FluSurv-NET,2023-24,2023,42,75-84 yr,Overall,Overall,Overall,2.8,0.9,null,null,null,null,null
Entire Network,FluSurv-NET,2023-24,2023,43,75-84 yr,Overall,Overall,Overall,3.6,0.9,null,null,null,null,null
Entire Network,FluSurv-NET,2023-24,2023,44,75-84 yr,Overall,Overall,Overall,5.3,1.6,null,null,null,null,null
Entire Network,FluSurv-NET,2023-24,2023,45,75-84 yr,Overall,Overall,Overall,7.4,2.1,null,null,null,null,null
Entire Network,FluSurv-NET,2023-24,2023,46,75-84 yr,Overall,Overall,Overall,9.5,2.1,null,null,null,null,null
Entire Network,FluSurv-NET,2023-24,2023,47,75-84 yr,Overall,Overall,Overall,13.4,4,null,null,null,null,null
Entire Network,FluSurv-NET,2023-24,2023,48,75-84 yr,Overall,Overall,Overall,20.5,7.1,null,null,null,null,null
Entire Network,FluSurv-NET,2023-24,2023,49,75-84 yr,Overall,Overall,Overall,29.8,9.3,null,null,null,null,null
Entire Network,FluSurv-NET,2023-24,2023,50,75-84 yr,Overall,Overall,Overall,43.2,13.4,null,null,null,null,null
Entire Network,FluSurv-NET,2023-24,2023,51,75-84 yr,Overall,Overall,Overall,66.1,22.9,null,null,null,null,null
Entire Network,FluSurv-NET,2023-24,2023,52,75-84 yr,Overall,Overall,Overall,96.4,30.3,null,null,null,null,null
Entire Network,FluSurv-NET,2023-24,2024,1,75-84 yr,Overall,Overall,Overall,122,25.5,null,null,null,null,null
Entire Network,FluSurv-NET,2023-24,2024,2,75-84 yr,Overall,Overall,Overall,140,18.1,null,null,null,null,null
Entire Network,FluSurv-NET,2023-24,2024,3,75-84 yr,Overall,Overall,Overall,155.6,15.6,null,null,null,null,null
Entire Network,FluSurv-NET,2023-24,2024,4,75-84 yr,Overall,Overall,Overall,166.5,10.9,null,null,null,null,null
Entire Network,FluSurv-NET,2023-24,2024,5,75-84 yr,Overall,Overall,Overall,179,12.5,null,null,null,null,null
Entire Network,FluSurv-NET,2023-24,2024,6,75-84 yr,Overall,Overall,Overall,190.3,11.2,null,null,null,null,null
Entire Network,FluSurv-NET,2023-24,2024,7,75-84 yr,Overall,Overall,Overall,201.7,11.4,null,null,null,null,null
Entire Network,FluSurv-NET,2023-24,2024,8,75-84 yr,Overall,Overall,Overall,211.1,9.4,null,null,null,null,null
Entire Network,FluSurv-NET,2023-24,2024,9,75-84 yr,Overall,Overall,Overall,222.6,11.5,null,null,null,null,null
Entire Network,FluSurv-NET,2023-24,2024,10,75-84 yr,Overall,Overall,Overall,231.8,9.2,null,null,null,null,null
Entire Network,FluSurv-NET,2023-24,2024,11,75-84 yr,Overall,Overall,Overall,239.4,7.6,null,null,null,null,null
Entire Network,FluSurv-NET,2023-24,2024,12,75-84 yr,Overall,Overall,Overall,245.7,6.3,null,null,null,null,null
Entire Network,FluSurv-NET,2023-24,2024,13,75-84 yr,Overall,Overall,Overall,251.2,5.5,null,null,null,null,null
Entire Network,FluSurv-NET,2023-24,2024,14,75-84 yr,Overall,Overall,Overall,257,5.7,null,null,null,null,null
Entire Network,FluSurv-NET,2023-24,2024,15,75-84 yr,Overall,Overall,Overall,261.4,4.5,null,null,null,null,null
Entire Network,FluSurv-NET,2023-24,2024,16,75-84 yr,Overall,Overall,Overall,264.4,2.9,null,null,null,null,null
Entire Network,FluSurv-NET,2023-24,2024,17,75-84 yr,Overall,Overall,Overall,266.5,2.1,null,null,null,null,null
Entire Network,FluSurv-NET,2023-24,2024,18,75-84 yr,Overall,Overall,Overall,268.1,1.6,null,null,null,null,null
Entire Network,FluSurv-NET,2023-24,2024,19,75-84 yr,Overall,Overall,Overall,269.6,1.5,null,null,null,null,null
Entire Network,FluSurv-NET,2023-24,2024,20,75-84 yr,Overall,Overall,Overall,270.7,1.2,null,null,null,null,null
Entire Network,FluSurv-NET,2023-24,2024,21,75-84 yr,Overall,Overall,Overall,271.9,1.2,null,null,null,null,null
Entire Network,FluSurv-NET,2023-24,2024,22,75-84 yr,Overall,Overall,Overall,272.9,1,null,null,null,null,null
Entire Network,FluSurv-NET,2023-24,2024,23,75-84 yr,Overall,Overall,Overall,273.6,0.7,null,null,null,null,null
Entire Network,FluSurv-NET,2023-24,2024,24,75-84 yr,Overall,Overall,Overall,274.2,0.7,null,null,null,null,null
Entire Network,FluSurv-NET,2023-24,2024,25,75-84 yr,Overall,Overall,Overall,275.4,1.2,null,null,null,null,null
Entire Network,FluSurv-NET,2023-24,2024,26,75-84 yr,Overall,Overall,Overall,276,0.5,null,null,null,null,null
Entire Network,FluSurv-NET,2023-24,2024,27,75-84 yr,Overall,Overall,Overall,276.6,0.7,null,null,null,null,null
Entire Network,FluSurv-NET,2023-24,2024,28,75-84 yr,Overall,Overall,Overall,277.5,0.9,null,null,null,null,null
Entire Network,FluSurv-NET,2023-24,2024,29,75-84 yr,Overall,Overall,Overall,278.1,0.5,null,null,null,null,null
Entire Network,FluSurv-NET,2023-24,2024,30,75-84 yr,Overall,Overall,Overall,278.4,0.3,null,null,null,null,null
Entire Network,FluSurv-NET,2023-24,2024,31,75-84 yr,Overall,Overall,Overall,278.9,0.5,null,null,null,null,null
Entire Network,FluSurv-NET,2023-24,2024,32,75-84 yr,Overall,Overall,Overall,279.2,0.4,null,null,null,null,null
Entire Network,FluSurv-NET,2023-24,2024,33,75-84 yr,Overall,Overall,Overall,279.8,0.5,null,null,null,null,null
Entire Network,FluSurv-NET,2023-24,2024,34,75-84 yr,Overall,Overall,Overall,280.2,0.5,null,null,null,null,null
Entire Network,FluSurv-NET,2023-24,2024,35,75-84 yr,Overall,Overall,Overall,280.6,0.3,null,null,null,null,null
Entire Network,FluSurv-NET,2023-24,2024,36,75-84 yr,Overall,Overall,Overall,281.1,0.5,null,null,null,null,null
Entire Network,FluSurv-NET,2023-24,2024,37,75-84 yr,Overall,Overall,Overall,281.4,0.3,null,null,null,null,null
Entire Network,FluSurv-NET,2023-24,2024,38,75-84 yr,Overall,Overall,Overall,282.1,0.7,null,null,null,null,null
Entire Network,FluSurv-NET,2023-24,2024,39,75-84 yr,Overall,Overall,Overall,282.9,0.8,null,null,null,null,null
Entire Network,FluSurv-NET,2023-24,2023,40,>= 85,Overall,Overall,Overall,0.8,0.8,null,null,null,null,null
Entire Network,FluSurv-NET,2023-24,2023,41,>= 85,Overall,Overall,Overall,1.4,0.6,null,null,null,null,null
Entire Network,FluSurv-NET,2023-24,2023,42,>= 85,Overall,Overall,Overall,2.2,0.8,null,null,null,null,null
Entire Network,FluSurv-NET,2023-24,2023,43,>= 85,Overall,Overall,Overall,2.8,0.6,null,null,null,null,null
Entire Network,FluSurv-NET,2023-24,2023,44,>= 85,Overall,Overall,Overall,3.4,0.6,null,null,null,null,null
Entire Network,FluSurv-NET,2023-24,2023,45,>= 85,Overall,Overall,Overall,5.7,2.4,null,null,null,null,null
Entire Network,FluSurv-NET,2023-24,2023,46,>= 85,Overall,Overall,Overall,10.7,5,null,null,null,null,null
Entire Network,FluSurv-NET,2023-24,2023,47,>= 85,Overall,Overall,Overall,16.1,5.4,null,null,null,null,null
Entire Network,FluSurv-NET,2023-24,2023,48,>= 85,Overall,Overall,Overall,25.8,9.7,null,null,null,null,null
Entire Network,FluSurv-NET,2023-24,2023,49,>= 85,Overall,Overall,Overall,39,13.3,null,null,null,null,null
Entire Network,FluSurv-NET,2023-24,2023,50,>= 85,Overall,Overall,Overall,54.9,15.9,null,null,null,null,null
Entire Network,FluSurv-NET,2023-24,2023,51,>= 85,Overall,Overall,Overall,89.2,34.3,null,null,null,null,null
Entire Network,FluSurv-NET,2023-24,2023,52,>= 85,Overall,Overall,Overall,140.7,51.5,null,null,null,null,null
Entire Network,FluSurv-NET,2023-24,2024,1,>= 85,Overall,Overall,Overall,173.2,32.5,null,null,null,null,null
Entire Network,FluSurv-NET,2023-24,2024,2,>= 85,Overall,Overall,Overall,199.4,26.2,null,null,null,null,null
Entire Network,FluSurv-NET,2023-24,2024,3,>= 85,Overall,Overall,Overall,223.5,24.2,null,null,null,null,null
Entire Network,FluSurv-NET,2023-24,2024,4,>= 85,Overall,Overall,Overall,244.9,21.4,null,null,null,null,null
Entire Network,FluSurv-NET,2023-24,2024,5,>= 85,Overall,Overall,Overall,264.5,19.6,null,null,null,null,null
Entire Network,FluSurv-NET,2023-24,2024,6,>= 85,Overall,Overall,Overall,281.8,17.2,null,null,null,null,null
Entire Network,FluSurv-NET,2023-24,2024,7,>= 85,Overall,Overall,Overall,301.8,20,null,null,null,null,null
Entire Network,FluSurv-NET,2023-24,2024,8,>= 85,Overall,Overall,Overall,327.6,25.8,null,null,null,null,null
Entire Network,FluSurv-NET,2023-24,2024,9,>= 85,Overall,Overall,Overall,348.4,20.8,null,null,null,null,null
Entire Network,FluSurv-NET,2023-24,2024,10,>= 85,Overall,Overall,Overall,365.4,17,null,null,null,null,null
Entire Network,FluSurv-NET,2023-24,2024,11,>= 85,Overall,Overall,Overall,381.1,15.7,null,null,null,null,null
Entire Network,FluSurv-NET,2023-24,2024,12,>= 85,Overall,Overall,Overall,390.6,9.5,null,null,null,null,null
Entire Network,FluSurv-NET,2023-24,2024,13,>= 85,Overall,Overall,Overall,403.5,12.9,null,null,null,null,null
Entire Network,FluSurv-NET,2023-24,2024,14,>= 85,Overall,Overall,Overall,412.6,9.1,null,null,null,null,null
Entire Network,FluSurv-NET,2023-24,2024,15,>= 85,Overall,Overall,Overall,420.7,8.1,null,null,null,null,null
Entire Network,FluSurv-NET,2023-24,2024,16,>= 85,Overall,Overall,Overall,425.5,4.8,null,null,null,null,null
Entire Network,FluSurv-NET,2023-24,2024,17,>= 85,Overall,Overall,Overall,431.4,5.9,null,null,null,null,null
Entire Network,FluSurv-NET,2023-24,2024,18,>= 85,Overall,Overall,Overall,435.6,4.2,null,null,null,null,null
Entire Network,FluSurv-NET,2023-24,2024,19,>= 85,Overall,Overall,Overall,438.7,3.2,null,null,null,null,null
Entire Network,FluSurv-NET,2023-24,2024,20,>= 85,Overall,Overall,Overall,439.9,1.2,null,null,null,null,null
Entire Network,FluSurv-NET,2023-24,2024,21,>= 85,Overall,Overall,Overall,441.7,1.8,null,null,null,null,null
Entire Network,FluSurv-NET,2023-24,2024,22,>= 85,Overall,Overall,Overall,444.7,3,null,null,null,null,null
Entire Network,FluSurv-NET,2023-24,2024,23,>= 85,Overall,Overall,Overall,445.7,1,null,null,null,null,null
Entire Network,FluSurv-NET,2023-24,2024,24,>= 85,Overall,Overall,Overall,446.7,1,null,null,null,null,null
Entire Network,FluSurv-NET,2023-24,2024,25,>= 85,Overall,Overall,Overall,449,2.4,null,null,null,null,null
Entire Network,FluSurv-NET,2023-24,2024,26,>= 85,Overall,Overall,Overall,449.8,0.8,null,null,null,null,null
Entire Network,FluSurv-NET,2023-24,2024,27,>= 85,Overall,Overall,Overall,451,1.2,null,null,null,null,null
Entire Network,FluSurv-NET,2023-24,2024,28,>= 85,Overall,Overall,Overall,452.2,1.2,null,null,null,null,null
Entire Network,FluSurv-NET,2023-24,2024,29,>= 85,Overall,Overall,Overall,452.8,0.6,null,null,null,null,null
Entire Network,FluSurv-NET,2023-24,2024,30,>= 85,Overall,Overall,Overall,453.4,0.6,null,null,null,null,null
Entire Network,FluSurv-NET,2023-24,2024,31,>= 85,Overall,Overall,Overall,453.6,0.2,null,null,null,null,null
Entire Network,FluSurv-NET,2023-24,2024,32,>= 85,Overall,Overall,Overall,454.4,0.8,null,null,null,null,null
Entire Network,FluSurv-NET,2023-24,2024,33,>= 85,Overall,Overall,Overall,455,0.6,null,null,null,null,null
Entire Network,FluSurv-NET,2023-24,2024,34,>= 85,Overall,Overall,Overall,455.6,0.6,null,null,null,null,null
Entire Network,FluSurv-NET,2023-24,2024,35,>= 85,Overall,Overall,Overall,456.4,0.8,null,null,null,null,null
Entire Network,FluSurv-NET,2023-24,2024,36,>= 85,Overall,Overall,Overall,456.8,0.4,null,null,null,null,null
Entire Network,FluSurv-NET,2023-24,2024,37,>= 85,Overall,Overall,Overall,457.6,0.8,null,null,null,null,null
Entire Network,FluSurv-NET,2023-24,2024,38,>= 85,Overall,Overall,Overall,458.3,0.8,null,null,null,null,null
Entire Network,FluSurv-NET,2023-24,2024,39,>= 85,Overall,Overall,Overall,459.7,1.4,null,null,null,null,null
Entire Network,FluSurv-NET,2023-24,2023,40,18-29 yr,Overall,Overall,Overall,0,0,null,null,null,null,null
Entire Network,FluSurv-NET,2023-24,2023,41,18-29 yr,Overall,Overall,Overall,0.1,0,null,null,null,null,null
Entire Network,FluSurv-NET,2023-24,2023,42,18-29 yr,Overall,Overall,Overall,0.2,0.1,null,null,null,null,null
Entire Network,FluSurv-NET,2023-24,2023,43,18-29 yr,Overall,Overall,Overall,0.3,0.1,null,null,null,null,null
Entire Network,FluSurv-NET,2023-24,2023,44,18-29 yr,Overall,Overall,Overall,0.5,0.2,null,null,null,null,null
Entire Network,FluSurv-NET,2023-24,2023,45,18-29 yr,Overall,Overall,Overall,0.7,0.2,null,null,null,null,null
Entire Network,FluSurv-NET,2023-24,2023,46,18-29 yr,Overall,Overall,Overall,1.1,0.4,null,null,null,null,null
Entire Network,FluSurv-NET,2023-24,2023,47,18-29 yr,Overall,Overall,Overall,1.7,0.6,null,null,null,null,null
Entire Network,FluSurv-NET,2023-24,2023,48,18-29 yr,Overall,Overall,Overall,2.4,0.7,null,null,null,null,null
Entire Network,FluSurv-NET,2023-24,2023,49,18-29 yr,Overall,Overall,Overall,3.6,1.2,null,null,null,null,null
Entire Network,FluSurv-NET,2023-24,2023,50,18-29 yr,Overall,Overall,Overall,5.2,1.6,null,null,null,null,null
Entire Network,FluSurv-NET,2023-24,2023,51,18-29 yr,Overall,Overall,Overall,7,1.7,null,null,null,null,null
Entire Network,FluSurv-NET,2023-24,2023,52,18-29 yr,Overall,Overall,Overall,9.9,2.9,null,null,null,null,null
Entire Network,FluSurv-NET,2023-24,2024,1,18-29 yr,Overall,Overall,Overall,12.1,2.3,null,null,null,null,null
Entire Network,FluSurv-NET,2023-24,2024,2,18-29 yr,Overall,Overall,Overall,13.8,1.7,null,null,null,null,null
Entire Network,FluSurv-NET,2023-24,2024,3,18-29 yr,Overall,Overall,Overall,15.1,1.3,null,null,null,null,null
Entire Network,FluSurv-NET,2023-24,2024,4,18-29 yr,Overall,Overall,Overall,16.5,1.4,null,null,null,null,null
Entire Network,FluSurv-NET,2023-24,2024,5,18-29 yr,Overall,Overall,Overall,17.7,1.2,null,null,null,null,null
Entire Network,FluSurv-NET,2023-24,2024,6,18-29 yr,Overall,Overall,Overall,19,1.4,null,null,null,null,null
Entire Network,FluSurv-NET,2023-24,2024,7,18-29 yr,Overall,Overall,Overall,20.2,1.1,null,null,null,null,null
Entire Network,FluSurv-NET,2023-24,2024,8,18-29 yr,Overall,Overall,Overall,21.4,1.3,null,null,null,null,null
Entire Network,FluSurv-NET,2023-24,2024,9,18-29 yr,Overall,Overall,Overall,22.6,1.2,null,null,null,null,null
Entire Network,FluSurv-NET,2023-24,2024,10,18-29 yr,Overall,Overall,Overall,23.6,1,null,null,null,null,null
Entire Network,FluSurv-NET,2023-24,2024,11,18-29 yr,Overall,Overall,Overall,24.2,0.6,null,null,null,null,null
Entire Network,FluSurv-NET,2023-24,2024,12,18-29 yr,Overall,Overall,Overall,24.9,0.7,null,null,null,null,null
Entire Network,FluSurv-NET,2023-24,2024,13,18-29 yr,Overall,Overall,Overall,25.5,0.6,null,null,null,null,null
Entire Network,FluSurv-NET,2023-24,2024,14,18-29 yr,Overall,Overall,Overall,26,0.6,null,null,null,null,null
Entire Network,FluSurv-NET,2023-24,2024,15,18-29 yr,Overall,Overall,Overall,26.6,0.6,null,null,null,null,null
Entire Network,FluSurv-NET,2023-24,2024,16,18-29 yr,Overall,Overall,Overall,26.9,0.3,null,null,null,null,null
Entire Network,FluSurv-NET,2023-24,2024,17,18-29 yr,Overall,Overall,Overall,27.1,0.2,null,null,null,null,null
Entire Network,FluSurv-NET,2023-24,2024,18,18-29 yr,Overall,Overall,Overall,27.3,0.1,null,null,null,null,null
Entire Network,FluSurv-NET,2023-24,2024,19,18-29 yr,Overall,Overall,Overall,27.4,0.1,null,null,null,null,null
Entire Network,FluSurv-NET,2023-24,2024,20,18-29 yr,Overall,Overall,Overall,27.5,0.1,null,null,null,null,null
Entire Network,FluSurv-NET,2023-24,2024,21,18-29 yr,Overall,Overall,Overall,27.6,0.1,null,null,null,null,null
Entire Network,FluSurv-NET,2023-24,2024,22,18-29 yr,Overall,Overall,Overall,27.7,0.2,null,null,null,null,null
Entire Network,FluSurv-NET,2023-24,2024,23,18-29 yr,Overall,Overall,Overall,27.8,0.1,null,null,null,null,null
Entire Network,FluSurv-NET,2023-24,2024,24,18-29 yr,Overall,Overall,Overall,27.9,0.1,null,null,null,null,null
Entire Network,FluSurv-NET,2023-24,2024,25,18-29 yr,Overall,Overall,Overall,28,0.1,null,null,null,null,null
Entire Network,FluSurv-NET,2023-24,2024,26,18-29 yr,Overall,Overall,Overall,28.1,0.1,null,null,null,null,null
Entire Network,FluSurv-NET,2023-24,2024,27,18-29 yr,Overall,Overall,Overall,28.1,0.1,null,null,null,null,null
Entire Network,FluSurv-NET,2023-24,2024,28,18-29 yr,Overall,Overall,Overall,28.1,0,null,null,null,null,null
Entire Network,FluSurv-NET,2023-24,2024,29,18-29 yr,Overall,Overall,Overall,28.1,0,null,null,null,null,null
Entire Network,FluSurv-NET,2023-24,2024,30,18-29 yr,Overall,Overall,Overall,28.2,0,null,null,null,null,null
Entire Network,FluSurv-NET,2023-24,2024,31,18-29 yr,Overall,Overall,Overall,28.2,0,null,null,null,null,null
Entire Network,FluSurv-NET,2023-24,2024,32,18-29 yr,Overall,Overall,Overall,28.3,0.1,null,null,null,null,null
Entire Network,FluSurv-NET,2023-24,2024,33,18-29 yr,Overall,Overall,Overall,28.3,0,null,null,null,null,null
Entire Network,FluSurv-NET,2023-24,2024,34,18-29 yr,Overall,Overall,Overall,28.3,0,null,null,null,null,null
Entire Network,FluSurv-NET,2023-24,2024,35,18-29 yr,Overall,Overall,Overall,28.4,0,null,null,null,null,null
Entire Network,FluSurv-NET,2023-24,2024,36,18-29 yr,Overall,Overall,Overall,28.4,0,null,null,null,null,null
Entire Network,FluSurv-NET,2023-24,2024,37,18-29 yr,Overall,Overall,Overall,28.4,0,null,null,null,null,null
Entire Network,FluSurv-NET,2023-24,2024,38,18-29 yr,Overall,Overall,Overall,28.4,0,null,null,null,null,null
Entire Network,FluSurv-NET,2023-24,2024,39,18-29 yr,Overall,Overall,Overall,28.4,0,null,null,null,null,null
Entire Network,FluSurv-NET,2023-24,2023,40,30-39 yr,Overall,Overall,Overall,0.1,0.1,null,null,null,null,null
Entire Network,FluSurv-NET,2023-24,2023,41,30-39 yr,Overall,Overall,Overall,0.3,0.2,null,null,null,null,null
Entire Network,FluSurv-NET,2023-24,2023,42,30-39 yr,Overall,Overall,Overall,0.4,0.1,null,null,null,null,null
Entire Network,FluSurv-NET,2023-24,2023,43,30-39 yr,Overall,Overall,Overall,0.6,0.2,null,null,null,null,null
Entire Network,FluSurv-NET,2023-24,2023,44,30-39 yr,Overall,Overall,Overall,0.8,0.2,null,null,null,null,null
Entire Network,FluSurv-NET,2023-24,2023,45,30-39 yr,Overall,Overall,Overall,1.4,0.5,null,null,null,null,null
Entire Network,FluSurv-NET,2023-24,2023,46,30-39 yr,Overall,Overall,Overall,1.8,0.4,null,null,null,null,null
Entire Network,FluSurv-NET,2023-24,2023,47,30-39 yr,Overall,Overall,Overall,2.5,0.7,null,null,null,null,null
Entire Network,FluSurv-NET,2023-24,2023,48,30-39 yr,Overall,Overall,Overall,3.4,0.9,null,null,null,null,null
Entire Network,FluSurv-NET,2023-24,2023,49,30-39 yr,Overall,Overall,Overall,5.2,1.9,null,null,null,null,null
Entire Network,FluSurv-NET,2023-24,2023,50,30-39 yr,Overall,Overall,Overall,7.7,2.5,null,null,null,null,null
Entire Network,FluSurv-NET,2023-24,2023,51,30-39 yr,Overall,Overall,Overall,11.1,3.4,null,null,null,null,null
Entire Network,FluSurv-NET,2023-24,2023,52,30-39 yr,Overall,Overall,Overall,15.6,4.4,null,null,null,null,null
Entire Network,FluSurv-NET,2023-24,2024,1,30-39 yr,Overall,Overall,Overall,19,3.5,null,null,null,null,null
Entire Network,FluSurv-NET,2023-24,2024,2,30-39 yr,Overall,Overall,Overall,21.5,2.5,null,null,null,null,null
Entire Network,FluSurv-NET,2023-24,2024,3,30-39 yr,Overall,Overall,Overall,23.4,1.9,null,null,null,null,null
Entire Network,FluSurv-NET,2023-24,2024,4,30-39 yr,Overall,Overall,Overall,25.9,2.4,null,null,null,null,null
Entire Network,FluSurv-NET,2023-24,2024,5,30-39 yr,Overall,Overall,Overall,27.7,1.8,null,null,null,null,null
Entire Network,FluSurv-NET,2023-24,2024,6,30-39 yr,Overall,Overall,Overall,29.2,1.5,null,null,null,null,null
Entire Network,FluSurv-NET,2023-24,2024,7,30-39 yr,Overall,Overall,Overall,31.1,1.9,null,null,null,null,null
Entire Network,FluSurv-NET,2023-24,2024,8,30-39 yr,Overall,Overall,Overall,32.6,1.5,null,null,null,null,null
Entire Network,FluSurv-NET,2023-24,2024,9,30-39 yr,Overall,Overall,Overall,34.2,1.6,null,null,null,null,null
Entire Network,FluSurv-NET,2023-24,2024,10,30-39 yr,Overall,Overall,Overall,35.5,1.2,null,null,null,null,null
Entire Network,FluSurv-NET,2023-24,2024,11,30-39 yr,Overall,Overall,Overall,36.9,1.4,null,null,null,null,null
Entire Network,FluSurv-NET,2023-24,2024,12,30-39 yr,Overall,Overall,Overall,37.9,1,null,null,null,null,null
Entire Network,FluSurv-NET,2023-24,2024,13,30-39 yr,Overall,Overall,Overall,39.1,1.2,null,null,null,null,null
Entire Network,FluSurv-NET,2023-24,2024,14,30-39 yr,Overall,Overall,Overall,40.2,1,null,null,null,null,null
Entire Network,FluSurv-NET,2023-24,2024,15,30-39 yr,Overall,Overall,Overall,40.8,0.6,null,null,null,null,null
Entire Network,FluSurv-NET,2023-24,2024,16,30-39 yr,Overall,Overall,Overall,41.2,0.4,null,null,null,null,null
Entire Network,FluSurv-NET,2023-24,2024,17,30-39 yr,Overall,Overall,Overall,41.5,0.3,null,null,null,null,null
Entire Network,FluSurv-NET,2023-24,2024,18,30-39 yr,Overall,Overall,Overall,41.6,0.1,null,null,null,null,null
Entire Network,FluSurv-NET,2023-24,2024,19,30-39 yr,Overall,Overall,Overall,41.9,0.2,null,null,null,null,null
Entire Network,FluSurv-NET,2023-24,2024,20,30-39 yr,Overall,Overall,Overall,42,0.2,null,null,null,null,null
Entire Network,FluSurv-NET,2023-24,2024,21,30-39 yr,Overall,Overall,Overall,42.2,0.2,null,null,null,null,null
Entire Network,FluSurv-NET,2023-24,2024,22,30-39 yr,Overall,Overall,Overall,42.3,0.1,null,null,null,null,null
Entire Network,FluSurv-NET,2023-24,2024,23,30-39 yr,Overall,Overall,Overall,42.4,0.1,null,null,null,null,null
Entire Network,FluSurv-NET,2023-24,2024,24,30-39 yr,Overall,Overall,Overall,42.4,0,null,null,null,null,null
Entire Network,FluSurv-NET,2023-24,2024,25,30-39 yr,Overall,Overall,Overall,42.5,0,null,null,null,null,null
Entire Network,FluSurv-NET,2023-24,2024,26,30-39 yr,Overall,Overall,Overall,42.5,0,null,null,null,null,null
Entire Network,FluSurv-NET,2023-24,2024,27,30-39 yr,Overall,Overall,Overall,42.6,0.1,null,null,null,null,null
Entire Network,FluSurv-NET,2023-24,2024,28,30-39 yr,Overall,Overall,Overall,42.6,0,null,null,null,null,null
Entire Network,FluSurv-NET,2023-24,2024,29,30-39 yr,Overall,Overall,Overall,42.6,0,null,null,null,null,null
Entire Network,FluSurv-NET,2023-24,2024,30,30-39 yr,Overall,Overall,Overall,42.7,0.1,null,null,null,null,null
Entire Network,FluSurv-NET,2023-24,2024,31,30-39 yr,Overall,Overall,Overall,42.7,0,null,null,null,null,null
Entire Network,FluSurv-NET,2023-24,2024,32,30-39 yr,Overall,Overall,Overall,42.7,0,null,null,null,null,null
Entire Network,FluSurv-NET,2023-24,2024,33,30-39 yr,Overall,Overall,Overall,42.7,0,null,null,null,null,null
Entire Network,FluSurv-NET,2023-24,2024,34,30-39 yr,Overall,Overall,Overall,42.7,0,null,null,null,null,null
Entire Network,FluSurv-NET,2023-24,2024,35,30-39 yr,Overall,Overall,Overall,42.8,0,null,null,null,null,null
Entire Network,FluSurv-NET,2023-24,2024,36,30-39 yr,Overall,Overall,Overall,42.9,0.1,null,null,null,null,null
Entire Network,FluSurv-NET,2023-24,2024,37,30-39 yr,Overall,Overall,Overall,42.9,0.1,null,null,null,null,null
Entire Network,FluSurv-NET,2023-24,2024,38,30-39 yr,Overall,Overall,Overall,43,0,null,null,null,null,null
Entire Network,FluSurv-NET,2023-24,2024,39,30-39 yr,Overall,Overall,Overall,43.1,0.1,null,null,null,null,null
Entire Network,FluSurv-NET,2023-24,2023,40,40-49 yr,Overall,Overall,Overall,0.1,0.1,null,null,null,null,null
Entire Network,FluSurv-NET,2023-24,2023,41,40-49 yr,Overall,Overall,Overall,0.2,0.1,null,null,null,null,null
Entire Network,FluSurv-NET,2023-24,2023,42,40-49 yr,Overall,Overall,Overall,0.4,0.2,null,null,null,null,null
Entire Network,FluSurv-NET,2023-24,2023,43,40-49 yr,Overall,Overall,Overall,0.6,0.2,null,null,null,null,null
Entire Network,FluSurv-NET,2023-24,2023,44,40-49 yr,Overall,Overall,Overall,0.9,0.2,null,null,null,null,null
Entire Network,FluSurv-NET,2023-24,2023,45,40-49 yr,Overall,Overall,Overall,1.3,0.4,null,null,null,null,null
Entire Network,FluSurv-NET,2023-24,2023,46,40-49 yr,Overall,Overall,Overall,1.8,0.5,null,null,null,null,null
Entire Network,FluSurv-NET,2023-24,2023,47,40-49 yr,Overall,Overall,Overall,2.6,0.8,null,null,null,null,null
Entire Network,FluSurv-NET,2023-24,2023,48,40-49 yr,Overall,Overall,Overall,4.2,1.6,null,null,null,null,null
Entire Network,FluSurv-NET,2023-24,2023,49,40-49 yr,Overall,Overall,Overall,5.9,1.7,null,null,null,null,null
Entire Network,FluSurv-NET,2023-24,2023,50,40-49 yr,Overall,Overall,Overall,8.8,2.9,null,null,null,null,null
Entire Network,FluSurv-NET,2023-24,2023,51,40-49 yr,Overall,Overall,Overall,13.3,4.5,null,null,null,null,null
Entire Network,FluSurv-NET,2023-24,2023,52,40-49 yr,Overall,Overall,Overall,19.3,6,null,null,null,null,null
Entire Network,FluSurv-NET,2023-24,2024,1,40-49 yr,Overall,Overall,Overall,23.8,4.5,null,null,null,null,null
Entire Network,FluSurv-NET,2023-24,2024,2,40-49 yr,Overall,Overall,Overall,27.1,3.3,null,null,null,null,null
Entire Network,FluSurv-NET,2023-24,2024,3,40-49 yr,Overall,Overall,Overall,29.8,2.7,null,null,null,null,null
Entire Network,FluSurv-NET,2023-24,2024,4,40-49 yr,Overall,Overall,Overall,32.2,2.3,null,null,null,null,null
Entire Network,FluSurv-NET,2023-24,2024,5,40-49 yr,Overall,Overall,Overall,34.3,2.1,null,null,null,null,null
Entire Network,FluSurv-NET,2023-24,2024,6,40-49 yr,Overall,Overall,Overall,36.4,2.2,null,null,null,null,null
Entire Network,FluSurv-NET,2023-24,2024,7,40-49 yr,Overall,Overall,Overall,38.5,2,null,null,null,null,null
Entire Network,FluSurv-NET,2023-24,2024,8,40-49 yr,Overall,Overall,Overall,40.7,2.2,null,null,null,null,null
Entire Network,FluSurv-NET,2023-24,2024,9,40-49 yr,Overall,Overall,Overall,42.9,2.2,null,null,null,null,null
Entire Network,FluSurv-NET,2023-24,2024,10,40-49 yr,Overall,Overall,Overall,44.6,1.8,null,null,null,null,null
Entire Network,FluSurv-NET,2023-24,2024,11,40-49 yr,Overall,Overall,Overall,45.7,1.1,null,null,null,null,null
Entire Network,FluSurv-NET,2023-24,2024,12,40-49 yr,Overall,Overall,Overall,46.8,1.1,null,null,null,null,null
Entire Network,FluSurv-NET,2023-24,2024,13,40-49 yr,Overall,Overall,Overall,47.8,1,null,null,null,null,null
Entire Network,FluSurv-NET,2023-24,2024,14,40-49 yr,Overall,Overall,Overall,48.9,1.1,null,null,null,null,null
Entire Network,FluSurv-NET,2023-24,2024,15,40-49 yr,Overall,Overall,Overall,49.5,0.6,null,null,null,null,null
Entire Network,FluSurv-NET,2023-24,2024,16,40-49 yr,Overall,Overall,Overall,50.1,0.5,null,null,null,null,null
Entire Network,FluSurv-NET,2023-24,2024,17,40-49 yr,Overall,Overall,Overall,50.4,0.3,null,null,null,null,null
Entire Network,FluSurv-NET,2023-24,2024,18,40-49 yr,Overall,Overall,Overall,50.7,0.3,null,null,null,null,null
Entire Network,FluSurv-NET,2023-24,2024,19,40-49 yr,Overall,Overall,Overall,50.8,0.1,null,null,null,null,null
Entire Network,FluSurv-NET,2023-24,2024,20,40-49 yr,Overall,Overall,Overall,51,0.1,null,null,null,null,null
Entire Network,FluSurv-NET,2023-24,2024,21,40-49 yr,Overall,Overall,Overall,51.1,0.1,null,null,null,null,null
Entire Network,FluSurv-NET,2023-24,2024,22,40-49 yr,Overall,Overall,Overall,51.2,0.1,null,null,null,null,null
Entire Network,FluSurv-NET,2023-24,2024,23,40-49 yr,Overall,Overall,Overall,51.3,0.1,null,null,null,null,null
Entire Network,FluSurv-NET,2023-24,2024,24,40-49 yr,Overall,Overall,Overall,51.5,0.1,null,null,null,null,null
Entire Network,FluSurv-NET,2023-24,2024,25,40-49 yr,Overall,Overall,Overall,51.5,0,null,null,null,null,null
Entire Network,FluSurv-NET,2023-24,2024,26,40-49 yr,Overall,Overall,Overall,51.6,0.1,null,null,null,null,null
Entire Network,FluSurv-NET,2023-24,2024,27,40-49 yr,Overall,Overall,Overall,51.7,0,null,null,null,null,null
Entire Network,FluSurv-NET,2023-24,2024,28,40-49 yr,Overall,Overall,Overall,51.7,0,null,null,null,null,null
Entire Network,FluSurv-NET,2023-24,2024,29,40-49 yr,Overall,Overall,Overall,51.8,0.1,null,null,null,null,null
Entire Network,FluSurv-NET,2023-24,2024,30,40-49 yr,Overall,Overall,Overall,51.9,0.1,null,null,null,null,null
Entire Network,FluSurv-NET,2023-24,2024,31,40-49 yr,Overall,Overall,Overall,51.9,0,null,null,null,null,null
Entire Network,FluSurv-NET,2023-24,2024,32,40-49 yr,Overall,Overall,Overall,51.9,0,null,null,null,null,null
Entire Network,FluSurv-NET,2023-24,2024,33,40-49 yr,Overall,Overall,Overall,52,0,null,null,null,null,null
Entire Network,FluSurv-NET,2023-24,2024,34,40-49 yr,Overall,Overall,Overall,52.1,0.1,null,null,null,null,null
Entire Network,FluSurv-NET,2023-24,2024,35,40-49 yr,Overall,Overall,Overall,52.1,0,null,null,null,null,null
Entire Network,FluSurv-NET,2023-24,2024,36,40-49 yr,Overall,Overall,Overall,52.1,0,null,null,null,null,null
Entire Network,FluSurv-NET,2023-24,2024,37,40-49 yr,Overall,Overall,Overall,52.1,0,null,null,null,null,null
Entire Network,FluSurv-NET,2023-24,2024,38,40-49 yr,Overall,Overall,Overall,52.2,0.1,null,null,null,null,null
Entire Network,FluSurv-NET,2023-24,2024,39,40-49 yr,Overall,Overall,Overall,52.2,0,null,null,null,null,null
Entire Network,FluSurv-NET,2023-24,2023,40,0-< 1 yr,Overall,Overall,Overall,0.3,0.3,null,null,null,null,null
Entire Network,FluSurv-NET,2023-24,2023,41,0-< 1 yr,Overall,Overall,Overall,0.9,0.6,null,null,null,null,null
Entire Network,FluSurv-NET,2023-24,2023,42,0-< 1 yr,Overall,Overall,Overall,1.2,0.3,null,null,null,null,null
Entire Network,FluSurv-NET,2023-24,2023,43,0-< 1 yr,Overall,Overall,Overall,1.5,0.3,null,null,null,null,null
Entire Network,FluSurv-NET,2023-24,2023,44,0-< 1 yr,Overall,Overall,Overall,3,1.5,null,null,null,null,null
Entire Network,FluSurv-NET,2023-24,2023,45,0-< 1 yr,Overall,Overall,Overall,5.1,2.1,null,null,null,null,null
Entire Network,FluSurv-NET,2023-24,2023,46,0-< 1 yr,Overall,Overall,Overall,6.9,1.8,null,null,null,null,null
Entire Network,FluSurv-NET,2023-24,2023,47,0-< 1 yr,Overall,Overall,Overall,8.4,1.5,null,null,null,null,null
Entire Network,FluSurv-NET,2023-24,2023,48,0-< 1 yr,Overall,Overall,Overall,11.7,3.3,null,null,null,null,null
Entire Network,FluSurv-NET,2023-24,2023,49,0-< 1 yr,Overall,Overall,Overall,13.2,1.5,null,null,null,null,null
Entire Network,FluSurv-NET,2023-24,2023,50,0-< 1 yr,Overall,Overall,Overall,18.9,5.7,null,null,null,null,null
Entire Network,FluSurv-NET,2023-24,2023,51,0-< 1 yr,Overall,Overall,Overall,29.2,10.2,null,null,null,null,null
Entire Network,FluSurv-NET,2023-24,2023,52,0-< 1 yr,Overall,Overall,Overall,41.2,12,null,null,null,null,null
Entire Network,FluSurv-NET,2023-24,2024,1,0-< 1 yr,Overall,Overall,Overall,52.9,11.7,null,null,null,null,null
Entire Network,FluSurv-NET,2023-24,2024,2,0-< 1 yr,Overall,Overall,Overall,63.4,10.5,null,null,null,null,null
Entire Network,FluSurv-NET,2023-24,2024,3,0-< 1 yr,Overall,Overall,Overall,70.3,6.9,null,null,null,null,null
Entire Network,FluSurv-NET,2023-24,2024,4,0-< 1 yr,Overall,Overall,Overall,77.2,6.9,null,null,null,null,null
Entire Network,FluSurv-NET,2023-24,2024,5,0-< 1 yr,Overall,Overall,Overall,83.3,6,null,null,null,null,null
Entire Network,FluSurv-NET,2023-24,2024,6,0-< 1 yr,Overall,Overall,Overall,89.6,6.3,null,null,null,null,null
Entire Network,FluSurv-NET,2023-24,2024,7,0-< 1 yr,Overall,Overall,Overall,94.7,5.1,null,null,null,null,null
Entire Network,FluSurv-NET,2023-24,2024,8,0-< 1 yr,Overall,Overall,Overall,98.6,3.9,null,null,null,null,null
Entire Network,FluSurv-NET,2023-24,2024,9,0-< 1 yr,Overall,Overall,Overall,105.8,7.2,null,null,null,null,null
Entire Network,FluSurv-NET,2023-24,2024,10,0-< 1 yr,Overall,Overall,Overall,110.6,4.8,null,null,null,null,null
Entire Network,FluSurv-NET,2023-24,2024,11,0-< 1 yr,Overall,Overall,Overall,113.9,3.3,null,null,null,null,null
Entire Network,FluSurv-NET,2023-24,2024,12,0-< 1 yr,Overall,Overall,Overall,116.6,2.7,null,null,null,null,null
Entire Network,FluSurv-NET,2023-24,2024,13,0-< 1 yr,Overall,Overall,Overall,118.1,1.5,null,null,null,null,null
Entire Network,FluSurv-NET,2023-24,2024,14,0-< 1 yr,Overall,Overall,Overall,119.9,1.8,null,null,null,null,null
Entire Network,FluSurv-NET,2023-24,2024,15,0-< 1 yr,Overall,Overall,Overall,122.3,2.4,null,null,null,null,null
Entire Network,FluSurv-NET,2023-24,2024,16,0-< 1 yr,Overall,Overall,Overall,125.3,3,null,null,null,null,null
Entire Network,FluSurv-NET,2023-24,2024,17,0-< 1 yr,Overall,Overall,Overall,127.7,2.4,null,null,null,null,null
Entire Network,FluSurv-NET,2023-24,2024,18,0-< 1 yr,Overall,Overall,Overall,128,0.3,null,null,null,null,null
Entire Network,FluSurv-NET,2023-24,2024,19,0-< 1 yr,Overall,Overall,Overall,128.3,0.3,null,null,null,null,null
Entire Network,FluSurv-NET,2023-24,2024,20,0-< 1 yr,Overall,Overall,Overall,128.3,0,null,null,null,null,null
Entire Network,FluSurv-NET,2023-24,2024,21,0-< 1 yr,Overall,Overall,Overall,128.9,0.6,null,null,null,null,null
Entire Network,FluSurv-NET,2023-24,2024,22,0-< 1 yr,Overall,Overall,Overall,128.9,0,null,null,null,null,null
Entire Network,FluSurv-NET,2023-24,2024,23,0-< 1 yr,Overall,Overall,Overall,129.5,0.6,null,null,null,null,null
Entire Network,FluSurv-NET,2023-24,2024,24,0-< 1 yr,Overall,Overall,Overall,129.8,0.3,null,null,null,null,null
Entire Network,FluSurv-NET,2023-24,2024,25,0-< 1 yr,Overall,Overall,Overall,130.4,0.6,null,null,null,null,null
Entire Network,FluSurv-NET,2023-24,2024,26,0-< 1 yr,Overall,Overall,Overall,130.4,0,null,null,null,null,null
Entire Network,FluSurv-NET,2023-24,2024,27,0-< 1 yr,Overall,Overall,Overall,131.1,0.6,null,null,null,null,null
Entire Network,FluSurv-NET,2023-24,2024,28,0-< 1 yr,Overall,Overall,Overall,131.1,0,null,null,null,null,null
Entire Network,FluSurv-NET,2023-24,2024,29,0-< 1 yr,Overall,Overall,Overall,131.1,0,null,null,null,null,null
Entire Network,FluSurv-NET,2023-24,2024,30,0-< 1 yr,Overall,Overall,Overall,131.1,0,null,null,null,null,null
Entire Network,FluSurv-NET,2023-24,2024,31,0-< 1 yr,Overall,Overall,Overall,131.1,0,null,null,null,null,null
Entire Network,FluSurv-NET,2023-24,2024,32,0-< 1 yr,Overall,Overall,Overall,131.4,0.3,null,null,null,null,null
Entire Network,FluSurv-NET,2023-24,2024,33,0-< 1 yr,Overall,Overall,Overall,131.4,0,null,null,null,null,null
Entire Network,FluSurv-NET,2023-24,2024,34,0-< 1 yr,Overall,Overall,Overall,131.4,0,null,null,null,null,null
Entire Network,FluSurv-NET,2023-24,2024,35,0-< 1 yr,Overall,Overall,Overall,131.4,0,null,null,null,null,null
Entire Network,FluSurv-NET,2023-24,2024,36,0-< 1 yr,Overall,Overall,Overall,131.7,0.3,null,null,null,null,null
Entire Network,FluSurv-NET,2023-24,2024,37,0-< 1 yr,Overall,Overall,Overall,131.7,0,null,null,null,null,null
Entire Network,FluSurv-NET,2023-24,2024,38,0-< 1 yr,Overall,Overall,Overall,131.7,0,null,null,null,null,null
Entire Network,FluSurv-NET,2023-24,2024,39,0-< 1 yr,Overall,Overall,Overall,132.3,0.6,null,null,null,null,null
Entire Network,FluSurv-NET,2023-24,2023,40,1-4 yr,Overall,Overall,Overall,0.4,0.4,null,null,null,null,null
Entire Network,FluSurv-NET,2023-24,2023,41,1-4 yr,Overall,Overall,Overall,0.5,0.2,null,null,null,null,null
Entire Network,FluSurv-NET,2023-24,2023,42,1-4 yr,Overall,Overall,Overall,0.8,0.3,null,null,null,null,null
Entire Network,FluSurv-NET,2023-24,2023,43,1-4 yr,Overall,Overall,Overall,1.1,0.2,null,null,null,null,null
Entire Network,FluSurv-NET,2023-24,2023,44,1-4 yr,Overall,Overall,Overall,1.7,0.7,null,null,null,null,null
Entire Network,FluSurv-NET,2023-24,2023,45,1-4 yr,Overall,Overall,Overall,2.3,0.5,null,null,null,null,null
Entire Network,FluSurv-NET,2023-24,2023,46,1-4 yr,Overall,Overall,Overall,2.7,0.5,null,null,null,null,null
Entire Network,FluSurv-NET,2023-24,2023,47,1-4 yr,Overall,Overall,Overall,3.8,1.1,null,null,null,null,null
Entire Network,FluSurv-NET,2023-24,2023,48,1-4 yr,Overall,Overall,Overall,5.9,2,null,null,null,null,null
Entire Network,FluSurv-NET,2023-24,2023,49,1-4 yr,Overall,Overall,Overall,8.2,2.3,null,null,null,null,null
Entire Network,FluSurv-NET,2023-24,2023,50,1-4 yr,Overall,Overall,Overall,12.5,4.4,null,null,null,null,null
Entire Network,FluSurv-NET,2023-24,2023,51,1-4 yr,Overall,Overall,Overall,18.2,5.6,null,null,null,null,null
Entire Network,FluSurv-NET,2023-24,2023,52,1-4 yr,Overall,Overall,Overall,24.4,6.2,null,null,null,null,null
Entire Network,FluSurv-NET,2023-24,2024,1,1-4 yr,Overall,Overall,Overall,30.5,6.1,null,null,null,null,null
Entire Network,FluSurv-NET,2023-24,2024,2,1-4 yr,Overall,Overall,Overall,35.1,4.7,null,null,null,null,null
Entire Network,FluSurv-NET,2023-24,2024,3,1-4 yr,Overall,Overall,Overall,39.2,4.1,null,null,null,null,null
Entire Network,FluSurv-NET,2023-24,2024,4,1-4 yr,Overall,Overall,Overall,43.3,4.1,null,null,null,null,null
Entire Network,FluSurv-NET,2023-24,2024,5,1-4 yr,Overall,Overall,Overall,45.5,2.2,null,null,null,null,null
Entire Network,FluSurv-NET,2023-24,2024,6,1-4 yr,Overall,Overall,Overall,49.6,4.1,null,null,null,null,null
Entire Network,FluSurv-NET,2023-24,2024,7,1-4 yr,Overall,Overall,Overall,53,3.5,null,null,null,null,null
Entire Network,FluSurv-NET,2023-24,2024,8,1-4 yr,Overall,Overall,Overall,56,3,null,null,null,null,null
Entire Network,FluSurv-NET,2023-24,2024,9,1-4 yr,Overall,Overall,Overall,59.7,3.7,null,null,null,null,null
Entire Network,FluSurv-NET,2023-24,2024,10,1-4 yr,Overall,Overall,Overall,62.3,2.6,null,null,null,null,null
Entire Network,FluSurv-NET,2023-24,2024,11,1-4 yr,Overall,Overall,Overall,64.6,2.3,null,null,null,null,null
Entire Network,FluSurv-NET,2023-24,2024,12,1-4 yr,Overall,Overall,Overall,66.2,1.7,null,null,null,null,null
Entire Network,FluSurv-NET,2023-24,2024,13,1-4 yr,Overall,Overall,Overall,67.4,1.1,null,null,null,null,null
Entire Network,FluSurv-NET,2023-24,2024,14,1-4 yr,Overall,Overall,Overall,68.9,1.5,null,null,null,null,null
Entire Network,FluSurv-NET,2023-24,2024,15,1-4 yr,Overall,Overall,Overall,70.3,1.4,null,null,null,null,null
Entire Network,FluSurv-NET,2023-24,2024,16,1-4 yr,Overall,Overall,Overall,71,0.7,null,null,null,null,null
Entire Network,FluSurv-NET,2023-24,2024,17,1-4 yr,Overall,Overall,Overall,71.7,0.8,null,null,null,null,null
Entire Network,FluSurv-NET,2023-24,2024,18,1-4 yr,Overall,Overall,Overall,72.4,0.7,null,null,null,null,null
Entire Network,FluSurv-NET,2023-24,2024,19,1-4 yr,Overall,Overall,Overall,72.9,0.5,null,null,null,null,null
Entire Network,FluSurv-NET,2023-24,2024,20,1-4 yr,Overall,Overall,Overall,73.7,0.8,null,null,null,null,null
Entire Network,FluSurv-NET,2023-24,2024,21,1-4 yr,Overall,Overall,Overall,73.7,0,null,null,null,null,null
Entire Network,FluSurv-NET,2023-24,2024,22,1-4 yr,Overall,Overall,Overall,73.8,0.2,null,null,null,null,null
Entire Network,FluSurv-NET,2023-24,2024,23,1-4 yr,Overall,Overall,Overall,74,0.2,null,null,null,null,null
Entire Network,FluSurv-NET,2023-24,2024,24,1-4 yr,Overall,Overall,Overall,74,0,null,null,null,null,null
Entire Network,FluSurv-NET,2023-24,2024,25,1-4 yr,Overall,Overall,Overall,74.1,0.1,null,null,null,null,null
Entire Network,FluSurv-NET,2023-24,2024,26,1-4 yr,Overall,Overall,Overall,74.4,0.3,null,null,null,null,null
Entire Network,FluSurv-NET,2023-24,2024,27,1-4 yr,Overall,Overall,Overall,74.5,0.1,null,null,null,null,null
Entire Network,FluSurv-NET,2023-24,2024,28,1-4 yr,Overall,Overall,Overall,74.6,0.2,null,null,null,null,null
Entire Network,FluSurv-NET,2023-24,2024,29,1-4 yr,Overall,Overall,Overall,74.6,0,null,null,null,null,null
Entire Network,FluSurv-NET,2023-24,2024,30,1-4 yr,Overall,Overall,Overall,74.9,0.2,null,null,null,null,null
Entire Network,FluSurv-NET,2023-24,2024,31,1-4 yr,Overall,Overall,Overall,74.9,0,null,null,null,null,null
Entire Network,FluSurv-NET,2023-24,2024,32,1-4 yr,Overall,Overall,Overall,74.9,0,null,null,null,null,null
Entire Network,FluSurv-NET,2023-24,2024,33,1-4 yr,Overall,Overall,Overall,74.9,0.1,null,null,null,null,null
Entire Network,FluSurv-NET,2023-24,2024,34,1-4 yr,Overall,Overall,Overall,74.9,0,null,null,null,null,null
Entire Network,FluSurv-NET,2023-24,2024,35,1-4 yr,Overall,Overall,Overall,75.2,0.3,null,null,null,null,null
Entire Network,FluSurv-NET,2023-24,2024,36,1-4 yr,Overall,Overall,Overall,75.4,0.2,null,null,null,null,null
Entire Network,FluSurv-NET,2023-24,2024,37,1-4 yr,Overall,Overall,Overall,75.4,0,null,null,null,null,null
Entire Network,FluSurv-NET,2023-24,2024,38,1-4 yr,Overall,Overall,Overall,75.6,0.2,null,null,null,null,null
Entire Network,FluSurv-NET,2023-24,2024,39,1-4 yr,Overall,Overall,Overall,75.6,0,null,null,null,null,null
Entire Network,FluSurv-NET,2023-24,2023,40,>= 75,Overall,Overall,Overall,1,1,null,null,null,null,null
Entire Network,FluSurv-NET,2023-24,2023,41,>= 75,Overall,Overall,Overall,1.8,0.8,null,null,null,null,null
Entire Network,FluSurv-NET,2023-24,2023,42,>= 75,Overall,Overall,Overall,2.6,0.8,null,null,null,null,null
Entire Network,FluSurv-NET,2023-24,2023,43,>= 75,Overall,Overall,Overall,3.4,0.8,null,null,null,null,null
Entire Network,FluSurv-NET,2023-24,2023,44,>= 75,Overall,Overall,Overall,4.8,1.4,null,null,null,null,null
Entire Network,FluSurv-NET,2023-24,2023,45,>= 75,Overall,Overall,Overall,7,2.2,null,null,null,null,null
Entire Network,FluSurv-NET,2023-24,2023,46,>= 75,Overall,Overall,Overall,9.8,2.8,null,null,null,null,null
Entire Network,FluSurv-NET,2023-24,2023,47,>= 75,Overall,Overall,Overall,14.1,4.3,null,null,null,null,null
Entire Network,FluSurv-NET,2023-24,2023,48,>= 75,Overall,Overall,Overall,21.8,7.7,null,null,null,null,null
Entire Network,FluSurv-NET,2023-24,2023,49,>= 75,Overall,Overall,Overall,32.1,10.3,null,null,null,null,null
Entire Network,FluSurv-NET,2023-24,2023,50,>= 75,Overall,Overall,Overall,46.2,14,null,null,null,null,null
Entire Network,FluSurv-NET,2023-24,2023,51,>= 75,Overall,Overall,Overall,71.9,25.7,null,null,null,null,null
Entire Network,FluSurv-NET,2023-24,2023,52,>= 75,Overall,Overall,Overall,107.5,35.6,null,null,null,null,null
Entire Network,FluSurv-NET,2023-24,2024,1,>= 75,Overall,Overall,Overall,134.7,27.3,null,null,null,null,null
Entire Network,FluSurv-NET,2023-24,2024,2,>= 75,Overall,Overall,Overall,154.8,20.1,null,null,null,null,null
Entire Network,FluSurv-NET,2023-24,2024,3,>= 75,Overall,Overall,Overall,172.5,17.7,null,null,null,null,null
Entire Network,FluSurv-NET,2023-24,2024,4,>= 75,Overall,Overall,Overall,186.1,13.6,null,null,null,null,null
Entire Network,FluSurv-NET,2023-24,2024,5,>= 75,Overall,Overall,Overall,200.4,14.3,null,null,null,null,null
Entire Network,FluSurv-NET,2023-24,2024,6,>= 75,Overall,Overall,Overall,213.1,12.7,null,null,null,null,null
Entire Network,FluSurv-NET,2023-24,2024,7,>= 75,Overall,Overall,Overall,226.7,13.6,null,null,null,null,null
Entire Network,FluSurv-NET,2023-24,2024,8,>= 75,Overall,Overall,Overall,240.2,13.5,null,null,null,null,null
Entire Network,FluSurv-NET,2023-24,2024,9,>= 75,Overall,Overall,Overall,254,13.9,null,null,null,null,null
Entire Network,FluSurv-NET,2023-24,2024,10,>= 75,Overall,Overall,Overall,265.1,11.1,null,null,null,null,null
Entire Network,FluSurv-NET,2023-24,2024,11,>= 75,Overall,Overall,Overall,274.7,9.6,null,null,null,null,null
Entire Network,FluSurv-NET,2023-24,2024,12,>= 75,Overall,Overall,Overall,281.9,7.1,null,null,null,null,null
Entire Network,FluSurv-NET,2023-24,2024,13,>= 75,Overall,Overall,Overall,289.2,7.4,null,null,null,null,null
Entire Network,FluSurv-NET,2023-24,2024,14,>= 75,Overall,Overall,Overall,295.8,6.6,null,null,null,null,null
Entire Network,FluSurv-NET,2023-24,2024,15,>= 75,Overall,Overall,Overall,301.2,5.4,null,null,null,null,null
Entire Network,FluSurv-NET,2023-24,2024,16,>= 75,Overall,Overall,Overall,304.6,3.4,null,null,null,null,null
Entire Network,FluSurv-NET,2023-24,2024,17,>= 75,Overall,Overall,Overall,307.6,3.1,null,null,null,null,null
Entire Network,FluSurv-NET,2023-24,2024,18,>= 75,Overall,Overall,Overall,309.9,2.3,null,null,null,null,null
Entire Network,FluSurv-NET,2023-24,2024,19,>= 75,Overall,Overall,Overall,311.8,1.9,null,null,null,null,null
Entire Network,FluSurv-NET,2023-24,2024,20,>= 75,Overall,Overall,Overall,313,1.2,null,null,null,null,null
Entire Network,FluSurv-NET,2023-24,2024,21,>= 75,Overall,Overall,Overall,314.3,1.3,null,null,null,null,null
Entire Network,FluSurv-NET,2023-24,2024,22,>= 75,Overall,Overall,Overall,315.8,1.5,null,null,null,null,null
Entire Network,FluSurv-NET,2023-24,2024,23,>= 75,Overall,Overall,Overall,316.5,0.7,null,null,null,null,null
Entire Network,FluSurv-NET,2023-24,2024,24,>= 75,Overall,Overall,Overall,317.3,0.7,null,null,null,null,null
Entire Network,FluSurv-NET,2023-24,2024,25,>= 75,Overall,Overall,Overall,318.8,1.5,null,null,null,null,null
Entire Network,FluSurv-NET,2023-24,2024,26,>= 75,Overall,Overall,Overall,319.4,0.6,null,null,null,null,null
Entire Network,FluSurv-NET,2023-24,2024,27,>= 75,Overall,Overall,Overall,320.1,0.8,null,null,null,null,null
Entire Network,FluSurv-NET,2023-24,2024,28,>= 75,Overall,Overall,Overall,321.1,1,null,null,null,null,null
Entire Network,FluSurv-NET,2023-24,2024,29,>= 75,Overall,Overall,Overall,321.7,0.5,null,null,null,null,null
Entire Network,FluSurv-NET,2023-24,2024,30,>= 75,Overall,Overall,Overall,322.1,0.4,null,null,null,null,null
Entire Network,FluSurv-NET,2023-24,2024,31,>= 75,Overall,Overall,Overall,322.5,0.4,null,null,null,null,null
Entire Network,FluSurv-NET,2023-24,2024,32,>= 75,Overall,Overall,Overall,323,0.5,null,null,null,null,null
Entire Network,FluSurv-NET,2023-24,2024,33,>= 75,Overall,Overall,Overall,323.5,0.5,null,null,null,null,null
Entire Network,FluSurv-NET,2023-24,2024,34,>= 75,Overall,Overall,Overall,324,0.5,null,null,null,null,null
Entire Network,FluSurv-NET,2023-24,2024,35,>= 75,Overall,Overall,Overall,324.5,0.4,null,null,null,null,null
Entire Network,FluSurv-NET,2023-24,2024,36,>= 75,Overall,Overall,Overall,324.9,0.5,null,null,null,null,null
Entire Network,FluSurv-NET,2023-24,2024,37,>= 75,Overall,Overall,Overall,325.4,0.4,null,null,null,null,null
Entire Network,FluSurv-NET,2023-24,2024,38,>= 75,Overall,Overall,Overall,326.1,0.7,null,null,null,null,null
Entire Network,FluSurv-NET,2023-24,2024,39,>= 75,Overall,Overall,Overall,327,0.9,null,null,null,null,null
Entire Network,FluSurv-NET,2023-24,2023,40,5-11  yr,Overall,Overall,Overall,0.1,0.1,null,null,null,null,null
Entire Network,FluSurv-NET,2023-24,2023,41,5-11  yr,Overall,Overall,Overall,0.2,0.1,null,null,null,null,null
Entire Network,FluSurv-NET,2023-24,2023,42,5-11  yr,Overall,Overall,Overall,0.3,0.2,null,null,null,null,null
Entire Network,FluSurv-NET,2023-24,2023,43,5-11  yr,Overall,Overall,Overall,0.6,0.3,null,null,null,null,null
Entire Network,FluSurv-NET,2023-24,2023,44,5-11  yr,Overall,Overall,Overall,0.9,0.3,null,null,null,null,null
Entire Network,FluSurv-NET,2023-24,2023,45,5-11  yr,Overall,Overall,Overall,1.7,0.9,null,null,null,null,null
Entire Network,FluSurv-NET,2023-24,2023,46,5-11  yr,Overall,Overall,Overall,2.7,1,null,null,null,null,null
Entire Network,FluSurv-NET,2023-24,2023,47,5-11  yr,Overall,Overall,Overall,3.7,1,null,null,null,null,null
Entire Network,FluSurv-NET,2023-24,2023,48,5-11  yr,Overall,Overall,Overall,5,1.3,null,null,null,null,null
Entire Network,FluSurv-NET,2023-24,2023,49,5-11  yr,Overall,Overall,Overall,6.7,1.7,null,null,null,null,null
Entire Network,FluSurv-NET,2023-24,2023,50,5-11  yr,Overall,Overall,Overall,9.2,2.5,null,null,null,null,null
Entire Network,FluSurv-NET,2023-24,2023,51,5-11  yr,Overall,Overall,Overall,13.2,4,null,null,null,null,null
Entire Network,FluSurv-NET,2023-24,2023,52,5-11  yr,Overall,Overall,Overall,16.2,3,null,null,null,null,null
Entire Network,FluSurv-NET,2023-24,2024,1,5-11  yr,Overall,Overall,Overall,18.7,2.5,null,null,null,null,null
Entire Network,FluSurv-NET,2023-24,2024,2,5-11  yr,Overall,Overall,Overall,21.1,2.4,null,null,null,null,null
Entire Network,FluSurv-NET,2023-24,2024,3,5-11  yr,Overall,Overall,Overall,22.8,1.7,null,null,null,null,null
Entire Network,FluSurv-NET,2023-24,2024,4,5-11  yr,Overall,Overall,Overall,25.3,2.5,null,null,null,null,null
Entire Network,FluSurv-NET,2023-24,2024,5,5-11  yr,Overall,Overall,Overall,27.9,2.6,null,null,null,null,null
Entire Network,FluSurv-NET,2023-24,2024,6,5-11  yr,Overall,Overall,Overall,30.3,2.4,null,null,null,null,null
Entire Network,FluSurv-NET,2023-24,2024,7,5-11  yr,Overall,Overall,Overall,32.9,2.6,null,null,null,null,null
Entire Network,FluSurv-NET,2023-24,2024,8,5-11  yr,Overall,Overall,Overall,35.4,2.5,null,null,null,null,null
Entire Network,FluSurv-NET,2023-24,2024,9,5-11  yr,Overall,Overall,Overall,37.6,2.3,null,null,null,null,null
Entire Network,FluSurv-NET,2023-24,2024,10,5-11  yr,Overall,Overall,Overall,39.8,2.2,null,null,null,null,null
Entire Network,FluSurv-NET,2023-24,2024,11,5-11  yr,Overall,Overall,Overall,41.4,1.6,null,null,null,null,null
Entire Network,FluSurv-NET,2023-24,2024,12,5-11  yr,Overall,Overall,Overall,43.2,1.8,null,null,null,null,null
Entire Network,FluSurv-NET,2023-24,2024,13,5-11  yr,Overall,Overall,Overall,44.2,1.1,null,null,null,null,null
Entire Network,FluSurv-NET,2023-24,2024,14,5-11  yr,Overall,Overall,Overall,45.3,1.1,null,null,null,null,null
Entire Network,FluSurv-NET,2023-24,2024,15,5-11  yr,Overall,Overall,Overall,45.9,0.6,null,null,null,null,null
Entire Network,FluSurv-NET,2023-24,2024,16,5-11  yr,Overall,Overall,Overall,46.4,0.5,null,null,null,null,null
Entire Network,FluSurv-NET,2023-24,2024,17,5-11  yr,Overall,Overall,Overall,46.7,0.3,null,null,null,null,null
Entire Network,FluSurv-NET,2023-24,2024,18,5-11  yr,Overall,Overall,Overall,46.8,0.1,null,null,null,null,null
Entire Network,FluSurv-NET,2023-24,2024,19,5-11  yr,Overall,Overall,Overall,47.1,0.3,null,null,null,null,null
Entire Network,FluSurv-NET,2023-24,2024,20,5-11  yr,Overall,Overall,Overall,47.4,0.3,null,null,null,null,null
Entire Network,FluSurv-NET,2023-24,2024,21,5-11  yr,Overall,Overall,Overall,47.5,0.1,null,null,null,null,null
Entire Network,FluSurv-NET,2023-24,2024,22,5-11  yr,Overall,Overall,Overall,47.5,0,null,null,null,null,null
Entire Network,FluSurv-NET,2023-24,2024,23,5-11  yr,Overall,Overall,Overall,47.6,0.1,null,null,null,null,null
Entire Network,FluSurv-NET,2023-24,2024,24,5-11  yr,Overall,Overall,Overall,47.8,0.1,null,null,null,null,null
Entire Network,FluSurv-NET,2023-24,2024,25,5-11  yr,Overall,Overall,Overall,47.8,0,null,null,null,null,null
Entire Network,FluSurv-NET,2023-24,2024,26,5-11  yr,Overall,Overall,Overall,47.8,0,null,null,null,null,null
Entire Network,FluSurv-NET,2023-24,2024,27,5-11  yr,Overall,Overall,Overall,47.8,0,null,null,null,null,null
Entire Network,FluSurv-NET,2023-24,2024,28,5-11  yr,Overall,Overall,Overall,47.9,0,null,null,null,null,null
Entire Network,FluSurv-NET,2023-24,2024,29,5-11  yr,Overall,Overall,Overall,47.9,0,null,null,null,null,null
Entire Network,FluSurv-NET,2023-24,2024,30,5-11  yr,Overall,Overall,Overall,47.9,0,null,null,null,null,null
Entire Network,FluSurv-NET,2023-24,2024,31,5-11  yr,Overall,Overall,Overall,48,0,null,null,null,null,null
Entire Network,FluSurv-NET,2023-24,2024,32,5-11  yr,Overall,Overall,Overall,48,0,null,null,null,null,null
Entire Network,FluSurv-NET,2023-24,2024,33,5-11  yr,Overall,Overall,Overall,48,0,null,null,null,null,null
Entire Network,FluSurv-NET,2023-24,2024,34,5-11  yr,Overall,Overall,Overall,48,0,null,null,null,null,null
Entire Network,FluSurv-NET,2023-24,2024,35,5-11  yr,Overall,Overall,Overall,48,0,null,null,null,null,null
Entire Network,FluSurv-NET,2023-24,2024,36,5-11  yr,Overall,Overall,Overall,48,0,null,null,null,null,null
Entire Network,FluSurv-NET,2023-24,2024,37,5-11  yr,Overall,Overall,Overall,48,0,null,null,null,null,null
Entire Network,FluSurv-NET,2023-24,2024,38,5-11  yr,Overall,Overall,Overall,48.1,0,null,null,null,null,null
Entire Network,FluSurv-NET,2023-24,2024,39,5-11  yr,Overall,Overall,Overall,48.1,0,null,null,null,null,null
Entire Network,FluSurv-NET,2023-24,2023,40,12-17 yr,Overall,Overall,Overall,0,0,null,null,null,null,null
Entire Network,FluSurv-NET,2023-24,2023,41,12-17 yr,Overall,Overall,Overall,0.1,0,null,null,null,null,null
Entire Network,FluSurv-NET,2023-24,2023,42,12-17 yr,Overall,Overall,Overall,0.1,0,null,null,null,null,null
Entire Network,FluSurv-NET,2023-24,2023,43,12-17 yr,Overall,Overall,Overall,0.3,0.1,null,null,null,null,null
Entire Network,FluSurv-NET,2023-24,2023,44,12-17 yr,Overall,Overall,Overall,0.4,0.1,null,null,null,null,null
Entire Network,FluSurv-NET,2023-24,2023,45,12-17 yr,Overall,Overall,Overall,0.7,0.3,null,null,null,null,null
Entire Network,FluSurv-NET,2023-24,2023,46,12-17 yr,Overall,Overall,Overall,1.1,0.4,null,null,null,null,null
Entire Network,FluSurv-NET,2023-24,2023,47,12-17 yr,Overall,Overall,Overall,1.4,0.3,null,null,null,null,null
Entire Network,FluSurv-NET,2023-24,2023,48,12-17 yr,Overall,Overall,Overall,1.8,0.5,null,null,null,null,null
Entire Network,FluSurv-NET,2023-24,2023,49,12-17 yr,Overall,Overall,Overall,2.6,0.8,null,null,null,null,null
Entire Network,FluSurv-NET,2023-24,2023,50,12-17 yr,Overall,Overall,Overall,3.6,0.9,null,null,null,null,null
Entire Network,FluSurv-NET,2023-24,2023,51,12-17 yr,Overall,Overall,Overall,4.8,1.2,null,null,null,null,null
Entire Network,FluSurv-NET,2023-24,2023,52,12-17 yr,Overall,Overall,Overall,6.3,1.5,null,null,null,null,null
Entire Network,FluSurv-NET,2023-24,2024,1,12-17 yr,Overall,Overall,Overall,7.3,1.1,null,null,null,null,null
Entire Network,FluSurv-NET,2023-24,2024,2,12-17 yr,Overall,Overall,Overall,8.4,1.1,null,null,null,null,null
Entire Network,FluSurv-NET,2023-24,2024,3,12-17 yr,Overall,Overall,Overall,9.3,0.9,null,null,null,null,null
Entire Network,FluSurv-NET,2023-24,2024,4,12-17 yr,Overall,Overall,Overall,10.5,1.2,null,null,null,null,null
Entire Network,FluSurv-NET,2023-24,2024,5,12-17 yr,Overall,Overall,Overall,11.7,1.1,null,null,null,null,null
Entire Network,FluSurv-NET,2023-24,2024,6,12-17 yr,Overall,Overall,Overall,12.5,0.9,null,null,null,null,null
Entire Network,FluSurv-NET,2023-24,2024,7,12-17 yr,Overall,Overall,Overall,13.3,0.8,null,null,null,null,null
Entire Network,FluSurv-NET,2023-24,2024,8,12-17 yr,Overall,Overall,Overall,14.2,0.9,null,null,null,null,null
Entire Network,FluSurv-NET,2023-24,2024,9,12-17 yr,Overall,Overall,Overall,14.9,0.7,null,null,null,null,null
Entire Network,FluSurv-NET,2023-24,2024,10,12-17 yr,Overall,Overall,Overall,15.9,1,null,null,null,null,null
Entire Network,FluSurv-NET,2023-24,2024,11,12-17 yr,Overall,Overall,Overall,16.5,0.6,null,null,null,null,null
Entire Network,FluSurv-NET,2023-24,2024,12,12-17 yr,Overall,Overall,Overall,17.1,0.6,null,null,null,null,null
Entire Network,FluSurv-NET,2023-24,2024,13,12-17 yr,Overall,Overall,Overall,17.4,0.3,null,null,null,null,null
Entire Network,FluSurv-NET,2023-24,2024,14,12-17 yr,Overall,Overall,Overall,17.8,0.4,null,null,null,null,null
Entire Network,FluSurv-NET,2023-24,2024,15,12-17 yr,Overall,Overall,Overall,18,0.2,null,null,null,null,null
Entire Network,FluSurv-NET,2023-24,2024,16,12-17 yr,Overall,Overall,Overall,18.1,0.1,null,null,null,null,null
Entire Network,FluSurv-NET,2023-24,2024,17,12-17 yr,Overall,Overall,Overall,18.3,0.2,null,null,null,null,null
Entire Network,FluSurv-NET,2023-24,2024,18,12-17 yr,Overall,Overall,Overall,18.3,0,null,null,null,null,null
Entire Network,FluSurv-NET,2023-24,2024,19,12-17 yr,Overall,Overall,Overall,18.5,0.2,null,null,null,null,null
Entire Network,FluSurv-NET,2023-24,2024,20,12-17 yr,Overall,Overall,Overall,18.5,0,null,null,null,null,null
Entire Network,FluSurv-NET,2023-24,2024,21,12-17 yr,Overall,Overall,Overall,18.6,0,null,null,null,null,null
Entire Network,FluSurv-NET,2023-24,2024,22,12-17 yr,Overall,Overall,Overall,18.6,0,null,null,null,null,null
Entire Network,FluSurv-NET,2023-24,2024,23,12-17 yr,Overall,Overall,Overall,18.6,0,null,null,null,null,null
Entire Network,FluSurv-NET,2023-24,2024,24,12-17 yr,Overall,Overall,Overall,18.6,0,null,null,null,null,null
Entire Network,FluSurv-NET,2023-24,2024,25,12-17 yr,Overall,Overall,Overall,18.6,0,null,null,null,null,null
Entire Network,FluSurv-NET,2023-24,2024,26,12-17 yr,Overall,Overall,Overall,18.7,0.1,null,null,null,null,null
Entire Network,FluSurv-NET,2023-24,2024,27,12-17 yr,Overall,Overall,Overall,18.8,0,null,null,null,null,null
Entire Network,FluSurv-NET,2023-24,2024,28,12-17 yr,Overall,Overall,Overall,18.8,0,null,null,null,null,null
Entire Network,FluSurv-NET,2023-24,2024,29,12-17 yr,Overall,Overall,Overall,18.8,0,null,null,null,null,null
Entire Network,FluSurv-NET,2023-24,2024,30,12-17 yr,Overall,Overall,Overall,18.8,0,null,null,null,null,null
Entire Network,FluSurv-NET,2023-24,2024,31,12-17 yr,Overall,Overall,Overall,18.8,0,null,null,null,null,null
Entire Network,FluSurv-NET,2023-24,2024,32,12-17 yr,Overall,Overall,Overall,18.8,0,null,null,null,null,null
Entire Network,FluSurv-NET,2023-24,2024,33,12-17 yr,Overall,Overall,Overall,18.9,0,null,null,null,null,null
Entire Network,FluSurv-NET,2023-24,2024,34,12-17 yr,Overall,Overall,Overall,18.9,0,null,null,null,null,null
Entire Network,FluSurv-NET,2023-24,2024,35,12-17 yr,Overall,Overall,Overall,18.9,0,null,null,null,null,null
Entire Network,FluSurv-NET,2023-24,2024,36,12-17 yr,Overall,Overall,Overall,18.9,0,null,null,null,null,null
Entire Network,FluSurv-NET,2023-24,2024,37,12-17 yr,Overall,Overall,Overall,18.9,0,null,null,null,null,null
Entire Network,FluSurv-NET,2023-24,2024,38,12-17 yr,Overall,Overall,Overall,18.9,0,null,null,null,null,null
Entire Network,FluSurv-NET,2023-24,2024,39,12-17 yr,Overall,Overall,Overall,18.9,0,null,null,null,null,null
Entire Network,FluSurv-NET,2023-24,2023,40,< 18,Overall,Overall,Overall,0.1,0.1,null,null,null,null,null
Entire Network,FluSurv-NET,2023-24,2023,41,< 18,Overall,Overall,Overall,0.2,0.1,null,null,null,null,null
Entire Network,FluSurv-NET,2023-24,2023,42,< 18,Overall,Overall,Overall,0.4,0.2,null,null,null,null,null
Entire Network,FluSurv-NET,2023-24,2023,43,< 18,Overall,Overall,Overall,0.6,0.2,null,null,null,null,null
Entire Network,FluSurv-NET,2023-24,2023,44,< 18,Overall,Overall,Overall,1,0.4,null,null,null,null,null
Entire Network,FluSurv-NET,2023-24,2023,45,< 18,Overall,Overall,Overall,1.6,0.7,null,null,null,null,null
Entire Network,FluSurv-NET,2023-24,2023,46,< 18,Overall,Overall,Overall,2.4,0.7,null,null,null,null,null
Entire Network,FluSurv-NET,2023-24,2023,47,< 18,Overall,Overall,Overall,3.1,0.8,null,null,null,null,null
Entire Network,FluSurv-NET,2023-24,2023,48,< 18,Overall,Overall,Overall,4.4,1.2,null,null,null,null,null
Entire Network,FluSurv-NET,2023-24,2023,49,< 18,Overall,Overall,Overall,5.9,1.5,null,null,null,null,null
Entire Network,FluSurv-NET,2023-24,2023,50,< 18,Overall,Overall,Overall,8.4,2.5,null,null,null,null,null
Entire Network,FluSurv-NET,2023-24,2023,51,< 18,Overall,Overall,Overall,12,3.7,null,null,null,null,null
Entire Network,FluSurv-NET,2023-24,2023,52,< 18,Overall,Overall,Overall,15.6,3.6,null,null,null,null,null
Entire Network,FluSurv-NET,2023-24,2024,1,< 18,Overall,Overall,Overall,18.8,3.2,null,null,null,null,null
Entire Network,FluSurv-NET,2023-24,2024,2,< 18,Overall,Overall,Overall,21.6,2.8,null,null,null,null,null
Entire Network,FluSurv-NET,2023-24,2024,3,< 18,Overall,Overall,Overall,23.8,2.2,null,null,null,null,null
Entire Network,FluSurv-NET,2023-24,2024,4,< 18,Overall,Overall,Overall,26.3,2.6,null,null,null,null,null
Entire Network,FluSurv-NET,2023-24,2024,5,< 18,Overall,Overall,Overall,28.5,2.2,null,null,null,null,null
Entire Network,FluSurv-NET,2023-24,2024,6,< 18,Overall,Overall,Overall,30.9,2.4,null,null,null,null,null
Entire Network,FluSurv-NET,2023-24,2024,7,< 18,Overall,Overall,Overall,33.1,2.2,null,null,null,null,null
Entire Network,FluSurv-NET,2023-24,2024,8,< 18,Overall,Overall,Overall,35.3,2.1,null,null,null,null,null
Entire Network,FluSurv-NET,2023-24,2024,9,< 18,Overall,Overall,Overall,37.5,2.2,null,null,null,null,null
Entire Network,FluSurv-NET,2023-24,2024,10,< 18,Overall,Overall,Overall,39.5,2,null,null,null,null,null
Entire Network,FluSurv-NET,2023-24,2024,11,< 18,Overall,Overall,Overall,40.9,1.5,null,null,null,null,null
Entire Network,FluSurv-NET,2023-24,2024,12,< 18,Overall,Overall,Overall,42.3,1.4,null,null,null,null,null
Entire Network,FluSurv-NET,2023-24,2024,13,< 18,Overall,Overall,Overall,43.1,0.8,null,null,null,null,null
Entire Network,FluSurv-NET,2023-24,2024,14,< 18,Overall,Overall,Overall,44.1,0.9,null,null,null,null,null
Entire Network,FluSurv-NET,2023-24,2024,15,< 18,Overall,Overall,Overall,44.8,0.7,null,null,null,null,null
Entire Network,FluSurv-NET,2023-24,2024,16,< 18,Overall,Overall,Overall,45.3,0.5,null,null,null,null,null
Entire Network,FluSurv-NET,2023-24,2024,17,< 18,Overall,Overall,Overall,45.8,0.5,null,null,null,null,null
Entire Network,FluSurv-NET,2023-24,2024,18,< 18,Overall,Overall,Overall,46,0.2,null,null,null,null,null
Entire Network,FluSurv-NET,2023-24,2024,19,< 18,Overall,Overall,Overall,46.3,0.3,null,null,null,null,null
Entire Network,FluSurv-NET,2023-24,2024,20,< 18,Overall,Overall,Overall,46.6,0.3,null,null,null,null,null
Entire Network,FluSurv-NET,2023-24,2024,21,< 18,Overall,Overall,Overall,46.6,0.1,null,null,null,null,null
Entire Network,FluSurv-NET,2023-24,2024,22,< 18,Overall,Overall,Overall,46.7,0.1,null,null,null,null,null
Entire Network,FluSurv-NET,2023-24,2024,23,< 18,Overall,Overall,Overall,46.8,0.1,null,null,null,null,null
Entire Network,FluSurv-NET,2023-24,2024,24,< 18,Overall,Overall,Overall,46.9,0.1,null,null,null,null,null
Entire Network,FluSurv-NET,2023-24,2024,25,< 18,Overall,Overall,Overall,47,0.1,null,null,null,null,null
Entire Network,FluSurv-NET,2023-24,2024,26,< 18,Overall,Overall,Overall,47.1,0.1,null,null,null,null,null
Entire Network,FluSurv-NET,2023-24,2024,27,< 18,Overall,Overall,Overall,47.1,0.1,null,null,null,null,null
Entire Network,FluSurv-NET,2023-24,2024,28,< 18,Overall,Overall,Overall,47.2,0.1,null,null,null,null,null
Entire Network,FluSurv-NET,2023-24,2024,29,< 18,Overall,Overall,Overall,47.2,0,null,null,null,null,null
Entire Network,FluSurv-NET,2023-24,2024,30,< 18,Overall,Overall,Overall,47.3,0.1,null,null,null,null,null
Entire Network,FluSurv-NET,2023-24,2024,31,< 18,Overall,Overall,Overall,47.3,0,null,null,null,null,null
Entire Network,FluSurv-NET,2023-24,2024,32,< 18,Overall,Overall,Overall,47.3,0,null,null,null,null,null
Entire Network,FluSurv-NET,2023-24,2024,33,< 18,Overall,Overall,Overall,47.3,0,null,null,null,null,null
Entire Network,FluSurv-NET,2023-24,2024,34,< 18,Overall,Overall,Overall,47.3,0,null,null,null,null,null
Entire Network,FluSurv-NET,2023-24,2024,35,< 18,Overall,Overall,Overall,47.4,0.1,null,null,null,null,null
Entire Network,FluSurv-NET,2023-24,2024,36,< 18,Overall,Overall,Overall,47.5,0,null,null,null,null,null
Entire Network,FluSurv-NET,2023-24,2024,37,< 18,Overall,Overall,Overall,47.5,0,null,null,null,null,null
Entire Network,FluSurv-NET,2023-24,2024,38,< 18,Overall,Overall,Overall,47.5,0.1,null,null,null,null,null
Entire Network,FluSurv-NET,2023-24,2024,39,< 18,Overall,Overall,Overall,47.6,0.1,null,null,null,null,null
Entire Network,FluSurv-NET,2023-24,2023,40,>= 18,Overall,Overall,Overall,0.2,0.2,null,null,null,null,null
Entire Network,FluSurv-NET,2023-24,2023,41,>= 18,Overall,Overall,Overall,0.5,0.3,null,null,null,null,null
Entire Network,FluSurv-NET,2023-24,2023,42,>= 18,Overall,Overall,Overall,0.8,0.3,null,null,null,null,null
Entire Network,FluSurv-NET,2023-24,2023,43,>= 18,Overall,Overall,Overall,1,0.3,null,null,null,null,null
Entire Network,FluSurv-NET,2023-24,2023,44,>= 18,Overall,Overall,Overall,1.5,0.5,null,null,null,null,null
Entire Network,FluSurv-NET,2023-24,2023,45,>= 18,Overall,Overall,Overall,2.3,0.8,null,null,null,null,null
Entire Network,FluSurv-NET,2023-24,2023,46,>= 18,Overall,Overall,Overall,3.3,1,null,null,null,null,null
Entire Network,FluSurv-NET,2023-24,2023,47,>= 18,Overall,Overall,Overall,4.8,1.5,null,null,null,null,null
Entire Network,FluSurv-NET,2023-24,2023,48,>= 18,Overall,Overall,Overall,7.2,2.3,null,null,null,null,null
Entire Network,FluSurv-NET,2023-24,2023,49,>= 18,Overall,Overall,Overall,10.5,3.3,null,null,null,null,null
Entire Network,FluSurv-NET,2023-24,2023,50,>= 18,Overall,Overall,Overall,15.1,4.6,null,null,null,null,null
Entire Network,FluSurv-NET,2023-24,2023,51,>= 18,Overall,Overall,Overall,22.6,7.5,null,null,null,null,null
Entire Network,FluSurv-NET,2023-24,2023,52,>= 18,Overall,Overall,Overall,32.9,10.3,null,null,null,null,null
Entire Network,FluSurv-NET,2023-24,2024,1,>= 18,Overall,Overall,Overall,40.8,7.9,null,null,null,null,null
Entire Network,FluSurv-NET,2023-24,2024,2,>= 18,Overall,Overall,Overall,46.9,6.1,null,null,null,null,null
Entire Network,FluSurv-NET,2023-24,2024,3,>= 18,Overall,Overall,Overall,51.7,4.8,null,null,null,null,null
Entire Network,FluSurv-NET,2023-24,2024,4,>= 18,Overall,Overall,Overall,56,4.3,null,null,null,null,null
Entire Network,FluSurv-NET,2023-24,2024,5,>= 18,Overall,Overall,Overall,59.9,3.9,null,null,null,null,null
Entire Network,FluSurv-NET,2023-24,2024,6,>= 18,Overall,Overall,Overall,63.7,3.8,null,null,null,null,null
Entire Network,FluSurv-NET,2023-24,2024,7,>= 18,Overall,Overall,Overall,67.3,3.7,null,null,null,null,null
Entire Network,FluSurv-NET,2023-24,2024,8,>= 18,Overall,Overall,Overall,71,3.7,null,null,null,null,null
Entire Network,FluSurv-NET,2023-24,2024,9,>= 18,Overall,Overall,Overall,74.6,3.6,null,null,null,null,null
Entire Network,FluSurv-NET,2023-24,2024,10,>= 18,Overall,Overall,Overall,77.5,2.9,null,null,null,null,null
Entire Network,FluSurv-NET,2023-24,2024,11,>= 18,Overall,Overall,Overall,79.9,2.3,null,null,null,null,null
Entire Network,FluSurv-NET,2023-24,2024,12,>= 18,Overall,Overall,Overall,81.9,2,null,null,null,null,null
Entire Network,FluSurv-NET,2023-24,2024,13,>= 18,Overall,Overall,Overall,83.9,2,null,null,null,null,null
Entire Network,FluSurv-NET,2023-24,2024,14,>= 18,Overall,Overall,Overall,85.7,1.9,null,null,null,null,null
Entire Network,FluSurv-NET,2023-24,2024,15,>= 18,Overall,Overall,Overall,87.1,1.4,null,null,null,null,null
Entire Network,FluSurv-NET,2023-24,2024,16,>= 18,Overall,Overall,Overall,88.2,1,null,null,null,null,null
Entire Network,FluSurv-NET,2023-24,2024,17,>= 18,Overall,Overall,Overall,88.9,0.7,null,null,null,null,null
Entire Network,FluSurv-NET,2023-24,2024,18,>= 18,Overall,Overall,Overall,89.4,0.5,null,null,null,null,null
Entire Network,FluSurv-NET,2023-24,2024,19,>= 18,Overall,Overall,Overall,89.8,0.4,null,null,null,null,null
Entire Network,FluSurv-NET,2023-24,2024,20,>= 18,Overall,Overall,Overall,90.1,0.3,null,null,null,null,null
Entire Network,FluSurv-NET,2023-24,2024,21,>= 18,Overall,Overall,Overall,90.5,0.3,null,null,null,null,null
Entire Network,FluSurv-NET,2023-24,2024,22,>= 18,Overall,Overall,Overall,90.8,0.3,null,null,null,null,null
Entire Network,FluSurv-NET,2023-24,2024,23,>= 18,Overall,Overall,Overall,91,0.2,null,null,null,null,null
Entire Network,FluSurv-NET,2023-24,2024,24,>= 18,Overall,Overall,Overall,91.2,0.2,null,null,null,null,null
Entire Network,FluSurv-NET,2023-24,2024,25,>= 18,Overall,Overall,Overall,91.5,0.3,null,null,null,null,null
Entire Network,FluSurv-NET,2023-24,2024,26,>= 18,Overall,Overall,Overall,91.6,0.2,null,null,null,null,null
Entire Network,FluSurv-NET,2023-24,2024,27,>= 18,Overall,Overall,Overall,91.8,0.2,null,null,null,null,null
Entire Network,FluSurv-NET,2023-24,2024,28,>= 18,Overall,Overall,Overall,92,0.2,null,null,null,null,null
Entire Network,FluSurv-NET,2023-24,2024,29,>= 18,Overall,Overall,Overall,92.2,0.1,null,null,null,null,null
Entire Network,FluSurv-NET,2023-24,2024,30,>= 18,Overall,Overall,Overall,92.3,0.1,null,null,null,null,null
Entire Network,FluSurv-NET,2023-24,2024,31,>= 18,Overall,Overall,Overall,92.4,0.1,null,null,null,null,null
Entire Network,FluSurv-NET,2023-24,2024,32,>= 18,Overall,Overall,Overall,92.5,0.1,null,null,null,null,null
Entire Network,FluSurv-NET,2023-24,2024,33,>= 18,Overall,Overall,Overall,92.6,0.1,null,null,null,null,null
Entire Network,FluSurv-NET,2023-24,2024,34,>= 18,Overall,Overall,Overall,92.7,0.1,null,null,null,null,null
Entire Network,FluSurv-NET,2023-24,2024,35,>= 18,Overall,Overall,Overall,92.8,0.1,null,null,null,null,null
Entire Network,FluSurv-NET,2023-24,2024,36,>= 18,Overall,Overall,Overall,92.9,0.1,null,null,null,null,null
Entire Network,FluSurv-NET,2023-24,2024,37,>= 18,Overall,Overall,Overall,93,0.1,null,null,null,null,null
Entire Network,FluSurv-NET,2023-24,2024,38,>= 18,Overall,Overall,Overall,93.1,0.1,null,null,null,null,null
Entire Network,FluSurv-NET,2023-24,2024,39,>= 18,Overall,Overall,Overall,93.3,0.1,null,null,null,null,null

Disclaimer:
The Influenza Hospitalization Surveillance Network (FluSurv-NET) data are preliminary and subject
to change as more data become available. Hospitalization rates for the past seven weeks are
"estimates. Because reporting is delayed, models estimate what rates would be if all data were"
complete. Median estimated rates are shown as well as the estimated range reflecting uncertainty.
"In particular, case counts and rates for recent hospital admissions are subject to reporting"
"delays. As data are received each week, prior case counts and rates are updated accordingly."
FluSurv-NET conducts population-based surveillance for laboratory-confirmed influenza-associated
hospitalizations in children and adults. The FluSurv-NET catchment area includes more than 90
"selected counties or county equivalents in California, Colorado, Connecticut, Georgia, Maryland,"
"Michigan, Minnesota, New Mexico, New York, North Carolina, Oregon, Tennessee, Utah, and Washington."
"Additional counties in Idaho (2010 to 2011), Iowa (2012 to 2013, 2020 to 2022), Ohio (2010 to"
"2025), Oklahoma (2010 to 2011), and Rhode Island (2010 to 2013) have also contributed to the"
"network. Incidence rates (per 100,000 population) are calculated using either the National Center"
for Health Statistics' (NCHS) vintage bridged-race postcensal population estimates (for years prior
to 2020) or U.S. Census vintage unbridged-race postcensal population estimates (for 2020 through
present) for the counties or county equivalents included in the surveillance catchment area. The
rates provided are likely to be underestimated as influenza-associated hospitalizations might be
missed due to test availability and provider or facility testing practices.
In all influenza
"seasons through 2024-25 season, except 2009-10 and 2021-22, case counts reflect cases hospitalized"
"during October 1 – April 30 of each influenza season. Prior to 2025-26, cases hospitalized during"
"Week 39 are included in the totals for Week 40, while cases hospitalized during Week 18 are"
"included in the totals for Week 17. In 2009-10, case counts reflect cases hospitalized during Sept"
"1, 2009 through April 30, 2010 (Week 35 –Week 17). In the 2021-22, rates reflect cases hospitalized"
"beginning October 1, 2021 (Week 39), but given late influenza season activity, the season was"
"extended to June 11, 2022 (Week 23). In 2023-2024, surveillance was extended to September 28, 2024"
(Week 39) for situational awareness during the ongoing outbreak of highly pathogenic avian
"influenza (HPAI) A(H5N1) virus among birds, poultry, dairy cattle, and other animals in the United"
States (H5N1 Bird Flu: Current Situation Summary | Avian Influenza (Flu) (cdc.gov)). Starting with
"the 2025-26 influenza season, case counts reflect year-round surveillance.
Influenza-associated"
hospitalization rates by influenza A subtype are available for all seasons through 2024-25.
Influenza A subtype is missing for 38-72% of influenza A cases across seasons. Multiple imputation
"procedures were performed over 70 datasets using logistic regression, with site, age group, and"
"admission month as predictors. In the 2021–22 season, >99% of influenza A cases in patients in"
"FluSurv-NET were A(H3N2); as such, in the 2021–22 season, missing influenza A subtype for"
FluSurv-NET cases was assumed to be A(H3N2). Hospitalization rates were pooled across the 70
datasets. 
About Estimated Rates
The dashed lines and shaded bands around the last 7 weeks of
"data represent estimates of FluSurv-NET hospitalization rates, called “nowcasts .” The dashed line"
shows the median estimate and the shaded bands show the 80% prediction interval (displayed as the
"80% estimated range), meaning we expect the final reported hospitalization rates to fall within"
this band 80% of the time. Nowcast models estimate weekly respiratory virus-associated
hospitalization rates for recent weeks before surveillance data are fully reported and while
"hospitalization reports are still coming in. To do this, the models use information on the delay"
between when a hospitalization occurs and when it is reported. These reporting delays are used to
"estimate the fraction of reports expected within one, two, three, etc. weeks of hospital admission,"
and to appropriately scale up incomplete recent reports to produce real-time estimates of the final
counts that will be observed once reporting is complete. 
Nowcast accuracy
Nowcasts are most
"accurate when reporting delays are stable and predictable. Disruptions to reporting, e.g. an"
"unexpected system-wide outage or change in reporting policy at one site, can cause differences"
"between actual and expected reporting delays, which in turn can lead to inaccurate nowcasts. CDC"
"actively monitors FluSurv-NET nowcast accuracy, and past nowcasts have reliably predicted final"
hospitalization rates and directional trends. 
Technical notes
FluSurv-NET nowcasts are an
"ensemble of predictions from three models: Baseline, GAM-Smooth, and GAM-RE. The Baseline model"
"uses the empirical distribution of past delays to project current delays, similar to the approach"
of [1] . The GAM-Smooth is a generalized additive model (GAM) similar to [2]  that estimates
"reporting delays using a smoothing spline with 3 knots, and (3) the GAM-RE is identical to the"
"GAM-Smooth, except that it estimates random effects to characterize the fraction of reports"
"received 0, 1, ... 7 weeks after the date of hospital admission. The GAM models are trained on the"
most recent 10 weeks of data. The baseline model is informed by empirical delays observed between
"October 2019 and April 2023, excluding June-Sept 2021 and May-Sept 2022 when FluSurv-NET"
surveillance was not conducted.  The reported results are an unweighted probabilistic ensemble [3] 
of the three fitted models. Contact cfa@cdc.gov for more information about the methods used to
generate FluSurv-NET nowcasts.